attempt_id,transaction_id,attempt_number,attempt_time,payment_method,failure_reason,response_code,processing_time_ms,status
ATT_0000001,TXN_000005,1,2026-07-04 06:33:00,Card,insufficient_funds,INSUFFICIENT_FUNDS,1100,failed
ATT_0000002,TXN_000005,2,2026-07-04 07:09:00,Card,insufficient_funds,INSUFFICIENT_FUNDS,484,failed
ATT_0000003,TXN_000006,1,2026-07-08 05:12:00,UPI,bank_timeout,TIMEOUT,2384,failed
ATT_0000004,TXN_000007,1,2026-08-03 19:33:00,Card,network_error,NETWORK_ERROR,1149,failed
ATT_0000005,TXN_000009,1,2026-08-08 22:39:00,Card,network_error,NETWORK_ERROR,4812,failed
ATT_0000006,TXN_000011,1,2026-08-19 13:49:00,UPI,authentication_failure,AUTH_FAILED,1412,failed
ATT_0000007,TXN_000012,1,2026-08-13 20:50:00,Card,bank_declined,BANK_DECLINED,3329,failed
ATT_0000008,TXN_000014,1,2026-07-30 23:14:00,UPI,bank_declined,BANK_DECLINED,837,failed
ATT_0000009,TXN_000016,1,2026-07-03 17:36:00,UPI,network_error,NETWORK_ERROR,3061,failed
ATT_0000010,TXN_000017,1,2026-08-12 15:52:00,UPI,bank_timeout,TIMEOUT,2721,failed
ATT_0000011,TXN_000017,2,2026-08-12 16:34:00,UPI,bank_timeout,TIMEOUT,3877,failed
ATT_0000012,TXN_000018,1,2026-07-14 06:20:00,UPI,authentication_failure,AUTH_FAILED,197,failed
ATT_0000013,TXN_000021,1,2026-07-01 06:41:00,UPI,bank_timeout,TIMEOUT,1339,failed
ATT_0000014,TXN_000028,1,2026-07-27 16:12:00,UPI,bank_declined,BANK_DECLINED,2509,failed
ATT_0000015,TXN_000033,1,2026-08-01 10:32:00,UPI,network_error,NETWORK_ERROR,1449,failed
ATT_0000016,TXN_000034,1,2026-08-09 07:45:00,UPI,bank_timeout,TIMEOUT,4713,failed
ATT_0000017,TXN_000037,1,2026-07-11 21:38:00,UPI,bank_timeout,TIMEOUT,963,failed
ATT_0000018,TXN_000037,2,2026-07-11 21:52:00,UPI,bank_timeout,TIMEOUT,3129,failed
ATT_0000019,TXN_000038,1,2026-08-19 00:19:00,UPI,bank_declined,BANK_DECLINED,3549,failed
ATT_0000020,TXN_000039,1,2026-07-27 07:56:00,Card,insufficient_funds,INSUFFICIENT_FUNDS,3113,failed
ATT_0000021,TXN_000039,2,2026-07-27 08:02:00,Card,insufficient_funds,INSUFFICIENT_FUNDS,3775,failed
ATT_0000022,TXN_000039,3,2026-07-27 08:16:00,Card,insufficient_funds,INSUFFICIENT_FUNDS,231,failed
ATT_0000023,TXN_000053,1,2026-08-03 19:59:00,UPI,bank_declined,BANK_DECLINED,821,failed
ATT_0000024,TXN_000056,1,2026-08-22 05:47:00,Card,authentication_failure,AUTH_FAILED,4484,failed
ATT_0000025,TXN_000056,2,2026-08-22 05:59:00,Card,authentication_failure,AUTH_FAILED,1891,failed
ATT_0000026,TXN_000058,1,2026-08-03 05:16:00,Card,insufficient_funds,INSUFFICIENT_FUNDS,1314,failed
ATT_0000027,TXN_000059,1,2026-08-26 09:54:00,Wallet,insufficient_funds,INSUFFICIENT_FUNDS,516,failed
ATT_0000028,TXN_000071,1,2026-07-02 02:13:00,Wallet,bank_timeout,TIMEOUT,1140,failed
ATT_0000029,TXN_000073,1,2026-07-05 16:41:00,UPI,bank_declined,BANK_DECLINED,981,failed
ATT_0000030,TXN_000077,1,2026-07-18 20:38:00,UPI,bank_declined,BANK_DECLINED,4330,failed
ATT_0000031,TXN_000080,1,2026-07-17 15:33:00,Wallet,bank_declined,BANK_DECLINED,280,failed
ATT_0000032,TXN_000080,2,2026-07-17 16:22:00,Wallet,bank_declined,BANK_DECLINED,1245,failed
ATT_0000033,TXN_000080,3,2026-07-17 17:08:00,Wallet,bank_declined,BANK_DECLINED,166,failed
ATT_0000034,TXN_000085,1,2026-08-13 12:20:00,Card,bank_declined,BANK_DECLINED,3123,failed
ATT_0000035,TXN_000087,1,2026-07-11 19:00:00,Card,bank_declined,BANK_DECLINED,1200,failed
ATT_0000036,TXN_000092,1,2026-07-15 01:38:00,Card,insufficient_funds,INSUFFICIENT_FUNDS,4834,failed
ATT_0000037,TXN_000093,1,2026-07-05 08:38:00,Wallet,network_error,NETWORK_ERROR,346,failed
ATT_0000038,TXN_000094,1,2026-07-07 16:11:00,NetBanking,bank_timeout,TIMEOUT,3742,failed
ATT_0000039,TXN_000094,2,2026-07-07 17:04:00,NetBanking,bank_timeout,TIMEOUT,933,failed
ATT_0000040,TXN_000101,1,2026-08-10 17:35:00,NetBanking,network_error,NETWORK_ERROR,511,failed
ATT_0000041,TXN_000103,1,2026-08-08 11:46:00,UPI,authentication_failure,AUTH_FAILED,4304,failed
ATT_0000042,TXN_000108,1,2026-08-21 12:50:00,UPI,bank_timeout,TIMEOUT,4694,failed
ATT_0000043,TXN_000109,1,2026-07-03 01:14:00,Card,insufficient_funds,INSUFFICIENT_FUNDS,4692,failed
ATT_0000044,TXN_000110,1,2026-07-02 23:15:00,NetBanking,bank_declined,BANK_DECLINED,2117,failed
ATT_0000045,TXN_000118,1,2026-08-11 01:21:00,UPI,authentication_failure,AUTH_FAILED,3239,failed
ATT_0000046,TXN_000119,1,2026-07-09 02:58:00,UPI,network_error,NETWORK_ERROR,3640,failed
ATT_0000047,TXN_000120,1,2026-07-18 13:08:00,NetBanking,network_error,NETWORK_ERROR,4260,failed
ATT_0000048,TXN_000120,2,2026-07-18 13:45:00,NetBanking,network_error,NETWORK_ERROR,4628,failed
ATT_0000049,TXN_000125,1,2026-08-25 13:43:00,Wallet,bank_declined,BANK_DECLINED,3989,failed
ATT_0000050,TXN_000127,1,2026-07-02 12:58:00,UPI,authentication_failure,AUTH_FAILED,3055,failed
ATT_0000051,TXN_000130,1,2026-07-14 13:31:00,NetBanking,network_error,NETWORK_ERROR,2645,failed
ATT_0000052,TXN_000130,2,2026-07-14 13:41:00,NetBanking,network_error,NETWORK_ERROR,1554,failed
ATT_0000053,TXN_000130,3,2026-07-14 13:52:00,NetBanking,network_error,NETWORK_ERROR,4679,failed
ATT_0000054,TXN_000131,1,2026-07-12 06:49:00,Card,network_error,NETWORK_ERROR,3874,failed
ATT_0000055,TXN_000133,1,2026-08-25 07:12:00,Card,insufficient_funds,INSUFFICIENT_FUNDS,4861,failed
ATT_0000056,TXN_000134,1,2026-07-30 09:28:00,Card,network_error,NETWORK_ERROR,4457,failed
ATT_0000057,TXN_000135,1,2026-07-03 03:11:00,UPI,authentication_failure,AUTH_FAILED,3353,failed
ATT_0000058,TXN_000135,2,2026-07-03 03:55:00,UPI,authentication_failure,AUTH_FAILED,1584,failed
ATT_0000059,TXN_000136,1,2026-07-25 22:43:00,Card,expired_card,CARD_EXPIRED,1443,failed
ATT_0000060,TXN_000142,1,2026-08-15 14:58:00,Card,bank_declined,BANK_DECLINED,1601,failed
ATT_0000061,TXN_000144,1,2026-08-13 18:22:00,UPI,bank_declined,BANK_DECLINED,992,failed
ATT_0000062,TXN_000149,1,2026-07-26 14:42:00,Card,insufficient_funds,INSUFFICIENT_FUNDS,248,failed
ATT_0000063,TXN_000155,1,2026-08-07 00:40:00,Card,bank_declined,BANK_DECLINED,2145,failed
ATT_0000064,TXN_000155,2,2026-08-07 01:24:00,Card,bank_declined,BANK_DECLINED,800,failed
ATT_0000065,TXN_000156,1,2026-07-14 22:00:00,UPI,authentication_failure,AUTH_FAILED,1249,failed
ATT_0000066,TXN_000156,2,2026-07-14 22:22:00,UPI,authentication_failure,AUTH_FAILED,2751,failed
ATT_0000067,TXN_000160,1,2026-07-05 06:43:00,UPI,authentication_failure,AUTH_FAILED,1824,failed
ATT_0000068,TXN_000161,1,2026-08-16 06:55:00,UPI,bank_timeout,TIMEOUT,1799,failed
ATT_0000069,TXN_000164,1,2026-08-05 06:01:00,Card,expired_card,CARD_EXPIRED,2879,failed
ATT_0000070,TXN_000169,1,2026-07-28 08:37:00,UPI,bank_timeout,TIMEOUT,1361,failed
ATT_0000071,TXN_000172,1,2026-08-26 14:41:00,Card,insufficient_funds,INSUFFICIENT_FUNDS,3285,failed
ATT_0000072,TXN_000173,1,2026-08-25 03:06:00,Card,expired_card,CARD_EXPIRED,3410,failed
ATT_0000073,TXN_000178,1,2026-07-06 13:06:00,UPI,bank_timeout,TIMEOUT,975,failed
ATT_0000074,TXN_000183,1,2026-07-02 20:43:00,UPI,network_error,NETWORK_ERROR,4042,failed
ATT_0000075,TXN_000190,1,2026-08-14 03:10:00,Card,network_error,NETWORK_ERROR,2446,failed
ATT_0000076,TXN_000191,1,2026-07-08 22:56:00,Wallet,network_error,NETWORK_ERROR,1983,failed
ATT_0000077,TXN_000193,1,2026-07-17 03:58:00,NetBanking,bank_timeout,TIMEOUT,4842,failed
ATT_0000078,TXN_000197,1,2026-07-10 20:37:00,UPI,bank_declined,BANK_DECLINED,2680,failed
ATT_0000079,TXN_000199,1,2026-08-21 11:34:00,Wallet,bank_declined,BANK_DECLINED,580,failed
ATT_0000080,TXN_000202,1,2026-08-03 09:45:00,UPI,authentication_failure,AUTH_FAILED,4904,failed
ATT_0000081,TXN_000203,1,2026-07-11 19:54:00,UPI,bank_declined,BANK_DECLINED,1752,failed
ATT_0000082,TXN_000212,1,2026-08-14 14:57:00,UPI,bank_timeout,TIMEOUT,1664,failed
ATT_0000083,TXN_000212,2,2026-08-14 15:27:00,UPI,bank_timeout,TIMEOUT,311,failed
ATT_0000084,TXN_000214,1,2026-08-12 04:02:00,Card,expired_card,CARD_EXPIRED,470,failed
ATT_0000085,TXN_000214,2,2026-08-12 04:15:00,Card,expired_card,CARD_EXPIRED,4861,failed
ATT_0000086,TXN_000218,1,2026-07-14 23:42:00,Card,bank_declined,BANK_DECLINED,1913,failed
ATT_0000087,TXN_000221,1,2026-08-04 07:03:00,Wallet,bank_declined,BANK_DECLINED,4767,failed
ATT_0000088,TXN_000224,1,2026-08-19 09:23:00,UPI,bank_declined,BANK_DECLINED,3251,failed
ATT_0000089,TXN_000224,2,2026-08-19 09:34:00,UPI,bank_declined,BANK_DECLINED,1161,failed
ATT_0000090,TXN_000224,3,2026-08-19 09:50:00,UPI,bank_declined,BANK_DECLINED,4462,failed
ATT_0000091,TXN_000237,1,2026-08-13 21:02:00,Card,insufficient_funds,INSUFFICIENT_FUNDS,1993,failed
ATT_0000092,TXN_000237,2,2026-08-13 21:18:00,Card,insufficient_funds,INSUFFICIENT_FUNDS,765,failed
ATT_0000093,TXN_000243,1,2026-07-26 12:13:00,NetBanking,network_error,NETWORK_ERROR,1164,failed
ATT_0000094,TXN_000243,2,2026-07-26 12:49:00,NetBanking,network_error,NETWORK_ERROR,206,failed
ATT_0000095,TXN_000245,1,2026-08-12 15:03:00,UPI,network_error,NETWORK_ERROR,1056,failed
ATT_0000096,TXN_000245,2,2026-08-12 15:20:00,UPI,network_error,NETWORK_ERROR,2483,failed
ATT_0000097,TXN_000246,1,2026-07-11 22:53:00,UPI,network_error,NETWORK_ERROR,4209,failed
ATT_0000098,TXN_000247,1,2026-08-02 13:17:00,Card,network_error,NETWORK_ERROR,2087,failed
ATT_0000099,TXN_000248,1,2026-07-31 09:55:00,Card,authentication_failure,AUTH_FAILED,2193,failed
ATT_0000100,TXN_000248,2,2026-07-31 10:17:00,Card,authentication_failure,AUTH_FAILED,1092,failed
ATT_0000101,TXN_000253,1,2026-07-28 22:13:00,UPI,bank_timeout,TIMEOUT,539,failed
ATT_0000102,TXN_000254,1,2026-07-19 16:12:00,Card,bank_declined,BANK_DECLINED,2643,failed
ATT_0000103,TXN_000256,1,2026-07-16 22:21:00,Card,expired_card,CARD_EXPIRED,1135,failed
ATT_0000104,TXN_000258,1,2026-08-04 05:28:00,UPI,bank_timeout,TIMEOUT,4740,failed
ATT_0000105,TXN_000258,2,2026-08-04 05:55:00,UPI,bank_timeout,TIMEOUT,3148,failed
ATT_0000106,TXN_000260,1,2026-07-03 19:28:00,Wallet,insufficient_funds,INSUFFICIENT_FUNDS,4356,failed
ATT_0000107,TXN_000262,1,2026-08-07 23:51:00,UPI,authentication_failure,AUTH_FAILED,2635,failed
ATT_0000108,TXN_000262,2,2026-08-08 00:50:00,UPI,authentication_failure,AUTH_FAILED,1954,failed
ATT_0000109,TXN_000263,1,2026-08-04 08:21:00,UPI,bank_declined,BANK_DECLINED,572,failed
ATT_0000110,TXN_000266,1,2026-08-22 12:22:00,Card,network_error,NETWORK_ERROR,4928,failed
ATT_0000111,TXN_000268,1,2026-08-10 13:31:00,UPI,bank_timeout,TIMEOUT,4212,failed
ATT_0000112,TXN_000268,2,2026-08-10 13:47:00,UPI,bank_timeout,TIMEOUT,3913,failed
ATT_0000113,TXN_000269,1,2026-07-12 22:10:00,UPI,bank_timeout,TIMEOUT,718,failed
ATT_0000114,TXN_000270,1,2026-07-07 18:00:00,NetBanking,bank_declined,BANK_DECLINED,261,failed
ATT_0000115,TXN_000274,1,2026-08-10 18:47:00,Card,bank_declined,BANK_DECLINED,3552,failed
ATT_0000116,TXN_000275,1,2026-07-23 22:37:00,UPI,authentication_failure,AUTH_FAILED,1070,failed
ATT_0000117,TXN_000275,2,2026-07-23 23:13:00,UPI,authentication_failure,AUTH_FAILED,1539,failed
ATT_0000118,TXN_000280,1,2026-08-19 22:37:00,Card,authentication_failure,AUTH_FAILED,701,failed
ATT_0000119,TXN_000280,2,2026-08-19 22:49:00,Card,authentication_failure,AUTH_FAILED,4883,failed
ATT_0000120,TXN_000280,3,2026-08-19 23:21:00,Card,authentication_failure,AUTH_FAILED,2431,failed
ATT_0000121,TXN_000286,1,2026-07-24 04:49:00,UPI,bank_timeout,TIMEOUT,1876,failed
ATT_0000122,TXN_000286,2,2026-07-24 05:46:00,UPI,bank_timeout,TIMEOUT,1989,failed
ATT_0000123,TXN_000289,1,2026-07-16 02:40:00,UPI,bank_declined,BANK_DECLINED,4470,failed
ATT_0000124,TXN_000296,1,2026-08-11 14:29:00,UPI,bank_timeout,TIMEOUT,2112,failed
ATT_0000125,TXN_000296,2,2026-08-11 14:52:00,UPI,bank_timeout,TIMEOUT,1483,failed
ATT_0000126,TXN_000297,1,2026-07-13 18:50:00,UPI,authentication_failure,AUTH_FAILED,4768,failed
ATT_0000127,TXN_000301,1,2026-08-07 01:28:00,Card,authentication_failure,AUTH_FAILED,2047,failed
ATT_0000128,TXN_000311,1,2026-08-26 23:26:00,Card,network_error,NETWORK_ERROR,215,failed
ATT_0000129,TXN_000312,1,2026-08-24 02:38:00,UPI,authentication_failure,AUTH_FAILED,3958,failed
ATT_0000130,TXN_000313,1,2026-08-19 14:59:00,NetBanking,bank_timeout,TIMEOUT,4051,failed
ATT_0000131,TXN_000314,1,2026-07-10 22:04:00,UPI,network_error,NETWORK_ERROR,3673,failed
ATT_0000132,TXN_000314,2,2026-07-10 22:39:00,UPI,network_error,NETWORK_ERROR,1898,failed
ATT_0000133,TXN_000315,1,2026-07-17 21:49:00,Card,authentication_failure,AUTH_FAILED,3588,failed
ATT_0000134,TXN_000315,2,2026-07-17 22:27:00,Card,authentication_failure,AUTH_FAILED,1903,failed
ATT_0000135,TXN_000320,1,2026-08-16 11:01:00,Card,network_error,NETWORK_ERROR,3479,failed
ATT_0000136,TXN_000321,1,2026-08-07 03:29:00,Card,bank_declined,BANK_DECLINED,3242,failed
ATT_0000137,TXN_000321,2,2026-08-07 03:47:00,Card,bank_declined,BANK_DECLINED,3001,failed
ATT_0000138,TXN_000322,1,2026-07-24 12:36:00,Card,network_error,NETWORK_ERROR,3885,failed
ATT_0000139,TXN_000328,1,2026-08-05 13:08:00,UPI,authentication_failure,AUTH_FAILED,3532,failed
ATT_0000140,TXN_000328,2,2026-08-05 14:05:00,UPI,authentication_failure,AUTH_FAILED,3392,failed
ATT_0000141,TXN_000329,1,2026-08-26 22:43:00,Card,bank_declined,BANK_DECLINED,3546,failed
ATT_0000142,TXN_000334,1,2026-07-17 19:05:00,NetBanking,bank_timeout,TIMEOUT,1403,failed
ATT_0000143,TXN_000336,1,2026-07-15 10:13:00,UPI,bank_declined,BANK_DECLINED,573,failed
ATT_0000144,TXN_000337,1,2026-08-25 03:34:00,Card,network_error,NETWORK_ERROR,910,failed
ATT_0000145,TXN_000343,1,2026-07-08 07:29:00,UPI,bank_timeout,TIMEOUT,4095,failed
ATT_0000146,TXN_000352,1,2026-07-15 19:25:00,UPI,bank_timeout,TIMEOUT,762,failed
ATT_0000147,TXN_000352,2,2026-07-15 20:06:00,UPI,bank_timeout,TIMEOUT,3604,failed
ATT_0000148,TXN_000355,1,2026-07-01 15:46:00,UPI,bank_declined,BANK_DECLINED,2913,failed
ATT_0000149,TXN_000355,2,2026-07-01 16:32:00,UPI,bank_declined,BANK_DECLINED,283,failed
ATT_0000150,TXN_000358,1,2026-07-07 01:11:00,NetBanking,bank_declined,BANK_DECLINED,3719,failed
ATT_0000151,TXN_000358,2,2026-07-07 01:30:00,NetBanking,bank_declined,BANK_DECLINED,1544,failed
ATT_0000152,TXN_000359,1,2026-08-25 01:53:00,Wallet,bank_declined,BANK_DECLINED,3259,failed
ATT_0000153,TXN_000362,1,2026-08-19 16:42:00,Wallet,bank_timeout,TIMEOUT,2135,failed
ATT_0000154,TXN_000363,1,2026-07-04 07:19:00,UPI,bank_timeout,TIMEOUT,4987,failed
ATT_0000155,TXN_000371,1,2026-07-12 20:20:00,UPI,bank_declined,BANK_DECLINED,1059,failed
ATT_0000156,TXN_000372,1,2026-07-05 18:11:00,Card,insufficient_funds,INSUFFICIENT_FUNDS,1951,failed
ATT_0000157,TXN_000378,1,2026-07-31 03:53:00,UPI,bank_timeout,TIMEOUT,1520,failed
ATT_0000158,TXN_000381,1,2026-07-31 03:54:00,Card,expired_card,CARD_EXPIRED,1310,failed
ATT_0000159,TXN_000382,1,2026-07-28 12:21:00,Card,authentication_failure,AUTH_FAILED,4613,failed
ATT_0000160,TXN_000387,1,2026-07-01 15:36:00,UPI,bank_timeout,TIMEOUT,3035,failed
ATT_0000161,TXN_000391,1,2026-08-08 10:49:00,NetBanking,network_error,NETWORK_ERROR,1784,failed
ATT_0000162,TXN_000395,1,2026-08-19 14:28:00,NetBanking,bank_timeout,TIMEOUT,1192,failed
ATT_0000163,TXN_000397,1,2026-07-06 02:02:00,UPI,authentication_failure,AUTH_FAILED,4094,failed
ATT_0000164,TXN_000397,2,2026-07-06 02:51:00,UPI,authentication_failure,AUTH_FAILED,2864,failed
ATT_0000165,TXN_000401,1,2026-08-03 03:33:00,UPI,bank_timeout,TIMEOUT,1147,failed
ATT_0000166,TXN_000403,1,2026-07-02 06:22:00,UPI,bank_declined,BANK_DECLINED,4050,failed
ATT_0000167,TXN_000405,1,2026-07-10 01:08:00,UPI,bank_timeout,TIMEOUT,3791,failed
ATT_0000168,TXN_000413,1,2026-08-20 08:19:00,UPI,authentication_failure,AUTH_FAILED,677,failed
ATT_0000169,TXN_000413,2,2026-08-20 08:27:00,UPI,authentication_failure,AUTH_FAILED,2201,failed
ATT_0000170,TXN_000413,3,2026-08-20 08:39:00,UPI,authentication_failure,AUTH_FAILED,456,failed
ATT_0000171,TXN_000415,1,2026-08-06 19:02:00,UPI,bank_timeout,TIMEOUT,3705,failed
ATT_0000172,TXN_000416,1,2026-07-07 07:10:00,UPI,bank_timeout,TIMEOUT,739,failed
ATT_0000173,TXN_000420,1,2026-08-04 11:23:00,UPI,bank_declined,BANK_DECLINED,706,failed
ATT_0000174,TXN_000423,1,2026-07-27 09:00:00,UPI,authentication_failure,AUTH_FAILED,660,failed
ATT_0000175,TXN_000423,2,2026-07-27 09:20:00,UPI,authentication_failure,AUTH_FAILED,4193,failed
ATT_0000176,TXN_000430,1,2026-07-28 02:11:00,UPI,bank_timeout,TIMEOUT,4542,failed
ATT_0000177,TXN_000430,2,2026-07-28 02:52:00,UPI,bank_timeout,TIMEOUT,525,failed
ATT_0000178,TXN_000431,1,2026-07-05 02:00:00,UPI,bank_timeout,TIMEOUT,2545,failed
ATT_0000179,TXN_000435,1,2026-08-01 09:41:00,Card,network_error,NETWORK_ERROR,1876,failed
ATT_0000180,TXN_000444,1,2026-07-09 00:36:00,Card,bank_declined,BANK_DECLINED,2915,failed
ATT_0000181,TXN_000444,2,2026-07-09 01:17:00,Card,bank_declined,BANK_DECLINED,3382,failed
ATT_0000182,TXN_000445,1,2026-08-21 20:53:00,Card,insufficient_funds,INSUFFICIENT_FUNDS,3940,failed
ATT_0000183,TXN_000445,2,2026-08-21 20:59:00,Card,insufficient_funds,INSUFFICIENT_FUNDS,3753,failed
ATT_0000184,TXN_000446,1,2026-07-14 13:58:00,Card,network_error,NETWORK_ERROR,3758,failed
ATT_0000185,TXN_000452,1,2026-08-26 09:50:00,UPI,bank_timeout,TIMEOUT,3219,failed
ATT_0000186,TXN_000463,1,2026-07-21 04:14:00,Card,insufficient_funds,INSUFFICIENT_FUNDS,1772,failed
ATT_0000187,TXN_000465,1,2026-08-23 14:50:00,UPI,bank_timeout,TIMEOUT,3609,failed
ATT_0000188,TXN_000468,1,2026-08-23 15:07:00,Card,expired_card,CARD_EXPIRED,4322,failed
ATT_0000189,TXN_000468,2,2026-08-23 15:17:00,Card,expired_card,CARD_EXPIRED,1397,failed
ATT_0000190,TXN_000473,1,2026-07-19 05:54:00,UPI,bank_timeout,TIMEOUT,2275,failed
ATT_0000191,TXN_000474,1,2026-07-18 04:49:00,Wallet,bank_declined,BANK_DECLINED,4572,failed
ATT_0000192,TXN_000475,1,2026-07-24 07:04:00,UPI,authentication_failure,AUTH_FAILED,2566,failed
ATT_0000193,TXN_000479,1,2026-07-03 15:01:00,Card,bank_declined,BANK_DECLINED,441,failed
ATT_0000194,TXN_000481,1,2026-08-01 09:42:00,NetBanking,bank_declined,BANK_DECLINED,176,failed
ATT_0000195,TXN_000481,2,2026-08-01 10:14:00,NetBanking,bank_declined,BANK_DECLINED,701,failed
ATT_0000196,TXN_000482,1,2026-07-27 23:39:00,Card,insufficient_funds,INSUFFICIENT_FUNDS,1625,failed
ATT_0000197,TXN_000487,1,2026-07-16 01:12:00,Card,expired_card,CARD_EXPIRED,2797,failed
ATT_0000198,TXN_000488,1,2026-07-28 13:37:00,UPI,bank_timeout,TIMEOUT,2677,failed
ATT_0000199,TXN_000490,1,2026-08-21 13:07:00,Wallet,bank_declined,BANK_DECLINED,553,failed
ATT_0000200,TXN_000491,1,2026-07-26 07:53:00,Wallet,bank_timeout,TIMEOUT,261,failed
ATT_0000201,TXN_000492,1,2026-08-20 16:34:00,UPI,bank_timeout,TIMEOUT,2381,failed
ATT_0000202,TXN_000494,1,2026-07-27 00:54:00,Card,bank_declined,BANK_DECLINED,3354,failed
ATT_0000203,TXN_000494,2,2026-07-27 01:11:00,Card,bank_declined,BANK_DECLINED,2707,failed
ATT_0000204,TXN_000495,1,2026-07-18 15:41:00,Card,insufficient_funds,INSUFFICIENT_FUNDS,1970,failed
ATT_0000205,TXN_000496,1,2026-08-04 17:26:00,UPI,bank_timeout,TIMEOUT,1037,failed
ATT_0000206,TXN_000498,1,2026-07-07 19:18:00,NetBanking,authentication_failure,AUTH_FAILED,4029,failed
ATT_0000207,TXN_000499,1,2026-08-19 17:00:00,Card,insufficient_funds,INSUFFICIENT_FUNDS,3480,failed
ATT_0000208,TXN_000508,1,2026-08-16 04:45:00,Wallet,bank_declined,BANK_DECLINED,699,failed
ATT_0000209,TXN_000516,1,2026-07-06 21:00:00,Card,authentication_failure,AUTH_FAILED,1272,failed
ATT_0000210,TXN_000516,2,2026-07-06 21:37:00,Card,authentication_failure,AUTH_FAILED,3751,failed
ATT_0000211,TXN_000518,1,2026-07-21 18:11:00,UPI,bank_declined,BANK_DECLINED,1320,failed
ATT_0000212,TXN_000521,1,2026-07-25 12:47:00,Card,bank_declined,BANK_DECLINED,4952,failed
ATT_0000213,TXN_000522,1,2026-07-01 20:54:00,NetBanking,bank_declined,BANK_DECLINED,2222,failed
ATT_0000214,TXN_000522,2,2026-07-01 21:16:00,NetBanking,bank_declined,BANK_DECLINED,618,failed
ATT_0000215,TXN_000522,3,2026-07-01 21:57:00,NetBanking,bank_declined,BANK_DECLINED,399,failed
ATT_0000216,TXN_000523,1,2026-07-30 16:50:00,Wallet,bank_declined,BANK_DECLINED,386,failed
ATT_0000217,TXN_000524,1,2026-08-25 04:35:00,Card,bank_declined,BANK_DECLINED,948,failed
ATT_0000218,TXN_000524,2,2026-08-25 05:34:00,Card,bank_declined,BANK_DECLINED,4607,failed
ATT_0000219,TXN_000527,1,2026-07-04 02:14:00,NetBanking,bank_declined,BANK_DECLINED,2407,failed
ATT_0000220,TXN_000533,1,2026-07-12 09:34:00,UPI,bank_timeout,TIMEOUT,2566,failed
ATT_0000221,TXN_000533,2,2026-07-12 09:55:00,UPI,bank_timeout,TIMEOUT,3751,failed
ATT_0000222,TXN_000536,1,2026-08-20 09:53:00,UPI,bank_declined,BANK_DECLINED,4354,failed
ATT_0000223,TXN_000536,2,2026-08-20 10:47:00,UPI,bank_declined,BANK_DECLINED,1876,failed
ATT_0000224,TXN_000545,1,2026-08-18 04:58:00,UPI,bank_timeout,TIMEOUT,1308,failed
ATT_0000225,TXN_000548,1,2026-07-11 11:52:00,UPI,network_error,NETWORK_ERROR,3946,failed
ATT_0000226,TXN_000552,1,2026-07-05 22:09:00,Card,expired_card,CARD_EXPIRED,1623,failed
ATT_0000227,TXN_000555,1,2026-07-11 11:04:00,NetBanking,network_error,NETWORK_ERROR,3440,failed
ATT_0000228,TXN_000558,1,2026-08-25 23:10:00,Card,authentication_failure,AUTH_FAILED,3877,failed
ATT_0000229,TXN_000559,1,2026-07-30 12:44:00,UPI,network_error,NETWORK_ERROR,342,failed
ATT_0000230,TXN_000561,1,2026-07-26 08:44:00,UPI,network_error,NETWORK_ERROR,2400,failed
ATT_0000231,TXN_000567,1,2026-07-14 15:01:00,UPI,bank_declined,BANK_DECLINED,1634,failed
ATT_0000232,TXN_000569,1,2026-07-21 03:30:00,Card,authentication_failure,AUTH_FAILED,3923,failed
ATT_0000233,TXN_000570,1,2026-07-31 19:06:00,UPI,bank_timeout,TIMEOUT,4510,failed
ATT_0000234,TXN_000570,2,2026-07-31 19:55:00,UPI,bank_timeout,TIMEOUT,1542,failed
ATT_0000235,TXN_000572,1,2026-07-24 10:25:00,Card,insufficient_funds,INSUFFICIENT_FUNDS,3030,failed
ATT_0000236,TXN_000574,1,2026-07-07 13:43:00,UPI,authentication_failure,AUTH_FAILED,3435,failed
ATT_0000237,TXN_000577,1,2026-07-19 15:33:00,UPI,authentication_failure,AUTH_FAILED,3951,failed
ATT_0000238,TXN_000577,2,2026-07-19 16:19:00,UPI,authentication_failure,AUTH_FAILED,1561,failed
ATT_0000239,TXN_000578,1,2026-07-27 14:02:00,Card,authentication_failure,AUTH_FAILED,4824,failed
ATT_0000240,TXN_000581,1,2026-08-25 08:25:00,UPI,authentication_failure,AUTH_FAILED,403,failed
ATT_0000241,TXN_000586,1,2026-08-22 02:14:00,UPI,network_error,NETWORK_ERROR,4340,failed
ATT_0000242,TXN_000591,1,2026-08-03 10:02:00,Card,network_error,NETWORK_ERROR,1446,failed
ATT_0000243,TXN_000592,1,2026-07-10 23:57:00,UPI,bank_declined,BANK_DECLINED,1883,failed
ATT_0000244,TXN_000596,1,2026-07-14 07:47:00,UPI,bank_declined,BANK_DECLINED,3912,failed
ATT_0000245,TXN_000600,1,2026-08-24 08:26:00,UPI,bank_declined,BANK_DECLINED,898,failed
ATT_0000246,TXN_000601,1,2026-08-03 10:29:00,NetBanking,bank_timeout,TIMEOUT,568,failed
ATT_0000247,TXN_000602,1,2026-07-06 16:24:00,UPI,network_error,NETWORK_ERROR,3670,failed
ATT_0000248,TXN_000606,1,2026-08-10 15:10:00,Card,bank_declined,BANK_DECLINED,4004,failed
ATT_0000249,TXN_000606,2,2026-08-10 15:46:00,Card,bank_declined,BANK_DECLINED,1486,failed
ATT_0000250,TXN_000611,1,2026-08-19 09:16:00,Card,insufficient_funds,INSUFFICIENT_FUNDS,2883,failed
ATT_0000251,TXN_000616,1,2026-08-24 09:29:00,Card,insufficient_funds,INSUFFICIENT_FUNDS,526,failed
ATT_0000252,TXN_000616,2,2026-08-24 10:23:00,Card,insufficient_funds,INSUFFICIENT_FUNDS,3345,failed
ATT_0000253,TXN_000618,1,2026-07-29 09:49:00,UPI,bank_timeout,TIMEOUT,1393,failed
ATT_0000254,TXN_000618,2,2026-07-29 10:49:00,UPI,bank_timeout,TIMEOUT,1382,failed
ATT_0000255,TXN_000623,1,2026-07-02 04:56:00,UPI,network_error,NETWORK_ERROR,643,failed
ATT_0000256,TXN_000630,1,2026-07-02 00:23:00,Card,insufficient_funds,INSUFFICIENT_FUNDS,4511,failed
ATT_0000257,TXN_000631,1,2026-07-23 19:51:00,Card,bank_declined,BANK_DECLINED,473,failed
ATT_0000258,TXN_000635,1,2026-07-26 07:01:00,UPI,network_error,NETWORK_ERROR,4887,failed
ATT_0000259,TXN_000640,1,2026-08-26 16:19:00,Card,network_error,NETWORK_ERROR,2189,failed
ATT_0000260,TXN_000641,1,2026-07-31 01:26:00,UPI,bank_declined,BANK_DECLINED,1440,failed
ATT_0000261,TXN_000642,1,2026-08-21 22:54:00,Wallet,insufficient_funds,INSUFFICIENT_FUNDS,3456,failed
ATT_0000262,TXN_000645,1,2026-07-23 07:50:00,UPI,authentication_failure,AUTH_FAILED,4546,failed
ATT_0000263,TXN_000645,2,2026-07-23 08:23:00,UPI,authentication_failure,AUTH_FAILED,1251,failed
ATT_0000264,TXN_000645,3,2026-07-23 09:22:00,UPI,authentication_failure,AUTH_FAILED,155,failed
ATT_0000265,TXN_000647,1,2026-07-13 04:19:00,UPI,bank_timeout,TIMEOUT,3458,failed
ATT_0000266,TXN_000653,1,2026-07-30 21:27:00,UPI,network_error,NETWORK_ERROR,1676,failed
ATT_0000267,TXN_000655,1,2026-08-04 04:21:00,UPI,authentication_failure,AUTH_FAILED,2997,failed
ATT_0000268,TXN_000655,2,2026-08-04 04:45:00,UPI,authentication_failure,AUTH_FAILED,3857,failed
ATT_0000269,TXN_000657,1,2026-07-15 00:43:00,UPI,bank_declined,BANK_DECLINED,4451,failed
ATT_0000270,TXN_000658,1,2026-07-11 13:01:00,UPI,bank_declined,BANK_DECLINED,1395,failed
ATT_0000271,TXN_000659,1,2026-07-04 13:43:00,NetBanking,authentication_failure,AUTH_FAILED,2607,failed
ATT_0000272,TXN_000663,1,2026-07-09 13:53:00,UPI,bank_declined,BANK_DECLINED,2406,failed
ATT_0000273,TXN_000669,1,2026-07-28 14:38:00,UPI,bank_timeout,TIMEOUT,2211,failed
ATT_0000274,TXN_000669,2,2026-07-28 15:23:00,UPI,bank_timeout,TIMEOUT,4310,failed
ATT_0000275,TXN_000671,1,2026-08-12 09:11:00,UPI,bank_declined,BANK_DECLINED,4401,failed
ATT_0000276,TXN_000671,2,2026-08-12 10:11:00,UPI,bank_declined,BANK_DECLINED,3284,failed
ATT_0000277,TXN_000674,1,2026-08-25 18:05:00,NetBanking,network_error,NETWORK_ERROR,360,failed
ATT_0000278,TXN_000682,1,2026-07-11 11:06:00,NetBanking,bank_timeout,TIMEOUT,4736,failed
ATT_0000279,TXN_000695,1,2026-08-07 15:08:00,Card,network_error,NETWORK_ERROR,2997,failed
ATT_0000280,TXN_000696,1,2026-07-18 19:39:00,UPI,authentication_failure,AUTH_FAILED,1242,failed
ATT_0000281,TXN_000701,1,2026-08-23 06:18:00,Card,network_error,NETWORK_ERROR,4852,failed
ATT_0000282,TXN_000702,1,2026-07-09 11:45:00,UPI,bank_timeout,TIMEOUT,1661,failed
ATT_0000283,TXN_000705,1,2026-07-25 10:31:00,UPI,authentication_failure,AUTH_FAILED,4231,failed
ATT_0000284,TXN_000705,2,2026-07-25 10:47:00,UPI,authentication_failure,AUTH_FAILED,4534,failed
ATT_0000285,TXN_000705,3,2026-07-25 11:05:00,UPI,authentication_failure,AUTH_FAILED,2978,failed
ATT_0000286,TXN_000707,1,2026-07-02 21:19:00,UPI,network_error,NETWORK_ERROR,1032,failed
ATT_0000287,TXN_000710,1,2026-07-24 05:04:00,UPI,bank_declined,BANK_DECLINED,4085,failed
ATT_0000288,TXN_000711,1,2026-07-07 17:53:00,Card,bank_declined,BANK_DECLINED,3379,failed
ATT_0000289,TXN_000711,2,2026-07-07 18:46:00,Card,bank_declined,BANK_DECLINED,4625,failed
ATT_0000290,TXN_000716,1,2026-07-20 13:20:00,Card,network_error,NETWORK_ERROR,4314,failed
ATT_0000291,TXN_000716,2,2026-07-20 13:58:00,Card,network_error,NETWORK_ERROR,1610,failed
ATT_0000292,TXN_000721,1,2026-08-09 22:54:00,UPI,authentication_failure,AUTH_FAILED,1828,failed
ATT_0000293,TXN_000721,2,2026-08-09 23:40:00,UPI,authentication_failure,AUTH_FAILED,2383,failed
ATT_0000294,TXN_000727,1,2026-08-24 17:00:00,Wallet,network_error,NETWORK_ERROR,3329,failed
ATT_0000295,TXN_000735,1,2026-07-07 23:23:00,UPI,network_error,NETWORK_ERROR,1989,failed
ATT_0000296,TXN_000735,2,2026-07-08 00:16:00,UPI,network_error,NETWORK_ERROR,438,failed
ATT_0000297,TXN_000747,1,2026-07-02 23:54:00,UPI,network_error,NETWORK_ERROR,1426,failed
ATT_0000298,TXN_000753,1,2026-07-11 14:22:00,UPI,authentication_failure,AUTH_FAILED,2453,failed
ATT_0000299,TXN_000754,1,2026-07-10 15:24:00,Wallet,bank_timeout,TIMEOUT,313,failed
ATT_0000300,TXN_000756,1,2026-08-26 12:52:00,NetBanking,bank_timeout,TIMEOUT,1764,failed
ATT_0000301,TXN_000758,1,2026-07-24 08:52:00,UPI,bank_timeout,TIMEOUT,1517,failed
ATT_0000302,TXN_000759,1,2026-07-22 01:23:00,UPI,authentication_failure,AUTH_FAILED,1220,failed
ATT_0000303,TXN_000766,1,2026-08-25 21:15:00,UPI,network_error,NETWORK_ERROR,1016,failed
ATT_0000304,TXN_000767,1,2026-07-06 06:21:00,UPI,authentication_failure,AUTH_FAILED,800,failed
ATT_0000305,TXN_000771,1,2026-08-18 07:51:00,UPI,bank_declined,BANK_DECLINED,1937,failed
ATT_0000306,TXN_000772,1,2026-08-26 23:31:00,Card,bank_declined,BANK_DECLINED,644,failed
ATT_0000307,TXN_000776,1,2026-08-04 06:35:00,Card,authentication_failure,AUTH_FAILED,3453,failed
ATT_0000308,TXN_000776,2,2026-08-04 07:09:00,Card,authentication_failure,AUTH_FAILED,3954,failed
ATT_0000309,TXN_000779,1,2026-07-14 03:17:00,Card,expired_card,CARD_EXPIRED,2636,failed
ATT_0000310,TXN_000784,1,2026-07-09 18:12:00,Card,bank_declined,BANK_DECLINED,667,failed
ATT_0000311,TXN_000791,1,2026-07-31 08:38:00,NetBanking,bank_timeout,TIMEOUT,2384,failed
ATT_0000312,TXN_000792,1,2026-07-13 22:17:00,Card,network_error,NETWORK_ERROR,1746,failed
ATT_0000313,TXN_000793,1,2026-08-14 00:29:00,Card,insufficient_funds,INSUFFICIENT_FUNDS,794,failed
ATT_0000314,TXN_000800,1,2026-08-15 08:03:00,UPI,network_error,NETWORK_ERROR,4184,failed
ATT_0000315,TXN_000802,1,2026-07-15 08:18:00,UPI,bank_declined,BANK_DECLINED,497,failed
ATT_0000316,TXN_000805,1,2026-07-03 07:16:00,UPI,network_error,NETWORK_ERROR,1494,failed
ATT_0000317,TXN_000805,2,2026-07-03 07:46:00,UPI,network_error,NETWORK_ERROR,1893,failed
ATT_0000318,TXN_000812,1,2026-07-20 00:37:00,UPI,bank_timeout,TIMEOUT,2831,failed
ATT_0000319,TXN_000812,2,2026-07-20 01:11:00,UPI,bank_timeout,TIMEOUT,3351,failed
ATT_0000320,TXN_000816,1,2026-08-17 12:48:00,Card,insufficient_funds,INSUFFICIENT_FUNDS,1311,failed
ATT_0000321,TXN_000816,2,2026-08-17 13:09:00,Card,insufficient_funds,INSUFFICIENT_FUNDS,3893,failed
ATT_0000322,TXN_000820,1,2026-07-25 01:16:00,UPI,network_error,NETWORK_ERROR,510,failed
ATT_0000323,TXN_000821,1,2026-08-21 09:08:00,Card,insufficient_funds,INSUFFICIENT_FUNDS,511,failed
ATT_0000324,TXN_000825,1,2026-07-23 10:05:00,UPI,bank_declined,BANK_DECLINED,858,failed
ATT_0000325,TXN_000827,1,2026-08-02 21:34:00,NetBanking,bank_timeout,TIMEOUT,1836,failed
ATT_0000326,TXN_000828,1,2026-08-02 18:37:00,NetBanking,bank_timeout,TIMEOUT,2007,failed
ATT_0000327,TXN_000830,1,2026-08-14 03:49:00,UPI,bank_declined,BANK_DECLINED,154,failed
ATT_0000328,TXN_000830,2,2026-08-14 04:44:00,UPI,bank_declined,BANK_DECLINED,4282,failed
ATT_0000329,TXN_000832,1,2026-07-02 00:38:00,Card,authentication_failure,AUTH_FAILED,3857,failed
ATT_0000330,TXN_000840,1,2026-08-24 15:37:00,Card,insufficient_funds,INSUFFICIENT_FUNDS,381,failed
ATT_0000331,TXN_000840,2,2026-08-24 16:14:00,Card,insufficient_funds,INSUFFICIENT_FUNDS,3790,failed
ATT_0000332,TXN_000842,1,2026-07-12 15:28:00,Card,authentication_failure,AUTH_FAILED,779,failed
ATT_0000333,TXN_000845,1,2026-07-07 05:42:00,NetBanking,bank_declined,BANK_DECLINED,3672,failed
ATT_0000334,TXN_000848,1,2026-08-26 04:50:00,Card,authentication_failure,AUTH_FAILED,3208,failed
ATT_0000335,TXN_000854,1,2026-08-24 17:27:00,UPI,bank_declined,BANK_DECLINED,2173,failed
ATT_0000336,TXN_000863,1,2026-07-31 11:35:00,Card,expired_card,CARD_EXPIRED,2347,failed
ATT_0000337,TXN_000875,1,2026-08-04 09:20:00,UPI,bank_timeout,TIMEOUT,4791,failed
ATT_0000338,TXN_000876,1,2026-07-28 08:26:00,Card,bank_declined,BANK_DECLINED,2086,failed
ATT_0000339,TXN_000877,1,2026-08-21 13:09:00,Card,bank_declined,BANK_DECLINED,4133,failed
ATT_0000340,TXN_000877,2,2026-08-21 13:21:00,Card,bank_declined,BANK_DECLINED,933,failed
ATT_0000341,TXN_000881,1,2026-08-04 09:17:00,Card,bank_declined,BANK_DECLINED,4238,failed
ATT_0000342,TXN_000886,1,2026-07-29 14:36:00,UPI,bank_timeout,TIMEOUT,1445,failed
ATT_0000343,TXN_000886,2,2026-07-29 14:51:00,UPI,bank_timeout,TIMEOUT,1945,failed
ATT_0000344,TXN_000886,3,2026-07-29 15:50:00,UPI,bank_timeout,TIMEOUT,4946,failed
ATT_0000345,TXN_000887,1,2026-07-25 12:35:00,NetBanking,bank_timeout,TIMEOUT,560,failed
ATT_0000346,TXN_000888,1,2026-07-10 14:56:00,UPI,authentication_failure,AUTH_FAILED,905,failed
ATT_0000347,TXN_000890,1,2026-08-08 02:45:00,UPI,bank_timeout,TIMEOUT,4683,failed
ATT_0000348,TXN_000895,1,2026-07-09 00:13:00,UPI,network_error,NETWORK_ERROR,3458,failed
ATT_0000349,TXN_000898,1,2026-08-23 10:19:00,UPI,authentication_failure,AUTH_FAILED,1777,failed
ATT_0000350,TXN_000903,1,2026-07-05 20:39:00,NetBanking,bank_declined,BANK_DECLINED,4077,failed
ATT_0000351,TXN_000903,2,2026-07-05 20:48:00,NetBanking,bank_declined,BANK_DECLINED,3037,failed
ATT_0000352,TXN_000903,3,2026-07-05 21:14:00,NetBanking,bank_declined,BANK_DECLINED,1734,failed
ATT_0000353,TXN_000904,1,2026-07-10 19:23:00,UPI,bank_timeout,TIMEOUT,3920,failed
ATT_0000354,TXN_000910,1,2026-07-17 07:13:00,UPI,bank_timeout,TIMEOUT,1944,failed
ATT_0000355,TXN_000914,1,2026-08-19 08:30:00,Card,authentication_failure,AUTH_FAILED,3465,failed
ATT_0000356,TXN_000917,1,2026-07-06 08:31:00,Card,expired_card,CARD_EXPIRED,616,failed
ATT_0000357,TXN_000919,1,2026-07-26 20:15:00,NetBanking,network_error,NETWORK_ERROR,2829,failed
ATT_0000358,TXN_000921,1,2026-07-01 16:19:00,Card,authentication_failure,AUTH_FAILED,3076,failed
ATT_0000359,TXN_000922,1,2026-07-22 03:28:00,UPI,network_error,NETWORK_ERROR,1542,failed
ATT_0000360,TXN_000922,2,2026-07-22 03:58:00,UPI,network_error,NETWORK_ERROR,4167,failed
ATT_0000361,TXN_000923,1,2026-08-23 20:56:00,NetBanking,bank_timeout,TIMEOUT,4216,failed
ATT_0000362,TXN_000926,1,2026-07-16 15:46:00,Card,authentication_failure,AUTH_FAILED,3827,failed
ATT_0000363,TXN_000929,1,2026-07-11 13:23:00,Card,authentication_failure,AUTH_FAILED,4226,failed
ATT_0000364,TXN_000931,1,2026-08-26 00:08:00,Wallet,insufficient_funds,INSUFFICIENT_FUNDS,2890,failed
ATT_0000365,TXN_000933,1,2026-07-24 11:36:00,Card,expired_card,CARD_EXPIRED,4286,failed
ATT_0000366,TXN_000935,1,2026-08-07 18:50:00,UPI,authentication_failure,AUTH_FAILED,664,failed
ATT_0000367,TXN_000938,1,2026-08-03 07:51:00,UPI,authentication_failure,AUTH_FAILED,2391,failed
ATT_0000368,TXN_000941,1,2026-08-05 11:16:00,Wallet,bank_declined,BANK_DECLINED,4081,failed
ATT_0000369,TXN_000946,1,2026-07-30 17:32:00,NetBanking,bank_declined,BANK_DECLINED,1595,failed
ATT_0000370,TXN_000946,2,2026-07-30 18:01:00,NetBanking,bank_declined,BANK_DECLINED,1700,failed
ATT_0000371,TXN_000949,1,2026-08-20 14:56:00,UPI,network_error,NETWORK_ERROR,4110,failed
ATT_0000372,TXN_000951,1,2026-07-03 15:33:00,UPI,network_error,NETWORK_ERROR,3554,failed
ATT_0000373,TXN_000957,1,2026-07-20 14:08:00,UPI,authentication_failure,AUTH_FAILED,4450,failed
ATT_0000374,TXN_000957,2,2026-07-20 14:51:00,UPI,authentication_failure,AUTH_FAILED,970,failed
ATT_0000375,TXN_000958,1,2026-07-12 19:49:00,UPI,bank_declined,BANK_DECLINED,4584,failed
ATT_0000376,TXN_000958,2,2026-07-12 20:48:00,UPI,bank_declined,BANK_DECLINED,802,failed
ATT_0000377,TXN_000960,1,2026-08-26 14:30:00,Wallet,network_error,NETWORK_ERROR,182,failed
ATT_0000378,TXN_000961,1,2026-08-04 03:41:00,NetBanking,network_error,NETWORK_ERROR,1666,failed
ATT_0000379,TXN_000964,1,2026-08-01 18:46:00,Card,insufficient_funds,INSUFFICIENT_FUNDS,2970,failed
ATT_0000380,TXN_000964,2,2026-08-01 18:59:00,Card,insufficient_funds,INSUFFICIENT_FUNDS,3463,failed
ATT_0000381,TXN_000966,1,2026-07-26 20:20:00,UPI,bank_timeout,TIMEOUT,2188,failed
ATT_0000382,TXN_000972,1,2026-07-04 08:44:00,Wallet,network_error,NETWORK_ERROR,4444,failed
ATT_0000383,TXN_000976,1,2026-08-01 13:19:00,Card,network_error,NETWORK_ERROR,3187,failed
ATT_0000384,TXN_000981,1,2026-07-20 14:40:00,UPI,bank_declined,BANK_DECLINED,4780,failed
ATT_0000385,TXN_000983,1,2026-07-22 16:52:00,Card,network_error,NETWORK_ERROR,2044,failed
ATT_0000386,TXN_000992,1,2026-07-02 22:50:00,Wallet,bank_timeout,TIMEOUT,1862,failed
ATT_0000387,TXN_000992,2,2026-07-02 23:07:00,Wallet,bank_timeout,TIMEOUT,1236,failed
ATT_0000388,TXN_000995,1,2026-07-11 12:50:00,UPI,bank_timeout,TIMEOUT,1884,failed
ATT_0000389,TXN_000997,1,2026-07-22 15:34:00,NetBanking,authentication_failure,AUTH_FAILED,1560,failed
ATT_0000390,TXN_000997,2,2026-07-22 16:18:00,NetBanking,authentication_failure,AUTH_FAILED,3796,failed
ATT_0000391,TXN_000997,3,2026-07-22 16:40:00,NetBanking,authentication_failure,AUTH_FAILED,2736,failed
ATT_0000392,TXN_000998,1,2026-07-13 14:04:00,Card,bank_declined,BANK_DECLINED,1188,failed
ATT_0000393,TXN_001002,1,2026-08-04 03:25:00,UPI,bank_timeout,TIMEOUT,1831,failed
ATT_0000394,TXN_001003,1,2026-08-09 15:08:00,UPI,bank_declined,BANK_DECLINED,2413,failed
ATT_0000395,TXN_001011,1,2026-07-28 16:03:00,UPI,network_error,NETWORK_ERROR,2947,failed
ATT_0000396,TXN_001012,1,2026-08-06 04:22:00,UPI,bank_timeout,TIMEOUT,551,failed
ATT_0000397,TXN_001015,1,2026-08-24 18:03:00,Card,authentication_failure,AUTH_FAILED,2221,failed
ATT_0000398,TXN_001018,1,2026-07-26 09:20:00,Card,bank_declined,BANK_DECLINED,1549,failed
ATT_0000399,TXN_001019,1,2026-07-27 10:21:00,Card,insufficient_funds,INSUFFICIENT_FUNDS,4478,failed
ATT_0000400,TXN_001023,1,2026-07-02 22:59:00,UPI,network_error,NETWORK_ERROR,4494,failed
ATT_0000401,TXN_001027,1,2026-07-13 18:00:00,UPI,bank_timeout,TIMEOUT,987,failed
ATT_0000402,TXN_001029,1,2026-08-01 07:24:00,Card,bank_declined,BANK_DECLINED,779,failed
ATT_0000403,TXN_001034,1,2026-07-19 20:24:00,UPI,bank_declined,BANK_DECLINED,3359,failed
ATT_0000404,TXN_001039,1,2026-08-14 10:03:00,UPI,network_error,NETWORK_ERROR,2914,failed
ATT_0000405,TXN_001042,1,2026-08-26 20:50:00,UPI,authentication_failure,AUTH_FAILED,1893,failed
ATT_0000406,TXN_001045,1,2026-08-23 09:13:00,Card,network_error,NETWORK_ERROR,4473,failed
ATT_0000407,TXN_001048,1,2026-08-14 23:43:00,Card,bank_declined,BANK_DECLINED,2520,failed
ATT_0000408,TXN_001052,1,2026-07-06 17:53:00,Card,expired_card,CARD_EXPIRED,1353,failed
ATT_0000409,TXN_001052,2,2026-07-06 18:19:00,Card,expired_card,CARD_EXPIRED,4781,failed
ATT_0000410,TXN_001052,3,2026-07-06 18:30:00,Card,expired_card,CARD_EXPIRED,2561,failed
ATT_0000411,TXN_001053,1,2026-07-12 06:42:00,Card,bank_declined,BANK_DECLINED,3671,failed
ATT_0000412,TXN_001053,2,2026-07-12 07:12:00,Card,bank_declined,BANK_DECLINED,4769,failed
ATT_0000413,TXN_001055,1,2026-08-11 15:15:00,Card,insufficient_funds,INSUFFICIENT_FUNDS,1955,failed
ATT_0000414,TXN_001057,1,2026-07-27 22:48:00,NetBanking,bank_timeout,TIMEOUT,1356,failed
ATT_0000415,TXN_001059,1,2026-08-23 07:26:00,UPI,network_error,NETWORK_ERROR,1708,failed
ATT_0000416,TXN_001061,1,2026-08-24 17:35:00,Card,network_error,NETWORK_ERROR,1982,failed
ATT_0000417,TXN_001062,1,2026-08-26 13:19:00,UPI,bank_timeout,TIMEOUT,815,failed
ATT_0000418,TXN_001066,1,2026-08-16 12:39:00,Card,insufficient_funds,INSUFFICIENT_FUNDS,3350,failed
ATT_0000419,TXN_001069,1,2026-08-14 20:37:00,Wallet,bank_declined,BANK_DECLINED,700,failed
ATT_0000420,TXN_001072,1,2026-08-13 03:42:00,NetBanking,bank_timeout,TIMEOUT,4354,failed
ATT_0000421,TXN_001074,1,2026-07-19 10:31:00,NetBanking,bank_timeout,TIMEOUT,3390,failed
ATT_0000422,TXN_001078,1,2026-08-04 06:22:00,NetBanking,bank_timeout,TIMEOUT,2936,failed
ATT_0000423,TXN_001080,1,2026-08-24 17:48:00,UPI,bank_declined,BANK_DECLINED,3833,failed
ATT_0000424,TXN_001082,1,2026-07-26 17:02:00,UPI,network_error,NETWORK_ERROR,168,failed
ATT_0000425,TXN_001082,2,2026-07-26 17:31:00,UPI,network_error,NETWORK_ERROR,4578,failed
ATT_0000426,TXN_001087,1,2026-08-19 23:17:00,Card,insufficient_funds,INSUFFICIENT_FUNDS,1447,failed
ATT_0000427,TXN_001092,1,2026-07-23 06:17:00,Card,expired_card,CARD_EXPIRED,1679,failed
ATT_0000428,TXN_001094,1,2026-07-25 18:32:00,Card,bank_declined,BANK_DECLINED,1210,failed
ATT_0000429,TXN_001094,2,2026-07-25 18:57:00,Card,bank_declined,BANK_DECLINED,4378,failed
ATT_0000430,TXN_001098,1,2026-07-18 18:38:00,Card,bank_declined,BANK_DECLINED,3370,failed
ATT_0000431,TXN_001107,1,2026-08-22 09:04:00,Card,authentication_failure,AUTH_FAILED,4876,failed
ATT_0000432,TXN_001109,1,2026-07-06 12:31:00,UPI,bank_timeout,TIMEOUT,1807,failed
ATT_0000433,TXN_001110,1,2026-07-31 18:04:00,NetBanking,bank_declined,BANK_DECLINED,2327,failed
ATT_0000434,TXN_001111,1,2026-07-19 03:00:00,NetBanking,network_error,NETWORK_ERROR,4997,failed
ATT_0000435,TXN_001111,2,2026-07-19 03:38:00,NetBanking,network_error,NETWORK_ERROR,4023,failed
ATT_0000436,TXN_001111,3,2026-07-19 04:18:00,NetBanking,network_error,NETWORK_ERROR,642,failed
ATT_0000437,TXN_001112,1,2026-07-18 12:22:00,Card,bank_declined,BANK_DECLINED,1271,failed
ATT_0000438,TXN_001114,1,2026-08-25 05:48:00,UPI,bank_declined,BANK_DECLINED,4584,failed
ATT_0000439,TXN_001114,2,2026-08-25 06:33:00,UPI,bank_declined,BANK_DECLINED,2931,failed
ATT_0000440,TXN_001115,1,2026-08-20 20:58:00,Card,expired_card,CARD_EXPIRED,3657,failed
ATT_0000441,TXN_001116,1,2026-08-26 01:24:00,Wallet,insufficient_funds,INSUFFICIENT_FUNDS,745,failed
ATT_0000442,TXN_001124,1,2026-08-23 02:18:00,Card,bank_declined,BANK_DECLINED,908,failed
ATT_0000443,TXN_001125,1,2026-07-17 16:50:00,Card,bank_declined,BANK_DECLINED,3459,failed
ATT_0000444,TXN_001127,1,2026-07-09 13:10:00,Card,expired_card,CARD_EXPIRED,3865,failed
ATT_0000445,TXN_001133,1,2026-08-05 19:00:00,Card,network_error,NETWORK_ERROR,4881,failed
ATT_0000446,TXN_001133,2,2026-08-05 19:59:00,Card,network_error,NETWORK_ERROR,4575,failed
ATT_0000447,TXN_001133,3,2026-08-05 20:17:00,Card,network_error,NETWORK_ERROR,2773,failed
ATT_0000448,TXN_001136,1,2026-08-09 04:01:00,Card,insufficient_funds,INSUFFICIENT_FUNDS,4827,failed
ATT_0000449,TXN_001138,1,2026-08-22 11:10:00,UPI,authentication_failure,AUTH_FAILED,957,failed
ATT_0000450,TXN_001139,1,2026-08-05 06:36:00,Card,network_error,NETWORK_ERROR,3964,failed
ATT_0000451,TXN_001142,1,2026-07-13 00:49:00,Card,insufficient_funds,INSUFFICIENT_FUNDS,4850,failed
ATT_0000452,TXN_001142,2,2026-07-13 01:14:00,Card,insufficient_funds,INSUFFICIENT_FUNDS,1046,failed
ATT_0000453,TXN_001143,1,2026-08-06 03:21:00,Wallet,bank_timeout,TIMEOUT,3002,failed
ATT_0000454,TXN_001143,2,2026-08-06 04:08:00,Wallet,bank_timeout,TIMEOUT,346,failed
ATT_0000455,TXN_001144,1,2026-08-02 06:36:00,Card,bank_declined,BANK_DECLINED,1873,failed
ATT_0000456,TXN_001144,2,2026-08-02 07:24:00,Card,bank_declined,BANK_DECLINED,4244,failed
ATT_0000457,TXN_001144,3,2026-08-02 07:34:00,Card,bank_declined,BANK_DECLINED,1093,failed
ATT_0000458,TXN_001145,1,2026-07-08 07:17:00,UPI,authentication_failure,AUTH_FAILED,1293,failed
ATT_0000459,TXN_001147,1,2026-07-03 15:18:00,UPI,bank_timeout,TIMEOUT,1771,failed
ATT_0000460,TXN_001150,1,2026-07-12 03:40:00,Card,authentication_failure,AUTH_FAILED,2911,failed
ATT_0000461,TXN_001151,1,2026-07-10 20:27:00,UPI,bank_timeout,TIMEOUT,3267,failed
ATT_0000462,TXN_001155,1,2026-07-14 01:03:00,Card,authentication_failure,AUTH_FAILED,590,failed
ATT_0000463,TXN_001156,1,2026-08-05 16:55:00,UPI,bank_timeout,TIMEOUT,3682,failed
ATT_0000464,TXN_001156,2,2026-08-05 17:27:00,UPI,bank_timeout,TIMEOUT,4989,failed
ATT_0000465,TXN_001158,1,2026-08-10 21:55:00,NetBanking,bank_declined,BANK_DECLINED,3125,failed
ATT_0000466,TXN_001162,1,2026-08-21 17:37:00,UPI,bank_timeout,TIMEOUT,972,failed
ATT_0000467,TXN_001166,1,2026-07-15 11:25:00,UPI,bank_timeout,TIMEOUT,4180,failed
ATT_0000468,TXN_001173,1,2026-08-20 03:59:00,Card,expired_card,CARD_EXPIRED,2301,failed
ATT_0000469,TXN_001176,1,2026-08-08 17:22:00,UPI,network_error,NETWORK_ERROR,3385,failed
ATT_0000470,TXN_001178,1,2026-08-17 10:00:00,UPI,authentication_failure,AUTH_FAILED,4123,failed
ATT_0000471,TXN_001181,1,2026-08-15 09:08:00,NetBanking,network_error,NETWORK_ERROR,567,failed
ATT_0000472,TXN_001189,1,2026-08-04 06:04:00,UPI,bank_timeout,TIMEOUT,917,failed
ATT_0000473,TXN_001193,1,2026-08-12 21:54:00,Wallet,bank_timeout,TIMEOUT,4909,failed
ATT_0000474,TXN_001193,2,2026-08-12 22:26:00,Wallet,bank_timeout,TIMEOUT,1071,failed
ATT_0000475,TXN_001195,1,2026-07-25 12:16:00,UPI,authentication_failure,AUTH_FAILED,3411,failed
ATT_0000476,TXN_001197,1,2026-07-28 00:58:00,Card,expired_card,CARD_EXPIRED,987,failed
ATT_0000477,TXN_001199,1,2026-08-20 07:41:00,Card,insufficient_funds,INSUFFICIENT_FUNDS,1276,failed
ATT_0000478,TXN_001204,1,2026-08-05 17:41:00,NetBanking,bank_timeout,TIMEOUT,2430,failed
ATT_0000479,TXN_001207,1,2026-07-05 17:45:00,NetBanking,bank_timeout,TIMEOUT,4582,failed
ATT_0000480,TXN_001208,1,2026-08-23 18:50:00,NetBanking,bank_timeout,TIMEOUT,2005,failed
ATT_0000481,TXN_001208,2,2026-08-23 19:48:00,NetBanking,bank_timeout,TIMEOUT,2824,failed
ATT_0000482,TXN_001215,1,2026-08-21 13:37:00,Card,insufficient_funds,INSUFFICIENT_FUNDS,4895,failed
ATT_0000483,TXN_001217,1,2026-07-17 06:21:00,UPI,authentication_failure,AUTH_FAILED,4710,failed
ATT_0000484,TXN_001218,1,2026-08-20 14:58:00,UPI,bank_timeout,TIMEOUT,4164,failed
ATT_0000485,TXN_001220,1,2026-07-16 12:49:00,UPI,network_error,NETWORK_ERROR,3580,failed
ATT_0000486,TXN_001222,1,2026-07-11 06:37:00,Wallet,bank_timeout,TIMEOUT,4068,failed
ATT_0000487,TXN_001240,1,2026-08-11 18:32:00,UPI,bank_declined,BANK_DECLINED,2238,failed
ATT_0000488,TXN_001242,1,2026-08-26 10:34:00,UPI,authentication_failure,AUTH_FAILED,716,failed
ATT_0000489,TXN_001242,2,2026-08-26 11:24:00,UPI,authentication_failure,AUTH_FAILED,3396,failed
ATT_0000490,TXN_001250,1,2026-08-23 16:34:00,Card,bank_declined,BANK_DECLINED,883,failed
ATT_0000491,TXN_001251,1,2026-08-15 08:45:00,Card,authentication_failure,AUTH_FAILED,1483,failed
ATT_0000492,TXN_001254,1,2026-07-11 04:59:00,Card,bank_declined,BANK_DECLINED,666,failed
ATT_0000493,TXN_001254,2,2026-07-11 05:48:00,Card,bank_declined,BANK_DECLINED,4426,failed
ATT_0000494,TXN_001267,1,2026-07-27 18:49:00,Card,expired_card,CARD_EXPIRED,1455,failed
ATT_0000495,TXN_001271,1,2026-08-14 20:25:00,NetBanking,bank_timeout,TIMEOUT,4426,failed
ATT_0000496,TXN_001271,2,2026-08-14 21:06:00,NetBanking,bank_timeout,TIMEOUT,4729,failed
ATT_0000497,TXN_001271,3,2026-08-14 22:04:00,NetBanking,bank_timeout,TIMEOUT,1680,failed
ATT_0000498,TXN_001275,1,2026-08-05 04:59:00,Card,bank_declined,BANK_DECLINED,1482,failed
ATT_0000499,TXN_001277,1,2026-07-23 23:17:00,UPI,network_error,NETWORK_ERROR,173,failed
ATT_0000500,TXN_001277,2,2026-07-24 00:16:00,UPI,network_error,NETWORK_ERROR,4884,failed
ATT_0000501,TXN_001278,1,2026-08-16 01:42:00,Card,insufficient_funds,INSUFFICIENT_FUNDS,3913,failed
ATT_0000502,TXN_001281,1,2026-08-15 15:41:00,UPI,bank_timeout,TIMEOUT,3206,failed
ATT_0000503,TXN_001281,2,2026-08-15 15:46:00,UPI,bank_timeout,TIMEOUT,4094,failed
ATT_0000504,TXN_001281,3,2026-08-15 15:55:00,UPI,bank_timeout,TIMEOUT,632,failed
ATT_0000505,TXN_001283,1,2026-08-22 22:29:00,NetBanking,bank_timeout,TIMEOUT,3759,failed
ATT_0000506,TXN_001283,2,2026-08-22 22:37:00,NetBanking,bank_timeout,TIMEOUT,4815,failed
ATT_0000507,TXN_001286,1,2026-08-21 22:16:00,Card,expired_card,CARD_EXPIRED,3526,failed
ATT_0000508,TXN_001289,1,2026-08-19 02:31:00,NetBanking,bank_timeout,TIMEOUT,1966,failed
ATT_0000509,TXN_001290,1,2026-07-24 15:03:00,UPI,bank_declined,BANK_DECLINED,4491,failed
ATT_0000510,TXN_001290,2,2026-07-24 15:11:00,UPI,bank_declined,BANK_DECLINED,3472,failed
ATT_0000511,TXN_001300,1,2026-08-14 00:05:00,Card,bank_declined,BANK_DECLINED,2345,failed
ATT_0000512,TXN_001300,2,2026-08-14 00:54:00,Card,bank_declined,BANK_DECLINED,831,failed
ATT_0000513,TXN_001308,1,2026-08-19 00:25:00,UPI,authentication_failure,AUTH_FAILED,1907,failed
ATT_0000514,TXN_001313,1,2026-08-22 18:53:00,UPI,network_error,NETWORK_ERROR,2129,failed
ATT_0000515,TXN_001315,1,2026-08-25 07:46:00,Card,insufficient_funds,INSUFFICIENT_FUNDS,2837,failed
ATT_0000516,TXN_001315,2,2026-08-25 07:51:00,Card,insufficient_funds,INSUFFICIENT_FUNDS,1935,failed
ATT_0000517,TXN_001316,1,2026-07-25 10:44:00,UPI,authentication_failure,AUTH_FAILED,4918,failed
ATT_0000518,TXN_001321,1,2026-08-09 00:26:00,UPI,bank_declined,BANK_DECLINED,4758,failed
ATT_0000519,TXN_001325,1,2026-08-14 20:24:00,Wallet,insufficient_funds,INSUFFICIENT_FUNDS,4661,failed
ATT_0000520,TXN_001325,2,2026-08-14 20:29:00,Wallet,insufficient_funds,INSUFFICIENT_FUNDS,1632,failed
ATT_0000521,TXN_001326,1,2026-08-16 22:47:00,Card,insufficient_funds,INSUFFICIENT_FUNDS,4154,failed
ATT_0000522,TXN_001329,1,2026-08-15 23:40:00,Wallet,bank_declined,BANK_DECLINED,2086,failed
ATT_0000523,TXN_001329,2,2026-08-16 00:15:00,Wallet,bank_declined,BANK_DECLINED,4532,failed
ATT_0000524,TXN_001329,3,2026-08-16 01:08:00,Wallet,bank_declined,BANK_DECLINED,1919,failed
ATT_0000525,TXN_001332,1,2026-07-11 00:16:00,Card,expired_card,CARD_EXPIRED,2023,failed
ATT_0000526,TXN_001336,1,2026-07-14 01:51:00,UPI,bank_declined,BANK_DECLINED,4229,failed
ATT_0000527,TXN_001342,1,2026-08-25 20:58:00,UPI,authentication_failure,AUTH_FAILED,388,failed
ATT_0000528,TXN_001343,1,2026-07-26 05:33:00,UPI,bank_timeout,TIMEOUT,4254,failed
ATT_0000529,TXN_001345,1,2026-07-26 05:18:00,UPI,network_error,NETWORK_ERROR,2236,failed
ATT_0000530,TXN_001350,1,2026-07-18 23:08:00,Card,bank_declined,BANK_DECLINED,4188,failed
ATT_0000531,TXN_001350,2,2026-07-18 23:51:00,Card,bank_declined,BANK_DECLINED,953,failed
ATT_0000532,TXN_001350,3,2026-07-19 00:43:00,Card,bank_declined,BANK_DECLINED,3488,failed
ATT_0000533,TXN_001365,1,2026-07-08 09:09:00,Card,authentication_failure,AUTH_FAILED,4610,failed
ATT_0000534,TXN_001369,1,2026-07-10 04:12:00,NetBanking,bank_declined,BANK_DECLINED,1431,failed
ATT_0000535,TXN_001371,1,2026-08-01 01:50:00,Card,authentication_failure,AUTH_FAILED,357,failed
ATT_0000536,TXN_001371,2,2026-08-01 02:39:00,Card,authentication_failure,AUTH_FAILED,4483,failed
ATT_0000537,TXN_001371,3,2026-08-01 03:10:00,Card,authentication_failure,AUTH_FAILED,2947,failed
ATT_0000538,TXN_001372,1,2026-07-30 15:28:00,UPI,network_error,NETWORK_ERROR,1063,failed
ATT_0000539,TXN_001375,1,2026-08-24 23:21:00,Wallet,bank_timeout,TIMEOUT,1132,failed
ATT_0000540,TXN_001379,1,2026-08-08 22:12:00,NetBanking,bank_declined,BANK_DECLINED,3209,failed
ATT_0000541,TXN_001380,1,2026-07-10 06:01:00,Card,bank_declined,BANK_DECLINED,4427,failed
ATT_0000542,TXN_001382,1,2026-07-28 14:43:00,UPI,network_error,NETWORK_ERROR,3911,failed
ATT_0000543,TXN_001382,2,2026-07-28 14:50:00,UPI,network_error,NETWORK_ERROR,4339,failed
ATT_0000544,TXN_001387,1,2026-08-18 09:00:00,UPI,bank_timeout,TIMEOUT,1310,failed
ATT_0000545,TXN_001388,1,2026-07-07 20:56:00,Card,network_error,NETWORK_ERROR,1658,failed
ATT_0000546,TXN_001396,1,2026-07-17 19:29:00,UPI,bank_timeout,TIMEOUT,739,failed
ATT_0000547,TXN_001396,2,2026-07-17 19:38:00,UPI,bank_timeout,TIMEOUT,4788,failed
ATT_0000548,TXN_001396,3,2026-07-17 20:32:00,UPI,bank_timeout,TIMEOUT,2953,failed
ATT_0000549,TXN_001400,1,2026-08-01 03:20:00,Card,bank_declined,BANK_DECLINED,3672,failed
ATT_0000550,TXN_001413,1,2026-07-17 11:18:00,UPI,network_error,NETWORK_ERROR,4973,failed
ATT_0000551,TXN_001414,1,2026-07-29 02:45:00,Card,bank_declined,BANK_DECLINED,2780,failed
ATT_0000552,TXN_001416,1,2026-07-28 10:27:00,UPI,bank_timeout,TIMEOUT,4734,failed
ATT_0000553,TXN_001424,1,2026-07-07 08:31:00,Card,network_error,NETWORK_ERROR,1569,failed
ATT_0000554,TXN_001426,1,2026-08-21 20:09:00,UPI,bank_declined,BANK_DECLINED,3695,failed
ATT_0000555,TXN_001427,1,2026-07-15 19:24:00,UPI,bank_timeout,TIMEOUT,3930,failed
ATT_0000556,TXN_001427,2,2026-07-15 19:50:00,UPI,bank_timeout,TIMEOUT,3373,failed
ATT_0000557,TXN_001430,1,2026-08-05 10:26:00,UPI,bank_declined,BANK_DECLINED,4590,failed
ATT_0000558,TXN_001431,1,2026-07-13 14:02:00,UPI,bank_declined,BANK_DECLINED,2548,failed
ATT_0000559,TXN_001437,1,2026-07-04 05:42:00,UPI,network_error,NETWORK_ERROR,2908,failed
ATT_0000560,TXN_001438,1,2026-08-09 08:02:00,UPI,bank_timeout,TIMEOUT,231,failed
ATT_0000561,TXN_001439,1,2026-07-05 23:45:00,UPI,authentication_failure,AUTH_FAILED,3646,failed
ATT_0000562,TXN_001439,2,2026-07-05 23:59:00,UPI,authentication_failure,AUTH_FAILED,4068,failed
ATT_0000563,TXN_001440,1,2026-08-17 02:11:00,NetBanking,bank_declined,BANK_DECLINED,2040,failed
ATT_0000564,TXN_001440,2,2026-08-17 03:03:00,NetBanking,bank_declined,BANK_DECLINED,4915,failed
ATT_0000565,TXN_001448,1,2026-07-31 21:38:00,UPI,network_error,NETWORK_ERROR,2961,failed
ATT_0000566,TXN_001450,1,2026-08-20 06:30:00,UPI,bank_timeout,TIMEOUT,493,failed
ATT_0000567,TXN_001452,1,2026-08-25 16:34:00,UPI,bank_timeout,TIMEOUT,4964,failed
ATT_0000568,TXN_001461,1,2026-07-29 17:00:00,UPI,bank_declined,BANK_DECLINED,2743,failed
ATT_0000569,TXN_001462,1,2026-07-21 05:55:00,Wallet,network_error,NETWORK_ERROR,4596,failed
ATT_0000570,TXN_001462,2,2026-07-21 06:05:00,Wallet,network_error,NETWORK_ERROR,1311,failed
ATT_0000571,TXN_001463,1,2026-08-16 05:35:00,Card,insufficient_funds,INSUFFICIENT_FUNDS,3512,failed
ATT_0000572,TXN_001463,2,2026-08-16 05:53:00,Card,insufficient_funds,INSUFFICIENT_FUNDS,494,failed
ATT_0000573,TXN_001463,3,2026-08-16 06:07:00,Card,insufficient_funds,INSUFFICIENT_FUNDS,4994,failed
ATT_0000574,TXN_001464,1,2026-07-15 15:02:00,Card,bank_declined,BANK_DECLINED,2580,failed
ATT_0000575,TXN_001465,1,2026-07-22 22:42:00,UPI,network_error,NETWORK_ERROR,1026,failed
ATT_0000576,TXN_001469,1,2026-07-20 00:24:00,Card,expired_card,CARD_EXPIRED,2683,failed
ATT_0000577,TXN_001475,1,2026-07-05 01:45:00,UPI,bank_declined,BANK_DECLINED,4128,failed
ATT_0000578,TXN_001476,1,2026-08-25 03:59:00,Card,network_error,NETWORK_ERROR,2424,failed
ATT_0000579,TXN_001480,1,2026-07-21 21:42:00,NetBanking,bank_declined,BANK_DECLINED,165,failed
ATT_0000580,TXN_001480,2,2026-07-21 22:09:00,NetBanking,bank_declined,BANK_DECLINED,4681,failed
ATT_0000581,TXN_001482,1,2026-08-14 14:59:00,UPI,network_error,NETWORK_ERROR,4703,failed
ATT_0000582,TXN_001483,1,2026-08-13 06:59:00,Card,expired_card,CARD_EXPIRED,4592,failed
ATT_0000583,TXN_001484,1,2026-07-30 03:38:00,UPI,network_error,NETWORK_ERROR,1420,failed
ATT_0000584,TXN_001484,2,2026-07-30 04:25:00,UPI,network_error,NETWORK_ERROR,4293,failed
ATT_0000585,TXN_001484,3,2026-07-30 05:20:00,UPI,network_error,NETWORK_ERROR,1434,failed
ATT_0000586,TXN_001492,1,2026-08-12 17:05:00,Card,bank_declined,BANK_DECLINED,3237,failed
ATT_0000587,TXN_001496,1,2026-08-07 20:49:00,UPI,bank_timeout,TIMEOUT,665,failed
ATT_0000588,TXN_001501,1,2026-08-21 18:18:00,Card,insufficient_funds,INSUFFICIENT_FUNDS,230,failed
ATT_0000589,TXN_001511,1,2026-08-19 19:27:00,UPI,network_error,NETWORK_ERROR,574,failed
ATT_0000590,TXN_001514,1,2026-07-20 08:43:00,UPI,network_error,NETWORK_ERROR,4726,failed
ATT_0000591,TXN_001516,1,2026-08-25 16:20:00,Card,network_error,NETWORK_ERROR,214,failed
ATT_0000592,TXN_001516,2,2026-08-25 16:46:00,Card,network_error,NETWORK_ERROR,2082,failed
ATT_0000593,TXN_001518,1,2026-07-24 20:29:00,UPI,network_error,NETWORK_ERROR,200,failed
ATT_0000594,TXN_001519,1,2026-07-14 03:35:00,UPI,bank_declined,BANK_DECLINED,1196,failed
ATT_0000595,TXN_001519,2,2026-07-14 04:22:00,UPI,bank_declined,BANK_DECLINED,1664,failed
ATT_0000596,TXN_001520,1,2026-07-16 22:01:00,Wallet,insufficient_funds,INSUFFICIENT_FUNDS,4619,failed
ATT_0000597,TXN_001522,1,2026-08-23 11:57:00,UPI,authentication_failure,AUTH_FAILED,3166,failed
ATT_0000598,TXN_001523,1,2026-08-03 21:57:00,UPI,bank_timeout,TIMEOUT,3149,failed
ATT_0000599,TXN_001524,1,2026-08-16 10:18:00,UPI,bank_declined,BANK_DECLINED,4828,failed
ATT_0000600,TXN_001538,1,2026-08-12 17:58:00,Card,insufficient_funds,INSUFFICIENT_FUNDS,4382,failed
ATT_0000601,TXN_001538,2,2026-08-12 18:22:00,Card,insufficient_funds,INSUFFICIENT_FUNDS,3900,failed
ATT_0000602,TXN_001545,1,2026-07-26 17:57:00,NetBanking,bank_timeout,TIMEOUT,3708,failed
ATT_0000603,TXN_001549,1,2026-07-28 20:10:00,UPI,bank_declined,BANK_DECLINED,4283,failed
ATT_0000604,TXN_001551,1,2026-07-08 19:52:00,Card,expired_card,CARD_EXPIRED,4848,failed
ATT_0000605,TXN_001552,1,2026-07-23 04:17:00,Card,insufficient_funds,INSUFFICIENT_FUNDS,977,failed
ATT_0000606,TXN_001553,1,2026-07-04 04:49:00,UPI,bank_declined,BANK_DECLINED,4499,failed
ATT_0000607,TXN_001556,1,2026-08-25 14:47:00,UPI,bank_declined,BANK_DECLINED,3310,failed
ATT_0000608,TXN_001564,1,2026-08-05 18:43:00,UPI,network_error,NETWORK_ERROR,3608,failed
ATT_0000609,TXN_001570,1,2026-08-04 15:36:00,UPI,network_error,NETWORK_ERROR,4678,failed
ATT_0000610,TXN_001571,1,2026-08-19 01:20:00,Card,network_error,NETWORK_ERROR,4192,failed
ATT_0000611,TXN_001571,2,2026-08-19 01:38:00,Card,network_error,NETWORK_ERROR,4642,failed
ATT_0000612,TXN_001572,1,2026-08-16 08:03:00,Wallet,bank_timeout,TIMEOUT,219,failed
ATT_0000613,TXN_001574,1,2026-07-09 11:57:00,Card,authentication_failure,AUTH_FAILED,2055,failed
ATT_0000614,TXN_001575,1,2026-07-29 15:53:00,Card,insufficient_funds,INSUFFICIENT_FUNDS,4996,failed
ATT_0000615,TXN_001575,2,2026-07-29 16:51:00,Card,insufficient_funds,INSUFFICIENT_FUNDS,2379,failed
ATT_0000616,TXN_001577,1,2026-08-10 05:04:00,Card,insufficient_funds,INSUFFICIENT_FUNDS,4038,failed
ATT_0000617,TXN_001577,2,2026-08-10 05:18:00,Card,insufficient_funds,INSUFFICIENT_FUNDS,3343,failed
ATT_0000618,TXN_001578,1,2026-07-12 12:49:00,UPI,network_error,NETWORK_ERROR,1902,failed
ATT_0000619,TXN_001580,1,2026-07-31 00:27:00,UPI,network_error,NETWORK_ERROR,437,failed
ATT_0000620,TXN_001580,2,2026-07-31 00:34:00,UPI,network_error,NETWORK_ERROR,2896,failed
ATT_0000621,TXN_001580,3,2026-07-31 01:28:00,UPI,network_error,NETWORK_ERROR,2086,failed
ATT_0000622,TXN_001581,1,2026-08-06 12:28:00,Card,network_error,NETWORK_ERROR,2714,failed
ATT_0000623,TXN_001583,1,2026-08-11 15:36:00,UPI,bank_timeout,TIMEOUT,4322,failed
ATT_0000624,TXN_001589,1,2026-08-18 02:53:00,NetBanking,bank_declined,BANK_DECLINED,3804,failed
ATT_0000625,TXN_001590,1,2026-07-14 23:09:00,UPI,bank_declined,BANK_DECLINED,3500,failed
ATT_0000626,TXN_001590,2,2026-07-14 23:19:00,UPI,bank_declined,BANK_DECLINED,3964,failed
ATT_0000627,TXN_001592,1,2026-07-25 01:25:00,Card,authentication_failure,AUTH_FAILED,894,failed
ATT_0000628,TXN_001592,2,2026-07-25 01:40:00,Card,authentication_failure,AUTH_FAILED,3671,failed
ATT_0000629,TXN_001592,3,2026-07-25 02:19:00,Card,authentication_failure,AUTH_FAILED,3464,failed
ATT_0000630,TXN_001593,1,2026-08-26 14:14:00,Card,expired_card,CARD_EXPIRED,1189,failed
ATT_0000631,TXN_001594,1,2026-07-20 15:36:00,Card,expired_card,CARD_EXPIRED,4774,failed
ATT_0000632,TXN_001598,1,2026-08-02 05:26:00,Wallet,bank_declined,BANK_DECLINED,229,failed
ATT_0000633,TXN_001600,1,2026-07-01 02:11:00,NetBanking,network_error,NETWORK_ERROR,3864,failed
ATT_0000634,TXN_001600,2,2026-07-01 02:31:00,NetBanking,network_error,NETWORK_ERROR,1061,failed
ATT_0000635,TXN_001601,1,2026-07-06 04:10:00,Card,insufficient_funds,INSUFFICIENT_FUNDS,3299,failed
ATT_0000636,TXN_001601,2,2026-07-06 04:51:00,Card,insufficient_funds,INSUFFICIENT_FUNDS,1397,failed
ATT_0000637,TXN_001613,1,2026-08-14 17:23:00,Card,authentication_failure,AUTH_FAILED,159,failed
ATT_0000638,TXN_001613,2,2026-08-14 17:37:00,Card,authentication_failure,AUTH_FAILED,3353,failed
ATT_0000639,TXN_001615,1,2026-07-27 10:40:00,Card,network_error,NETWORK_ERROR,1456,failed
ATT_0000640,TXN_001616,1,2026-07-07 18:50:00,Card,insufficient_funds,INSUFFICIENT_FUNDS,2984,failed
ATT_0000641,TXN_001617,1,2026-07-08 01:05:00,NetBanking,bank_declined,BANK_DECLINED,848,failed
ATT_0000642,TXN_001618,1,2026-07-06 06:01:00,UPI,authentication_failure,AUTH_FAILED,3024,failed
ATT_0000643,TXN_001622,1,2026-07-07 21:25:00,NetBanking,bank_timeout,TIMEOUT,2682,failed
ATT_0000644,TXN_001622,2,2026-07-07 22:01:00,NetBanking,bank_timeout,TIMEOUT,1369,failed
ATT_0000645,TXN_001622,3,2026-07-07 22:22:00,NetBanking,bank_timeout,TIMEOUT,2074,failed
ATT_0000646,TXN_001623,1,2026-08-04 05:57:00,UPI,bank_timeout,TIMEOUT,1651,failed
ATT_0000647,TXN_001623,2,2026-08-04 06:27:00,UPI,bank_timeout,TIMEOUT,3861,failed
ATT_0000648,TXN_001627,1,2026-07-04 21:53:00,Card,authentication_failure,AUTH_FAILED,4250,failed
ATT_0000649,TXN_001627,2,2026-07-04 22:34:00,Card,authentication_failure,AUTH_FAILED,4109,failed
ATT_0000650,TXN_001629,1,2026-07-10 03:59:00,Card,insufficient_funds,INSUFFICIENT_FUNDS,3068,failed
ATT_0000651,TXN_001630,1,2026-08-12 23:47:00,UPI,bank_timeout,TIMEOUT,4189,failed
ATT_0000652,TXN_001631,1,2026-07-30 08:43:00,UPI,bank_declined,BANK_DECLINED,2505,failed
ATT_0000653,TXN_001634,1,2026-07-12 03:19:00,NetBanking,authentication_failure,AUTH_FAILED,1677,failed
ATT_0000654,TXN_001639,1,2026-08-22 04:12:00,UPI,bank_declined,BANK_DECLINED,4694,failed
ATT_0000655,TXN_001639,2,2026-08-22 04:43:00,UPI,bank_declined,BANK_DECLINED,523,failed
ATT_0000656,TXN_001655,1,2026-08-14 04:17:00,UPI,bank_declined,BANK_DECLINED,1313,failed
ATT_0000657,TXN_001655,2,2026-08-14 04:27:00,UPI,bank_declined,BANK_DECLINED,2786,failed
ATT_0000658,TXN_001656,1,2026-07-25 02:42:00,NetBanking,authentication_failure,AUTH_FAILED,4431,failed
ATT_0000659,TXN_001656,2,2026-07-25 03:36:00,NetBanking,authentication_failure,AUTH_FAILED,2263,failed
ATT_0000660,TXN_001656,3,2026-07-25 04:31:00,NetBanking,authentication_failure,AUTH_FAILED,1432,failed
ATT_0000661,TXN_001658,1,2026-07-05 07:33:00,NetBanking,bank_timeout,TIMEOUT,276,failed
ATT_0000662,TXN_001658,2,2026-07-05 07:58:00,NetBanking,bank_timeout,TIMEOUT,2022,failed
ATT_0000663,TXN_001665,1,2026-08-01 17:30:00,UPI,network_error,NETWORK_ERROR,3933,failed
ATT_0000664,TXN_001667,1,2026-07-05 15:11:00,UPI,network_error,NETWORK_ERROR,2309,failed
ATT_0000665,TXN_001682,1,2026-07-23 08:54:00,UPI,authentication_failure,AUTH_FAILED,4466,failed
ATT_0000666,TXN_001684,1,2026-07-10 16:35:00,UPI,bank_declined,BANK_DECLINED,3639,failed
ATT_0000667,TXN_001685,1,2026-08-19 10:10:00,UPI,authentication_failure,AUTH_FAILED,4877,failed
ATT_0000668,TXN_001685,2,2026-08-19 10:50:00,UPI,authentication_failure,AUTH_FAILED,2056,failed
ATT_0000669,TXN_001693,1,2026-07-16 19:03:00,Card,insufficient_funds,INSUFFICIENT_FUNDS,2280,failed
ATT_0000670,TXN_001693,2,2026-07-16 19:11:00,Card,insufficient_funds,INSUFFICIENT_FUNDS,1430,failed
ATT_0000671,TXN_001695,1,2026-07-11 16:54:00,UPI,authentication_failure,AUTH_FAILED,3001,failed
ATT_0000672,TXN_001695,2,2026-07-11 17:40:00,UPI,authentication_failure,AUTH_FAILED,541,failed
ATT_0000673,TXN_001701,1,2026-08-08 01:50:00,Card,bank_declined,BANK_DECLINED,2101,failed
ATT_0000674,TXN_001701,2,2026-08-08 02:34:00,Card,bank_declined,BANK_DECLINED,416,failed
ATT_0000675,TXN_001701,3,2026-08-08 02:56:00,Card,bank_declined,BANK_DECLINED,2272,failed
ATT_0000676,TXN_001703,1,2026-07-23 02:18:00,Wallet,insufficient_funds,INSUFFICIENT_FUNDS,1079,failed
ATT_0000677,TXN_001705,1,2026-08-21 19:22:00,Card,bank_declined,BANK_DECLINED,1478,failed
ATT_0000678,TXN_001706,1,2026-07-01 18:23:00,Card,expired_card,CARD_EXPIRED,2357,failed
ATT_0000679,TXN_001708,1,2026-07-04 04:11:00,Card,network_error,NETWORK_ERROR,3194,failed
ATT_0000680,TXN_001710,1,2026-08-07 04:43:00,UPI,network_error,NETWORK_ERROR,3433,failed
ATT_0000681,TXN_001713,1,2026-08-06 20:19:00,UPI,bank_declined,BANK_DECLINED,650,failed
ATT_0000682,TXN_001713,2,2026-08-06 20:36:00,UPI,bank_declined,BANK_DECLINED,1511,failed
ATT_0000683,TXN_001715,1,2026-08-10 03:45:00,UPI,bank_declined,BANK_DECLINED,3926,failed
ATT_0000684,TXN_001719,1,2026-07-25 19:42:00,UPI,bank_timeout,TIMEOUT,930,failed
ATT_0000685,TXN_001723,1,2026-07-26 05:55:00,Card,expired_card,CARD_EXPIRED,3118,failed
ATT_0000686,TXN_001724,1,2026-08-17 12:50:00,Card,expired_card,CARD_EXPIRED,220,failed
ATT_0000687,TXN_001725,1,2026-08-10 14:00:00,UPI,authentication_failure,AUTH_FAILED,2213,failed
ATT_0000688,TXN_001726,1,2026-08-20 05:45:00,UPI,bank_timeout,TIMEOUT,260,failed
ATT_0000689,TXN_001727,1,2026-07-29 01:35:00,UPI,network_error,NETWORK_ERROR,581,failed
ATT_0000690,TXN_001730,1,2026-07-09 05:29:00,Card,expired_card,CARD_EXPIRED,533,failed
ATT_0000691,TXN_001735,1,2026-08-20 14:07:00,UPI,bank_declined,BANK_DECLINED,2604,failed
ATT_0000692,TXN_001735,2,2026-08-20 14:20:00,UPI,bank_declined,BANK_DECLINED,1788,failed
ATT_0000693,TXN_001740,1,2026-07-13 05:58:00,Card,authentication_failure,AUTH_FAILED,2334,failed
ATT_0000694,TXN_001744,1,2026-08-14 15:58:00,Card,expired_card,CARD_EXPIRED,2926,failed
ATT_0000695,TXN_001749,1,2026-08-16 12:55:00,UPI,bank_declined,BANK_DECLINED,2250,failed
ATT_0000696,TXN_001751,1,2026-08-26 23:42:00,UPI,network_error,NETWORK_ERROR,1371,failed
ATT_0000697,TXN_001753,1,2026-07-25 00:56:00,NetBanking,bank_timeout,TIMEOUT,449,failed
ATT_0000698,TXN_001754,1,2026-08-02 08:30:00,NetBanking,network_error,NETWORK_ERROR,4008,failed
ATT_0000699,TXN_001758,1,2026-08-06 14:23:00,UPI,bank_declined,BANK_DECLINED,4276,failed
ATT_0000700,TXN_001764,1,2026-08-23 21:09:00,UPI,authentication_failure,AUTH_FAILED,1410,failed
ATT_0000701,TXN_001766,1,2026-08-09 09:06:00,UPI,network_error,NETWORK_ERROR,2070,failed
ATT_0000702,TXN_001777,1,2026-08-26 01:52:00,UPI,network_error,NETWORK_ERROR,687,failed
ATT_0000703,TXN_001777,2,2026-08-26 02:26:00,UPI,network_error,NETWORK_ERROR,1455,failed
ATT_0000704,TXN_001783,1,2026-07-16 21:23:00,Card,authentication_failure,AUTH_FAILED,2317,failed
ATT_0000705,TXN_001783,2,2026-07-16 21:45:00,Card,authentication_failure,AUTH_FAILED,2356,failed
ATT_0000706,TXN_001786,1,2026-08-12 12:49:00,UPI,network_error,NETWORK_ERROR,3906,failed
ATT_0000707,TXN_001788,1,2026-08-18 15:32:00,Card,network_error,NETWORK_ERROR,2675,failed
ATT_0000708,TXN_001791,1,2026-08-04 05:06:00,UPI,authentication_failure,AUTH_FAILED,2414,failed
ATT_0000709,TXN_001793,1,2026-08-03 14:10:00,Card,authentication_failure,AUTH_FAILED,1576,failed
ATT_0000710,TXN_001793,2,2026-08-03 14:23:00,Card,authentication_failure,AUTH_FAILED,563,failed
ATT_0000711,TXN_001797,1,2026-08-05 08:36:00,Card,bank_declined,BANK_DECLINED,3951,failed
ATT_0000712,TXN_001798,1,2026-07-01 10:21:00,UPI,bank_timeout,TIMEOUT,2173,failed
ATT_0000713,TXN_001798,2,2026-07-01 10:32:00,UPI,bank_timeout,TIMEOUT,2831,failed
ATT_0000714,TXN_001806,1,2026-08-11 05:17:00,UPI,bank_timeout,TIMEOUT,3644,failed
ATT_0000715,TXN_001813,1,2026-07-21 13:56:00,UPI,bank_timeout,TIMEOUT,3014,failed
ATT_0000716,TXN_001814,1,2026-07-12 01:34:00,Card,insufficient_funds,INSUFFICIENT_FUNDS,4989,failed
ATT_0000717,TXN_001816,1,2026-08-05 20:50:00,NetBanking,bank_timeout,TIMEOUT,1997,failed
ATT_0000718,TXN_001817,1,2026-07-27 11:13:00,Card,bank_declined,BANK_DECLINED,4715,failed
ATT_0000719,TXN_001822,1,2026-07-08 13:39:00,UPI,network_error,NETWORK_ERROR,253,failed
ATT_0000720,TXN_001824,1,2026-07-02 23:15:00,UPI,network_error,NETWORK_ERROR,2104,failed
ATT_0000721,TXN_001824,2,2026-07-02 23:52:00,UPI,network_error,NETWORK_ERROR,3195,failed
ATT_0000722,TXN_001827,1,2026-08-15 20:33:00,UPI,bank_timeout,TIMEOUT,3987,failed
ATT_0000723,TXN_001829,1,2026-08-08 05:58:00,Wallet,bank_declined,BANK_DECLINED,2461,failed
ATT_0000724,TXN_001831,1,2026-07-04 11:49:00,Card,insufficient_funds,INSUFFICIENT_FUNDS,414,failed
ATT_0000725,TXN_001835,1,2026-07-29 02:20:00,NetBanking,bank_declined,BANK_DECLINED,2380,failed
ATT_0000726,TXN_001835,2,2026-07-29 02:51:00,NetBanking,bank_declined,BANK_DECLINED,4130,failed
ATT_0000727,TXN_001837,1,2026-07-09 13:22:00,UPI,network_error,NETWORK_ERROR,3823,failed
ATT_0000728,TXN_001837,2,2026-07-09 13:27:00,UPI,network_error,NETWORK_ERROR,1920,failed
ATT_0000729,TXN_001838,1,2026-07-26 08:16:00,UPI,network_error,NETWORK_ERROR,4499,failed
ATT_0000730,TXN_001840,1,2026-07-08 05:47:00,Card,bank_declined,BANK_DECLINED,2298,failed
ATT_0000731,TXN_001842,1,2026-07-26 01:31:00,Card,bank_declined,BANK_DECLINED,4188,failed
ATT_0000732,TXN_001842,2,2026-07-26 01:54:00,Card,bank_declined,BANK_DECLINED,2785,failed
ATT_0000733,TXN_001842,3,2026-07-26 02:15:00,Card,bank_declined,BANK_DECLINED,2389,failed
ATT_0000734,TXN_001844,1,2026-07-08 19:05:00,UPI,network_error,NETWORK_ERROR,2471,failed
ATT_0000735,TXN_001846,1,2026-08-09 16:55:00,UPI,bank_declined,BANK_DECLINED,3590,failed
ATT_0000736,TXN_001846,2,2026-08-09 17:53:00,UPI,bank_declined,BANK_DECLINED,1293,failed
ATT_0000737,TXN_001847,1,2026-07-29 21:53:00,UPI,network_error,NETWORK_ERROR,3148,failed
ATT_0000738,TXN_001847,2,2026-07-29 22:30:00,UPI,network_error,NETWORK_ERROR,3141,failed
ATT_0000739,TXN_001850,1,2026-07-20 02:40:00,UPI,network_error,NETWORK_ERROR,2314,failed
ATT_0000740,TXN_001857,1,2026-08-21 22:09:00,UPI,bank_timeout,TIMEOUT,1326,failed
ATT_0000741,TXN_001859,1,2026-07-09 11:06:00,UPI,bank_timeout,TIMEOUT,1680,failed
ATT_0000742,TXN_001859,2,2026-07-09 11:27:00,UPI,bank_timeout,TIMEOUT,1504,failed
ATT_0000743,TXN_001859,3,2026-07-09 12:00:00,UPI,bank_timeout,TIMEOUT,4028,failed
ATT_0000744,TXN_001862,1,2026-08-03 09:40:00,UPI,bank_timeout,TIMEOUT,1373,failed
ATT_0000745,TXN_001865,1,2026-07-08 01:03:00,UPI,bank_declined,BANK_DECLINED,1659,failed
ATT_0000746,TXN_001868,1,2026-08-21 15:17:00,Card,expired_card,CARD_EXPIRED,2715,failed
ATT_0000747,TXN_001872,1,2026-08-23 05:33:00,NetBanking,bank_timeout,TIMEOUT,3455,failed
ATT_0000748,TXN_001878,1,2026-07-19 07:26:00,NetBanking,bank_declined,BANK_DECLINED,976,failed
ATT_0000749,TXN_001879,1,2026-08-21 22:19:00,Wallet,insufficient_funds,INSUFFICIENT_FUNDS,2017,failed
ATT_0000750,TXN_001883,1,2026-07-10 04:32:00,Card,expired_card,CARD_EXPIRED,2526,failed
ATT_0000751,TXN_001898,1,2026-07-27 06:46:00,UPI,bank_declined,BANK_DECLINED,3518,failed
ATT_0000752,TXN_001898,2,2026-07-27 06:54:00,UPI,bank_declined,BANK_DECLINED,1570,failed
ATT_0000753,TXN_001899,1,2026-08-17 18:20:00,UPI,authentication_failure,AUTH_FAILED,4888,failed
ATT_0000754,TXN_001906,1,2026-08-09 08:35:00,UPI,bank_declined,BANK_DECLINED,3048,failed
ATT_0000755,TXN_001912,1,2026-08-02 09:41:00,NetBanking,network_error,NETWORK_ERROR,3667,failed
ATT_0000756,TXN_001913,1,2026-08-09 09:47:00,Card,insufficient_funds,INSUFFICIENT_FUNDS,3782,failed
ATT_0000757,TXN_001917,1,2026-07-27 05:22:00,Card,expired_card,CARD_EXPIRED,4267,failed
ATT_0000758,TXN_001920,1,2026-08-26 19:01:00,UPI,network_error,NETWORK_ERROR,3796,failed
ATT_0000759,TXN_001924,1,2026-08-22 19:00:00,UPI,bank_timeout,TIMEOUT,1424,failed
ATT_0000760,TXN_001929,1,2026-07-03 04:05:00,UPI,network_error,NETWORK_ERROR,3325,failed
ATT_0000761,TXN_001935,1,2026-07-03 12:16:00,UPI,bank_timeout,TIMEOUT,4381,failed
ATT_0000762,TXN_001935,2,2026-07-03 12:38:00,UPI,bank_timeout,TIMEOUT,2445,failed
ATT_0000763,TXN_001936,1,2026-07-05 10:50:00,Card,network_error,NETWORK_ERROR,1398,failed
ATT_0000764,TXN_001936,2,2026-07-05 11:09:00,Card,network_error,NETWORK_ERROR,2793,failed
ATT_0000765,TXN_001939,1,2026-07-04 05:00:00,Card,network_error,NETWORK_ERROR,2541,failed
ATT_0000766,TXN_001944,1,2026-07-14 01:22:00,Wallet,insufficient_funds,INSUFFICIENT_FUNDS,1490,failed
ATT_0000767,TXN_001944,2,2026-07-14 02:19:00,Wallet,insufficient_funds,INSUFFICIENT_FUNDS,2007,failed
ATT_0000768,TXN_001946,1,2026-08-21 13:24:00,UPI,network_error,NETWORK_ERROR,2235,failed
ATT_0000769,TXN_001948,1,2026-07-08 14:38:00,Card,authentication_failure,AUTH_FAILED,920,failed
ATT_0000770,TXN_001954,1,2026-07-25 06:35:00,Card,network_error,NETWORK_ERROR,3242,failed
ATT_0000771,TXN_001956,1,2026-07-09 04:24:00,NetBanking,bank_declined,BANK_DECLINED,1860,failed
ATT_0000772,TXN_001959,1,2026-07-11 07:18:00,UPI,authentication_failure,AUTH_FAILED,3707,failed
ATT_0000773,TXN_001960,1,2026-08-05 13:18:00,NetBanking,bank_declined,BANK_DECLINED,3072,failed
ATT_0000774,TXN_001966,1,2026-07-15 02:26:00,UPI,network_error,NETWORK_ERROR,4100,failed
ATT_0000775,TXN_001968,1,2026-08-25 23:36:00,UPI,bank_timeout,TIMEOUT,3630,failed
ATT_0000776,TXN_001969,1,2026-08-02 01:49:00,Card,bank_declined,BANK_DECLINED,4920,failed
ATT_0000777,TXN_001972,1,2026-07-28 10:30:00,Card,bank_declined,BANK_DECLINED,168,failed
ATT_0000778,TXN_001974,1,2026-07-03 01:59:00,UPI,bank_timeout,TIMEOUT,2895,failed
ATT_0000779,TXN_001976,1,2026-07-31 01:17:00,UPI,bank_timeout,TIMEOUT,3441,failed
ATT_0000780,TXN_001977,1,2026-07-09 04:42:00,Card,authentication_failure,AUTH_FAILED,1592,failed
ATT_0000781,TXN_001979,1,2026-07-20 07:15:00,UPI,bank_timeout,TIMEOUT,1106,failed
ATT_0000782,TXN_001982,1,2026-07-28 14:43:00,UPI,bank_timeout,TIMEOUT,3732,failed
ATT_0000783,TXN_001982,2,2026-07-28 15:36:00,UPI,bank_timeout,TIMEOUT,3867,failed
ATT_0000784,TXN_001982,3,2026-07-28 16:21:00,UPI,bank_timeout,TIMEOUT,4029,failed
ATT_0000785,TXN_001984,1,2026-07-22 23:43:00,UPI,network_error,NETWORK_ERROR,693,failed
ATT_0000786,TXN_001994,1,2026-07-26 18:37:00,UPI,network_error,NETWORK_ERROR,4625,failed
ATT_0000787,TXN_001995,1,2026-08-13 17:06:00,UPI,network_error,NETWORK_ERROR,389,failed
ATT_0000788,TXN_002002,1,2026-08-10 10:26:00,NetBanking,network_error,NETWORK_ERROR,1049,failed
ATT_0000789,TXN_002006,1,2026-08-06 20:37:00,Card,expired_card,CARD_EXPIRED,2377,failed
ATT_0000790,TXN_002008,1,2026-08-04 23:39:00,UPI,bank_declined,BANK_DECLINED,458,failed
ATT_0000791,TXN_002019,1,2026-08-05 22:26:00,Wallet,bank_timeout,TIMEOUT,2747,failed
ATT_0000792,TXN_002019,2,2026-08-05 22:39:00,Wallet,bank_timeout,TIMEOUT,4119,failed
ATT_0000793,TXN_002021,1,2026-08-08 02:36:00,NetBanking,bank_declined,BANK_DECLINED,1060,failed
ATT_0000794,TXN_002023,1,2026-07-06 11:34:00,UPI,bank_timeout,TIMEOUT,694,failed
ATT_0000795,TXN_002026,1,2026-08-15 21:05:00,Card,expired_card,CARD_EXPIRED,4821,failed
ATT_0000796,TXN_002028,1,2026-08-12 13:46:00,UPI,network_error,NETWORK_ERROR,3822,failed
ATT_0000797,TXN_002028,2,2026-08-12 14:31:00,UPI,network_error,NETWORK_ERROR,857,failed
ATT_0000798,TXN_002029,1,2026-07-26 12:36:00,Card,insufficient_funds,INSUFFICIENT_FUNDS,2398,failed
ATT_0000799,TXN_002033,1,2026-08-04 05:02:00,UPI,network_error,NETWORK_ERROR,1471,failed
ATT_0000800,TXN_002034,1,2026-07-10 09:51:00,UPI,bank_timeout,TIMEOUT,4991,failed
ATT_0000801,TXN_002035,1,2026-08-18 19:07:00,UPI,bank_declined,BANK_DECLINED,1095,failed
ATT_0000802,TXN_002035,2,2026-08-18 19:27:00,UPI,bank_declined,BANK_DECLINED,2992,failed
ATT_0000803,TXN_002037,1,2026-08-20 14:55:00,Card,bank_declined,BANK_DECLINED,3954,failed
ATT_0000804,TXN_002038,1,2026-07-02 10:16:00,UPI,bank_timeout,TIMEOUT,2877,failed
ATT_0000805,TXN_002039,1,2026-08-11 09:00:00,Card,expired_card,CARD_EXPIRED,4660,failed
ATT_0000806,TXN_002039,2,2026-08-11 09:07:00,Card,expired_card,CARD_EXPIRED,1585,failed
ATT_0000807,TXN_002040,1,2026-07-02 13:10:00,Wallet,network_error,NETWORK_ERROR,2012,failed
ATT_0000808,TXN_002040,2,2026-07-02 13:44:00,Wallet,network_error,NETWORK_ERROR,4723,failed
ATT_0000809,TXN_002041,1,2026-08-09 15:11:00,UPI,authentication_failure,AUTH_FAILED,2762,failed
ATT_0000810,TXN_002048,1,2026-08-07 19:02:00,Card,insufficient_funds,INSUFFICIENT_FUNDS,3414,failed
ATT_0000811,TXN_002054,1,2026-08-06 12:59:00,UPI,bank_timeout,TIMEOUT,1965,failed
ATT_0000812,TXN_002054,2,2026-08-06 13:46:00,UPI,bank_timeout,TIMEOUT,1332,failed
ATT_0000813,TXN_002054,3,2026-08-06 14:30:00,UPI,bank_timeout,TIMEOUT,2918,failed
ATT_0000814,TXN_002056,1,2026-07-03 09:44:00,Card,bank_declined,BANK_DECLINED,892,failed
ATT_0000815,TXN_002056,2,2026-07-03 10:17:00,Card,bank_declined,BANK_DECLINED,1443,failed
ATT_0000816,TXN_002057,1,2026-07-02 10:29:00,Card,expired_card,CARD_EXPIRED,2122,failed
ATT_0000817,TXN_002060,1,2026-07-01 06:29:00,Card,insufficient_funds,INSUFFICIENT_FUNDS,2144,failed
ATT_0000818,TXN_002061,1,2026-08-08 02:08:00,Card,bank_declined,BANK_DECLINED,3236,failed
ATT_0000819,TXN_002062,1,2026-08-14 16:56:00,Card,bank_declined,BANK_DECLINED,4896,failed
ATT_0000820,TXN_002066,1,2026-07-08 21:14:00,UPI,bank_declined,BANK_DECLINED,807,failed
ATT_0000821,TXN_002066,2,2026-07-08 22:01:00,UPI,bank_declined,BANK_DECLINED,3847,failed
ATT_0000822,TXN_002067,1,2026-07-04 11:58:00,Card,expired_card,CARD_EXPIRED,4864,failed
ATT_0000823,TXN_002073,1,2026-07-06 03:02:00,UPI,bank_timeout,TIMEOUT,2155,failed
ATT_0000824,TXN_002074,1,2026-08-06 23:53:00,Card,insufficient_funds,INSUFFICIENT_FUNDS,4264,failed
ATT_0000825,TXN_002077,1,2026-07-03 03:16:00,NetBanking,bank_timeout,TIMEOUT,3655,failed
ATT_0000826,TXN_002077,2,2026-07-03 03:46:00,NetBanking,bank_timeout,TIMEOUT,2548,failed
ATT_0000827,TXN_002082,1,2026-07-27 19:58:00,UPI,network_error,NETWORK_ERROR,594,failed
ATT_0000828,TXN_002083,1,2026-08-15 16:58:00,Card,network_error,NETWORK_ERROR,1915,failed
ATT_0000829,TXN_002089,1,2026-08-19 08:29:00,Card,bank_declined,BANK_DECLINED,2359,failed
ATT_0000830,TXN_002089,2,2026-08-19 08:54:00,Card,bank_declined,BANK_DECLINED,674,failed
ATT_0000831,TXN_002091,1,2026-07-28 07:04:00,UPI,bank_timeout,TIMEOUT,551,failed
ATT_0000832,TXN_002097,1,2026-07-08 06:28:00,Card,bank_declined,BANK_DECLINED,3215,failed
ATT_0000833,TXN_002098,1,2026-07-19 13:32:00,UPI,bank_timeout,TIMEOUT,641,failed
ATT_0000834,TXN_002098,2,2026-07-19 14:11:00,UPI,bank_timeout,TIMEOUT,549,failed
ATT_0000835,TXN_002099,1,2026-08-17 01:19:00,Card,bank_declined,BANK_DECLINED,3473,failed
ATT_0000836,TXN_002103,1,2026-08-05 09:12:00,UPI,authentication_failure,AUTH_FAILED,991,failed
ATT_0000837,TXN_002108,1,2026-07-14 12:55:00,UPI,network_error,NETWORK_ERROR,1378,failed
ATT_0000838,TXN_002112,1,2026-08-25 07:10:00,Card,network_error,NETWORK_ERROR,1440,failed
ATT_0000839,TXN_002114,1,2026-08-21 02:09:00,UPI,bank_timeout,TIMEOUT,186,failed
ATT_0000840,TXN_002117,1,2026-07-08 17:13:00,NetBanking,bank_timeout,TIMEOUT,1775,failed
ATT_0000841,TXN_002118,1,2026-07-10 02:34:00,UPI,bank_timeout,TIMEOUT,4154,failed
ATT_0000842,TXN_002128,1,2026-07-03 23:58:00,UPI,bank_timeout,TIMEOUT,4278,failed
ATT_0000843,TXN_002130,1,2026-07-15 10:55:00,NetBanking,network_error,NETWORK_ERROR,1033,failed
ATT_0000844,TXN_002133,1,2026-08-01 23:43:00,NetBanking,bank_declined,BANK_DECLINED,3368,failed
ATT_0000845,TXN_002134,1,2026-08-01 23:02:00,NetBanking,bank_timeout,TIMEOUT,1307,failed
ATT_0000846,TXN_002134,2,2026-08-01 23:08:00,NetBanking,bank_timeout,TIMEOUT,4623,failed
ATT_0000847,TXN_002147,1,2026-07-05 03:04:00,NetBanking,bank_timeout,TIMEOUT,218,failed
ATT_0000848,TXN_002147,2,2026-07-05 04:04:00,NetBanking,bank_timeout,TIMEOUT,3694,failed
ATT_0000849,TXN_002153,1,2026-08-26 21:59:00,Card,network_error,NETWORK_ERROR,4367,failed
ATT_0000850,TXN_002156,1,2026-08-06 18:22:00,Card,insufficient_funds,INSUFFICIENT_FUNDS,4213,failed
ATT_0000851,TXN_002157,1,2026-08-17 18:11:00,NetBanking,bank_timeout,TIMEOUT,3761,failed
ATT_0000852,TXN_002157,2,2026-08-17 18:22:00,NetBanking,bank_timeout,TIMEOUT,3324,failed
ATT_0000853,TXN_002157,3,2026-08-17 18:48:00,NetBanking,bank_timeout,TIMEOUT,4105,failed
ATT_0000854,TXN_002160,1,2026-07-24 01:38:00,UPI,bank_declined,BANK_DECLINED,3813,failed
ATT_0000855,TXN_002161,1,2026-07-04 21:25:00,UPI,bank_timeout,TIMEOUT,2934,failed
ATT_0000856,TXN_002161,2,2026-07-04 22:10:00,UPI,bank_timeout,TIMEOUT,258,failed
ATT_0000857,TXN_002163,1,2026-07-12 05:32:00,Card,authentication_failure,AUTH_FAILED,3299,failed
ATT_0000858,TXN_002169,1,2026-07-17 12:52:00,UPI,bank_timeout,TIMEOUT,4544,failed
ATT_0000859,TXN_002175,1,2026-08-23 22:14:00,Card,insufficient_funds,INSUFFICIENT_FUNDS,4537,failed
ATT_0000860,TXN_002181,1,2026-07-08 12:06:00,UPI,bank_timeout,TIMEOUT,1665,failed
ATT_0000861,TXN_002181,2,2026-07-08 12:46:00,UPI,bank_timeout,TIMEOUT,921,failed
ATT_0000862,TXN_002181,3,2026-07-08 13:10:00,UPI,bank_timeout,TIMEOUT,1868,failed
ATT_0000863,TXN_002183,1,2026-08-09 11:28:00,NetBanking,bank_declined,BANK_DECLINED,3038,failed
ATT_0000864,TXN_002188,1,2026-07-21 03:25:00,UPI,bank_declined,BANK_DECLINED,1951,failed
ATT_0000865,TXN_002189,1,2026-07-09 16:17:00,Wallet,insufficient_funds,INSUFFICIENT_FUNDS,932,failed
ATT_0000866,TXN_002191,1,2026-08-26 03:40:00,Card,insufficient_funds,INSUFFICIENT_FUNDS,3771,failed
ATT_0000867,TXN_002192,1,2026-07-28 19:44:00,Card,bank_declined,BANK_DECLINED,2902,failed
ATT_0000868,TXN_002192,2,2026-07-28 19:53:00,Card,bank_declined,BANK_DECLINED,3720,failed
ATT_0000869,TXN_002203,1,2026-08-13 22:05:00,UPI,bank_timeout,TIMEOUT,1186,failed
ATT_0000870,TXN_002203,2,2026-08-13 22:34:00,UPI,bank_timeout,TIMEOUT,2933,failed
ATT_0000871,TXN_002203,3,2026-08-13 23:30:00,UPI,bank_timeout,TIMEOUT,676,failed
ATT_0000872,TXN_002205,1,2026-07-10 05:28:00,UPI,network_error,NETWORK_ERROR,1934,failed
ATT_0000873,TXN_002205,2,2026-07-10 06:16:00,UPI,network_error,NETWORK_ERROR,3922,failed
ATT_0000874,TXN_002208,1,2026-07-21 01:57:00,UPI,authentication_failure,AUTH_FAILED,4415,failed
ATT_0000875,TXN_002210,1,2026-07-29 13:45:00,UPI,bank_declined,BANK_DECLINED,1835,failed
ATT_0000876,TXN_002210,2,2026-07-29 14:07:00,UPI,bank_declined,BANK_DECLINED,3493,failed
ATT_0000877,TXN_002213,1,2026-07-04 10:45:00,UPI,bank_timeout,TIMEOUT,173,failed
ATT_0000878,TXN_002215,1,2026-07-25 18:00:00,UPI,bank_declined,BANK_DECLINED,4781,failed
ATT_0000879,TXN_002219,1,2026-07-08 14:57:00,NetBanking,network_error,NETWORK_ERROR,2776,failed
ATT_0000880,TXN_002221,1,2026-07-20 12:26:00,UPI,network_error,NETWORK_ERROR,3340,failed
ATT_0000881,TXN_002230,1,2026-07-24 06:24:00,Card,insufficient_funds,INSUFFICIENT_FUNDS,3555,failed
ATT_0000882,TXN_002230,2,2026-07-24 06:45:00,Card,insufficient_funds,INSUFFICIENT_FUNDS,4075,failed
ATT_0000883,TXN_002232,1,2026-08-19 07:57:00,UPI,bank_timeout,TIMEOUT,3439,failed
ATT_0000884,TXN_002232,2,2026-08-19 08:48:00,UPI,bank_timeout,TIMEOUT,2009,failed
ATT_0000885,TXN_002236,1,2026-07-29 05:57:00,UPI,bank_timeout,TIMEOUT,1085,failed
ATT_0000886,TXN_002243,1,2026-07-07 14:01:00,UPI,bank_timeout,TIMEOUT,3825,failed
ATT_0000887,TXN_002248,1,2026-08-14 06:04:00,UPI,bank_timeout,TIMEOUT,2133,failed
ATT_0000888,TXN_002248,2,2026-08-14 06:13:00,UPI,bank_timeout,TIMEOUT,4001,failed
ATT_0000889,TXN_002253,1,2026-08-19 11:46:00,UPI,bank_declined,BANK_DECLINED,4718,failed
ATT_0000890,TXN_002253,2,2026-08-19 11:55:00,UPI,bank_declined,BANK_DECLINED,2231,failed
ATT_0000891,TXN_002256,1,2026-07-17 11:06:00,Card,insufficient_funds,INSUFFICIENT_FUNDS,4002,failed
ATT_0000892,TXN_002258,1,2026-08-04 16:01:00,NetBanking,bank_timeout,TIMEOUT,1590,failed
ATT_0000893,TXN_002258,2,2026-08-04 16:50:00,NetBanking,bank_timeout,TIMEOUT,1031,failed
ATT_0000894,TXN_002264,1,2026-07-20 00:34:00,UPI,network_error,NETWORK_ERROR,4678,failed
ATT_0000895,TXN_002269,1,2026-07-13 15:59:00,Card,insufficient_funds,INSUFFICIENT_FUNDS,607,failed
ATT_0000896,TXN_002270,1,2026-08-12 02:34:00,UPI,bank_timeout,TIMEOUT,1587,failed
ATT_0000897,TXN_002272,1,2026-07-23 08:12:00,Card,insufficient_funds,INSUFFICIENT_FUNDS,4588,failed
ATT_0000898,TXN_002278,1,2026-08-16 19:19:00,UPI,authentication_failure,AUTH_FAILED,2353,failed
ATT_0000899,TXN_002281,1,2026-07-19 11:14:00,NetBanking,bank_declined,BANK_DECLINED,3901,failed
ATT_0000900,TXN_002285,1,2026-08-24 22:00:00,UPI,authentication_failure,AUTH_FAILED,3757,failed
ATT_0000901,TXN_002286,1,2026-08-21 17:59:00,Wallet,insufficient_funds,INSUFFICIENT_FUNDS,4085,failed
ATT_0000902,TXN_002287,1,2026-08-11 11:41:00,Card,bank_declined,BANK_DECLINED,2546,failed
ATT_0000903,TXN_002292,1,2026-08-21 15:23:00,Card,network_error,NETWORK_ERROR,2121,failed
ATT_0000904,TXN_002292,2,2026-08-21 16:02:00,Card,network_error,NETWORK_ERROR,2801,failed
ATT_0000905,TXN_002292,3,2026-08-21 17:02:00,Card,network_error,NETWORK_ERROR,4168,failed
ATT_0000906,TXN_002295,1,2026-07-23 07:40:00,UPI,bank_declined,BANK_DECLINED,4649,failed
ATT_0000907,TXN_002295,2,2026-07-23 08:21:00,UPI,bank_declined,BANK_DECLINED,3241,failed
ATT_0000908,TXN_002298,1,2026-07-21 14:14:00,NetBanking,authentication_failure,AUTH_FAILED,1880,failed
ATT_0000909,TXN_002299,1,2026-07-25 08:28:00,Card,expired_card,CARD_EXPIRED,3604,failed
ATT_0000910,TXN_002308,1,2026-07-20 03:10:00,UPI,bank_declined,BANK_DECLINED,4969,failed
ATT_0000911,TXN_002313,1,2026-07-17 16:09:00,UPI,authentication_failure,AUTH_FAILED,2670,failed
ATT_0000912,TXN_002313,2,2026-07-17 16:51:00,UPI,authentication_failure,AUTH_FAILED,3112,failed
ATT_0000913,TXN_002320,1,2026-08-07 12:59:00,UPI,bank_declined,BANK_DECLINED,2046,failed
ATT_0000914,TXN_002320,2,2026-08-07 13:04:00,UPI,bank_declined,BANK_DECLINED,1628,failed
ATT_0000915,TXN_002322,1,2026-07-12 05:25:00,Card,authentication_failure,AUTH_FAILED,414,failed
ATT_0000916,TXN_002323,1,2026-08-23 03:18:00,UPI,bank_declined,BANK_DECLINED,2627,failed
ATT_0000917,TXN_002324,1,2026-07-19 03:44:00,UPI,authentication_failure,AUTH_FAILED,4283,failed
ATT_0000918,TXN_002324,2,2026-07-19 04:19:00,UPI,authentication_failure,AUTH_FAILED,1998,failed
ATT_0000919,TXN_002330,1,2026-08-21 21:12:00,UPI,network_error,NETWORK_ERROR,4688,failed
ATT_0000920,TXN_002334,1,2026-07-13 09:02:00,NetBanking,bank_declined,BANK_DECLINED,3180,failed
ATT_0000921,TXN_002336,1,2026-07-13 10:10:00,UPI,bank_timeout,TIMEOUT,3069,failed
ATT_0000922,TXN_002342,1,2026-07-18 11:51:00,NetBanking,network_error,NETWORK_ERROR,993,failed
ATT_0000923,TXN_002342,2,2026-07-18 11:57:00,NetBanking,network_error,NETWORK_ERROR,3585,failed
ATT_0000924,TXN_002345,1,2026-07-26 18:29:00,NetBanking,bank_declined,BANK_DECLINED,4239,failed
ATT_0000925,TXN_002348,1,2026-08-06 07:59:00,UPI,bank_declined,BANK_DECLINED,1210,failed
ATT_0000926,TXN_002349,1,2026-07-13 05:32:00,UPI,bank_timeout,TIMEOUT,2932,failed
ATT_0000927,TXN_002349,2,2026-07-13 06:16:00,UPI,bank_timeout,TIMEOUT,4191,failed
ATT_0000928,TXN_002352,1,2026-08-03 13:52:00,Wallet,network_error,NETWORK_ERROR,1640,failed
ATT_0000929,TXN_002352,2,2026-08-03 14:13:00,Wallet,network_error,NETWORK_ERROR,254,failed
ATT_0000930,TXN_002355,1,2026-08-14 09:04:00,UPI,bank_timeout,TIMEOUT,1252,failed
ATT_0000931,TXN_002358,1,2026-08-23 20:26:00,UPI,bank_timeout,TIMEOUT,2439,failed
ATT_0000932,TXN_002365,1,2026-08-21 19:12:00,UPI,network_error,NETWORK_ERROR,3540,failed
ATT_0000933,TXN_002372,1,2026-07-23 21:48:00,UPI,authentication_failure,AUTH_FAILED,1449,failed
ATT_0000934,TXN_002372,2,2026-07-23 22:25:00,UPI,authentication_failure,AUTH_FAILED,4152,failed
ATT_0000935,TXN_002373,1,2026-08-15 21:55:00,Wallet,network_error,NETWORK_ERROR,1135,failed
ATT_0000936,TXN_002374,1,2026-08-01 14:42:00,Card,insufficient_funds,INSUFFICIENT_FUNDS,3084,failed
ATT_0000937,TXN_002378,1,2026-08-10 05:29:00,Card,insufficient_funds,INSUFFICIENT_FUNDS,1911,failed
ATT_0000938,TXN_002381,1,2026-07-20 18:59:00,Card,bank_declined,BANK_DECLINED,4467,failed
ATT_0000939,TXN_002381,2,2026-07-20 19:29:00,Card,bank_declined,BANK_DECLINED,3428,failed
ATT_0000940,TXN_002384,1,2026-08-11 00:06:00,NetBanking,bank_timeout,TIMEOUT,2598,failed
ATT_0000941,TXN_002386,1,2026-07-24 01:42:00,UPI,bank_timeout,TIMEOUT,1931,failed
ATT_0000942,TXN_002387,1,2026-08-05 04:50:00,UPI,bank_timeout,TIMEOUT,3407,failed
ATT_0000943,TXN_002387,2,2026-08-05 05:25:00,UPI,bank_timeout,TIMEOUT,4344,failed
ATT_0000944,TXN_002387,3,2026-08-05 05:47:00,UPI,bank_timeout,TIMEOUT,2513,failed
ATT_0000945,TXN_002389,1,2026-08-08 17:18:00,Card,expired_card,CARD_EXPIRED,2598,failed
ATT_0000946,TXN_002399,1,2026-07-16 22:44:00,Card,network_error,NETWORK_ERROR,3142,failed
ATT_0000947,TXN_002405,1,2026-08-10 22:04:00,Card,authentication_failure,AUTH_FAILED,2623,failed
ATT_0000948,TXN_002405,2,2026-08-10 22:37:00,Card,authentication_failure,AUTH_FAILED,165,failed
ATT_0000949,TXN_002407,1,2026-08-21 23:41:00,Card,insufficient_funds,INSUFFICIENT_FUNDS,4395,failed
ATT_0000950,TXN_002416,1,2026-08-04 07:32:00,UPI,bank_timeout,TIMEOUT,1738,failed
ATT_0000951,TXN_002416,2,2026-08-04 08:16:00,UPI,bank_timeout,TIMEOUT,209,failed
ATT_0000952,TXN_002420,1,2026-07-01 22:47:00,NetBanking,network_error,NETWORK_ERROR,3138,failed
ATT_0000953,TXN_002420,2,2026-07-01 23:27:00,NetBanking,network_error,NETWORK_ERROR,1406,failed
ATT_0000954,TXN_002422,1,2026-08-19 02:21:00,Wallet,network_error,NETWORK_ERROR,874,failed
ATT_0000955,TXN_002422,2,2026-08-19 03:17:00,Wallet,network_error,NETWORK_ERROR,1184,failed
ATT_0000956,TXN_002422,3,2026-08-19 04:05:00,Wallet,network_error,NETWORK_ERROR,1202,failed
ATT_0000957,TXN_002426,1,2026-08-14 07:28:00,UPI,bank_declined,BANK_DECLINED,949,failed
ATT_0000958,TXN_002427,1,2026-07-22 02:57:00,Card,network_error,NETWORK_ERROR,624,failed
ATT_0000959,TXN_002430,1,2026-07-02 02:47:00,Card,expired_card,CARD_EXPIRED,948,failed
ATT_0000960,TXN_002430,2,2026-07-02 02:59:00,Card,expired_card,CARD_EXPIRED,1662,failed
ATT_0000961,TXN_002430,3,2026-07-02 03:32:00,Card,expired_card,CARD_EXPIRED,1534,failed
ATT_0000962,TXN_002432,1,2026-08-16 19:41:00,NetBanking,network_error,NETWORK_ERROR,3240,failed
ATT_0000963,TXN_002441,1,2026-08-05 19:36:00,Card,insufficient_funds,INSUFFICIENT_FUNDS,3937,failed
ATT_0000964,TXN_002443,1,2026-07-09 06:04:00,UPI,network_error,NETWORK_ERROR,3155,failed
ATT_0000965,TXN_002443,2,2026-07-09 06:59:00,UPI,network_error,NETWORK_ERROR,2413,failed
ATT_0000966,TXN_002448,1,2026-07-10 18:44:00,NetBanking,bank_timeout,TIMEOUT,4100,failed
ATT_0000967,TXN_002454,1,2026-07-28 02:16:00,UPI,bank_timeout,TIMEOUT,4959,failed
ATT_0000968,TXN_002457,1,2026-07-17 11:46:00,UPI,bank_timeout,TIMEOUT,2636,failed
ATT_0000969,TXN_002457,2,2026-07-17 12:35:00,UPI,bank_timeout,TIMEOUT,3744,failed
ATT_0000970,TXN_002460,1,2026-07-27 04:15:00,NetBanking,bank_timeout,TIMEOUT,3832,failed
ATT_0000971,TXN_002465,1,2026-08-15 14:05:00,Card,expired_card,CARD_EXPIRED,3777,failed
ATT_0000972,TXN_002468,1,2026-08-12 03:04:00,Wallet,network_error,NETWORK_ERROR,3586,failed
ATT_0000973,TXN_002469,1,2026-07-11 09:51:00,UPI,bank_timeout,TIMEOUT,1916,failed
ATT_0000974,TXN_002474,1,2026-08-25 09:08:00,UPI,authentication_failure,AUTH_FAILED,2160,failed
ATT_0000975,TXN_002475,1,2026-08-20 00:21:00,Card,insufficient_funds,INSUFFICIENT_FUNDS,2804,failed
ATT_0000976,TXN_002478,1,2026-07-11 04:22:00,Card,authentication_failure,AUTH_FAILED,2820,failed
ATT_0000977,TXN_002481,1,2026-07-24 14:02:00,NetBanking,bank_declined,BANK_DECLINED,1090,failed
ATT_0000978,TXN_002482,1,2026-08-05 17:25:00,Card,authentication_failure,AUTH_FAILED,2707,failed
ATT_0000979,TXN_002487,1,2026-07-17 09:39:00,Card,authentication_failure,AUTH_FAILED,2948,failed
ATT_0000980,TXN_002489,1,2026-08-04 22:09:00,Card,authentication_failure,AUTH_FAILED,1407,failed
ATT_0000981,TXN_002493,1,2026-08-05 12:16:00,NetBanking,bank_timeout,TIMEOUT,2350,failed
ATT_0000982,TXN_002493,2,2026-08-05 12:57:00,NetBanking,bank_timeout,TIMEOUT,1769,failed
ATT_0000983,TXN_002499,1,2026-08-14 02:35:00,Wallet,bank_declined,BANK_DECLINED,3832,failed
ATT_0000984,TXN_002499,2,2026-08-14 02:55:00,Wallet,bank_declined,BANK_DECLINED,3707,failed
ATT_0000985,TXN_002506,1,2026-07-23 16:42:00,UPI,network_error,NETWORK_ERROR,1283,failed
ATT_0000986,TXN_002507,1,2026-07-27 20:38:00,Wallet,bank_declined,BANK_DECLINED,630,failed
ATT_0000987,TXN_002507,2,2026-07-27 20:49:00,Wallet,bank_declined,BANK_DECLINED,2870,failed
ATT_0000988,TXN_002515,1,2026-07-03 07:02:00,UPI,network_error,NETWORK_ERROR,2612,failed
ATT_0000989,TXN_002516,1,2026-07-20 10:21:00,NetBanking,network_error,NETWORK_ERROR,580,failed
ATT_0000990,TXN_002521,1,2026-08-05 23:56:00,UPI,network_error,NETWORK_ERROR,1963,failed
ATT_0000991,TXN_002522,1,2026-08-23 23:14:00,UPI,bank_timeout,TIMEOUT,2551,failed
ATT_0000992,TXN_002522,2,2026-08-24 00:07:00,UPI,bank_timeout,TIMEOUT,4046,failed
ATT_0000993,TXN_002523,1,2026-07-13 15:40:00,Card,insufficient_funds,INSUFFICIENT_FUNDS,1178,failed
ATT_0000994,TXN_002528,1,2026-08-01 17:44:00,NetBanking,bank_timeout,TIMEOUT,324,failed
ATT_0000995,TXN_002528,2,2026-08-01 18:11:00,NetBanking,bank_timeout,TIMEOUT,1978,failed
ATT_0000996,TXN_002528,3,2026-08-01 19:02:00,NetBanking,bank_timeout,TIMEOUT,2690,failed
ATT_0000997,TXN_002529,1,2026-08-15 16:05:00,Wallet,bank_declined,BANK_DECLINED,3363,failed
ATT_0000998,TXN_002533,1,2026-07-21 01:31:00,UPI,bank_timeout,TIMEOUT,3590,failed
ATT_0000999,TXN_002535,1,2026-07-03 03:44:00,UPI,authentication_failure,AUTH_FAILED,1923,failed
ATT_0001000,TXN_002539,1,2026-07-23 21:38:00,Wallet,bank_declined,BANK_DECLINED,1463,failed
ATT_0001001,TXN_002540,1,2026-07-10 16:53:00,UPI,bank_timeout,TIMEOUT,2528,failed
ATT_0001002,TXN_002549,1,2026-08-16 01:10:00,Wallet,network_error,NETWORK_ERROR,2117,failed
ATT_0001003,TXN_002549,2,2026-08-16 02:04:00,Wallet,network_error,NETWORK_ERROR,3997,failed
ATT_0001004,TXN_002551,1,2026-07-07 12:51:00,Card,expired_card,CARD_EXPIRED,621,failed
ATT_0001005,TXN_002555,1,2026-07-26 07:30:00,UPI,bank_declined,BANK_DECLINED,636,failed
ATT_0001006,TXN_002558,1,2026-07-27 13:26:00,UPI,bank_declined,BANK_DECLINED,3243,failed
ATT_0001007,TXN_002559,1,2026-07-26 01:55:00,Card,authentication_failure,AUTH_FAILED,3199,failed
ATT_0001008,TXN_002559,2,2026-07-26 02:24:00,Card,authentication_failure,AUTH_FAILED,3984,failed
ATT_0001009,TXN_002559,3,2026-07-26 02:57:00,Card,authentication_failure,AUTH_FAILED,986,failed
ATT_0001010,TXN_002562,1,2026-08-24 06:19:00,Card,authentication_failure,AUTH_FAILED,425,failed
ATT_0001011,TXN_002564,1,2026-07-01 05:10:00,UPI,authentication_failure,AUTH_FAILED,3368,failed
ATT_0001012,TXN_002565,1,2026-07-20 12:32:00,UPI,authentication_failure,AUTH_FAILED,1399,failed
ATT_0001013,TXN_002565,2,2026-07-20 13:01:00,UPI,authentication_failure,AUTH_FAILED,3268,failed
ATT_0001014,TXN_002568,1,2026-08-21 21:05:00,NetBanking,bank_timeout,TIMEOUT,4132,failed
ATT_0001015,TXN_002569,1,2026-07-03 07:45:00,UPI,bank_timeout,TIMEOUT,4756,failed
ATT_0001016,TXN_002570,1,2026-08-15 07:59:00,Wallet,bank_declined,BANK_DECLINED,3839,failed
ATT_0001017,TXN_002572,1,2026-07-30 18:13:00,UPI,bank_timeout,TIMEOUT,3342,failed
ATT_0001018,TXN_002574,1,2026-07-14 15:22:00,UPI,bank_declined,BANK_DECLINED,2031,failed
ATT_0001019,TXN_002575,1,2026-07-19 03:03:00,UPI,bank_declined,BANK_DECLINED,1986,failed
ATT_0001020,TXN_002575,2,2026-07-19 03:18:00,UPI,bank_declined,BANK_DECLINED,3644,failed
ATT_0001021,TXN_002577,1,2026-08-23 01:27:00,UPI,authentication_failure,AUTH_FAILED,925,failed
ATT_0001022,TXN_002578,1,2026-07-02 02:14:00,UPI,bank_timeout,TIMEOUT,3251,failed
ATT_0001023,TXN_002579,1,2026-07-18 17:23:00,NetBanking,bank_timeout,TIMEOUT,357,failed
ATT_0001024,TXN_002583,1,2026-07-18 21:14:00,NetBanking,authentication_failure,AUTH_FAILED,3071,failed
ATT_0001025,TXN_002583,2,2026-07-18 21:40:00,NetBanking,authentication_failure,AUTH_FAILED,4998,failed
ATT_0001026,TXN_002583,3,2026-07-18 22:12:00,NetBanking,authentication_failure,AUTH_FAILED,3817,failed
ATT_0001027,TXN_002586,1,2026-07-15 12:30:00,NetBanking,bank_timeout,TIMEOUT,4947,failed
ATT_0001028,TXN_002592,1,2026-07-06 08:21:00,UPI,bank_timeout,TIMEOUT,3757,failed
ATT_0001029,TXN_002592,2,2026-07-06 08:28:00,UPI,bank_timeout,TIMEOUT,3676,failed
ATT_0001030,TXN_002596,1,2026-07-29 00:32:00,Card,insufficient_funds,INSUFFICIENT_FUNDS,2040,failed
ATT_0001031,TXN_002598,1,2026-07-24 11:02:00,Card,bank_declined,BANK_DECLINED,3340,failed
ATT_0001032,TXN_002599,1,2026-08-12 01:57:00,Card,insufficient_funds,INSUFFICIENT_FUNDS,4752,failed
ATT_0001033,TXN_002603,1,2026-07-31 04:23:00,NetBanking,authentication_failure,AUTH_FAILED,4195,failed
ATT_0001034,TXN_002606,1,2026-07-02 14:09:00,UPI,bank_timeout,TIMEOUT,3299,failed
ATT_0001035,TXN_002608,1,2026-07-28 17:24:00,UPI,authentication_failure,AUTH_FAILED,2393,failed
ATT_0001036,TXN_002608,2,2026-07-28 17:29:00,UPI,authentication_failure,AUTH_FAILED,2147,failed
ATT_0001037,TXN_002609,1,2026-07-15 22:39:00,Card,insufficient_funds,INSUFFICIENT_FUNDS,3445,failed
ATT_0001038,TXN_002609,2,2026-07-15 23:35:00,Card,insufficient_funds,INSUFFICIENT_FUNDS,3870,failed
ATT_0001039,TXN_002610,1,2026-07-30 19:57:00,NetBanking,bank_declined,BANK_DECLINED,2714,failed
ATT_0001040,TXN_002611,1,2026-08-13 17:57:00,UPI,authentication_failure,AUTH_FAILED,4591,failed
ATT_0001041,TXN_002613,1,2026-08-01 16:32:00,UPI,bank_timeout,TIMEOUT,607,failed
ATT_0001042,TXN_002614,1,2026-07-31 20:55:00,Card,network_error,NETWORK_ERROR,2078,failed
ATT_0001043,TXN_002614,2,2026-07-31 21:29:00,Card,network_error,NETWORK_ERROR,1528,failed
ATT_0001044,TXN_002615,1,2026-08-16 00:49:00,Wallet,bank_timeout,TIMEOUT,2767,failed
ATT_0001045,TXN_002615,2,2026-08-16 01:16:00,Wallet,bank_timeout,TIMEOUT,4978,failed
ATT_0001046,TXN_002616,1,2026-08-20 19:35:00,UPI,bank_declined,BANK_DECLINED,702,failed
ATT_0001047,TXN_002617,1,2026-07-18 23:25:00,UPI,bank_timeout,TIMEOUT,247,failed
ATT_0001048,TXN_002617,2,2026-07-18 23:43:00,UPI,bank_timeout,TIMEOUT,4472,failed
ATT_0001049,TXN_002617,3,2026-07-19 00:15:00,UPI,bank_timeout,TIMEOUT,1365,failed
ATT_0001050,TXN_002618,1,2026-07-07 03:32:00,UPI,authentication_failure,AUTH_FAILED,268,failed
ATT_0001051,TXN_002623,1,2026-07-01 16:15:00,UPI,bank_timeout,TIMEOUT,3999,failed
ATT_0001052,TXN_002630,1,2026-07-10 22:00:00,Card,network_error,NETWORK_ERROR,1309,failed
ATT_0001053,TXN_002636,1,2026-08-23 23:45:00,UPI,bank_timeout,TIMEOUT,298,failed
ATT_0001054,TXN_002637,1,2026-07-07 06:51:00,Wallet,insufficient_funds,INSUFFICIENT_FUNDS,1482,failed
ATT_0001055,TXN_002640,1,2026-08-25 23:18:00,Wallet,network_error,NETWORK_ERROR,1453,failed
ATT_0001056,TXN_002640,2,2026-08-26 00:15:00,Wallet,network_error,NETWORK_ERROR,2809,failed
ATT_0001057,TXN_002642,1,2026-08-04 20:16:00,Wallet,bank_timeout,TIMEOUT,4307,failed
ATT_0001058,TXN_002646,1,2026-07-07 23:18:00,Card,insufficient_funds,INSUFFICIENT_FUNDS,2864,failed
ATT_0001059,TXN_002647,1,2026-08-19 23:24:00,NetBanking,authentication_failure,AUTH_FAILED,4496,failed
ATT_0001060,TXN_002647,2,2026-08-20 00:05:00,NetBanking,authentication_failure,AUTH_FAILED,3957,failed
ATT_0001061,TXN_002648,1,2026-08-12 05:50:00,UPI,bank_declined,BANK_DECLINED,647,failed
ATT_0001062,TXN_002649,1,2026-08-17 02:28:00,UPI,network_error,NETWORK_ERROR,207,failed
ATT_0001063,TXN_002651,1,2026-07-09 16:08:00,UPI,authentication_failure,AUTH_FAILED,1954,failed
ATT_0001064,TXN_002655,1,2026-07-01 22:15:00,UPI,bank_timeout,TIMEOUT,2584,failed
ATT_0001065,TXN_002655,2,2026-07-01 23:10:00,UPI,bank_timeout,TIMEOUT,2416,failed
ATT_0001066,TXN_002655,3,2026-07-01 23:35:00,UPI,bank_timeout,TIMEOUT,3939,failed
ATT_0001067,TXN_002657,1,2026-08-17 14:45:00,NetBanking,bank_declined,BANK_DECLINED,3852,failed
ATT_0001068,TXN_002658,1,2026-08-21 08:56:00,Card,expired_card,CARD_EXPIRED,4800,failed
ATT_0001069,TXN_002662,1,2026-08-11 23:07:00,UPI,bank_declined,BANK_DECLINED,1733,failed
ATT_0001070,TXN_002664,1,2026-07-21 09:47:00,Card,network_error,NETWORK_ERROR,2878,failed
ATT_0001071,TXN_002668,1,2026-08-01 02:39:00,UPI,bank_declined,BANK_DECLINED,2721,failed
ATT_0001072,TXN_002673,1,2026-08-17 13:53:00,UPI,bank_timeout,TIMEOUT,366,failed
ATT_0001073,TXN_002674,1,2026-07-16 23:00:00,Card,insufficient_funds,INSUFFICIENT_FUNDS,568,failed
ATT_0001074,TXN_002676,1,2026-07-15 22:08:00,UPI,network_error,NETWORK_ERROR,3517,failed
ATT_0001075,TXN_002678,1,2026-08-26 19:18:00,Wallet,insufficient_funds,INSUFFICIENT_FUNDS,341,failed
ATT_0001076,TXN_002679,1,2026-08-11 15:47:00,Card,bank_declined,BANK_DECLINED,1847,failed
ATT_0001077,TXN_002684,1,2026-07-06 05:29:00,UPI,network_error,NETWORK_ERROR,4335,failed
ATT_0001078,TXN_002707,1,2026-07-19 07:51:00,NetBanking,authentication_failure,AUTH_FAILED,1392,failed
ATT_0001079,TXN_002708,1,2026-07-21 02:18:00,UPI,authentication_failure,AUTH_FAILED,1019,failed
ATT_0001080,TXN_002709,1,2026-07-01 12:57:00,UPI,bank_timeout,TIMEOUT,2031,failed
ATT_0001081,TXN_002714,1,2026-08-11 05:47:00,Card,authentication_failure,AUTH_FAILED,2539,failed
ATT_0001082,TXN_002714,2,2026-08-11 05:54:00,Card,authentication_failure,AUTH_FAILED,3151,failed
ATT_0001083,TXN_002719,1,2026-08-03 17:36:00,Card,insufficient_funds,INSUFFICIENT_FUNDS,2914,failed
ATT_0001084,TXN_002720,1,2026-07-23 15:12:00,Card,insufficient_funds,INSUFFICIENT_FUNDS,2267,failed
ATT_0001085,TXN_002721,1,2026-08-07 03:49:00,Wallet,bank_timeout,TIMEOUT,730,failed
ATT_0001086,TXN_002721,2,2026-08-07 04:28:00,Wallet,bank_timeout,TIMEOUT,2200,failed
ATT_0001087,TXN_002724,1,2026-07-13 22:15:00,UPI,authentication_failure,AUTH_FAILED,1360,failed
ATT_0001088,TXN_002734,1,2026-07-22 10:04:00,UPI,network_error,NETWORK_ERROR,2424,failed
ATT_0001089,TXN_002734,2,2026-07-22 10:09:00,UPI,network_error,NETWORK_ERROR,1096,failed
ATT_0001090,TXN_002734,3,2026-07-22 10:53:00,UPI,network_error,NETWORK_ERROR,1265,failed
ATT_0001091,TXN_002737,1,2026-08-08 01:03:00,NetBanking,bank_declined,BANK_DECLINED,2135,failed
ATT_0001092,TXN_002737,2,2026-08-08 01:35:00,NetBanking,bank_declined,BANK_DECLINED,3012,failed
ATT_0001093,TXN_002738,1,2026-08-05 13:56:00,Wallet,bank_timeout,TIMEOUT,3962,failed
ATT_0001094,TXN_002740,1,2026-08-10 10:28:00,Card,authentication_failure,AUTH_FAILED,4180,failed
ATT_0001095,TXN_002745,1,2026-08-23 10:10:00,UPI,authentication_failure,AUTH_FAILED,2923,failed
ATT_0001096,TXN_002749,1,2026-07-06 22:59:00,UPI,bank_declined,BANK_DECLINED,896,failed
ATT_0001097,TXN_002749,2,2026-07-06 23:54:00,UPI,bank_declined,BANK_DECLINED,1522,failed
ATT_0001098,TXN_002752,1,2026-07-12 16:06:00,Card,expired_card,CARD_EXPIRED,4293,failed
ATT_0001099,TXN_002768,1,2026-08-13 21:04:00,NetBanking,bank_timeout,TIMEOUT,410,failed
ATT_0001100,TXN_002769,1,2026-07-04 02:55:00,Card,bank_declined,BANK_DECLINED,1111,failed
ATT_0001101,TXN_002770,1,2026-07-10 18:43:00,NetBanking,network_error,NETWORK_ERROR,770,failed
ATT_0001102,TXN_002770,2,2026-07-10 18:50:00,NetBanking,network_error,NETWORK_ERROR,4580,failed
ATT_0001103,TXN_002771,1,2026-07-14 15:47:00,UPI,bank_declined,BANK_DECLINED,3835,failed
ATT_0001104,TXN_002776,1,2026-07-05 19:16:00,Card,insufficient_funds,INSUFFICIENT_FUNDS,3156,failed
ATT_0001105,TXN_002776,2,2026-07-05 19:30:00,Card,insufficient_funds,INSUFFICIENT_FUNDS,655,failed
ATT_0001106,TXN_002779,1,2026-07-19 11:05:00,UPI,bank_declined,BANK_DECLINED,3309,failed
ATT_0001107,TXN_002780,1,2026-08-02 18:44:00,UPI,authentication_failure,AUTH_FAILED,1561,failed
ATT_0001108,TXN_002781,1,2026-08-26 09:50:00,Card,bank_declined,BANK_DECLINED,330,failed
ATT_0001109,TXN_002784,1,2026-08-08 08:44:00,Wallet,insufficient_funds,INSUFFICIENT_FUNDS,216,failed
ATT_0001110,TXN_002785,1,2026-08-17 08:10:00,UPI,network_error,NETWORK_ERROR,3692,failed
ATT_0001111,TXN_002786,1,2026-08-01 08:19:00,UPI,bank_timeout,TIMEOUT,857,failed
ATT_0001112,TXN_002786,2,2026-08-01 09:08:00,UPI,bank_timeout,TIMEOUT,1819,failed
ATT_0001113,TXN_002787,1,2026-08-05 01:22:00,UPI,network_error,NETWORK_ERROR,725,failed
ATT_0001114,TXN_002789,1,2026-07-05 22:55:00,UPI,bank_timeout,TIMEOUT,3773,failed
ATT_0001115,TXN_002790,1,2026-07-26 16:56:00,UPI,bank_timeout,TIMEOUT,4117,failed
ATT_0001116,TXN_002790,2,2026-07-26 17:06:00,UPI,bank_timeout,TIMEOUT,242,failed
ATT_0001117,TXN_002790,3,2026-07-26 18:05:00,UPI,bank_timeout,TIMEOUT,1933,failed
ATT_0001118,TXN_002796,1,2026-08-18 07:19:00,UPI,bank_timeout,TIMEOUT,779,failed
ATT_0001119,TXN_002798,1,2026-07-25 07:06:00,NetBanking,network_error,NETWORK_ERROR,3448,failed
ATT_0001120,TXN_002801,1,2026-07-18 22:24:00,Card,insufficient_funds,INSUFFICIENT_FUNDS,3477,failed
ATT_0001121,TXN_002804,1,2026-08-04 23:52:00,UPI,network_error,NETWORK_ERROR,1072,failed
ATT_0001122,TXN_002809,1,2026-07-31 09:06:00,Card,insufficient_funds,INSUFFICIENT_FUNDS,3896,failed
ATT_0001123,TXN_002810,1,2026-07-26 01:29:00,Card,insufficient_funds,INSUFFICIENT_FUNDS,2356,failed
ATT_0001124,TXN_002812,1,2026-07-25 04:04:00,UPI,network_error,NETWORK_ERROR,4380,failed
ATT_0001125,TXN_002815,1,2026-08-01 15:30:00,Wallet,bank_timeout,TIMEOUT,2728,failed
ATT_0001126,TXN_002815,2,2026-08-01 15:52:00,Wallet,bank_timeout,TIMEOUT,2918,failed
ATT_0001127,TXN_002816,1,2026-07-02 00:21:00,UPI,bank_timeout,TIMEOUT,1396,failed
ATT_0001128,TXN_002823,1,2026-07-31 16:01:00,UPI,bank_declined,BANK_DECLINED,4871,failed
ATT_0001129,TXN_002826,1,2026-07-11 17:20:00,UPI,bank_timeout,TIMEOUT,697,failed
ATT_0001130,TXN_002826,2,2026-07-11 18:06:00,UPI,bank_timeout,TIMEOUT,3810,failed
ATT_0001131,TXN_002828,1,2026-07-14 19:00:00,NetBanking,bank_timeout,TIMEOUT,896,failed
ATT_0001132,TXN_002839,1,2026-08-01 19:46:00,Wallet,insufficient_funds,INSUFFICIENT_FUNDS,3277,failed
ATT_0001133,TXN_002841,1,2026-08-25 16:53:00,UPI,bank_declined,BANK_DECLINED,2906,failed
ATT_0001134,TXN_002844,1,2026-07-22 03:17:00,UPI,bank_declined,BANK_DECLINED,1509,failed
ATT_0001135,TXN_002851,1,2026-07-15 05:51:00,NetBanking,bank_declined,BANK_DECLINED,4367,failed
ATT_0001136,TXN_002858,1,2026-07-04 07:38:00,UPI,bank_declined,BANK_DECLINED,3191,failed
ATT_0001137,TXN_002860,1,2026-08-16 13:08:00,Card,authentication_failure,AUTH_FAILED,3424,failed
ATT_0001138,TXN_002864,1,2026-08-14 13:53:00,UPI,authentication_failure,AUTH_FAILED,1944,failed
ATT_0001139,TXN_002864,2,2026-08-14 14:29:00,UPI,authentication_failure,AUTH_FAILED,1597,failed
ATT_0001140,TXN_002866,1,2026-08-07 10:40:00,UPI,bank_timeout,TIMEOUT,2338,failed
ATT_0001141,TXN_002866,2,2026-08-07 10:57:00,UPI,bank_timeout,TIMEOUT,1715,failed
ATT_0001142,TXN_002867,1,2026-08-26 17:39:00,Card,insufficient_funds,INSUFFICIENT_FUNDS,4138,failed
ATT_0001143,TXN_002870,1,2026-08-10 13:13:00,Card,bank_declined,BANK_DECLINED,935,failed
ATT_0001144,TXN_002870,2,2026-08-10 13:41:00,Card,bank_declined,BANK_DECLINED,4159,failed
ATT_0001145,TXN_002871,1,2026-07-11 15:02:00,UPI,bank_timeout,TIMEOUT,3661,failed
ATT_0001146,TXN_002872,1,2026-08-03 19:08:00,UPI,bank_declined,BANK_DECLINED,3989,failed
ATT_0001147,TXN_002873,1,2026-08-13 07:25:00,Card,insufficient_funds,INSUFFICIENT_FUNDS,4914,failed
ATT_0001148,TXN_002877,1,2026-07-28 08:29:00,Card,expired_card,CARD_EXPIRED,4473,failed
ATT_0001149,TXN_002877,2,2026-07-28 08:55:00,Card,expired_card,CARD_EXPIRED,1667,failed
ATT_0001150,TXN_002880,1,2026-07-19 00:21:00,Card,expired_card,CARD_EXPIRED,3164,failed
ATT_0001151,TXN_002883,1,2026-08-12 15:59:00,UPI,bank_declined,BANK_DECLINED,4286,failed
ATT_0001152,TXN_002884,1,2026-08-12 13:30:00,Wallet,bank_timeout,TIMEOUT,3679,failed
ATT_0001153,TXN_002886,1,2026-08-10 23:36:00,Card,expired_card,CARD_EXPIRED,4117,failed
ATT_0001154,TXN_002886,2,2026-08-11 00:08:00,Card,expired_card,CARD_EXPIRED,627,failed
ATT_0001155,TXN_002886,3,2026-08-11 01:03:00,Card,expired_card,CARD_EXPIRED,340,failed
ATT_0001156,TXN_002895,1,2026-07-21 02:05:00,UPI,bank_timeout,TIMEOUT,2447,failed
ATT_0001157,TXN_002895,2,2026-07-21 02:35:00,UPI,bank_timeout,TIMEOUT,1504,failed
ATT_0001158,TXN_002897,1,2026-07-23 13:20:00,NetBanking,bank_timeout,TIMEOUT,2854,failed
ATT_0001159,TXN_002900,1,2026-07-06 06:35:00,NetBanking,bank_declined,BANK_DECLINED,3468,failed
ATT_0001160,TXN_002900,2,2026-07-06 07:24:00,NetBanking,bank_declined,BANK_DECLINED,2714,failed
ATT_0001161,TXN_002904,1,2026-07-01 00:55:00,UPI,bank_timeout,TIMEOUT,405,failed
ATT_0001162,TXN_002907,1,2026-08-20 12:58:00,NetBanking,network_error,NETWORK_ERROR,1973,failed
ATT_0001163,TXN_002907,2,2026-08-20 13:56:00,NetBanking,network_error,NETWORK_ERROR,4871,failed
ATT_0001164,TXN_002918,1,2026-07-04 22:10:00,UPI,bank_timeout,TIMEOUT,2034,failed
ATT_0001165,TXN_002918,2,2026-07-04 23:10:00,UPI,bank_timeout,TIMEOUT,1965,failed
ATT_0001166,TXN_002922,1,2026-07-25 21:37:00,NetBanking,bank_declined,BANK_DECLINED,2966,failed
ATT_0001167,TXN_002923,1,2026-08-20 14:39:00,UPI,bank_timeout,TIMEOUT,4711,failed
ATT_0001168,TXN_002923,2,2026-08-20 15:33:00,UPI,bank_timeout,TIMEOUT,259,failed
ATT_0001169,TXN_002923,3,2026-08-20 15:54:00,UPI,bank_timeout,TIMEOUT,2239,failed
ATT_0001170,TXN_002925,1,2026-08-23 08:17:00,UPI,network_error,NETWORK_ERROR,3459,failed
ATT_0001171,TXN_002927,1,2026-08-08 19:02:00,UPI,bank_declined,BANK_DECLINED,4140,failed
ATT_0001172,TXN_002928,1,2026-08-09 22:42:00,UPI,bank_declined,BANK_DECLINED,3681,failed
ATT_0001173,TXN_002932,1,2026-08-07 00:36:00,NetBanking,bank_declined,BANK_DECLINED,844,failed
ATT_0001174,TXN_002932,2,2026-08-07 00:48:00,NetBanking,bank_declined,BANK_DECLINED,3346,failed
ATT_0001175,TXN_002939,1,2026-07-29 06:14:00,Card,network_error,NETWORK_ERROR,2015,failed
ATT_0001176,TXN_002940,1,2026-07-24 14:11:00,UPI,bank_declined,BANK_DECLINED,1374,failed
ATT_0001177,TXN_002941,1,2026-08-26 19:57:00,UPI,bank_timeout,TIMEOUT,765,failed
ATT_0001178,TXN_002942,1,2026-08-02 07:50:00,Wallet,insufficient_funds,INSUFFICIENT_FUNDS,4096,failed
ATT_0001179,TXN_002943,1,2026-07-03 05:12:00,Card,authentication_failure,AUTH_FAILED,4785,failed
ATT_0001180,TXN_002944,1,2026-07-07 22:20:00,Card,authentication_failure,AUTH_FAILED,3495,failed
ATT_0001181,TXN_002944,2,2026-07-07 22:47:00,Card,authentication_failure,AUTH_FAILED,3944,failed
ATT_0001182,TXN_002948,1,2026-07-19 06:29:00,UPI,bank_timeout,TIMEOUT,4713,failed
ATT_0001183,TXN_002964,1,2026-08-21 04:34:00,UPI,network_error,NETWORK_ERROR,1948,failed
ATT_0001184,TXN_002965,1,2026-07-14 07:20:00,Card,authentication_failure,AUTH_FAILED,3746,failed
ATT_0001185,TXN_002966,1,2026-08-16 18:03:00,UPI,network_error,NETWORK_ERROR,2245,failed
ATT_0001186,TXN_002966,2,2026-08-16 18:08:00,UPI,network_error,NETWORK_ERROR,3910,failed
ATT_0001187,TXN_002967,1,2026-07-26 00:34:00,NetBanking,authentication_failure,AUTH_FAILED,1416,failed
ATT_0001188,TXN_002973,1,2026-07-07 06:24:00,UPI,bank_declined,BANK_DECLINED,2420,failed
ATT_0001189,TXN_002975,1,2026-07-12 04:15:00,UPI,network_error,NETWORK_ERROR,305,failed
ATT_0001190,TXN_002982,1,2026-08-07 12:01:00,Wallet,insufficient_funds,INSUFFICIENT_FUNDS,2589,failed
ATT_0001191,TXN_002984,1,2026-07-03 03:17:00,UPI,bank_timeout,TIMEOUT,2468,failed
ATT_0001192,TXN_002984,2,2026-07-03 03:33:00,UPI,bank_timeout,TIMEOUT,1778,failed
ATT_0001193,TXN_002984,3,2026-07-03 04:04:00,UPI,bank_timeout,TIMEOUT,2207,failed
ATT_0001194,TXN_002985,1,2026-08-08 00:33:00,UPI,authentication_failure,AUTH_FAILED,2198,failed
ATT_0001195,TXN_002985,2,2026-08-08 01:30:00,UPI,authentication_failure,AUTH_FAILED,3920,failed
ATT_0001196,TXN_002992,1,2026-08-09 06:45:00,NetBanking,authentication_failure,AUTH_FAILED,935,failed
ATT_0001197,TXN_002996,1,2026-08-25 20:15:00,Card,insufficient_funds,INSUFFICIENT_FUNDS,2374,failed
ATT_0001198,TXN_002996,2,2026-08-25 20:51:00,Card,insufficient_funds,INSUFFICIENT_FUNDS,568,failed
ATT_0001199,TXN_003001,1,2026-08-10 04:26:00,Card,bank_declined,BANK_DECLINED,4730,failed
ATT_0001200,TXN_003004,1,2026-08-04 07:32:00,UPI,network_error,NETWORK_ERROR,1140,failed
ATT_0001201,TXN_003006,1,2026-07-04 09:34:00,UPI,bank_timeout,TIMEOUT,2259,failed
ATT_0001202,TXN_003006,2,2026-07-04 10:32:00,UPI,bank_timeout,TIMEOUT,390,failed
ATT_0001203,TXN_003007,1,2026-07-24 17:42:00,NetBanking,network_error,NETWORK_ERROR,3382,failed
ATT_0001204,TXN_003010,1,2026-08-15 19:46:00,UPI,bank_declined,BANK_DECLINED,3723,failed
ATT_0001205,TXN_003011,1,2026-07-08 13:30:00,NetBanking,network_error,NETWORK_ERROR,1806,failed
ATT_0001206,TXN_003013,1,2026-08-03 20:19:00,UPI,bank_timeout,TIMEOUT,1652,failed
ATT_0001207,TXN_003013,2,2026-08-03 20:50:00,UPI,bank_timeout,TIMEOUT,409,failed
ATT_0001208,TXN_003025,1,2026-07-01 06:40:00,Card,expired_card,CARD_EXPIRED,3344,failed
ATT_0001209,TXN_003025,2,2026-07-01 07:36:00,Card,expired_card,CARD_EXPIRED,2249,failed
ATT_0001210,TXN_003028,1,2026-07-12 21:27:00,UPI,bank_declined,BANK_DECLINED,1415,failed
ATT_0001211,TXN_003028,2,2026-07-12 21:59:00,UPI,bank_declined,BANK_DECLINED,593,failed
ATT_0001212,TXN_003032,1,2026-07-08 12:18:00,Card,bank_declined,BANK_DECLINED,1488,failed
ATT_0001213,TXN_003034,1,2026-08-12 18:11:00,UPI,bank_timeout,TIMEOUT,604,failed
ATT_0001214,TXN_003034,2,2026-08-12 18:35:00,UPI,bank_timeout,TIMEOUT,4478,failed
ATT_0001215,TXN_003034,3,2026-08-12 19:35:00,UPI,bank_timeout,TIMEOUT,1169,failed
ATT_0001216,TXN_003048,1,2026-08-02 17:34:00,UPI,bank_timeout,TIMEOUT,2851,failed
ATT_0001217,TXN_003050,1,2026-08-02 15:24:00,UPI,bank_timeout,TIMEOUT,465,failed
ATT_0001218,TXN_003053,1,2026-08-12 16:43:00,UPI,bank_timeout,TIMEOUT,3839,failed
ATT_0001219,TXN_003055,1,2026-07-26 12:29:00,UPI,bank_timeout,TIMEOUT,1804,failed
ATT_0001220,TXN_003059,1,2026-07-27 17:35:00,Card,bank_declined,BANK_DECLINED,4905,failed
ATT_0001221,TXN_003061,1,2026-08-19 05:31:00,UPI,bank_declined,BANK_DECLINED,528,failed
ATT_0001222,TXN_003064,1,2026-07-13 20:24:00,UPI,bank_timeout,TIMEOUT,1705,failed
ATT_0001223,TXN_003071,1,2026-07-18 01:09:00,NetBanking,bank_declined,BANK_DECLINED,3706,failed
ATT_0001224,TXN_003074,1,2026-07-25 20:54:00,Wallet,bank_declined,BANK_DECLINED,2855,failed
ATT_0001225,TXN_003075,1,2026-08-09 09:45:00,Card,authentication_failure,AUTH_FAILED,4700,failed
ATT_0001226,TXN_003075,2,2026-08-09 10:26:00,Card,authentication_failure,AUTH_FAILED,3222,failed
ATT_0001227,TXN_003078,1,2026-08-05 16:53:00,UPI,authentication_failure,AUTH_FAILED,2360,failed
ATT_0001228,TXN_003086,1,2026-07-03 02:17:00,Card,authentication_failure,AUTH_FAILED,967,failed
ATT_0001229,TXN_003087,1,2026-08-10 19:42:00,UPI,authentication_failure,AUTH_FAILED,3499,failed
ATT_0001230,TXN_003091,1,2026-07-14 18:44:00,UPI,network_error,NETWORK_ERROR,4172,failed
ATT_0001231,TXN_003095,1,2026-08-22 06:48:00,UPI,authentication_failure,AUTH_FAILED,3150,failed
ATT_0001232,TXN_003095,2,2026-08-22 07:00:00,UPI,authentication_failure,AUTH_FAILED,1959,failed
ATT_0001233,TXN_003097,1,2026-07-19 15:23:00,NetBanking,bank_declined,BANK_DECLINED,2460,failed
ATT_0001234,TXN_003098,1,2026-07-26 01:37:00,UPI,bank_timeout,TIMEOUT,331,failed
ATT_0001235,TXN_003100,1,2026-07-31 02:12:00,UPI,bank_declined,BANK_DECLINED,3726,failed
ATT_0001236,TXN_003100,2,2026-07-31 02:52:00,UPI,bank_declined,BANK_DECLINED,4143,failed
ATT_0001237,TXN_003100,3,2026-07-31 02:59:00,UPI,bank_declined,BANK_DECLINED,3641,failed
ATT_0001238,TXN_003105,1,2026-07-29 19:58:00,UPI,bank_timeout,TIMEOUT,2321,failed
ATT_0001239,TXN_003108,1,2026-08-08 07:37:00,UPI,network_error,NETWORK_ERROR,2100,failed
ATT_0001240,TXN_003108,2,2026-08-08 07:42:00,UPI,network_error,NETWORK_ERROR,2736,failed
ATT_0001241,TXN_003108,3,2026-08-08 08:17:00,UPI,network_error,NETWORK_ERROR,3167,failed
ATT_0001242,TXN_003117,1,2026-08-08 18:49:00,UPI,bank_declined,BANK_DECLINED,2505,failed
ATT_0001243,TXN_003117,2,2026-08-08 19:35:00,UPI,bank_declined,BANK_DECLINED,4242,failed
ATT_0001244,TXN_003117,3,2026-08-08 19:41:00,UPI,bank_declined,BANK_DECLINED,4402,failed
ATT_0001245,TXN_003119,1,2026-07-22 19:36:00,NetBanking,bank_declined,BANK_DECLINED,3170,failed
ATT_0001246,TXN_003119,2,2026-07-22 19:41:00,NetBanking,bank_declined,BANK_DECLINED,4873,failed
ATT_0001247,TXN_003120,1,2026-07-21 14:34:00,UPI,authentication_failure,AUTH_FAILED,3514,failed
ATT_0001248,TXN_003121,1,2026-08-22 02:22:00,Card,insufficient_funds,INSUFFICIENT_FUNDS,1954,failed
ATT_0001249,TXN_003122,1,2026-07-18 19:33:00,Card,expired_card,CARD_EXPIRED,4242,failed
ATT_0001250,TXN_003122,2,2026-07-18 20:22:00,Card,expired_card,CARD_EXPIRED,3477,failed
ATT_0001251,TXN_003126,1,2026-07-20 14:55:00,Card,expired_card,CARD_EXPIRED,4761,failed
ATT_0001252,TXN_003134,1,2026-07-31 04:26:00,Card,authentication_failure,AUTH_FAILED,3262,failed
ATT_0001253,TXN_003135,1,2026-07-25 16:51:00,Card,authentication_failure,AUTH_FAILED,2107,failed
ATT_0001254,TXN_003136,1,2026-07-31 19:08:00,UPI,bank_timeout,TIMEOUT,3213,failed
ATT_0001255,TXN_003136,2,2026-07-31 19:27:00,UPI,bank_timeout,TIMEOUT,2078,failed
ATT_0001256,TXN_003139,1,2026-08-17 12:38:00,Card,insufficient_funds,INSUFFICIENT_FUNDS,827,failed
ATT_0001257,TXN_003142,1,2026-08-19 19:18:00,UPI,bank_timeout,TIMEOUT,1840,failed
ATT_0001258,TXN_003144,1,2026-07-18 17:46:00,UPI,bank_declined,BANK_DECLINED,3036,failed
ATT_0001259,TXN_003147,1,2026-08-11 09:32:00,UPI,bank_timeout,TIMEOUT,4137,failed
ATT_0001260,TXN_003148,1,2026-07-18 20:12:00,Card,network_error,NETWORK_ERROR,3555,failed
ATT_0001261,TXN_003151,1,2026-08-24 06:33:00,Card,insufficient_funds,INSUFFICIENT_FUNDS,2495,failed
ATT_0001262,TXN_003151,2,2026-08-24 07:31:00,Card,insufficient_funds,INSUFFICIENT_FUNDS,1471,failed
ATT_0001263,TXN_003151,3,2026-08-24 08:00:00,Card,insufficient_funds,INSUFFICIENT_FUNDS,1684,failed
ATT_0001264,TXN_003152,1,2026-07-27 05:46:00,NetBanking,bank_timeout,TIMEOUT,3339,failed
ATT_0001265,TXN_003152,2,2026-07-27 06:30:00,NetBanking,bank_timeout,TIMEOUT,1539,failed
ATT_0001266,TXN_003153,1,2026-08-18 15:23:00,UPI,bank_timeout,TIMEOUT,2939,failed
ATT_0001267,TXN_003159,1,2026-07-18 04:12:00,Card,bank_declined,BANK_DECLINED,4392,failed
ATT_0001268,TXN_003159,2,2026-07-18 04:38:00,Card,bank_declined,BANK_DECLINED,701,failed
ATT_0001269,TXN_003163,1,2026-08-07 20:50:00,UPI,bank_timeout,TIMEOUT,3400,failed
ATT_0001270,TXN_003163,2,2026-08-07 21:31:00,UPI,bank_timeout,TIMEOUT,4910,failed
ATT_0001271,TXN_003167,1,2026-08-14 18:38:00,UPI,bank_timeout,TIMEOUT,2828,failed
ATT_0001272,TXN_003170,1,2026-07-21 04:45:00,UPI,network_error,NETWORK_ERROR,2524,failed
ATT_0001273,TXN_003173,1,2026-07-16 08:45:00,Wallet,network_error,NETWORK_ERROR,392,failed
ATT_0001274,TXN_003176,1,2026-08-01 04:35:00,NetBanking,network_error,NETWORK_ERROR,317,failed
ATT_0001275,TXN_003176,2,2026-08-01 04:55:00,NetBanking,network_error,NETWORK_ERROR,1941,failed
ATT_0001276,TXN_003184,1,2026-07-03 09:25:00,NetBanking,authentication_failure,AUTH_FAILED,797,failed
ATT_0001277,TXN_003184,2,2026-07-03 10:03:00,NetBanking,authentication_failure,AUTH_FAILED,3158,failed
ATT_0001278,TXN_003185,1,2026-08-07 20:26:00,Card,authentication_failure,AUTH_FAILED,617,failed
ATT_0001279,TXN_003185,2,2026-08-07 20:53:00,Card,authentication_failure,AUTH_FAILED,206,failed
ATT_0001280,TXN_003188,1,2026-07-27 14:19:00,UPI,bank_timeout,TIMEOUT,3086,failed
ATT_0001281,TXN_003189,1,2026-08-17 06:04:00,Card,insufficient_funds,INSUFFICIENT_FUNDS,1697,failed
ATT_0001282,TXN_003189,2,2026-08-17 06:54:00,Card,insufficient_funds,INSUFFICIENT_FUNDS,433,failed
ATT_0001283,TXN_003190,1,2026-08-07 14:08:00,UPI,bank_declined,BANK_DECLINED,362,failed
ATT_0001284,TXN_003190,2,2026-08-07 14:51:00,UPI,bank_declined,BANK_DECLINED,3514,failed
ATT_0001285,TXN_003192,1,2026-07-05 16:53:00,Card,network_error,NETWORK_ERROR,4138,failed
ATT_0001286,TXN_003201,1,2026-07-16 18:16:00,NetBanking,bank_declined,BANK_DECLINED,909,failed
ATT_0001287,TXN_003202,1,2026-07-10 10:28:00,UPI,bank_timeout,TIMEOUT,3612,failed
ATT_0001288,TXN_003203,1,2026-08-20 21:50:00,Card,bank_declined,BANK_DECLINED,238,failed
ATT_0001289,TXN_003204,1,2026-08-12 17:00:00,UPI,bank_declined,BANK_DECLINED,693,failed
ATT_0001290,TXN_003205,1,2026-07-01 02:26:00,UPI,bank_timeout,TIMEOUT,3879,failed
ATT_0001291,TXN_003206,1,2026-08-13 23:26:00,UPI,bank_timeout,TIMEOUT,3953,failed
ATT_0001292,TXN_003206,2,2026-08-13 23:39:00,UPI,bank_timeout,TIMEOUT,847,failed
ATT_0001293,TXN_003209,1,2026-07-30 22:28:00,UPI,bank_declined,BANK_DECLINED,3889,failed
ATT_0001294,TXN_003209,2,2026-07-30 23:14:00,UPI,bank_declined,BANK_DECLINED,1466,failed
ATT_0001295,TXN_003209,3,2026-07-30 23:21:00,UPI,bank_declined,BANK_DECLINED,2425,failed
ATT_0001296,TXN_003214,1,2026-07-22 21:21:00,NetBanking,network_error,NETWORK_ERROR,1298,failed
ATT_0001297,TXN_003218,1,2026-07-18 06:33:00,UPI,authentication_failure,AUTH_FAILED,1944,failed
ATT_0001298,TXN_003218,2,2026-07-18 07:21:00,UPI,authentication_failure,AUTH_FAILED,2768,failed
ATT_0001299,TXN_003223,1,2026-07-08 05:56:00,UPI,bank_timeout,TIMEOUT,2439,failed
ATT_0001300,TXN_003227,1,2026-08-19 00:33:00,Card,authentication_failure,AUTH_FAILED,1986,failed
ATT_0001301,TXN_003238,1,2026-07-09 10:50:00,UPI,bank_declined,BANK_DECLINED,1044,failed
ATT_0001302,TXN_003238,2,2026-07-09 11:35:00,UPI,bank_declined,BANK_DECLINED,694,failed
ATT_0001303,TXN_003239,1,2026-08-01 03:43:00,UPI,network_error,NETWORK_ERROR,1203,failed
ATT_0001304,TXN_003245,1,2026-07-26 18:15:00,Card,bank_declined,BANK_DECLINED,4905,failed
ATT_0001305,TXN_003246,1,2026-08-21 06:33:00,Wallet,network_error,NETWORK_ERROR,1839,failed
ATT_0001306,TXN_003251,1,2026-08-06 13:20:00,Card,expired_card,CARD_EXPIRED,3711,failed
ATT_0001307,TXN_003251,2,2026-08-06 13:25:00,Card,expired_card,CARD_EXPIRED,3316,failed
ATT_0001308,TXN_003255,1,2026-08-26 08:44:00,UPI,bank_timeout,TIMEOUT,3714,failed
ATT_0001309,TXN_003256,1,2026-08-24 07:42:00,NetBanking,bank_declined,BANK_DECLINED,1264,failed
ATT_0001310,TXN_003267,1,2026-07-18 01:31:00,UPI,authentication_failure,AUTH_FAILED,3244,failed
ATT_0001311,TXN_003271,1,2026-08-14 09:14:00,Card,bank_declined,BANK_DECLINED,1241,failed
ATT_0001312,TXN_003272,1,2026-08-07 06:31:00,Card,network_error,NETWORK_ERROR,3762,failed
ATT_0001313,TXN_003274,1,2026-08-20 11:44:00,Card,expired_card,CARD_EXPIRED,3067,failed
ATT_0001314,TXN_003275,1,2026-08-05 15:32:00,Card,bank_declined,BANK_DECLINED,2058,failed
ATT_0001315,TXN_003278,1,2026-07-02 17:59:00,Card,expired_card,CARD_EXPIRED,375,failed
ATT_0001316,TXN_003297,1,2026-07-29 21:27:00,Wallet,bank_declined,BANK_DECLINED,579,failed
ATT_0001317,TXN_003305,1,2026-07-08 12:33:00,UPI,bank_declined,BANK_DECLINED,4904,failed
ATT_0001318,TXN_003312,1,2026-07-20 09:56:00,NetBanking,network_error,NETWORK_ERROR,3275,failed
ATT_0001319,TXN_003312,2,2026-07-20 10:16:00,NetBanking,network_error,NETWORK_ERROR,4276,failed
ATT_0001320,TXN_003315,1,2026-08-01 10:34:00,Card,authentication_failure,AUTH_FAILED,1041,failed
ATT_0001321,TXN_003329,1,2026-07-01 14:45:00,UPI,bank_declined,BANK_DECLINED,4542,failed
ATT_0001322,TXN_003329,2,2026-07-01 15:19:00,UPI,bank_declined,BANK_DECLINED,2051,failed
ATT_0001323,TXN_003330,1,2026-07-25 16:23:00,UPI,network_error,NETWORK_ERROR,868,failed
ATT_0001324,TXN_003331,1,2026-08-06 08:18:00,Card,authentication_failure,AUTH_FAILED,2303,failed
ATT_0001325,TXN_003331,2,2026-08-06 09:05:00,Card,authentication_failure,AUTH_FAILED,325,failed
ATT_0001326,TXN_003333,1,2026-07-22 02:42:00,Card,insufficient_funds,INSUFFICIENT_FUNDS,1879,failed
ATT_0001327,TXN_003338,1,2026-07-03 23:50:00,Wallet,bank_declined,BANK_DECLINED,3690,failed
ATT_0001328,TXN_003338,2,2026-07-04 00:03:00,Wallet,bank_declined,BANK_DECLINED,2310,failed
ATT_0001329,TXN_003351,1,2026-07-11 02:13:00,UPI,bank_timeout,TIMEOUT,2443,failed
ATT_0001330,TXN_003353,1,2026-07-02 04:56:00,Card,authentication_failure,AUTH_FAILED,248,failed
ATT_0001331,TXN_003356,1,2026-07-05 15:11:00,UPI,network_error,NETWORK_ERROR,1024,failed
ATT_0001332,TXN_003357,1,2026-07-22 23:24:00,UPI,bank_timeout,TIMEOUT,1618,failed
ATT_0001333,TXN_003358,1,2026-07-04 21:55:00,Wallet,insufficient_funds,INSUFFICIENT_FUNDS,3727,failed
ATT_0001334,TXN_003360,1,2026-08-15 19:29:00,UPI,bank_timeout,TIMEOUT,1048,failed
ATT_0001335,TXN_003360,2,2026-08-15 19:43:00,UPI,bank_timeout,TIMEOUT,3767,failed
ATT_0001336,TXN_003364,1,2026-08-23 08:48:00,UPI,bank_timeout,TIMEOUT,1463,failed
ATT_0001337,TXN_003366,1,2026-08-10 05:10:00,Card,network_error,NETWORK_ERROR,3933,failed
ATT_0001338,TXN_003367,1,2026-08-12 16:28:00,Wallet,bank_declined,BANK_DECLINED,266,failed
ATT_0001339,TXN_003369,1,2026-08-26 11:22:00,Wallet,network_error,NETWORK_ERROR,3938,failed
ATT_0001340,TXN_003370,1,2026-07-14 07:42:00,NetBanking,bank_timeout,TIMEOUT,3534,failed
ATT_0001341,TXN_003370,2,2026-07-14 08:41:00,NetBanking,bank_timeout,TIMEOUT,4478,failed
ATT_0001342,TXN_003370,3,2026-07-14 09:04:00,NetBanking,bank_timeout,TIMEOUT,682,failed
ATT_0001343,TXN_003378,1,2026-07-27 01:42:00,UPI,bank_timeout,TIMEOUT,4015,failed
ATT_0001344,TXN_003379,1,2026-08-05 05:07:00,UPI,bank_declined,BANK_DECLINED,1708,failed
ATT_0001345,TXN_003382,1,2026-07-13 20:40:00,Card,expired_card,CARD_EXPIRED,4236,failed
ATT_0001346,TXN_003382,2,2026-07-13 21:10:00,Card,expired_card,CARD_EXPIRED,3901,failed
ATT_0001347,TXN_003382,3,2026-07-13 21:58:00,Card,expired_card,CARD_EXPIRED,346,failed
ATT_0001348,TXN_003391,1,2026-07-27 13:41:00,UPI,network_error,NETWORK_ERROR,862,failed
ATT_0001349,TXN_003391,2,2026-07-27 14:20:00,UPI,network_error,NETWORK_ERROR,544,failed
ATT_0001350,TXN_003393,1,2026-08-09 05:50:00,Card,insufficient_funds,INSUFFICIENT_FUNDS,3100,failed
ATT_0001351,TXN_003394,1,2026-07-15 22:50:00,UPI,bank_timeout,TIMEOUT,981,failed
ATT_0001352,TXN_003399,1,2026-07-07 12:38:00,UPI,bank_timeout,TIMEOUT,1926,failed
ATT_0001353,TXN_003401,1,2026-07-31 06:27:00,Card,authentication_failure,AUTH_FAILED,950,failed
ATT_0001354,TXN_003401,2,2026-07-31 07:14:00,Card,authentication_failure,AUTH_FAILED,3889,failed
ATT_0001355,TXN_003402,1,2026-08-14 00:40:00,NetBanking,bank_timeout,TIMEOUT,798,failed
ATT_0001356,TXN_003402,2,2026-08-14 01:14:00,NetBanking,bank_timeout,TIMEOUT,3231,failed
ATT_0001357,TXN_003402,3,2026-08-14 02:14:00,NetBanking,bank_timeout,TIMEOUT,2957,failed
ATT_0001358,TXN_003407,1,2026-07-03 21:31:00,NetBanking,authentication_failure,AUTH_FAILED,1805,failed
ATT_0001359,TXN_003407,2,2026-07-03 21:54:00,NetBanking,authentication_failure,AUTH_FAILED,4802,failed
ATT_0001360,TXN_003408,1,2026-08-12 23:27:00,UPI,network_error,NETWORK_ERROR,773,failed
ATT_0001361,TXN_003410,1,2026-07-15 04:03:00,NetBanking,network_error,NETWORK_ERROR,1912,failed
ATT_0001362,TXN_003414,1,2026-08-19 00:47:00,UPI,bank_timeout,TIMEOUT,2918,failed
ATT_0001363,TXN_003416,1,2026-07-21 11:02:00,UPI,bank_timeout,TIMEOUT,3808,failed
ATT_0001364,TXN_003418,1,2026-07-29 13:30:00,Wallet,bank_timeout,TIMEOUT,213,failed
ATT_0001365,TXN_003420,1,2026-08-05 08:08:00,UPI,network_error,NETWORK_ERROR,376,failed
ATT_0001366,TXN_003420,2,2026-08-05 08:40:00,UPI,network_error,NETWORK_ERROR,1751,failed
ATT_0001367,TXN_003423,1,2026-07-06 15:53:00,NetBanking,network_error,NETWORK_ERROR,3718,failed
ATT_0001368,TXN_003423,2,2026-07-06 16:30:00,NetBanking,network_error,NETWORK_ERROR,4705,failed
ATT_0001369,TXN_003430,1,2026-08-18 01:28:00,NetBanking,bank_timeout,TIMEOUT,2034,failed
ATT_0001370,TXN_003430,2,2026-08-18 01:52:00,NetBanking,bank_timeout,TIMEOUT,3853,failed
ATT_0001371,TXN_003435,1,2026-08-14 08:46:00,Card,bank_declined,BANK_DECLINED,4479,failed
ATT_0001372,TXN_003436,1,2026-08-13 15:37:00,UPI,network_error,NETWORK_ERROR,1222,failed
ATT_0001373,TXN_003436,2,2026-08-13 16:27:00,UPI,network_error,NETWORK_ERROR,2114,failed
ATT_0001374,TXN_003440,1,2026-08-14 04:35:00,UPI,network_error,NETWORK_ERROR,3554,failed
ATT_0001375,TXN_003440,2,2026-08-14 04:53:00,UPI,network_error,NETWORK_ERROR,3436,failed
ATT_0001376,TXN_003440,3,2026-08-14 05:08:00,UPI,network_error,NETWORK_ERROR,4476,failed
ATT_0001377,TXN_003441,1,2026-07-03 09:51:00,UPI,network_error,NETWORK_ERROR,2660,failed
ATT_0001378,TXN_003441,2,2026-07-03 10:09:00,UPI,network_error,NETWORK_ERROR,2369,failed
ATT_0001379,TXN_003442,1,2026-07-30 11:40:00,UPI,network_error,NETWORK_ERROR,1515,failed
ATT_0001380,TXN_003444,1,2026-07-11 21:21:00,NetBanking,authentication_failure,AUTH_FAILED,2211,failed
ATT_0001381,TXN_003445,1,2026-07-29 06:04:00,Card,bank_declined,BANK_DECLINED,4211,failed
ATT_0001382,TXN_003449,1,2026-07-02 17:18:00,Card,insufficient_funds,INSUFFICIENT_FUNDS,4533,failed
ATT_0001383,TXN_003452,1,2026-08-10 14:19:00,UPI,network_error,NETWORK_ERROR,673,failed
ATT_0001384,TXN_003452,2,2026-08-10 14:57:00,UPI,network_error,NETWORK_ERROR,4172,failed
ATT_0001385,TXN_003453,1,2026-07-01 14:31:00,UPI,bank_declined,BANK_DECLINED,1499,failed
ATT_0001386,TXN_003459,1,2026-08-11 02:26:00,UPI,bank_timeout,TIMEOUT,1975,failed
ATT_0001387,TXN_003461,1,2026-08-25 20:36:00,Card,network_error,NETWORK_ERROR,4277,failed
ATT_0001388,TXN_003461,2,2026-08-25 20:51:00,Card,network_error,NETWORK_ERROR,2031,failed
ATT_0001389,TXN_003470,1,2026-07-07 18:07:00,NetBanking,bank_declined,BANK_DECLINED,3009,failed
ATT_0001390,TXN_003478,1,2026-07-21 05:46:00,Card,bank_declined,BANK_DECLINED,4768,failed
ATT_0001391,TXN_003479,1,2026-08-03 11:45:00,NetBanking,network_error,NETWORK_ERROR,822,failed
ATT_0001392,TXN_003486,1,2026-08-02 01:37:00,Card,bank_declined,BANK_DECLINED,3300,failed
ATT_0001393,TXN_003486,2,2026-08-02 01:45:00,Card,bank_declined,BANK_DECLINED,2158,failed
ATT_0001394,TXN_003489,1,2026-08-08 07:02:00,Card,expired_card,CARD_EXPIRED,697,failed
ATT_0001395,TXN_003494,1,2026-07-25 21:21:00,NetBanking,bank_timeout,TIMEOUT,1724,failed
ATT_0001396,TXN_003494,2,2026-07-25 22:10:00,NetBanking,bank_timeout,TIMEOUT,2193,failed
ATT_0001397,TXN_003496,1,2026-07-25 08:44:00,UPI,bank_timeout,TIMEOUT,1019,failed
ATT_0001398,TXN_003497,1,2026-07-31 14:58:00,UPI,authentication_failure,AUTH_FAILED,2238,failed
ATT_0001399,TXN_003498,1,2026-07-30 08:45:00,NetBanking,network_error,NETWORK_ERROR,1533,failed
ATT_0001400,TXN_003498,2,2026-07-30 09:12:00,NetBanking,network_error,NETWORK_ERROR,1524,failed
ATT_0001401,TXN_003499,1,2026-08-02 21:14:00,Card,expired_card,CARD_EXPIRED,4497,failed
ATT_0001402,TXN_003505,1,2026-07-24 11:24:00,UPI,authentication_failure,AUTH_FAILED,2989,failed
ATT_0001403,TXN_003509,1,2026-08-24 14:39:00,UPI,bank_timeout,TIMEOUT,4142,failed
ATT_0001404,TXN_003516,1,2026-07-16 13:26:00,UPI,bank_declined,BANK_DECLINED,3535,failed
ATT_0001405,TXN_003517,1,2026-07-13 06:33:00,Card,network_error,NETWORK_ERROR,3460,failed
ATT_0001406,TXN_003521,1,2026-08-01 21:27:00,UPI,bank_declined,BANK_DECLINED,2997,failed
ATT_0001407,TXN_003521,2,2026-08-01 22:24:00,UPI,bank_declined,BANK_DECLINED,4765,failed
ATT_0001408,TXN_003521,3,2026-08-01 23:15:00,UPI,bank_declined,BANK_DECLINED,793,failed
ATT_0001409,TXN_003522,1,2026-07-09 16:32:00,UPI,network_error,NETWORK_ERROR,1034,failed
ATT_0001410,TXN_003524,1,2026-07-15 13:22:00,UPI,bank_declined,BANK_DECLINED,4003,failed
ATT_0001411,TXN_003525,1,2026-08-16 10:07:00,UPI,bank_declined,BANK_DECLINED,218,failed
ATT_0001412,TXN_003525,2,2026-08-16 11:05:00,UPI,bank_declined,BANK_DECLINED,439,failed
ATT_0001413,TXN_003526,1,2026-07-20 18:05:00,UPI,network_error,NETWORK_ERROR,2811,failed
ATT_0001414,TXN_003532,1,2026-07-25 13:27:00,Card,bank_declined,BANK_DECLINED,2167,failed
ATT_0001415,TXN_003535,1,2026-08-10 23:36:00,UPI,bank_declined,BANK_DECLINED,1183,failed
ATT_0001416,TXN_003538,1,2026-07-22 05:16:00,UPI,authentication_failure,AUTH_FAILED,1460,failed
ATT_0001417,TXN_003540,1,2026-08-01 14:15:00,Card,authentication_failure,AUTH_FAILED,3540,failed
ATT_0001418,TXN_003540,2,2026-08-01 15:13:00,Card,authentication_failure,AUTH_FAILED,2987,failed
ATT_0001419,TXN_003557,1,2026-08-08 08:25:00,NetBanking,bank_timeout,TIMEOUT,2366,failed
ATT_0001420,TXN_003557,2,2026-08-08 08:57:00,NetBanking,bank_timeout,TIMEOUT,4653,failed
ATT_0001421,TXN_003560,1,2026-08-23 14:20:00,NetBanking,bank_timeout,TIMEOUT,4766,failed
ATT_0001422,TXN_003563,1,2026-08-02 11:03:00,UPI,network_error,NETWORK_ERROR,2468,failed
ATT_0001423,TXN_003566,1,2026-07-23 10:07:00,UPI,bank_declined,BANK_DECLINED,705,failed
ATT_0001424,TXN_003566,2,2026-07-23 10:18:00,UPI,bank_declined,BANK_DECLINED,859,failed
ATT_0001425,TXN_003569,1,2026-08-16 23:26:00,NetBanking,bank_declined,BANK_DECLINED,3985,failed
ATT_0001426,TXN_003571,1,2026-07-13 10:43:00,NetBanking,bank_timeout,TIMEOUT,3927,failed
ATT_0001427,TXN_003572,1,2026-07-07 17:35:00,UPI,bank_timeout,TIMEOUT,3817,failed
ATT_0001428,TXN_003574,1,2026-07-08 07:41:00,UPI,authentication_failure,AUTH_FAILED,3735,failed
ATT_0001429,TXN_003580,1,2026-07-13 14:01:00,NetBanking,bank_declined,BANK_DECLINED,2682,failed
ATT_0001430,TXN_003597,1,2026-08-18 23:56:00,Card,expired_card,CARD_EXPIRED,1419,failed
ATT_0001431,TXN_003597,2,2026-08-19 00:12:00,Card,expired_card,CARD_EXPIRED,4835,failed
ATT_0001432,TXN_003598,1,2026-08-14 07:43:00,Card,bank_declined,BANK_DECLINED,1669,failed
ATT_0001433,TXN_003598,2,2026-08-14 08:10:00,Card,bank_declined,BANK_DECLINED,2121,failed
ATT_0001434,TXN_003598,3,2026-08-14 08:58:00,Card,bank_declined,BANK_DECLINED,4899,failed
ATT_0001435,TXN_003600,1,2026-08-03 08:10:00,UPI,bank_declined,BANK_DECLINED,1813,failed
ATT_0001436,TXN_003605,1,2026-08-10 07:19:00,UPI,network_error,NETWORK_ERROR,1582,failed
ATT_0001437,TXN_003605,2,2026-08-10 07:37:00,UPI,network_error,NETWORK_ERROR,316,failed
ATT_0001438,TXN_003607,1,2026-07-05 13:35:00,UPI,bank_timeout,TIMEOUT,3378,failed
ATT_0001439,TXN_003611,1,2026-07-04 23:35:00,UPI,network_error,NETWORK_ERROR,4443,failed
ATT_0001440,TXN_003611,2,2026-07-04 23:57:00,UPI,network_error,NETWORK_ERROR,3122,failed
ATT_0001441,TXN_003611,3,2026-07-05 00:55:00,UPI,network_error,NETWORK_ERROR,2756,failed
ATT_0001442,TXN_003615,1,2026-08-20 02:05:00,UPI,network_error,NETWORK_ERROR,3772,failed
ATT_0001443,TXN_003619,1,2026-08-13 09:25:00,UPI,bank_timeout,TIMEOUT,264,failed
ATT_0001444,TXN_003622,1,2026-07-15 22:31:00,Card,authentication_failure,AUTH_FAILED,3073,failed
ATT_0001445,TXN_003623,1,2026-08-14 05:48:00,NetBanking,bank_declined,BANK_DECLINED,4646,failed
ATT_0001446,TXN_003623,2,2026-08-14 05:57:00,NetBanking,bank_declined,BANK_DECLINED,3070,failed
ATT_0001447,TXN_003624,1,2026-07-23 04:47:00,Card,insufficient_funds,INSUFFICIENT_FUNDS,3566,failed
ATT_0001448,TXN_003624,2,2026-07-23 05:30:00,Card,insufficient_funds,INSUFFICIENT_FUNDS,3673,failed
ATT_0001449,TXN_003624,3,2026-07-23 05:45:00,Card,insufficient_funds,INSUFFICIENT_FUNDS,2887,failed
ATT_0001450,TXN_003626,1,2026-07-19 08:21:00,UPI,bank_declined,BANK_DECLINED,1529,failed
ATT_0001451,TXN_003634,1,2026-07-30 16:49:00,UPI,bank_timeout,TIMEOUT,2046,failed
ATT_0001452,TXN_003635,1,2026-08-24 00:32:00,UPI,bank_declined,BANK_DECLINED,2419,failed
ATT_0001453,TXN_003635,2,2026-08-24 01:10:00,UPI,bank_declined,BANK_DECLINED,3395,failed
ATT_0001454,TXN_003638,1,2026-07-01 19:17:00,UPI,bank_timeout,TIMEOUT,1237,failed
ATT_0001455,TXN_003643,1,2026-08-05 02:32:00,UPI,bank_timeout,TIMEOUT,4370,failed
ATT_0001456,TXN_003644,1,2026-08-18 12:21:00,UPI,network_error,NETWORK_ERROR,4551,failed
ATT_0001457,TXN_003653,1,2026-07-18 07:28:00,UPI,authentication_failure,AUTH_FAILED,4297,failed
ATT_0001458,TXN_003653,2,2026-07-18 08:02:00,UPI,authentication_failure,AUTH_FAILED,3868,failed
ATT_0001459,TXN_003655,1,2026-08-18 02:35:00,UPI,bank_timeout,TIMEOUT,3587,failed
ATT_0001460,TXN_003659,1,2026-08-10 18:20:00,NetBanking,bank_declined,BANK_DECLINED,3163,failed
ATT_0001461,TXN_003659,2,2026-08-10 18:37:00,NetBanking,bank_declined,BANK_DECLINED,3960,failed
ATT_0001462,TXN_003660,1,2026-07-30 14:20:00,Card,expired_card,CARD_EXPIRED,1159,failed
ATT_0001463,TXN_003661,1,2026-08-24 03:28:00,UPI,bank_timeout,TIMEOUT,3791,failed
ATT_0001464,TXN_003664,1,2026-07-22 10:33:00,Card,network_error,NETWORK_ERROR,4866,failed
ATT_0001465,TXN_003670,1,2026-07-07 16:19:00,UPI,bank_timeout,TIMEOUT,3238,failed
ATT_0001466,TXN_003670,2,2026-07-07 17:14:00,UPI,bank_timeout,TIMEOUT,632,failed
ATT_0001467,TXN_003673,1,2026-07-14 11:10:00,UPI,authentication_failure,AUTH_FAILED,4815,failed
ATT_0001468,TXN_003681,1,2026-08-09 16:19:00,UPI,authentication_failure,AUTH_FAILED,3688,failed
ATT_0001469,TXN_003685,1,2026-07-16 17:56:00,UPI,bank_timeout,TIMEOUT,3783,failed
ATT_0001470,TXN_003686,1,2026-08-23 12:48:00,UPI,bank_timeout,TIMEOUT,3143,failed
ATT_0001471,TXN_003686,2,2026-08-23 13:24:00,UPI,bank_timeout,TIMEOUT,218,failed
ATT_0001472,TXN_003686,3,2026-08-23 13:52:00,UPI,bank_timeout,TIMEOUT,1431,failed
ATT_0001473,TXN_003687,1,2026-08-01 09:20:00,Card,authentication_failure,AUTH_FAILED,4624,failed
ATT_0001474,TXN_003689,1,2026-07-25 22:17:00,UPI,bank_declined,BANK_DECLINED,3809,failed
ATT_0001475,TXN_003689,2,2026-07-25 23:06:00,UPI,bank_declined,BANK_DECLINED,3125,failed
ATT_0001476,TXN_003690,1,2026-08-07 11:39:00,NetBanking,bank_declined,BANK_DECLINED,2207,failed
ATT_0001477,TXN_003695,1,2026-07-01 03:48:00,Card,bank_declined,BANK_DECLINED,4534,failed
ATT_0001478,TXN_003700,1,2026-07-02 06:46:00,Card,bank_declined,BANK_DECLINED,1070,failed
ATT_0001479,TXN_003705,1,2026-08-02 04:02:00,Card,bank_declined,BANK_DECLINED,1450,failed
ATT_0001480,TXN_003705,2,2026-08-02 04:10:00,Card,bank_declined,BANK_DECLINED,3894,failed
ATT_0001481,TXN_003712,1,2026-08-03 13:24:00,UPI,bank_declined,BANK_DECLINED,1216,failed
ATT_0001482,TXN_003715,1,2026-08-04 13:36:00,UPI,bank_declined,BANK_DECLINED,2708,failed
ATT_0001483,TXN_003717,1,2026-08-04 17:28:00,Card,authentication_failure,AUTH_FAILED,1606,failed
ATT_0001484,TXN_003718,1,2026-08-14 05:38:00,Wallet,network_error,NETWORK_ERROR,2233,failed
ATT_0001485,TXN_003721,1,2026-07-02 14:32:00,UPI,bank_timeout,TIMEOUT,4830,failed
ATT_0001486,TXN_003721,2,2026-07-02 14:55:00,UPI,bank_timeout,TIMEOUT,2341,failed
ATT_0001487,TXN_003722,1,2026-07-19 23:58:00,UPI,bank_timeout,TIMEOUT,1163,failed
ATT_0001488,TXN_003728,1,2026-07-19 04:54:00,UPI,bank_timeout,TIMEOUT,3099,failed
ATT_0001489,TXN_003729,1,2026-07-30 15:47:00,UPI,network_error,NETWORK_ERROR,4419,failed
ATT_0001490,TXN_003743,1,2026-07-26 23:14:00,Card,network_error,NETWORK_ERROR,4759,failed
ATT_0001491,TXN_003745,1,2026-08-15 22:07:00,UPI,bank_declined,BANK_DECLINED,3559,failed
ATT_0001492,TXN_003748,1,2026-08-12 17:42:00,Wallet,bank_declined,BANK_DECLINED,1652,failed
ATT_0001493,TXN_003750,1,2026-07-20 17:45:00,Card,authentication_failure,AUTH_FAILED,1422,failed
ATT_0001494,TXN_003756,1,2026-08-06 20:28:00,UPI,bank_declined,BANK_DECLINED,4225,failed
ATT_0001495,TXN_003756,2,2026-08-06 21:26:00,UPI,bank_declined,BANK_DECLINED,2386,failed
ATT_0001496,TXN_003757,1,2026-08-18 06:01:00,UPI,bank_timeout,TIMEOUT,563,failed
ATT_0001497,TXN_003757,2,2026-08-18 06:19:00,UPI,bank_timeout,TIMEOUT,1408,failed
ATT_0001498,TXN_003764,1,2026-07-20 08:57:00,UPI,authentication_failure,AUTH_FAILED,2909,failed
ATT_0001499,TXN_003765,1,2026-07-13 13:25:00,UPI,authentication_failure,AUTH_FAILED,2271,failed
ATT_0001500,TXN_003766,1,2026-08-24 22:18:00,Wallet,network_error,NETWORK_ERROR,3131,failed
ATT_0001501,TXN_003779,1,2026-07-02 15:07:00,Card,bank_declined,BANK_DECLINED,1602,failed
ATT_0001502,TXN_003779,2,2026-07-02 15:50:00,Card,bank_declined,BANK_DECLINED,1975,failed
ATT_0001503,TXN_003783,1,2026-08-03 08:34:00,UPI,bank_timeout,TIMEOUT,553,failed
ATT_0001504,TXN_003783,2,2026-08-03 09:12:00,UPI,bank_timeout,TIMEOUT,4625,failed
ATT_0001505,TXN_003783,3,2026-08-03 09:20:00,UPI,bank_timeout,TIMEOUT,4572,failed
ATT_0001506,TXN_003785,1,2026-07-01 03:52:00,UPI,authentication_failure,AUTH_FAILED,4179,failed
ATT_0001507,TXN_003792,1,2026-07-08 20:39:00,UPI,bank_timeout,TIMEOUT,4067,failed
ATT_0001508,TXN_003799,1,2026-08-08 13:24:00,Wallet,network_error,NETWORK_ERROR,4061,failed
ATT_0001509,TXN_003801,1,2026-08-20 21:25:00,UPI,network_error,NETWORK_ERROR,4556,failed
ATT_0001510,TXN_003804,1,2026-08-16 19:33:00,UPI,bank_timeout,TIMEOUT,3994,failed
ATT_0001511,TXN_003804,2,2026-08-16 19:44:00,UPI,bank_timeout,TIMEOUT,1253,failed
ATT_0001512,TXN_003805,1,2026-07-22 08:12:00,Card,network_error,NETWORK_ERROR,2720,failed
ATT_0001513,TXN_003809,1,2026-08-24 14:39:00,Wallet,bank_declined,BANK_DECLINED,2175,failed
ATT_0001514,TXN_003813,1,2026-07-02 23:28:00,Wallet,insufficient_funds,INSUFFICIENT_FUNDS,3465,failed
ATT_0001515,TXN_003814,1,2026-07-25 08:08:00,UPI,bank_declined,BANK_DECLINED,704,failed
ATT_0001516,TXN_003815,1,2026-08-20 15:18:00,Card,bank_declined,BANK_DECLINED,4680,failed
ATT_0001517,TXN_003815,2,2026-08-20 15:52:00,Card,bank_declined,BANK_DECLINED,430,failed
ATT_0001518,TXN_003822,1,2026-07-19 19:49:00,Card,authentication_failure,AUTH_FAILED,3640,failed
ATT_0001519,TXN_003823,1,2026-07-24 18:20:00,NetBanking,network_error,NETWORK_ERROR,3632,failed
ATT_0001520,TXN_003826,1,2026-08-18 11:24:00,Card,bank_declined,BANK_DECLINED,3770,failed
ATT_0001521,TXN_003828,1,2026-08-02 18:45:00,Card,bank_declined,BANK_DECLINED,1880,failed
ATT_0001522,TXN_003829,1,2026-08-10 05:07:00,UPI,bank_timeout,TIMEOUT,3179,failed
ATT_0001523,TXN_003829,2,2026-08-10 05:15:00,UPI,bank_timeout,TIMEOUT,3974,failed
ATT_0001524,TXN_003839,1,2026-08-16 07:35:00,UPI,bank_timeout,TIMEOUT,2285,failed
ATT_0001525,TXN_003841,1,2026-07-17 12:25:00,UPI,authentication_failure,AUTH_FAILED,4656,failed
ATT_0001526,TXN_003841,2,2026-07-17 13:25:00,UPI,authentication_failure,AUTH_FAILED,4604,failed
ATT_0001527,TXN_003842,1,2026-07-07 10:26:00,Card,expired_card,CARD_EXPIRED,3818,failed
ATT_0001528,TXN_003845,1,2026-07-24 01:57:00,UPI,bank_timeout,TIMEOUT,3747,failed
ATT_0001529,TXN_003845,2,2026-07-24 02:16:00,UPI,bank_timeout,TIMEOUT,1065,failed
ATT_0001530,TXN_003845,3,2026-07-24 02:30:00,UPI,bank_timeout,TIMEOUT,3010,failed
ATT_0001531,TXN_003848,1,2026-07-03 19:12:00,UPI,network_error,NETWORK_ERROR,2046,failed
ATT_0001532,TXN_003855,1,2026-07-02 20:37:00,NetBanking,network_error,NETWORK_ERROR,2709,failed
ATT_0001533,TXN_003856,1,2026-08-15 16:40:00,Card,bank_declined,BANK_DECLINED,177,failed
ATT_0001534,TXN_003856,2,2026-08-15 17:35:00,Card,bank_declined,BANK_DECLINED,1545,failed
ATT_0001535,TXN_003862,1,2026-07-01 15:09:00,Wallet,bank_timeout,TIMEOUT,1660,failed
ATT_0001536,TXN_003863,1,2026-08-20 08:31:00,Wallet,network_error,NETWORK_ERROR,3826,failed
ATT_0001537,TXN_003863,2,2026-08-20 09:04:00,Wallet,network_error,NETWORK_ERROR,3668,failed
ATT_0001538,TXN_003867,1,2026-08-10 16:58:00,UPI,authentication_failure,AUTH_FAILED,187,failed
ATT_0001539,TXN_003873,1,2026-08-25 20:28:00,Card,expired_card,CARD_EXPIRED,1738,failed
ATT_0001540,TXN_003884,1,2026-07-27 18:56:00,Wallet,network_error,NETWORK_ERROR,493,failed
ATT_0001541,TXN_003886,1,2026-08-08 05:24:00,UPI,bank_timeout,TIMEOUT,474,failed
ATT_0001542,TXN_003893,1,2026-07-30 18:43:00,UPI,network_error,NETWORK_ERROR,3660,failed
ATT_0001543,TXN_003895,1,2026-08-01 12:29:00,Card,network_error,NETWORK_ERROR,594,failed
ATT_0001544,TXN_003897,1,2026-07-13 07:10:00,Card,bank_declined,BANK_DECLINED,1096,failed
ATT_0001545,TXN_003900,1,2026-08-17 09:27:00,UPI,network_error,NETWORK_ERROR,2548,failed
ATT_0001546,TXN_003901,1,2026-07-05 16:28:00,UPI,network_error,NETWORK_ERROR,2198,failed
ATT_0001547,TXN_003902,1,2026-07-02 19:00:00,Card,network_error,NETWORK_ERROR,3533,failed
ATT_0001548,TXN_003902,2,2026-07-02 19:54:00,Card,network_error,NETWORK_ERROR,3762,failed
ATT_0001549,TXN_003904,1,2026-07-17 03:53:00,UPI,authentication_failure,AUTH_FAILED,3233,failed
ATT_0001550,TXN_003904,2,2026-07-17 04:28:00,UPI,authentication_failure,AUTH_FAILED,951,failed
ATT_0001551,TXN_003905,1,2026-07-19 20:00:00,UPI,bank_timeout,TIMEOUT,509,failed
ATT_0001552,TXN_003907,1,2026-08-19 12:02:00,Card,network_error,NETWORK_ERROR,4443,failed
ATT_0001553,TXN_003907,2,2026-08-19 12:45:00,Card,network_error,NETWORK_ERROR,1094,failed
ATT_0001554,TXN_003908,1,2026-07-21 04:05:00,UPI,bank_timeout,TIMEOUT,4252,failed
ATT_0001555,TXN_003910,1,2026-08-23 09:05:00,Wallet,insufficient_funds,INSUFFICIENT_FUNDS,2750,failed
ATT_0001556,TXN_003911,1,2026-07-13 08:55:00,UPI,bank_timeout,TIMEOUT,881,failed
ATT_0001557,TXN_003917,1,2026-08-24 10:00:00,Card,insufficient_funds,INSUFFICIENT_FUNDS,721,failed
ATT_0001558,TXN_003921,1,2026-08-21 11:59:00,UPI,bank_declined,BANK_DECLINED,3352,failed
ATT_0001559,TXN_003921,2,2026-08-21 12:24:00,UPI,bank_declined,BANK_DECLINED,1353,failed
ATT_0001560,TXN_003922,1,2026-08-18 08:05:00,UPI,network_error,NETWORK_ERROR,426,failed
ATT_0001561,TXN_003927,1,2026-07-15 00:33:00,UPI,bank_declined,BANK_DECLINED,4151,failed
ATT_0001562,TXN_003929,1,2026-07-31 01:24:00,UPI,network_error,NETWORK_ERROR,2127,failed
ATT_0001563,TXN_003929,2,2026-07-31 01:33:00,UPI,network_error,NETWORK_ERROR,4112,failed
ATT_0001564,TXN_003929,3,2026-07-31 02:29:00,UPI,network_error,NETWORK_ERROR,2769,failed
ATT_0001565,TXN_003936,1,2026-08-23 13:09:00,Card,expired_card,CARD_EXPIRED,591,failed
ATT_0001566,TXN_003938,1,2026-07-10 05:34:00,Card,network_error,NETWORK_ERROR,168,failed
ATT_0001567,TXN_003939,1,2026-08-18 14:40:00,Card,authentication_failure,AUTH_FAILED,1702,failed
ATT_0001568,TXN_003939,2,2026-08-18 15:02:00,Card,authentication_failure,AUTH_FAILED,1579,failed
ATT_0001569,TXN_003939,3,2026-08-18 15:38:00,Card,authentication_failure,AUTH_FAILED,4201,failed
ATT_0001570,TXN_003941,1,2026-08-16 05:14:00,Card,insufficient_funds,INSUFFICIENT_FUNDS,1066,failed
ATT_0001571,TXN_003941,2,2026-08-16 05:42:00,Card,insufficient_funds,INSUFFICIENT_FUNDS,4313,failed
ATT_0001572,TXN_003948,1,2026-07-14 01:46:00,UPI,network_error,NETWORK_ERROR,2281,failed
ATT_0001573,TXN_003949,1,2026-08-15 03:47:00,NetBanking,bank_timeout,TIMEOUT,423,failed
ATT_0001574,TXN_003949,2,2026-08-15 04:27:00,NetBanking,bank_timeout,TIMEOUT,4115,failed
ATT_0001575,TXN_003953,1,2026-07-25 22:16:00,Card,authentication_failure,AUTH_FAILED,1024,failed
ATT_0001576,TXN_003955,1,2026-07-29 21:48:00,Card,bank_declined,BANK_DECLINED,1979,failed
ATT_0001577,TXN_003956,1,2026-07-18 13:45:00,Card,bank_declined,BANK_DECLINED,274,failed
ATT_0001578,TXN_003956,2,2026-07-18 13:50:00,Card,bank_declined,BANK_DECLINED,2778,failed
ATT_0001579,TXN_003958,1,2026-08-19 17:32:00,UPI,network_error,NETWORK_ERROR,624,failed
ATT_0001580,TXN_003961,1,2026-08-26 08:15:00,UPI,bank_timeout,TIMEOUT,4192,failed
ATT_0001581,TXN_003964,1,2026-07-08 06:30:00,UPI,bank_timeout,TIMEOUT,1910,failed
ATT_0001582,TXN_003964,2,2026-07-08 07:06:00,UPI,bank_timeout,TIMEOUT,4837,failed
ATT_0001583,TXN_003964,3,2026-07-08 07:51:00,UPI,bank_timeout,TIMEOUT,1880,failed
ATT_0001584,TXN_003975,1,2026-07-03 10:59:00,UPI,authentication_failure,AUTH_FAILED,3180,failed
ATT_0001585,TXN_003975,2,2026-07-03 11:48:00,UPI,authentication_failure,AUTH_FAILED,2819,failed
ATT_0001586,TXN_003975,3,2026-07-03 12:19:00,UPI,authentication_failure,AUTH_FAILED,4117,failed
ATT_0001587,TXN_003977,1,2026-08-13 08:19:00,Card,network_error,NETWORK_ERROR,2633,failed
ATT_0001588,TXN_003977,2,2026-08-13 09:19:00,Card,network_error,NETWORK_ERROR,422,failed
ATT_0001589,TXN_003978,1,2026-07-02 19:30:00,UPI,bank_timeout,TIMEOUT,551,failed
ATT_0001590,TXN_003979,1,2026-07-17 12:23:00,UPI,network_error,NETWORK_ERROR,3760,failed
ATT_0001591,TXN_003979,2,2026-07-17 12:50:00,UPI,network_error,NETWORK_ERROR,1545,failed
ATT_0001592,TXN_003983,1,2026-08-12 12:47:00,UPI,bank_declined,BANK_DECLINED,1041,failed
ATT_0001593,TXN_003995,1,2026-07-16 19:56:00,UPI,bank_declined,BANK_DECLINED,299,failed
ATT_0001594,TXN_004011,1,2026-07-27 07:17:00,UPI,bank_timeout,TIMEOUT,366,failed
ATT_0001595,TXN_004011,2,2026-07-27 07:58:00,UPI,bank_timeout,TIMEOUT,2947,failed
ATT_0001596,TXN_004012,1,2026-07-31 16:08:00,Card,bank_declined,BANK_DECLINED,4307,failed
ATT_0001597,TXN_004016,1,2026-08-22 09:57:00,UPI,network_error,NETWORK_ERROR,990,failed
ATT_0001598,TXN_004016,2,2026-08-22 10:29:00,UPI,network_error,NETWORK_ERROR,3057,failed
ATT_0001599,TXN_004017,1,2026-07-17 04:47:00,UPI,bank_timeout,TIMEOUT,3341,failed
ATT_0001600,TXN_004021,1,2026-07-20 19:56:00,UPI,bank_timeout,TIMEOUT,1588,failed
ATT_0001601,TXN_004021,2,2026-07-20 20:49:00,UPI,bank_timeout,TIMEOUT,2433,failed
ATT_0001602,TXN_004021,3,2026-07-20 21:33:00,UPI,bank_timeout,TIMEOUT,2455,failed
ATT_0001603,TXN_004025,1,2026-08-07 12:04:00,UPI,bank_timeout,TIMEOUT,637,failed
ATT_0001604,TXN_004025,2,2026-08-07 12:32:00,UPI,bank_timeout,TIMEOUT,3302,failed
ATT_0001605,TXN_004029,1,2026-08-10 11:12:00,UPI,bank_timeout,TIMEOUT,1269,failed
ATT_0001606,TXN_004029,2,2026-08-10 12:00:00,UPI,bank_timeout,TIMEOUT,799,failed
ATT_0001607,TXN_004030,1,2026-07-11 12:22:00,NetBanking,bank_declined,BANK_DECLINED,1343,failed
ATT_0001608,TXN_004033,1,2026-08-25 20:25:00,Card,authentication_failure,AUTH_FAILED,4083,failed
ATT_0001609,TXN_004038,1,2026-07-16 23:44:00,Card,authentication_failure,AUTH_FAILED,966,failed
ATT_0001610,TXN_004042,1,2026-08-14 15:45:00,Card,authentication_failure,AUTH_FAILED,4243,failed
ATT_0001611,TXN_004043,1,2026-08-14 15:12:00,Wallet,bank_timeout,TIMEOUT,833,failed
ATT_0001612,TXN_004053,1,2026-07-04 11:16:00,Card,expired_card,CARD_EXPIRED,217,failed
ATT_0001613,TXN_004064,1,2026-07-29 01:33:00,Card,insufficient_funds,INSUFFICIENT_FUNDS,1377,failed
ATT_0001614,TXN_004065,1,2026-08-12 18:27:00,UPI,bank_declined,BANK_DECLINED,3639,failed
ATT_0001615,TXN_004065,2,2026-08-12 18:55:00,UPI,bank_declined,BANK_DECLINED,4874,failed
ATT_0001616,TXN_004072,1,2026-08-05 08:09:00,UPI,authentication_failure,AUTH_FAILED,1387,failed
ATT_0001617,TXN_004073,1,2026-08-01 18:27:00,Card,insufficient_funds,INSUFFICIENT_FUNDS,595,failed
ATT_0001618,TXN_004080,1,2026-07-07 10:54:00,Card,insufficient_funds,INSUFFICIENT_FUNDS,4840,failed
ATT_0001619,TXN_004080,2,2026-07-07 11:24:00,Card,insufficient_funds,INSUFFICIENT_FUNDS,2994,failed
ATT_0001620,TXN_004081,1,2026-07-09 12:17:00,UPI,authentication_failure,AUTH_FAILED,1363,failed
ATT_0001621,TXN_004082,1,2026-07-25 21:12:00,NetBanking,bank_declined,BANK_DECLINED,4728,failed
ATT_0001622,TXN_004082,2,2026-07-25 21:48:00,NetBanking,bank_declined,BANK_DECLINED,943,failed
ATT_0001623,TXN_004088,1,2026-08-09 00:16:00,UPI,network_error,NETWORK_ERROR,4692,failed
ATT_0001624,TXN_004088,2,2026-08-09 01:13:00,UPI,network_error,NETWORK_ERROR,2137,failed
ATT_0001625,TXN_004089,1,2026-08-06 00:59:00,UPI,network_error,NETWORK_ERROR,541,failed
ATT_0001626,TXN_004092,1,2026-07-11 17:28:00,UPI,bank_timeout,TIMEOUT,257,failed
ATT_0001627,TXN_004093,1,2026-07-04 04:08:00,UPI,bank_timeout,TIMEOUT,4032,failed
ATT_0001628,TXN_004099,1,2026-07-17 15:28:00,Card,expired_card,CARD_EXPIRED,3178,failed
ATT_0001629,TXN_004099,2,2026-07-17 15:44:00,Card,expired_card,CARD_EXPIRED,1818,failed
ATT_0001630,TXN_004099,3,2026-07-17 16:27:00,Card,expired_card,CARD_EXPIRED,546,failed
ATT_0001631,TXN_004108,1,2026-07-01 09:46:00,UPI,bank_declined,BANK_DECLINED,2110,failed
ATT_0001632,TXN_004110,1,2026-08-19 10:40:00,UPI,bank_declined,BANK_DECLINED,3978,failed
ATT_0001633,TXN_004112,1,2026-07-27 17:20:00,Wallet,bank_timeout,TIMEOUT,4457,failed
ATT_0001634,TXN_004113,1,2026-08-06 15:50:00,UPI,bank_declined,BANK_DECLINED,562,failed
ATT_0001635,TXN_004114,1,2026-07-26 04:58:00,UPI,network_error,NETWORK_ERROR,3541,failed
ATT_0001636,TXN_004121,1,2026-08-03 07:26:00,UPI,bank_declined,BANK_DECLINED,2267,failed
ATT_0001637,TXN_004122,1,2026-08-04 08:33:00,Card,insufficient_funds,INSUFFICIENT_FUNDS,1259,failed
ATT_0001638,TXN_004122,2,2026-08-04 09:02:00,Card,insufficient_funds,INSUFFICIENT_FUNDS,640,failed
ATT_0001639,TXN_004125,1,2026-08-16 19:11:00,UPI,bank_declined,BANK_DECLINED,2889,failed
ATT_0001640,TXN_004125,2,2026-08-16 20:01:00,UPI,bank_declined,BANK_DECLINED,2125,failed
ATT_0001641,TXN_004125,3,2026-08-16 20:34:00,UPI,bank_declined,BANK_DECLINED,1025,failed
ATT_0001642,TXN_004129,1,2026-07-18 08:48:00,UPI,bank_declined,BANK_DECLINED,469,failed
ATT_0001643,TXN_004133,1,2026-07-22 21:41:00,UPI,authentication_failure,AUTH_FAILED,3606,failed
ATT_0001644,TXN_004134,1,2026-07-30 05:32:00,Card,bank_declined,BANK_DECLINED,960,failed
ATT_0001645,TXN_004139,1,2026-08-11 19:00:00,UPI,authentication_failure,AUTH_FAILED,4898,failed
ATT_0001646,TXN_004140,1,2026-08-11 13:50:00,Card,bank_declined,BANK_DECLINED,3347,failed
ATT_0001647,TXN_004140,2,2026-08-11 14:35:00,Card,bank_declined,BANK_DECLINED,447,failed
ATT_0001648,TXN_004141,1,2026-08-06 03:05:00,UPI,network_error,NETWORK_ERROR,2796,failed
ATT_0001649,TXN_004144,1,2026-08-11 10:59:00,UPI,bank_declined,BANK_DECLINED,3899,failed
ATT_0001650,TXN_004146,1,2026-08-26 03:52:00,NetBanking,network_error,NETWORK_ERROR,688,failed
ATT_0001651,TXN_004154,1,2026-07-23 11:14:00,Card,bank_declined,BANK_DECLINED,2021,failed
ATT_0001652,TXN_004154,2,2026-07-23 11:22:00,Card,bank_declined,BANK_DECLINED,960,failed
ATT_0001653,TXN_004156,1,2026-08-11 09:59:00,Card,bank_declined,BANK_DECLINED,3890,failed
ATT_0001654,TXN_004159,1,2026-08-21 17:35:00,Card,bank_declined,BANK_DECLINED,760,failed
ATT_0001655,TXN_004161,1,2026-07-09 04:21:00,UPI,bank_timeout,TIMEOUT,562,failed
ATT_0001656,TXN_004162,1,2026-08-07 02:39:00,UPI,bank_declined,BANK_DECLINED,4481,failed
ATT_0001657,TXN_004165,1,2026-08-24 22:19:00,Card,network_error,NETWORK_ERROR,2793,failed
ATT_0001658,TXN_004167,1,2026-07-10 17:54:00,Card,bank_declined,BANK_DECLINED,925,failed
ATT_0001659,TXN_004169,1,2026-07-04 16:50:00,UPI,authentication_failure,AUTH_FAILED,313,failed
ATT_0001660,TXN_004169,2,2026-07-04 17:35:00,UPI,authentication_failure,AUTH_FAILED,3444,failed
ATT_0001661,TXN_004169,3,2026-07-04 17:48:00,UPI,authentication_failure,AUTH_FAILED,3302,failed
ATT_0001662,TXN_004175,1,2026-07-24 09:36:00,NetBanking,authentication_failure,AUTH_FAILED,3118,failed
ATT_0001663,TXN_004176,1,2026-08-17 20:41:00,UPI,network_error,NETWORK_ERROR,4095,failed
ATT_0001664,TXN_004181,1,2026-08-20 01:43:00,NetBanking,network_error,NETWORK_ERROR,4424,failed
ATT_0001665,TXN_004191,1,2026-07-25 22:38:00,Card,network_error,NETWORK_ERROR,1590,failed
ATT_0001666,TXN_004191,2,2026-07-25 23:23:00,Card,network_error,NETWORK_ERROR,2302,failed
ATT_0001667,TXN_004194,1,2026-07-21 23:01:00,Card,expired_card,CARD_EXPIRED,1718,failed
ATT_0001668,TXN_004197,1,2026-07-06 11:24:00,UPI,bank_timeout,TIMEOUT,3362,failed
ATT_0001669,TXN_004201,1,2026-07-10 08:17:00,UPI,bank_declined,BANK_DECLINED,1110,failed
ATT_0001670,TXN_004201,2,2026-07-10 08:41:00,UPI,bank_declined,BANK_DECLINED,4125,failed
ATT_0001671,TXN_004202,1,2026-08-23 11:30:00,NetBanking,bank_declined,BANK_DECLINED,1819,failed
ATT_0001672,TXN_004202,2,2026-08-23 12:24:00,NetBanking,bank_declined,BANK_DECLINED,2577,failed
ATT_0001673,TXN_004203,1,2026-08-10 14:21:00,Card,insufficient_funds,INSUFFICIENT_FUNDS,610,failed
ATT_0001674,TXN_004204,1,2026-07-26 20:38:00,UPI,network_error,NETWORK_ERROR,3919,failed
ATT_0001675,TXN_004205,1,2026-07-28 23:16:00,UPI,network_error,NETWORK_ERROR,3322,failed
ATT_0001676,TXN_004206,1,2026-08-25 05:12:00,Card,network_error,NETWORK_ERROR,4582,failed
ATT_0001677,TXN_004209,1,2026-08-14 08:05:00,Wallet,bank_declined,BANK_DECLINED,2258,failed
ATT_0001678,TXN_004211,1,2026-08-16 22:29:00,UPI,bank_declined,BANK_DECLINED,2419,failed
ATT_0001679,TXN_004218,1,2026-08-13 18:46:00,UPI,bank_timeout,TIMEOUT,4735,failed
ATT_0001680,TXN_004218,2,2026-08-13 19:27:00,UPI,bank_timeout,TIMEOUT,912,failed
ATT_0001681,TXN_004223,1,2026-08-26 16:09:00,Wallet,insufficient_funds,INSUFFICIENT_FUNDS,1408,failed
ATT_0001682,TXN_004223,2,2026-08-26 16:31:00,Wallet,insufficient_funds,INSUFFICIENT_FUNDS,245,failed
ATT_0001683,TXN_004223,3,2026-08-26 16:52:00,Wallet,insufficient_funds,INSUFFICIENT_FUNDS,4079,failed
ATT_0001684,TXN_004224,1,2026-08-14 16:33:00,Wallet,insufficient_funds,INSUFFICIENT_FUNDS,4409,failed
ATT_0001685,TXN_004225,1,2026-08-08 14:58:00,UPI,bank_timeout,TIMEOUT,2312,failed
ATT_0001686,TXN_004225,2,2026-08-08 15:44:00,UPI,bank_timeout,TIMEOUT,973,failed
ATT_0001687,TXN_004226,1,2026-07-12 12:30:00,NetBanking,network_error,NETWORK_ERROR,2053,failed
ATT_0001688,TXN_004226,2,2026-07-12 12:48:00,NetBanking,network_error,NETWORK_ERROR,2299,failed
ATT_0001689,TXN_004230,1,2026-08-10 00:21:00,UPI,bank_timeout,TIMEOUT,966,failed
ATT_0001690,TXN_004232,1,2026-07-31 12:35:00,NetBanking,bank_declined,BANK_DECLINED,1516,failed
ATT_0001691,TXN_004233,1,2026-07-10 09:42:00,Wallet,bank_declined,BANK_DECLINED,4103,failed
ATT_0001692,TXN_004234,1,2026-07-11 18:54:00,UPI,bank_timeout,TIMEOUT,2818,failed
ATT_0001693,TXN_004235,1,2026-08-09 10:11:00,Card,network_error,NETWORK_ERROR,2995,failed
ATT_0001694,TXN_004238,1,2026-07-09 14:24:00,Card,insufficient_funds,INSUFFICIENT_FUNDS,3207,failed
ATT_0001695,TXN_004241,1,2026-08-13 14:32:00,Card,expired_card,CARD_EXPIRED,4021,failed
ATT_0001696,TXN_004242,1,2026-07-16 17:28:00,Wallet,insufficient_funds,INSUFFICIENT_FUNDS,1379,failed
ATT_0001697,TXN_004242,2,2026-07-16 18:14:00,Wallet,insufficient_funds,INSUFFICIENT_FUNDS,1976,failed
ATT_0001698,TXN_004247,1,2026-07-14 17:52:00,Card,authentication_failure,AUTH_FAILED,3693,failed
ATT_0001699,TXN_004249,1,2026-08-09 04:53:00,Card,authentication_failure,AUTH_FAILED,1669,failed
ATT_0001700,TXN_004250,1,2026-08-18 02:08:00,UPI,bank_declined,BANK_DECLINED,3551,failed
ATT_0001701,TXN_004256,1,2026-08-20 09:24:00,Card,bank_declined,BANK_DECLINED,4199,failed
ATT_0001702,TXN_004258,1,2026-07-04 10:31:00,Card,network_error,NETWORK_ERROR,4819,failed
ATT_0001703,TXN_004259,1,2026-08-20 09:04:00,UPI,network_error,NETWORK_ERROR,4020,failed
ATT_0001704,TXN_004260,1,2026-07-15 03:35:00,Card,network_error,NETWORK_ERROR,1929,failed
ATT_0001705,TXN_004263,1,2026-08-21 05:55:00,Card,insufficient_funds,INSUFFICIENT_FUNDS,3865,failed
ATT_0001706,TXN_004266,1,2026-07-11 05:22:00,UPI,bank_declined,BANK_DECLINED,394,failed
ATT_0001707,TXN_004266,2,2026-07-11 06:21:00,UPI,bank_declined,BANK_DECLINED,4784,failed
ATT_0001708,TXN_004266,3,2026-07-11 07:07:00,UPI,bank_declined,BANK_DECLINED,4737,failed
ATT_0001709,TXN_004273,1,2026-07-22 03:39:00,Card,bank_declined,BANK_DECLINED,4954,failed
ATT_0001710,TXN_004274,1,2026-07-31 10:39:00,UPI,bank_declined,BANK_DECLINED,2106,failed
ATT_0001711,TXN_004275,1,2026-07-24 16:36:00,UPI,bank_timeout,TIMEOUT,245,failed
ATT_0001712,TXN_004282,1,2026-08-23 20:28:00,UPI,network_error,NETWORK_ERROR,4888,failed
ATT_0001713,TXN_004282,2,2026-08-23 20:43:00,UPI,network_error,NETWORK_ERROR,3343,failed
ATT_0001714,TXN_004283,1,2026-07-18 13:50:00,Card,insufficient_funds,INSUFFICIENT_FUNDS,2474,failed
ATT_0001715,TXN_004287,1,2026-07-25 10:12:00,UPI,bank_timeout,TIMEOUT,1092,failed
ATT_0001716,TXN_004287,2,2026-07-25 11:00:00,UPI,bank_timeout,TIMEOUT,4918,failed
ATT_0001717,TXN_004299,1,2026-07-13 20:58:00,Card,bank_declined,BANK_DECLINED,365,failed
ATT_0001718,TXN_004301,1,2026-08-20 13:08:00,UPI,bank_timeout,TIMEOUT,3947,failed
ATT_0001719,TXN_004305,1,2026-08-18 03:40:00,UPI,network_error,NETWORK_ERROR,2166,failed
ATT_0001720,TXN_004306,1,2026-07-22 19:24:00,Card,bank_declined,BANK_DECLINED,439,failed
ATT_0001721,TXN_004306,2,2026-07-22 20:18:00,Card,bank_declined,BANK_DECLINED,3008,failed
ATT_0001722,TXN_004307,1,2026-08-24 11:42:00,Card,network_error,NETWORK_ERROR,1993,failed
ATT_0001723,TXN_004307,2,2026-08-24 12:38:00,Card,network_error,NETWORK_ERROR,584,failed
ATT_0001724,TXN_004309,1,2026-08-07 22:12:00,Card,authentication_failure,AUTH_FAILED,436,failed
ATT_0001725,TXN_004310,1,2026-07-23 09:32:00,Wallet,network_error,NETWORK_ERROR,4326,failed
ATT_0001726,TXN_004310,2,2026-07-23 10:06:00,Wallet,network_error,NETWORK_ERROR,3705,failed
ATT_0001727,TXN_004312,1,2026-07-30 21:23:00,Card,insufficient_funds,INSUFFICIENT_FUNDS,1521,failed
ATT_0001728,TXN_004312,2,2026-07-30 21:44:00,Card,insufficient_funds,INSUFFICIENT_FUNDS,2020,failed
ATT_0001729,TXN_004317,1,2026-08-21 21:31:00,UPI,bank_timeout,TIMEOUT,2118,failed
ATT_0001730,TXN_004317,2,2026-08-21 22:04:00,UPI,bank_timeout,TIMEOUT,2200,failed
ATT_0001731,TXN_004323,1,2026-07-05 22:19:00,UPI,network_error,NETWORK_ERROR,4028,failed
ATT_0001732,TXN_004324,1,2026-08-26 20:49:00,NetBanking,network_error,NETWORK_ERROR,1002,failed
ATT_0001733,TXN_004326,1,2026-08-18 23:07:00,Card,insufficient_funds,INSUFFICIENT_FUNDS,1546,failed
ATT_0001734,TXN_004328,1,2026-07-13 23:44:00,UPI,bank_timeout,TIMEOUT,1800,failed
ATT_0001735,TXN_004334,1,2026-08-02 18:16:00,UPI,authentication_failure,AUTH_FAILED,2103,failed
ATT_0001736,TXN_004335,1,2026-07-30 13:53:00,UPI,network_error,NETWORK_ERROR,2205,failed
ATT_0001737,TXN_004339,1,2026-08-03 03:24:00,Card,expired_card,CARD_EXPIRED,4983,failed
ATT_0001738,TXN_004339,2,2026-08-03 04:02:00,Card,expired_card,CARD_EXPIRED,1367,failed
ATT_0001739,TXN_004345,1,2026-07-13 14:33:00,UPI,network_error,NETWORK_ERROR,3825,failed
ATT_0001740,TXN_004348,1,2026-08-25 20:03:00,UPI,network_error,NETWORK_ERROR,1946,failed
ATT_0001741,TXN_004350,1,2026-07-18 12:14:00,Card,expired_card,CARD_EXPIRED,1281,failed
ATT_0001742,TXN_004353,1,2026-07-03 09:45:00,Card,insufficient_funds,INSUFFICIENT_FUNDS,659,failed
ATT_0001743,TXN_004353,2,2026-07-03 09:59:00,Card,insufficient_funds,INSUFFICIENT_FUNDS,1137,failed
ATT_0001744,TXN_004357,1,2026-07-06 21:27:00,UPI,bank_declined,BANK_DECLINED,2761,failed
ATT_0001745,TXN_004362,1,2026-07-14 21:40:00,UPI,bank_timeout,TIMEOUT,2942,failed
ATT_0001746,TXN_004362,2,2026-07-14 22:10:00,UPI,bank_timeout,TIMEOUT,635,failed
ATT_0001747,TXN_004366,1,2026-08-21 23:41:00,UPI,bank_timeout,TIMEOUT,4330,failed
ATT_0001748,TXN_004366,2,2026-08-21 23:51:00,UPI,bank_timeout,TIMEOUT,2553,failed
ATT_0001749,TXN_004368,1,2026-08-05 06:39:00,Card,network_error,NETWORK_ERROR,4627,failed
ATT_0001750,TXN_004375,1,2026-08-20 06:54:00,Card,bank_declined,BANK_DECLINED,400,failed
ATT_0001751,TXN_004382,1,2026-08-21 04:39:00,UPI,bank_declined,BANK_DECLINED,2425,failed
ATT_0001752,TXN_004382,2,2026-08-21 05:03:00,UPI,bank_declined,BANK_DECLINED,1816,failed
ATT_0001753,TXN_004387,1,2026-07-19 20:50:00,Card,insufficient_funds,INSUFFICIENT_FUNDS,3858,failed
ATT_0001754,TXN_004388,1,2026-08-05 14:11:00,Card,bank_declined,BANK_DECLINED,2421,failed
ATT_0001755,TXN_004389,1,2026-07-16 21:06:00,Wallet,bank_timeout,TIMEOUT,403,failed
ATT_0001756,TXN_004389,2,2026-07-16 21:25:00,Wallet,bank_timeout,TIMEOUT,2723,failed
ATT_0001757,TXN_004389,3,2026-07-16 21:56:00,Wallet,bank_timeout,TIMEOUT,4436,failed
ATT_0001758,TXN_004391,1,2026-07-31 12:23:00,UPI,bank_timeout,TIMEOUT,1570,failed
ATT_0001759,TXN_004391,2,2026-07-31 12:48:00,UPI,bank_timeout,TIMEOUT,3375,failed
ATT_0001760,TXN_004393,1,2026-08-19 16:41:00,UPI,network_error,NETWORK_ERROR,4471,failed
ATT_0001761,TXN_004393,2,2026-08-19 17:12:00,UPI,network_error,NETWORK_ERROR,723,failed
ATT_0001762,TXN_004394,1,2026-07-14 18:18:00,Card,authentication_failure,AUTH_FAILED,4374,failed
ATT_0001763,TXN_004401,1,2026-07-27 20:32:00,Card,network_error,NETWORK_ERROR,1239,failed
ATT_0001764,TXN_004401,2,2026-07-27 21:28:00,Card,network_error,NETWORK_ERROR,2611,failed
ATT_0001765,TXN_004405,1,2026-07-20 05:23:00,UPI,network_error,NETWORK_ERROR,837,failed
ATT_0001766,TXN_004406,1,2026-08-19 12:27:00,NetBanking,network_error,NETWORK_ERROR,4138,failed
ATT_0001767,TXN_004407,1,2026-08-22 04:52:00,Card,bank_declined,BANK_DECLINED,3668,failed
ATT_0001768,TXN_004407,2,2026-08-22 05:44:00,Card,bank_declined,BANK_DECLINED,670,failed
ATT_0001769,TXN_004411,1,2026-08-26 22:00:00,Wallet,bank_timeout,TIMEOUT,3613,failed
ATT_0001770,TXN_004411,2,2026-08-26 22:56:00,Wallet,bank_timeout,TIMEOUT,169,failed
ATT_0001771,TXN_004413,1,2026-07-30 23:12:00,Card,authentication_failure,AUTH_FAILED,4538,failed
ATT_0001772,TXN_004418,1,2026-08-20 08:43:00,Wallet,insufficient_funds,INSUFFICIENT_FUNDS,288,failed
ATT_0001773,TXN_004421,1,2026-08-10 21:46:00,UPI,bank_timeout,TIMEOUT,3134,failed
ATT_0001774,TXN_004421,2,2026-08-10 22:40:00,UPI,bank_timeout,TIMEOUT,3162,failed
ATT_0001775,TXN_004427,1,2026-08-03 06:57:00,UPI,authentication_failure,AUTH_FAILED,4971,failed
ATT_0001776,TXN_004427,2,2026-08-03 07:56:00,UPI,authentication_failure,AUTH_FAILED,4431,failed
ATT_0001777,TXN_004429,1,2026-08-10 16:08:00,Card,insufficient_funds,INSUFFICIENT_FUNDS,4308,failed
ATT_0001778,TXN_004431,1,2026-07-09 01:38:00,UPI,bank_declined,BANK_DECLINED,1855,failed
ATT_0001779,TXN_004432,1,2026-07-31 17:08:00,NetBanking,bank_timeout,TIMEOUT,2352,failed
ATT_0001780,TXN_004437,1,2026-08-14 19:42:00,Wallet,bank_timeout,TIMEOUT,2181,failed
ATT_0001781,TXN_004437,2,2026-08-14 19:53:00,Wallet,bank_timeout,TIMEOUT,1729,failed
ATT_0001782,TXN_004438,1,2026-08-25 18:08:00,UPI,bank_timeout,TIMEOUT,4182,failed
ATT_0001783,TXN_004443,1,2026-07-08 18:37:00,UPI,bank_timeout,TIMEOUT,4007,failed
ATT_0001784,TXN_004444,1,2026-07-07 15:41:00,Card,insufficient_funds,INSUFFICIENT_FUNDS,2861,failed
ATT_0001785,TXN_004444,2,2026-07-07 16:20:00,Card,insufficient_funds,INSUFFICIENT_FUNDS,3184,failed
ATT_0001786,TXN_004449,1,2026-08-23 07:19:00,UPI,authentication_failure,AUTH_FAILED,3942,failed
ATT_0001787,TXN_004450,1,2026-07-23 11:36:00,UPI,bank_timeout,TIMEOUT,882,failed
ATT_0001788,TXN_004452,1,2026-08-02 05:39:00,UPI,bank_declined,BANK_DECLINED,389,failed
ATT_0001789,TXN_004456,1,2026-07-31 04:29:00,Card,authentication_failure,AUTH_FAILED,4498,failed
ATT_0001790,TXN_004465,1,2026-08-23 01:02:00,Card,bank_declined,BANK_DECLINED,3753,failed
ATT_0001791,TXN_004465,2,2026-08-23 01:57:00,Card,bank_declined,BANK_DECLINED,778,failed
ATT_0001792,TXN_004469,1,2026-08-19 10:11:00,NetBanking,bank_timeout,TIMEOUT,291,failed
ATT_0001793,TXN_004472,1,2026-07-18 19:30:00,UPI,bank_timeout,TIMEOUT,2188,failed
ATT_0001794,TXN_004475,1,2026-07-26 18:04:00,Card,insufficient_funds,INSUFFICIENT_FUNDS,4931,failed
ATT_0001795,TXN_004475,2,2026-07-26 19:03:00,Card,insufficient_funds,INSUFFICIENT_FUNDS,2899,failed
ATT_0001796,TXN_004475,3,2026-07-26 19:14:00,Card,insufficient_funds,INSUFFICIENT_FUNDS,3595,failed
ATT_0001797,TXN_004476,1,2026-07-20 11:57:00,Card,bank_declined,BANK_DECLINED,986,failed
ATT_0001798,TXN_004476,2,2026-07-20 12:57:00,Card,bank_declined,BANK_DECLINED,1683,failed
ATT_0001799,TXN_004478,1,2026-07-29 08:39:00,Card,network_error,NETWORK_ERROR,2635,failed
ATT_0001800,TXN_004478,2,2026-07-29 09:09:00,Card,network_error,NETWORK_ERROR,3435,failed
ATT_0001801,TXN_004481,1,2026-08-23 11:21:00,UPI,bank_timeout,TIMEOUT,4463,failed
ATT_0001802,TXN_004482,1,2026-07-30 17:41:00,UPI,bank_timeout,TIMEOUT,4208,failed
ATT_0001803,TXN_004486,1,2026-08-21 09:01:00,UPI,bank_declined,BANK_DECLINED,3938,failed
ATT_0001804,TXN_004488,1,2026-08-03 08:40:00,Wallet,insufficient_funds,INSUFFICIENT_FUNDS,751,failed
ATT_0001805,TXN_004491,1,2026-07-01 22:28:00,UPI,bank_declined,BANK_DECLINED,1514,failed
ATT_0001806,TXN_004497,1,2026-07-01 23:58:00,Card,authentication_failure,AUTH_FAILED,4441,failed
ATT_0001807,TXN_004498,1,2026-08-24 21:33:00,Card,network_error,NETWORK_ERROR,662,failed
ATT_0001808,TXN_004498,2,2026-08-24 22:26:00,Card,network_error,NETWORK_ERROR,3624,failed
ATT_0001809,TXN_004498,3,2026-08-24 23:07:00,Card,network_error,NETWORK_ERROR,1543,failed
ATT_0001810,TXN_004499,1,2026-08-11 13:31:00,Card,insufficient_funds,INSUFFICIENT_FUNDS,4748,failed
ATT_0001811,TXN_004502,1,2026-08-15 13:30:00,UPI,network_error,NETWORK_ERROR,2356,failed
ATT_0001812,TXN_004505,1,2026-08-03 21:02:00,Card,insufficient_funds,INSUFFICIENT_FUNDS,4697,failed
ATT_0001813,TXN_004506,1,2026-08-07 14:13:00,Card,bank_declined,BANK_DECLINED,2588,failed
ATT_0001814,TXN_004506,2,2026-08-07 14:22:00,Card,bank_declined,BANK_DECLINED,3661,failed
ATT_0001815,TXN_004506,3,2026-08-07 14:56:00,Card,bank_declined,BANK_DECLINED,4789,failed
ATT_0001816,TXN_004509,1,2026-07-31 21:27:00,Wallet,bank_timeout,TIMEOUT,501,failed
ATT_0001817,TXN_004512,1,2026-07-30 00:53:00,Card,network_error,NETWORK_ERROR,2786,failed
ATT_0001818,TXN_004512,2,2026-07-30 01:26:00,Card,network_error,NETWORK_ERROR,2783,failed
ATT_0001819,TXN_004515,1,2026-08-11 19:16:00,UPI,bank_declined,BANK_DECLINED,2488,failed
ATT_0001820,TXN_004515,2,2026-08-11 20:11:00,UPI,bank_declined,BANK_DECLINED,4110,failed
ATT_0001821,TXN_004522,1,2026-08-10 23:05:00,Card,authentication_failure,AUTH_FAILED,1435,failed
ATT_0001822,TXN_004523,1,2026-07-30 08:33:00,UPI,bank_declined,BANK_DECLINED,4256,failed
ATT_0001823,TXN_004526,1,2026-07-31 17:56:00,UPI,network_error,NETWORK_ERROR,570,failed
ATT_0001824,TXN_004527,1,2026-07-22 08:41:00,UPI,network_error,NETWORK_ERROR,4317,failed
ATT_0001825,TXN_004532,1,2026-08-12 06:39:00,Card,network_error,NETWORK_ERROR,3934,failed
ATT_0001826,TXN_004535,1,2026-07-07 08:52:00,Card,insufficient_funds,INSUFFICIENT_FUNDS,2654,failed
ATT_0001827,TXN_004535,2,2026-07-07 09:46:00,Card,insufficient_funds,INSUFFICIENT_FUNDS,4081,failed
ATT_0001828,TXN_004535,3,2026-07-07 10:15:00,Card,insufficient_funds,INSUFFICIENT_FUNDS,4383,failed
ATT_0001829,TXN_004540,1,2026-07-09 14:30:00,UPI,bank_timeout,TIMEOUT,4504,failed
ATT_0001830,TXN_004542,1,2026-08-03 03:14:00,Card,expired_card,CARD_EXPIRED,2130,failed
ATT_0001831,TXN_004547,1,2026-07-04 05:27:00,UPI,network_error,NETWORK_ERROR,758,failed
ATT_0001832,TXN_004550,1,2026-07-26 09:36:00,UPI,network_error,NETWORK_ERROR,459,failed
ATT_0001833,TXN_004551,1,2026-08-26 03:02:00,UPI,bank_declined,BANK_DECLINED,4039,failed
ATT_0001834,TXN_004551,2,2026-08-26 03:15:00,UPI,bank_declined,BANK_DECLINED,1771,failed
ATT_0001835,TXN_004558,1,2026-07-23 13:47:00,UPI,network_error,NETWORK_ERROR,1869,failed
ATT_0001836,TXN_004559,1,2026-08-05 01:40:00,Card,insufficient_funds,INSUFFICIENT_FUNDS,1808,failed
ATT_0001837,TXN_004561,1,2026-07-30 12:45:00,UPI,network_error,NETWORK_ERROR,2992,failed
ATT_0001838,TXN_004563,1,2026-08-15 04:39:00,UPI,bank_timeout,TIMEOUT,2108,failed
ATT_0001839,TXN_004569,1,2026-07-11 09:49:00,Card,authentication_failure,AUTH_FAILED,940,failed
ATT_0001840,TXN_004570,1,2026-08-13 05:31:00,UPI,bank_timeout,TIMEOUT,2061,failed
ATT_0001841,TXN_004574,1,2026-07-01 19:05:00,UPI,bank_declined,BANK_DECLINED,2095,failed
ATT_0001842,TXN_004578,1,2026-07-13 17:12:00,UPI,bank_timeout,TIMEOUT,4492,failed
ATT_0001843,TXN_004580,1,2026-07-02 13:22:00,UPI,bank_declined,BANK_DECLINED,497,failed
ATT_0001844,TXN_004586,1,2026-08-26 08:09:00,NetBanking,network_error,NETWORK_ERROR,802,failed
ATT_0001845,TXN_004596,1,2026-07-23 14:07:00,Card,insufficient_funds,INSUFFICIENT_FUNDS,4306,failed
ATT_0001846,TXN_004602,1,2026-07-03 20:47:00,UPI,bank_declined,BANK_DECLINED,3141,failed
ATT_0001847,TXN_004603,1,2026-07-11 13:53:00,UPI,network_error,NETWORK_ERROR,3273,failed
ATT_0001848,TXN_004611,1,2026-07-06 04:28:00,UPI,network_error,NETWORK_ERROR,389,failed
ATT_0001849,TXN_004611,2,2026-07-06 05:24:00,UPI,network_error,NETWORK_ERROR,3000,failed
ATT_0001850,TXN_004611,3,2026-07-06 05:52:00,UPI,network_error,NETWORK_ERROR,226,failed
ATT_0001851,TXN_004612,1,2026-08-05 10:59:00,Card,insufficient_funds,INSUFFICIENT_FUNDS,1098,failed
ATT_0001852,TXN_004612,2,2026-08-05 11:21:00,Card,insufficient_funds,INSUFFICIENT_FUNDS,1100,failed
ATT_0001853,TXN_004614,1,2026-07-04 23:29:00,Wallet,network_error,NETWORK_ERROR,1150,failed
ATT_0001854,TXN_004617,1,2026-07-21 11:55:00,NetBanking,bank_declined,BANK_DECLINED,1342,failed
ATT_0001855,TXN_004617,2,2026-07-21 12:00:00,NetBanking,bank_declined,BANK_DECLINED,3743,failed
ATT_0001856,TXN_004620,1,2026-07-27 01:23:00,Wallet,bank_timeout,TIMEOUT,759,failed
ATT_0001857,TXN_004621,1,2026-08-19 02:14:00,Card,expired_card,CARD_EXPIRED,3850,failed
ATT_0001858,TXN_004621,2,2026-08-19 03:04:00,Card,expired_card,CARD_EXPIRED,1056,failed
ATT_0001859,TXN_004624,1,2026-07-22 01:42:00,UPI,network_error,NETWORK_ERROR,3701,failed
ATT_0001860,TXN_004625,1,2026-07-05 03:02:00,NetBanking,bank_timeout,TIMEOUT,3986,failed
ATT_0001861,TXN_004625,2,2026-07-05 03:16:00,NetBanking,bank_timeout,TIMEOUT,2370,failed
ATT_0001862,TXN_004627,1,2026-08-14 04:47:00,UPI,bank_timeout,TIMEOUT,1943,failed
ATT_0001863,TXN_004629,1,2026-08-11 05:41:00,NetBanking,network_error,NETWORK_ERROR,1109,failed
ATT_0001864,TXN_004629,2,2026-08-11 06:29:00,NetBanking,network_error,NETWORK_ERROR,1300,failed
ATT_0001865,TXN_004632,1,2026-07-26 16:34:00,Card,insufficient_funds,INSUFFICIENT_FUNDS,1940,failed
ATT_0001866,TXN_004632,2,2026-07-26 17:31:00,Card,insufficient_funds,INSUFFICIENT_FUNDS,4927,failed
ATT_0001867,TXN_004634,1,2026-08-03 22:11:00,UPI,bank_timeout,TIMEOUT,1936,failed
ATT_0001868,TXN_004637,1,2026-07-14 14:25:00,NetBanking,bank_timeout,TIMEOUT,496,failed
ATT_0001869,TXN_004639,1,2026-07-01 08:17:00,Card,network_error,NETWORK_ERROR,916,failed
ATT_0001870,TXN_004639,2,2026-07-01 08:29:00,Card,network_error,NETWORK_ERROR,4067,failed
ATT_0001871,TXN_004640,1,2026-08-20 01:25:00,Wallet,insufficient_funds,INSUFFICIENT_FUNDS,2873,failed
ATT_0001872,TXN_004640,2,2026-08-20 02:22:00,Wallet,insufficient_funds,INSUFFICIENT_FUNDS,3801,failed
ATT_0001873,TXN_004641,1,2026-08-09 11:09:00,NetBanking,network_error,NETWORK_ERROR,632,failed
ATT_0001874,TXN_004641,2,2026-08-09 11:27:00,NetBanking,network_error,NETWORK_ERROR,3627,failed
ATT_0001875,TXN_004648,1,2026-08-04 12:09:00,UPI,network_error,NETWORK_ERROR,2709,failed
ATT_0001876,TXN_004648,2,2026-08-04 12:31:00,UPI,network_error,NETWORK_ERROR,543,failed
ATT_0001877,TXN_004650,1,2026-08-14 15:10:00,UPI,bank_timeout,TIMEOUT,1537,failed
ATT_0001878,TXN_004650,2,2026-08-14 16:01:00,UPI,bank_timeout,TIMEOUT,3275,failed
ATT_0001879,TXN_004654,1,2026-07-05 18:21:00,UPI,bank_timeout,TIMEOUT,2638,failed
ATT_0001880,TXN_004657,1,2026-07-26 07:23:00,Card,bank_declined,BANK_DECLINED,1448,failed
ATT_0001881,TXN_004658,1,2026-07-11 07:10:00,UPI,bank_declined,BANK_DECLINED,1457,failed
ATT_0001882,TXN_004658,2,2026-07-11 07:22:00,UPI,bank_declined,BANK_DECLINED,3643,failed
ATT_0001883,TXN_004659,1,2026-07-27 01:40:00,NetBanking,network_error,NETWORK_ERROR,3801,failed
ATT_0001884,TXN_004664,1,2026-07-08 09:00:00,Card,expired_card,CARD_EXPIRED,2859,failed
ATT_0001885,TXN_004664,2,2026-07-08 09:19:00,Card,expired_card,CARD_EXPIRED,1651,failed
ATT_0001886,TXN_004665,1,2026-08-12 06:53:00,NetBanking,bank_timeout,TIMEOUT,2537,failed
ATT_0001887,TXN_004666,1,2026-07-05 12:30:00,UPI,bank_declined,BANK_DECLINED,2420,failed
ATT_0001888,TXN_004666,2,2026-07-05 13:26:00,UPI,bank_declined,BANK_DECLINED,2761,failed
ATT_0001889,TXN_004666,3,2026-07-05 13:35:00,UPI,bank_declined,BANK_DECLINED,1619,failed
ATT_0001890,TXN_004667,1,2026-07-17 11:52:00,Wallet,bank_timeout,TIMEOUT,2642,failed
ATT_0001891,TXN_004670,1,2026-07-22 00:15:00,UPI,bank_timeout,TIMEOUT,3293,failed
ATT_0001892,TXN_004670,2,2026-07-22 01:05:00,UPI,bank_timeout,TIMEOUT,638,failed
ATT_0001893,TXN_004671,1,2026-07-05 09:13:00,UPI,bank_timeout,TIMEOUT,3709,failed
ATT_0001894,TXN_004671,2,2026-07-05 10:05:00,UPI,bank_timeout,TIMEOUT,1984,failed
ATT_0001895,TXN_004675,1,2026-07-17 13:21:00,Card,expired_card,CARD_EXPIRED,643,failed
ATT_0001896,TXN_004678,1,2026-07-25 11:17:00,UPI,bank_timeout,TIMEOUT,2972,failed
ATT_0001897,TXN_004678,2,2026-07-25 11:29:00,UPI,bank_timeout,TIMEOUT,1733,failed
ATT_0001898,TXN_004680,1,2026-07-12 19:40:00,Card,bank_declined,BANK_DECLINED,2212,failed
ATT_0001899,TXN_004682,1,2026-07-23 11:28:00,UPI,bank_declined,BANK_DECLINED,4888,failed
ATT_0001900,TXN_004684,1,2026-08-24 00:32:00,Card,expired_card,CARD_EXPIRED,1496,failed
ATT_0001901,TXN_004691,1,2026-07-29 13:45:00,UPI,authentication_failure,AUTH_FAILED,3747,failed
ATT_0001902,TXN_004693,1,2026-08-23 13:50:00,NetBanking,bank_declined,BANK_DECLINED,4471,failed
ATT_0001903,TXN_004693,2,2026-08-23 14:41:00,NetBanking,bank_declined,BANK_DECLINED,4207,failed
ATT_0001904,TXN_004695,1,2026-07-08 14:40:00,NetBanking,bank_declined,BANK_DECLINED,4878,failed
ATT_0001905,TXN_004697,1,2026-07-12 04:18:00,Wallet,network_error,NETWORK_ERROR,3884,failed
ATT_0001906,TXN_004700,1,2026-07-19 02:31:00,Card,insufficient_funds,INSUFFICIENT_FUNDS,935,failed
ATT_0001907,TXN_004700,2,2026-07-19 02:40:00,Card,insufficient_funds,INSUFFICIENT_FUNDS,2983,failed
ATT_0001908,TXN_004700,3,2026-07-19 03:05:00,Card,insufficient_funds,INSUFFICIENT_FUNDS,4392,failed
ATT_0001909,TXN_004705,1,2026-07-24 08:23:00,Wallet,insufficient_funds,INSUFFICIENT_FUNDS,420,failed
ATT_0001910,TXN_004705,2,2026-07-24 08:34:00,Wallet,insufficient_funds,INSUFFICIENT_FUNDS,1464,failed
ATT_0001911,TXN_004706,1,2026-08-19 20:28:00,UPI,network_error,NETWORK_ERROR,4010,failed
ATT_0001912,TXN_004706,2,2026-08-19 20:35:00,UPI,network_error,NETWORK_ERROR,2054,failed
ATT_0001913,TXN_004711,1,2026-08-02 04:13:00,Card,insufficient_funds,INSUFFICIENT_FUNDS,3823,failed
ATT_0001914,TXN_004711,2,2026-08-02 05:06:00,Card,insufficient_funds,INSUFFICIENT_FUNDS,1730,failed
ATT_0001915,TXN_004712,1,2026-08-20 00:50:00,UPI,authentication_failure,AUTH_FAILED,775,failed
ATT_0001916,TXN_004715,1,2026-07-09 00:51:00,NetBanking,bank_timeout,TIMEOUT,485,failed
ATT_0001917,TXN_004718,1,2026-08-24 01:12:00,UPI,authentication_failure,AUTH_FAILED,288,failed
ATT_0001918,TXN_004718,2,2026-08-24 01:22:00,UPI,authentication_failure,AUTH_FAILED,1793,failed
ATT_0001919,TXN_004719,1,2026-08-01 09:01:00,UPI,bank_timeout,TIMEOUT,4854,failed
ATT_0001920,TXN_004719,2,2026-08-01 09:27:00,UPI,bank_timeout,TIMEOUT,1215,failed
ATT_0001921,TXN_004719,3,2026-08-01 10:08:00,UPI,bank_timeout,TIMEOUT,821,failed
ATT_0001922,TXN_004721,1,2026-07-16 12:57:00,UPI,network_error,NETWORK_ERROR,3169,failed
ATT_0001923,TXN_004727,1,2026-07-23 07:42:00,NetBanking,bank_declined,BANK_DECLINED,4742,failed
ATT_0001924,TXN_004727,2,2026-07-23 08:21:00,NetBanking,bank_declined,BANK_DECLINED,4750,failed
ATT_0001925,TXN_004728,1,2026-08-08 16:56:00,UPI,network_error,NETWORK_ERROR,3463,failed
ATT_0001926,TXN_004731,1,2026-08-19 19:57:00,UPI,network_error,NETWORK_ERROR,3101,failed
ATT_0001927,TXN_004732,1,2026-08-03 01:40:00,Card,network_error,NETWORK_ERROR,4367,failed
ATT_0001928,TXN_004736,1,2026-08-03 12:19:00,Card,authentication_failure,AUTH_FAILED,1697,failed
ATT_0001929,TXN_004737,1,2026-07-08 09:32:00,UPI,bank_timeout,TIMEOUT,3314,failed
ATT_0001930,TXN_004737,2,2026-07-08 09:41:00,UPI,bank_timeout,TIMEOUT,4199,failed
ATT_0001931,TXN_004744,1,2026-08-21 14:48:00,UPI,bank_timeout,TIMEOUT,459,failed
ATT_0001932,TXN_004745,1,2026-07-27 02:45:00,UPI,network_error,NETWORK_ERROR,871,failed
ATT_0001933,TXN_004750,1,2026-08-17 16:50:00,NetBanking,bank_declined,BANK_DECLINED,4830,failed
ATT_0001934,TXN_004752,1,2026-07-28 18:44:00,Card,authentication_failure,AUTH_FAILED,4261,failed
ATT_0001935,TXN_004755,1,2026-08-20 12:41:00,Card,insufficient_funds,INSUFFICIENT_FUNDS,1774,failed
ATT_0001936,TXN_004756,1,2026-08-11 22:54:00,Card,expired_card,CARD_EXPIRED,3909,failed
ATT_0001937,TXN_004759,1,2026-07-09 12:44:00,Wallet,bank_timeout,TIMEOUT,274,failed
ATT_0001938,TXN_004760,1,2026-07-12 03:05:00,UPI,network_error,NETWORK_ERROR,3191,failed
ATT_0001939,TXN_004766,1,2026-07-27 17:24:00,UPI,bank_timeout,TIMEOUT,2723,failed
ATT_0001940,TXN_004766,2,2026-07-27 17:32:00,UPI,bank_timeout,TIMEOUT,3067,failed
ATT_0001941,TXN_004769,1,2026-07-15 07:28:00,Card,network_error,NETWORK_ERROR,4013,failed
ATT_0001942,TXN_004770,1,2026-08-01 04:07:00,Card,network_error,NETWORK_ERROR,1050,failed
ATT_0001943,TXN_004770,2,2026-08-01 04:19:00,Card,network_error,NETWORK_ERROR,3181,failed
ATT_0001944,TXN_004772,1,2026-07-26 10:26:00,UPI,network_error,NETWORK_ERROR,4555,failed
ATT_0001945,TXN_004774,1,2026-08-03 23:06:00,UPI,bank_declined,BANK_DECLINED,4227,failed
ATT_0001946,TXN_004774,2,2026-08-03 23:44:00,UPI,bank_declined,BANK_DECLINED,2264,failed
ATT_0001947,TXN_004782,1,2026-08-24 09:49:00,UPI,bank_timeout,TIMEOUT,2964,failed
ATT_0001948,TXN_004782,2,2026-08-24 10:36:00,UPI,bank_timeout,TIMEOUT,3739,failed
ATT_0001949,TXN_004784,1,2026-07-22 07:13:00,Card,authentication_failure,AUTH_FAILED,1389,failed
ATT_0001950,TXN_004784,2,2026-07-22 07:48:00,Card,authentication_failure,AUTH_FAILED,1559,failed
ATT_0001951,TXN_004787,1,2026-08-01 16:05:00,NetBanking,network_error,NETWORK_ERROR,1425,failed
ATT_0001952,TXN_004792,1,2026-07-04 19:44:00,UPI,bank_timeout,TIMEOUT,1748,failed
ATT_0001953,TXN_004792,2,2026-07-04 20:39:00,UPI,bank_timeout,TIMEOUT,1619,failed
ATT_0001954,TXN_004794,1,2026-08-03 08:41:00,Wallet,network_error,NETWORK_ERROR,997,failed
ATT_0001955,TXN_004794,2,2026-08-03 09:33:00,Wallet,network_error,NETWORK_ERROR,373,failed
ATT_0001956,TXN_004799,1,2026-07-18 06:15:00,Card,expired_card,CARD_EXPIRED,520,failed
ATT_0001957,TXN_004810,1,2026-08-06 16:07:00,UPI,bank_timeout,TIMEOUT,435,failed
ATT_0001958,TXN_004814,1,2026-07-27 05:49:00,UPI,network_error,NETWORK_ERROR,2816,failed
ATT_0001959,TXN_004817,1,2026-07-05 03:59:00,UPI,network_error,NETWORK_ERROR,3870,failed
ATT_0001960,TXN_004818,1,2026-08-18 05:00:00,Card,bank_declined,BANK_DECLINED,4671,failed
ATT_0001961,TXN_004826,1,2026-08-22 00:36:00,Card,network_error,NETWORK_ERROR,3857,failed
ATT_0001962,TXN_004829,1,2026-07-21 09:04:00,UPI,bank_declined,BANK_DECLINED,2169,failed
ATT_0001963,TXN_004833,1,2026-08-05 02:12:00,UPI,bank_declined,BANK_DECLINED,2625,failed
ATT_0001964,TXN_004842,1,2026-07-09 22:37:00,Card,authentication_failure,AUTH_FAILED,2305,failed
ATT_0001965,TXN_004842,2,2026-07-09 23:07:00,Card,authentication_failure,AUTH_FAILED,2850,failed
ATT_0001966,TXN_004846,1,2026-07-12 04:48:00,UPI,bank_timeout,TIMEOUT,1003,failed
ATT_0001967,TXN_004846,2,2026-07-12 05:47:00,UPI,bank_timeout,TIMEOUT,2520,failed
ATT_0001968,TXN_004847,1,2026-07-17 05:25:00,UPI,bank_timeout,TIMEOUT,3995,failed
ATT_0001969,TXN_004849,1,2026-08-23 16:23:00,NetBanking,network_error,NETWORK_ERROR,2055,failed
ATT_0001970,TXN_004851,1,2026-08-02 07:07:00,Card,expired_card,CARD_EXPIRED,867,failed
ATT_0001971,TXN_004851,2,2026-08-02 07:25:00,Card,expired_card,CARD_EXPIRED,2753,failed
ATT_0001972,TXN_004852,1,2026-07-19 07:43:00,Wallet,network_error,NETWORK_ERROR,3268,failed
ATT_0001973,TXN_004855,1,2026-08-14 23:15:00,Card,insufficient_funds,INSUFFICIENT_FUNDS,2236,failed
ATT_0001974,TXN_004859,1,2026-07-22 03:32:00,UPI,authentication_failure,AUTH_FAILED,2532,failed
ATT_0001975,TXN_004860,1,2026-07-21 09:32:00,UPI,network_error,NETWORK_ERROR,2090,failed
ATT_0001976,TXN_004860,2,2026-07-21 10:01:00,UPI,network_error,NETWORK_ERROR,3997,failed
ATT_0001977,TXN_004866,1,2026-08-01 08:55:00,UPI,bank_declined,BANK_DECLINED,2171,failed
ATT_0001978,TXN_004868,1,2026-07-18 01:46:00,UPI,authentication_failure,AUTH_FAILED,3754,failed
ATT_0001979,TXN_004871,1,2026-08-18 17:58:00,UPI,bank_timeout,TIMEOUT,4342,failed
ATT_0001980,TXN_004871,2,2026-08-18 18:16:00,UPI,bank_timeout,TIMEOUT,2678,failed
ATT_0001981,TXN_004871,3,2026-08-18 18:33:00,UPI,bank_timeout,TIMEOUT,3090,failed
ATT_0001982,TXN_004878,1,2026-07-09 20:50:00,Card,insufficient_funds,INSUFFICIENT_FUNDS,1382,failed
ATT_0001983,TXN_004879,1,2026-07-29 20:03:00,Card,bank_declined,BANK_DECLINED,4786,failed
ATT_0001984,TXN_004887,1,2026-07-02 16:44:00,Card,bank_declined,BANK_DECLINED,492,failed
ATT_0001985,TXN_004888,1,2026-07-10 04:45:00,Card,authentication_failure,AUTH_FAILED,185,failed
ATT_0001986,TXN_004891,1,2026-08-09 01:03:00,Card,network_error,NETWORK_ERROR,3236,failed
ATT_0001987,TXN_004891,2,2026-08-09 01:42:00,Card,network_error,NETWORK_ERROR,2469,failed
ATT_0001988,TXN_004894,1,2026-08-05 04:55:00,UPI,bank_timeout,TIMEOUT,2236,failed
ATT_0001989,TXN_004895,1,2026-08-10 19:27:00,UPI,authentication_failure,AUTH_FAILED,1742,failed
ATT_0001990,TXN_004901,1,2026-08-04 19:13:00,Wallet,network_error,NETWORK_ERROR,3065,failed
ATT_0001991,TXN_004905,1,2026-07-04 07:42:00,Wallet,bank_declined,BANK_DECLINED,343,failed
ATT_0001992,TXN_004907,1,2026-08-20 03:06:00,UPI,authentication_failure,AUTH_FAILED,3792,failed
ATT_0001993,TXN_004907,2,2026-08-20 03:35:00,UPI,authentication_failure,AUTH_FAILED,2771,failed
ATT_0001994,TXN_004910,1,2026-07-02 02:45:00,UPI,authentication_failure,AUTH_FAILED,3133,failed
ATT_0001995,TXN_004910,2,2026-07-02 03:33:00,UPI,authentication_failure,AUTH_FAILED,2690,failed
ATT_0001996,TXN_004911,1,2026-07-01 15:22:00,UPI,network_error,NETWORK_ERROR,264,failed
ATT_0001997,TXN_004915,1,2026-08-02 02:24:00,Card,authentication_failure,AUTH_FAILED,3820,failed
ATT_0001998,TXN_004917,1,2026-08-17 07:20:00,Card,authentication_failure,AUTH_FAILED,3729,failed
ATT_0001999,TXN_004920,1,2026-07-26 05:27:00,Wallet,insufficient_funds,INSUFFICIENT_FUNDS,4929,failed
ATT_0002000,TXN_004920,2,2026-07-26 06:18:00,Wallet,insufficient_funds,INSUFFICIENT_FUNDS,4793,failed
ATT_0002001,TXN_004926,1,2026-08-25 11:44:00,UPI,network_error,NETWORK_ERROR,2864,failed
ATT_0002002,TXN_004931,1,2026-08-10 05:46:00,NetBanking,bank_declined,BANK_DECLINED,1986,failed
ATT_0002003,TXN_004941,1,2026-07-08 02:51:00,UPI,bank_declined,BANK_DECLINED,938,failed
ATT_0002004,TXN_004943,1,2026-08-11 09:15:00,Card,bank_declined,BANK_DECLINED,2294,failed
ATT_0002005,TXN_004943,2,2026-08-11 10:03:00,Card,bank_declined,BANK_DECLINED,2532,failed
ATT_0002006,TXN_004944,1,2026-08-15 10:16:00,UPI,bank_declined,BANK_DECLINED,4617,failed
ATT_0002007,TXN_004944,2,2026-08-15 11:01:00,UPI,bank_declined,BANK_DECLINED,3484,failed
ATT_0002008,TXN_004949,1,2026-08-22 03:35:00,UPI,network_error,NETWORK_ERROR,2715,failed
ATT_0002009,TXN_004953,1,2026-07-28 04:15:00,Card,authentication_failure,AUTH_FAILED,2270,failed
ATT_0002010,TXN_004954,1,2026-07-22 16:12:00,UPI,bank_timeout,TIMEOUT,3616,failed
ATT_0002011,TXN_004957,1,2026-08-14 23:25:00,Card,bank_declined,BANK_DECLINED,1459,failed
ATT_0002012,TXN_004958,1,2026-08-10 15:13:00,UPI,network_error,NETWORK_ERROR,3559,failed
ATT_0002013,TXN_004964,1,2026-08-15 21:46:00,Card,insufficient_funds,INSUFFICIENT_FUNDS,1169,failed
ATT_0002014,TXN_004968,1,2026-07-23 18:01:00,UPI,network_error,NETWORK_ERROR,2891,failed
ATT_0002015,TXN_004970,1,2026-07-01 21:46:00,UPI,bank_timeout,TIMEOUT,3242,failed
ATT_0002016,TXN_004974,1,2026-07-09 19:18:00,UPI,bank_declined,BANK_DECLINED,3066,failed
ATT_0002017,TXN_004974,2,2026-07-09 19:40:00,UPI,bank_declined,BANK_DECLINED,4933,failed
ATT_0002018,TXN_004974,3,2026-07-09 20:02:00,UPI,bank_declined,BANK_DECLINED,3747,failed
ATT_0002019,TXN_004975,1,2026-08-18 02:00:00,NetBanking,bank_timeout,TIMEOUT,3105,failed
ATT_0002020,TXN_004981,1,2026-08-08 03:29:00,UPI,network_error,NETWORK_ERROR,1942,failed
ATT_0002021,TXN_004984,1,2026-08-13 07:25:00,UPI,bank_timeout,TIMEOUT,3879,failed
ATT_0002022,TXN_004986,1,2026-07-16 05:38:00,UPI,authentication_failure,AUTH_FAILED,3885,failed
ATT_0002023,TXN_004987,1,2026-07-22 18:17:00,Wallet,bank_declined,BANK_DECLINED,1618,failed
ATT_0002024,TXN_004988,1,2026-08-03 20:45:00,UPI,authentication_failure,AUTH_FAILED,4437,failed
ATT_0002025,TXN_004988,2,2026-08-03 21:12:00,UPI,authentication_failure,AUTH_FAILED,4306,failed
ATT_0002026,TXN_004991,1,2026-07-01 14:09:00,UPI,bank_timeout,TIMEOUT,2930,failed
ATT_0002027,TXN_004991,2,2026-07-01 14:26:00,UPI,bank_timeout,TIMEOUT,2678,failed
ATT_0002028,TXN_004993,1,2026-08-13 07:35:00,NetBanking,bank_timeout,TIMEOUT,411,failed
ATT_0002029,TXN_004993,2,2026-08-13 08:35:00,NetBanking,bank_timeout,TIMEOUT,350,failed
ATT_0002030,TXN_004993,3,2026-08-13 09:19:00,NetBanking,bank_timeout,TIMEOUT,813,failed
ATT_0002031,TXN_004994,1,2026-07-13 07:41:00,UPI,bank_declined,BANK_DECLINED,1548,failed
ATT_0002032,TXN_004994,2,2026-07-13 08:05:00,UPI,bank_declined,BANK_DECLINED,2234,failed
ATT_0002033,TXN_004995,1,2026-07-08 04:47:00,Card,network_error,NETWORK_ERROR,3686,failed
ATT_0002034,TXN_005000,1,2026-07-07 18:23:00,UPI,network_error,NETWORK_ERROR,3343,failed
ATT_0002035,TXN_005008,1,2026-07-06 01:55:00,Wallet,bank_timeout,TIMEOUT,2565,failed
ATT_0002036,TXN_005012,1,2026-07-23 09:44:00,UPI,authentication_failure,AUTH_FAILED,3851,failed
ATT_0002037,TXN_005013,1,2026-07-31 13:31:00,UPI,bank_timeout,TIMEOUT,2897,failed
ATT_0002038,TXN_005013,2,2026-07-31 13:46:00,UPI,bank_timeout,TIMEOUT,1319,failed
ATT_0002039,TXN_005018,1,2026-08-08 12:44:00,UPI,bank_timeout,TIMEOUT,2443,failed
ATT_0002040,TXN_005018,2,2026-08-08 13:40:00,UPI,bank_timeout,TIMEOUT,1653,failed
ATT_0002041,TXN_005018,3,2026-08-08 14:01:00,UPI,bank_timeout,TIMEOUT,189,failed
ATT_0002042,TXN_005024,1,2026-08-16 10:31:00,Card,expired_card,CARD_EXPIRED,4202,failed
ATT_0002043,TXN_005040,1,2026-07-15 16:22:00,UPI,bank_declined,BANK_DECLINED,2976,failed
ATT_0002044,TXN_005040,2,2026-07-15 17:06:00,UPI,bank_declined,BANK_DECLINED,1537,failed
ATT_0002045,TXN_005047,1,2026-08-24 01:15:00,UPI,authentication_failure,AUTH_FAILED,3253,failed
ATT_0002046,TXN_005049,1,2026-08-23 03:52:00,NetBanking,bank_timeout,TIMEOUT,2029,failed
ATT_0002047,TXN_005049,2,2026-08-23 04:50:00,NetBanking,bank_timeout,TIMEOUT,1620,failed
ATT_0002048,TXN_005052,1,2026-08-22 11:12:00,UPI,bank_timeout,TIMEOUT,2406,failed
ATT_0002049,TXN_005056,1,2026-07-12 07:47:00,UPI,network_error,NETWORK_ERROR,1741,failed
ATT_0002050,TXN_005057,1,2026-08-09 21:59:00,UPI,bank_timeout,TIMEOUT,3936,failed
ATT_0002051,TXN_005057,2,2026-08-09 22:21:00,UPI,bank_timeout,TIMEOUT,2666,failed
ATT_0002052,TXN_005064,1,2026-08-15 04:04:00,UPI,bank_declined,BANK_DECLINED,3964,failed
ATT_0002053,TXN_005069,1,2026-07-10 22:02:00,UPI,bank_timeout,TIMEOUT,3091,failed
ATT_0002054,TXN_005069,2,2026-07-10 22:19:00,UPI,bank_timeout,TIMEOUT,4689,failed
ATT_0002055,TXN_005069,3,2026-07-10 22:59:00,UPI,bank_timeout,TIMEOUT,1560,failed
ATT_0002056,TXN_005074,1,2026-08-10 13:33:00,NetBanking,bank_declined,BANK_DECLINED,963,failed
ATT_0002057,TXN_005075,1,2026-07-23 18:07:00,UPI,network_error,NETWORK_ERROR,1464,failed
ATT_0002058,TXN_005076,1,2026-07-26 11:42:00,UPI,bank_declined,BANK_DECLINED,3134,failed
ATT_0002059,TXN_005077,1,2026-07-08 12:50:00,Card,bank_declined,BANK_DECLINED,4887,failed
ATT_0002060,TXN_005078,1,2026-07-30 16:42:00,UPI,bank_declined,BANK_DECLINED,3807,failed
ATT_0002061,TXN_005081,1,2026-07-30 11:37:00,UPI,network_error,NETWORK_ERROR,2413,failed
ATT_0002062,TXN_005082,1,2026-08-07 07:34:00,NetBanking,network_error,NETWORK_ERROR,2454,failed
ATT_0002063,TXN_005092,1,2026-07-28 20:32:00,Wallet,bank_declined,BANK_DECLINED,218,failed
ATT_0002064,TXN_005096,1,2026-08-17 04:03:00,UPI,network_error,NETWORK_ERROR,3519,failed
ATT_0002065,TXN_005101,1,2026-08-20 09:35:00,UPI,bank_declined,BANK_DECLINED,1306,failed
ATT_0002066,TXN_005101,2,2026-08-20 10:15:00,UPI,bank_declined,BANK_DECLINED,3596,failed
ATT_0002067,TXN_005119,1,2026-08-22 11:39:00,Wallet,bank_declined,BANK_DECLINED,3075,failed
ATT_0002068,TXN_005119,2,2026-08-22 11:45:00,Wallet,bank_declined,BANK_DECLINED,4373,failed
ATT_0002069,TXN_005119,3,2026-08-22 12:13:00,Wallet,bank_declined,BANK_DECLINED,1362,failed
ATT_0002070,TXN_005128,1,2026-07-22 00:17:00,UPI,network_error,NETWORK_ERROR,215,failed
ATT_0002071,TXN_005136,1,2026-07-08 13:14:00,Card,authentication_failure,AUTH_FAILED,1741,failed
ATT_0002072,TXN_005137,1,2026-07-19 04:16:00,NetBanking,bank_timeout,TIMEOUT,2699,failed
ATT_0002073,TXN_005139,1,2026-07-17 18:32:00,UPI,network_error,NETWORK_ERROR,1599,failed
ATT_0002074,TXN_005144,1,2026-07-15 10:45:00,NetBanking,bank_timeout,TIMEOUT,2189,failed
ATT_0002075,TXN_005144,2,2026-07-15 11:06:00,NetBanking,bank_timeout,TIMEOUT,864,failed
ATT_0002076,TXN_005148,1,2026-08-24 03:22:00,UPI,bank_declined,BANK_DECLINED,1149,failed
ATT_0002077,TXN_005149,1,2026-07-04 00:37:00,Card,network_error,NETWORK_ERROR,4337,failed
ATT_0002078,TXN_005150,1,2026-07-09 02:00:00,UPI,bank_declined,BANK_DECLINED,3096,failed
ATT_0002079,TXN_005150,2,2026-07-09 02:11:00,UPI,bank_declined,BANK_DECLINED,4258,failed
ATT_0002080,TXN_005158,1,2026-07-02 00:43:00,Card,network_error,NETWORK_ERROR,2745,failed
ATT_0002081,TXN_005160,1,2026-08-23 19:19:00,UPI,network_error,NETWORK_ERROR,728,failed
ATT_0002082,TXN_005160,2,2026-08-23 19:25:00,UPI,network_error,NETWORK_ERROR,4573,failed
ATT_0002083,TXN_005161,1,2026-08-07 16:25:00,UPI,bank_declined,BANK_DECLINED,722,failed
ATT_0002084,TXN_005165,1,2026-08-15 12:31:00,Card,network_error,NETWORK_ERROR,2867,failed
ATT_0002085,TXN_005166,1,2026-08-25 06:02:00,Wallet,insufficient_funds,INSUFFICIENT_FUNDS,2145,failed
ATT_0002086,TXN_005166,2,2026-08-25 06:58:00,Wallet,insufficient_funds,INSUFFICIENT_FUNDS,4171,failed
ATT_0002087,TXN_005167,1,2026-07-10 10:45:00,UPI,authentication_failure,AUTH_FAILED,3373,failed
ATT_0002088,TXN_005169,1,2026-08-09 06:16:00,UPI,bank_declined,BANK_DECLINED,1242,failed
ATT_0002089,TXN_005173,1,2026-07-31 03:23:00,UPI,network_error,NETWORK_ERROR,3701,failed
ATT_0002090,TXN_005175,1,2026-07-08 06:14:00,Card,expired_card,CARD_EXPIRED,857,failed
ATT_0002091,TXN_005187,1,2026-07-15 04:27:00,NetBanking,bank_timeout,TIMEOUT,3603,failed
ATT_0002092,TXN_005200,1,2026-08-08 18:01:00,UPI,authentication_failure,AUTH_FAILED,1763,failed
ATT_0002093,TXN_005201,1,2026-08-16 12:09:00,UPI,network_error,NETWORK_ERROR,3704,failed
ATT_0002094,TXN_005204,1,2026-08-06 15:00:00,UPI,network_error,NETWORK_ERROR,420,failed
ATT_0002095,TXN_005205,1,2026-07-11 08:53:00,UPI,bank_timeout,TIMEOUT,4018,failed
ATT_0002096,TXN_005206,1,2026-08-19 20:50:00,Card,expired_card,CARD_EXPIRED,2616,failed
ATT_0002097,TXN_005211,1,2026-08-14 19:36:00,UPI,bank_declined,BANK_DECLINED,284,failed
ATT_0002098,TXN_005211,2,2026-08-14 20:01:00,UPI,bank_declined,BANK_DECLINED,680,failed
ATT_0002099,TXN_005211,3,2026-08-14 21:01:00,UPI,bank_declined,BANK_DECLINED,2339,failed
ATT_0002100,TXN_005219,1,2026-07-17 12:20:00,NetBanking,network_error,NETWORK_ERROR,4374,failed
ATT_0002101,TXN_005223,1,2026-07-28 11:43:00,UPI,bank_timeout,TIMEOUT,2682,failed
ATT_0002102,TXN_005229,1,2026-08-11 04:01:00,UPI,bank_declined,BANK_DECLINED,2027,failed
ATT_0002103,TXN_005232,1,2026-08-05 09:48:00,Card,authentication_failure,AUTH_FAILED,4734,failed
ATT_0002104,TXN_005233,1,2026-08-11 14:03:00,Card,bank_declined,BANK_DECLINED,2820,failed
ATT_0002105,TXN_005236,1,2026-08-13 12:46:00,NetBanking,network_error,NETWORK_ERROR,1993,failed
ATT_0002106,TXN_005243,1,2026-08-23 20:27:00,UPI,bank_timeout,TIMEOUT,3325,failed
ATT_0002107,TXN_005243,2,2026-08-23 21:23:00,UPI,bank_timeout,TIMEOUT,299,failed
ATT_0002108,TXN_005245,1,2026-07-15 05:51:00,UPI,bank_timeout,TIMEOUT,1244,failed
ATT_0002109,TXN_005254,1,2026-08-05 21:53:00,UPI,network_error,NETWORK_ERROR,1023,failed
ATT_0002110,TXN_005256,1,2026-07-28 13:53:00,Wallet,bank_declined,BANK_DECLINED,180,failed
ATT_0002111,TXN_005260,1,2026-07-19 04:38:00,Card,bank_declined,BANK_DECLINED,2356,failed
ATT_0002112,TXN_005261,1,2026-08-11 13:34:00,Card,insufficient_funds,INSUFFICIENT_FUNDS,2895,failed
ATT_0002113,TXN_005263,1,2026-07-23 14:47:00,Card,authentication_failure,AUTH_FAILED,4039,failed
ATT_0002114,TXN_005264,1,2026-07-11 06:01:00,Card,bank_declined,BANK_DECLINED,3486,failed
ATT_0002115,TXN_005264,2,2026-07-11 06:41:00,Card,bank_declined,BANK_DECLINED,1464,failed
ATT_0002116,TXN_005267,1,2026-08-25 15:30:00,UPI,network_error,NETWORK_ERROR,3486,failed
ATT_0002117,TXN_005267,2,2026-08-25 15:56:00,UPI,network_error,NETWORK_ERROR,3748,failed
ATT_0002118,TXN_005268,1,2026-07-16 09:58:00,UPI,bank_timeout,TIMEOUT,2715,failed
ATT_0002119,TXN_005269,1,2026-08-02 14:46:00,UPI,network_error,NETWORK_ERROR,3848,failed
ATT_0002120,TXN_005269,2,2026-08-02 14:54:00,UPI,network_error,NETWORK_ERROR,3268,failed
ATT_0002121,TXN_005271,1,2026-08-09 03:17:00,NetBanking,authentication_failure,AUTH_FAILED,3022,failed
ATT_0002122,TXN_005276,1,2026-07-25 18:58:00,Card,network_error,NETWORK_ERROR,4389,failed
ATT_0002123,TXN_005276,2,2026-07-25 19:06:00,Card,network_error,NETWORK_ERROR,4533,failed
ATT_0002124,TXN_005277,1,2026-07-20 18:18:00,UPI,network_error,NETWORK_ERROR,407,failed
ATT_0002125,TXN_005277,2,2026-07-20 18:52:00,UPI,network_error,NETWORK_ERROR,293,failed
ATT_0002126,TXN_005278,1,2026-07-01 08:05:00,UPI,bank_timeout,TIMEOUT,539,failed
ATT_0002127,TXN_005278,2,2026-07-01 08:42:00,UPI,bank_timeout,TIMEOUT,835,failed
ATT_0002128,TXN_005280,1,2026-08-20 16:59:00,UPI,network_error,NETWORK_ERROR,3310,failed
ATT_0002129,TXN_005280,2,2026-08-20 17:06:00,UPI,network_error,NETWORK_ERROR,2869,failed
ATT_0002130,TXN_005281,1,2026-08-23 04:49:00,UPI,bank_declined,BANK_DECLINED,2967,failed
ATT_0002131,TXN_005282,1,2026-08-23 12:39:00,NetBanking,bank_declined,BANK_DECLINED,3597,failed
ATT_0002132,TXN_005287,1,2026-07-28 01:27:00,NetBanking,bank_timeout,TIMEOUT,4415,failed
ATT_0002133,TXN_005289,1,2026-08-06 05:52:00,UPI,bank_timeout,TIMEOUT,2368,failed
ATT_0002134,TXN_005291,1,2026-07-13 18:19:00,Card,expired_card,CARD_EXPIRED,176,failed
ATT_0002135,TXN_005293,1,2026-08-20 09:01:00,Card,insufficient_funds,INSUFFICIENT_FUNDS,2866,failed
ATT_0002136,TXN_005293,2,2026-08-20 09:54:00,Card,insufficient_funds,INSUFFICIENT_FUNDS,3869,failed
ATT_0002137,TXN_005299,1,2026-07-27 03:36:00,UPI,bank_timeout,TIMEOUT,1479,failed
ATT_0002138,TXN_005300,1,2026-07-24 03:41:00,UPI,authentication_failure,AUTH_FAILED,4700,failed
ATT_0002139,TXN_005305,1,2026-07-28 18:25:00,UPI,bank_timeout,TIMEOUT,2351,failed
ATT_0002140,TXN_005307,1,2026-07-30 08:34:00,UPI,bank_declined,BANK_DECLINED,4730,failed
ATT_0002141,TXN_005309,1,2026-08-07 07:58:00,UPI,bank_declined,BANK_DECLINED,3206,failed
ATT_0002142,TXN_005313,1,2026-07-01 01:22:00,Card,authentication_failure,AUTH_FAILED,3397,failed
ATT_0002143,TXN_005313,2,2026-07-01 01:40:00,Card,authentication_failure,AUTH_FAILED,3861,failed
ATT_0002144,TXN_005322,1,2026-07-20 07:00:00,Wallet,bank_timeout,TIMEOUT,980,failed
ATT_0002145,TXN_005322,2,2026-07-20 07:15:00,Wallet,bank_timeout,TIMEOUT,2981,failed
ATT_0002146,TXN_005324,1,2026-08-13 09:28:00,UPI,network_error,NETWORK_ERROR,1095,failed
ATT_0002147,TXN_005324,2,2026-08-13 09:53:00,UPI,network_error,NETWORK_ERROR,1166,failed
ATT_0002148,TXN_005326,1,2026-07-31 21:30:00,UPI,bank_timeout,TIMEOUT,1646,failed
ATT_0002149,TXN_005327,1,2026-07-18 23:46:00,UPI,network_error,NETWORK_ERROR,3409,failed
ATT_0002150,TXN_005333,1,2026-08-21 16:49:00,Card,authentication_failure,AUTH_FAILED,3716,failed
ATT_0002151,TXN_005333,2,2026-08-21 17:37:00,Card,authentication_failure,AUTH_FAILED,2172,failed
ATT_0002152,TXN_005334,1,2026-07-21 21:29:00,NetBanking,network_error,NETWORK_ERROR,3019,failed
ATT_0002153,TXN_005335,1,2026-08-04 13:26:00,Card,network_error,NETWORK_ERROR,3924,failed
ATT_0002154,TXN_005335,2,2026-08-04 13:42:00,Card,network_error,NETWORK_ERROR,3162,failed
ATT_0002155,TXN_005336,1,2026-07-21 07:58:00,UPI,bank_timeout,TIMEOUT,4863,failed
ATT_0002156,TXN_005338,1,2026-07-27 17:13:00,UPI,bank_timeout,TIMEOUT,3527,failed
ATT_0002157,TXN_005340,1,2026-08-14 19:31:00,Wallet,bank_timeout,TIMEOUT,3689,failed
ATT_0002158,TXN_005340,2,2026-08-14 20:07:00,Wallet,bank_timeout,TIMEOUT,870,failed
ATT_0002159,TXN_005346,1,2026-07-19 03:05:00,UPI,authentication_failure,AUTH_FAILED,485,failed
ATT_0002160,TXN_005347,1,2026-08-26 11:35:00,UPI,network_error,NETWORK_ERROR,2356,failed
ATT_0002161,TXN_005347,2,2026-08-26 12:16:00,UPI,network_error,NETWORK_ERROR,1092,failed
ATT_0002162,TXN_005347,3,2026-08-26 12:37:00,UPI,network_error,NETWORK_ERROR,987,failed
ATT_0002163,TXN_005348,1,2026-08-10 13:44:00,UPI,authentication_failure,AUTH_FAILED,757,failed
ATT_0002164,TXN_005348,2,2026-08-10 14:00:00,UPI,authentication_failure,AUTH_FAILED,3477,failed
ATT_0002165,TXN_005348,3,2026-08-10 14:21:00,UPI,authentication_failure,AUTH_FAILED,2716,failed
ATT_0002166,TXN_005351,1,2026-08-14 08:08:00,UPI,bank_timeout,TIMEOUT,4656,failed
ATT_0002167,TXN_005351,2,2026-08-14 08:21:00,UPI,bank_timeout,TIMEOUT,925,failed
ATT_0002168,TXN_005352,1,2026-08-12 16:33:00,Card,expired_card,CARD_EXPIRED,4574,failed
ATT_0002169,TXN_005363,1,2026-07-30 05:16:00,Wallet,bank_timeout,TIMEOUT,1987,failed
ATT_0002170,TXN_005367,1,2026-08-15 10:07:00,UPI,network_error,NETWORK_ERROR,2845,failed
ATT_0002171,TXN_005367,2,2026-08-15 10:18:00,UPI,network_error,NETWORK_ERROR,2645,failed
ATT_0002172,TXN_005368,1,2026-07-18 06:56:00,UPI,network_error,NETWORK_ERROR,4713,failed
ATT_0002173,TXN_005369,1,2026-08-14 15:12:00,UPI,bank_timeout,TIMEOUT,188,failed
ATT_0002174,TXN_005374,1,2026-07-10 17:52:00,NetBanking,authentication_failure,AUTH_FAILED,858,failed
ATT_0002175,TXN_005374,2,2026-07-10 18:40:00,NetBanking,authentication_failure,AUTH_FAILED,3244,failed
ATT_0002176,TXN_005376,1,2026-08-11 14:48:00,Wallet,bank_timeout,TIMEOUT,2772,failed
ATT_0002177,TXN_005376,2,2026-08-11 15:23:00,Wallet,bank_timeout,TIMEOUT,2560,failed
ATT_0002178,TXN_005376,3,2026-08-11 15:32:00,Wallet,bank_timeout,TIMEOUT,458,failed
ATT_0002179,TXN_005377,1,2026-07-22 20:34:00,UPI,bank_declined,BANK_DECLINED,4462,failed
ATT_0002180,TXN_005377,2,2026-07-22 21:01:00,UPI,bank_declined,BANK_DECLINED,835,failed
ATT_0002181,TXN_005379,1,2026-07-18 16:22:00,UPI,bank_timeout,TIMEOUT,632,failed
ATT_0002182,TXN_005379,2,2026-07-18 16:38:00,UPI,bank_timeout,TIMEOUT,977,failed
ATT_0002183,TXN_005381,1,2026-08-22 02:03:00,Card,insufficient_funds,INSUFFICIENT_FUNDS,2917,failed
ATT_0002184,TXN_005382,1,2026-08-07 00:34:00,Card,insufficient_funds,INSUFFICIENT_FUNDS,2907,failed
ATT_0002185,TXN_005383,1,2026-07-26 01:51:00,UPI,bank_timeout,TIMEOUT,4694,failed
ATT_0002186,TXN_005384,1,2026-07-06 18:47:00,Card,bank_declined,BANK_DECLINED,3784,failed
ATT_0002187,TXN_005386,1,2026-07-11 03:24:00,UPI,bank_declined,BANK_DECLINED,906,failed
ATT_0002188,TXN_005390,1,2026-07-24 00:15:00,UPI,bank_timeout,TIMEOUT,1906,failed
ATT_0002189,TXN_005395,1,2026-07-17 08:52:00,UPI,network_error,NETWORK_ERROR,1551,failed
ATT_0002190,TXN_005396,1,2026-08-11 13:51:00,UPI,bank_declined,BANK_DECLINED,4935,failed
ATT_0002191,TXN_005396,2,2026-08-11 14:39:00,UPI,bank_declined,BANK_DECLINED,2562,failed
ATT_0002192,TXN_005396,3,2026-08-11 14:51:00,UPI,bank_declined,BANK_DECLINED,4058,failed
ATT_0002193,TXN_005407,1,2026-07-02 08:15:00,UPI,authentication_failure,AUTH_FAILED,536,failed
ATT_0002194,TXN_005410,1,2026-07-24 07:28:00,NetBanking,authentication_failure,AUTH_FAILED,4925,failed
ATT_0002195,TXN_005410,2,2026-07-24 08:07:00,NetBanking,authentication_failure,AUTH_FAILED,4780,failed
ATT_0002196,TXN_005414,1,2026-08-13 20:34:00,Card,insufficient_funds,INSUFFICIENT_FUNDS,4767,failed
ATT_0002197,TXN_005421,1,2026-08-14 04:49:00,Card,bank_declined,BANK_DECLINED,462,failed
ATT_0002198,TXN_005426,1,2026-07-02 03:31:00,UPI,bank_declined,BANK_DECLINED,4672,failed
ATT_0002199,TXN_005426,2,2026-07-02 04:23:00,UPI,bank_declined,BANK_DECLINED,1579,failed
ATT_0002200,TXN_005429,1,2026-07-31 07:50:00,UPI,network_error,NETWORK_ERROR,2688,failed
ATT_0002201,TXN_005435,1,2026-08-18 01:33:00,UPI,bank_declined,BANK_DECLINED,3409,failed
ATT_0002202,TXN_005437,1,2026-07-24 01:01:00,Wallet,bank_timeout,TIMEOUT,3281,failed
ATT_0002203,TXN_005440,1,2026-07-02 11:08:00,UPI,bank_timeout,TIMEOUT,386,failed
ATT_0002204,TXN_005440,2,2026-07-02 11:55:00,UPI,bank_timeout,TIMEOUT,3888,failed
ATT_0002205,TXN_005444,1,2026-08-02 09:40:00,Wallet,bank_declined,BANK_DECLINED,4137,failed
ATT_0002206,TXN_005449,1,2026-07-21 03:42:00,Wallet,network_error,NETWORK_ERROR,2392,failed
ATT_0002207,TXN_005449,2,2026-07-21 04:05:00,Wallet,network_error,NETWORK_ERROR,4735,failed
ATT_0002208,TXN_005449,3,2026-07-21 04:40:00,Wallet,network_error,NETWORK_ERROR,4124,failed
ATT_0002209,TXN_005456,1,2026-07-15 02:58:00,Card,insufficient_funds,INSUFFICIENT_FUNDS,4260,failed
ATT_0002210,TXN_005456,2,2026-07-15 03:44:00,Card,insufficient_funds,INSUFFICIENT_FUNDS,4117,failed
ATT_0002211,TXN_005460,1,2026-08-25 05:52:00,UPI,bank_timeout,TIMEOUT,3214,failed
ATT_0002212,TXN_005462,1,2026-07-25 18:44:00,NetBanking,bank_timeout,TIMEOUT,1168,failed
ATT_0002213,TXN_005462,2,2026-07-25 18:54:00,NetBanking,bank_timeout,TIMEOUT,1905,failed
ATT_0002214,TXN_005477,1,2026-07-20 20:02:00,Wallet,bank_declined,BANK_DECLINED,1283,failed
ATT_0002215,TXN_005481,1,2026-08-18 01:47:00,UPI,bank_timeout,TIMEOUT,3953,failed
ATT_0002216,TXN_005483,1,2026-08-22 07:12:00,UPI,authentication_failure,AUTH_FAILED,2138,failed
ATT_0002217,TXN_005488,1,2026-07-31 18:43:00,Card,authentication_failure,AUTH_FAILED,3529,failed
ATT_0002218,TXN_005491,1,2026-07-05 03:40:00,Card,authentication_failure,AUTH_FAILED,4135,failed
ATT_0002219,TXN_005493,1,2026-07-28 18:03:00,Card,expired_card,CARD_EXPIRED,1725,failed
ATT_0002220,TXN_005493,2,2026-07-28 19:02:00,Card,expired_card,CARD_EXPIRED,2986,failed
ATT_0002221,TXN_005495,1,2026-08-01 21:51:00,UPI,bank_timeout,TIMEOUT,3745,failed
ATT_0002222,TXN_005500,1,2026-08-20 01:02:00,UPI,authentication_failure,AUTH_FAILED,193,failed
ATT_0002223,TXN_005500,2,2026-08-20 01:50:00,UPI,authentication_failure,AUTH_FAILED,511,failed
ATT_0002224,TXN_005500,3,2026-08-20 01:55:00,UPI,authentication_failure,AUTH_FAILED,478,failed
ATT_0002225,TXN_005501,1,2026-07-23 08:09:00,UPI,bank_timeout,TIMEOUT,553,failed
ATT_0002226,TXN_005501,2,2026-07-23 08:47:00,UPI,bank_timeout,TIMEOUT,4829,failed
ATT_0002227,TXN_005504,1,2026-07-13 19:31:00,UPI,network_error,NETWORK_ERROR,3140,failed
ATT_0002228,TXN_005505,1,2026-07-08 14:43:00,UPI,bank_declined,BANK_DECLINED,2937,failed
ATT_0002229,TXN_005510,1,2026-07-20 00:30:00,UPI,authentication_failure,AUTH_FAILED,3783,failed
ATT_0002230,TXN_005511,1,2026-07-02 16:24:00,UPI,bank_declined,BANK_DECLINED,4591,failed
ATT_0002231,TXN_005513,1,2026-07-22 09:39:00,UPI,network_error,NETWORK_ERROR,3730,failed
ATT_0002232,TXN_005520,1,2026-08-17 18:54:00,UPI,bank_timeout,TIMEOUT,3329,failed
ATT_0002233,TXN_005521,1,2026-08-10 18:31:00,UPI,network_error,NETWORK_ERROR,4648,failed
ATT_0002234,TXN_005524,1,2026-07-13 13:50:00,UPI,bank_timeout,TIMEOUT,4881,failed
ATT_0002235,TXN_005527,1,2026-08-09 13:29:00,UPI,authentication_failure,AUTH_FAILED,4705,failed
ATT_0002236,TXN_005537,1,2026-08-23 08:10:00,Card,expired_card,CARD_EXPIRED,1677,failed
ATT_0002237,TXN_005537,2,2026-08-23 08:43:00,Card,expired_card,CARD_EXPIRED,1490,failed
ATT_0002238,TXN_005539,1,2026-07-06 19:02:00,UPI,bank_declined,BANK_DECLINED,1126,failed
ATT_0002239,TXN_005542,1,2026-08-20 02:21:00,Card,authentication_failure,AUTH_FAILED,1530,failed
ATT_0002240,TXN_005543,1,2026-07-01 02:46:00,Card,bank_declined,BANK_DECLINED,1042,failed
ATT_0002241,TXN_005547,1,2026-08-04 06:56:00,NetBanking,network_error,NETWORK_ERROR,514,failed
ATT_0002242,TXN_005548,1,2026-07-30 23:41:00,UPI,bank_timeout,TIMEOUT,1986,failed
ATT_0002243,TXN_005548,2,2026-07-31 00:00:00,UPI,bank_timeout,TIMEOUT,4427,failed
ATT_0002244,TXN_005555,1,2026-07-30 11:04:00,Card,bank_declined,BANK_DECLINED,4040,failed
ATT_0002245,TXN_005555,2,2026-07-30 11:24:00,Card,bank_declined,BANK_DECLINED,1984,failed
ATT_0002246,TXN_005558,1,2026-07-01 12:20:00,UPI,authentication_failure,AUTH_FAILED,1934,failed
ATT_0002247,TXN_005563,1,2026-07-27 04:25:00,Card,bank_declined,BANK_DECLINED,2555,failed
ATT_0002248,TXN_005566,1,2026-07-25 08:20:00,Card,insufficient_funds,INSUFFICIENT_FUNDS,2203,failed
ATT_0002249,TXN_005566,2,2026-07-25 08:31:00,Card,insufficient_funds,INSUFFICIENT_FUNDS,3570,failed
ATT_0002250,TXN_005567,1,2026-07-30 06:07:00,Card,expired_card,CARD_EXPIRED,2170,failed
ATT_0002251,TXN_005571,1,2026-07-12 02:45:00,Wallet,insufficient_funds,INSUFFICIENT_FUNDS,2709,failed
ATT_0002252,TXN_005576,1,2026-07-22 00:45:00,UPI,authentication_failure,AUTH_FAILED,161,failed
ATT_0002253,TXN_005576,2,2026-07-22 00:54:00,UPI,authentication_failure,AUTH_FAILED,4792,failed
ATT_0002254,TXN_005582,1,2026-07-14 20:40:00,UPI,bank_declined,BANK_DECLINED,1824,failed
ATT_0002255,TXN_005583,1,2026-08-11 19:57:00,UPI,bank_timeout,TIMEOUT,4380,failed
ATT_0002256,TXN_005583,2,2026-08-11 20:18:00,UPI,bank_timeout,TIMEOUT,4017,failed
ATT_0002257,TXN_005583,3,2026-08-11 21:08:00,UPI,bank_timeout,TIMEOUT,361,failed
ATT_0002258,TXN_005587,1,2026-08-14 20:56:00,Card,insufficient_funds,INSUFFICIENT_FUNDS,1885,failed
ATT_0002259,TXN_005588,1,2026-07-08 17:36:00,NetBanking,authentication_failure,AUTH_FAILED,4195,failed
ATT_0002260,TXN_005590,1,2026-08-09 05:09:00,UPI,authentication_failure,AUTH_FAILED,3110,failed
ATT_0002261,TXN_005592,1,2026-08-23 21:42:00,Wallet,bank_timeout,TIMEOUT,3806,failed
ATT_0002262,TXN_005597,1,2026-07-09 08:43:00,UPI,network_error,NETWORK_ERROR,4347,failed
ATT_0002263,TXN_005597,2,2026-07-09 09:35:00,UPI,network_error,NETWORK_ERROR,793,failed
ATT_0002264,TXN_005599,1,2026-07-17 15:54:00,Card,authentication_failure,AUTH_FAILED,2969,failed
ATT_0002265,TXN_005600,1,2026-08-14 11:03:00,Card,insufficient_funds,INSUFFICIENT_FUNDS,2350,failed
ATT_0002266,TXN_005604,1,2026-08-20 00:15:00,UPI,network_error,NETWORK_ERROR,3824,failed
ATT_0002267,TXN_005605,1,2026-07-31 05:52:00,NetBanking,bank_timeout,TIMEOUT,4400,failed
ATT_0002268,TXN_005617,1,2026-07-07 16:51:00,UPI,bank_timeout,TIMEOUT,260,failed
ATT_0002269,TXN_005618,1,2026-07-11 23:12:00,UPI,bank_timeout,TIMEOUT,4329,failed
ATT_0002270,TXN_005621,1,2026-08-16 16:41:00,UPI,bank_timeout,TIMEOUT,1015,failed
ATT_0002271,TXN_005622,1,2026-08-14 07:05:00,Card,insufficient_funds,INSUFFICIENT_FUNDS,4581,failed
ATT_0002272,TXN_005627,1,2026-07-24 06:41:00,Wallet,insufficient_funds,INSUFFICIENT_FUNDS,4001,failed
ATT_0002273,TXN_005630,1,2026-07-25 04:00:00,Card,insufficient_funds,INSUFFICIENT_FUNDS,4425,failed
ATT_0002274,TXN_005632,1,2026-07-08 16:18:00,Card,insufficient_funds,INSUFFICIENT_FUNDS,872,failed
ATT_0002275,TXN_005633,1,2026-07-02 00:00:00,UPI,network_error,NETWORK_ERROR,2181,failed
ATT_0002276,TXN_005636,1,2026-07-22 11:17:00,Card,expired_card,CARD_EXPIRED,4721,failed
ATT_0002277,TXN_005638,1,2026-08-09 09:28:00,UPI,bank_timeout,TIMEOUT,2819,failed
ATT_0002278,TXN_005639,1,2026-07-13 06:35:00,Card,expired_card,CARD_EXPIRED,290,failed
ATT_0002279,TXN_005639,2,2026-07-13 07:28:00,Card,expired_card,CARD_EXPIRED,2096,failed
ATT_0002280,TXN_005644,1,2026-07-23 18:18:00,UPI,bank_timeout,TIMEOUT,2871,failed
ATT_0002281,TXN_005644,2,2026-07-23 18:39:00,UPI,bank_timeout,TIMEOUT,4776,failed
ATT_0002282,TXN_005647,1,2026-08-10 22:56:00,Wallet,bank_timeout,TIMEOUT,4168,failed
ATT_0002283,TXN_005647,2,2026-08-10 23:41:00,Wallet,bank_timeout,TIMEOUT,4452,failed
ATT_0002284,TXN_005649,1,2026-08-11 04:07:00,Card,insufficient_funds,INSUFFICIENT_FUNDS,391,failed
ATT_0002285,TXN_005649,2,2026-08-11 04:40:00,Card,insufficient_funds,INSUFFICIENT_FUNDS,4269,failed
ATT_0002286,TXN_005659,1,2026-07-01 08:19:00,Card,network_error,NETWORK_ERROR,2993,failed
ATT_0002287,TXN_005665,1,2026-07-09 15:05:00,NetBanking,bank_timeout,TIMEOUT,194,failed
ATT_0002288,TXN_005665,2,2026-07-09 15:15:00,NetBanking,bank_timeout,TIMEOUT,4662,failed
ATT_0002289,TXN_005666,1,2026-08-10 02:11:00,NetBanking,bank_timeout,TIMEOUT,3419,failed
ATT_0002290,TXN_005667,1,2026-08-19 12:46:00,UPI,bank_timeout,TIMEOUT,2802,failed
ATT_0002291,TXN_005669,1,2026-07-16 13:05:00,Wallet,bank_timeout,TIMEOUT,3549,failed
ATT_0002292,TXN_005669,2,2026-07-16 13:26:00,Wallet,bank_timeout,TIMEOUT,3130,failed
ATT_0002293,TXN_005673,1,2026-08-21 23:07:00,UPI,bank_timeout,TIMEOUT,4624,failed
ATT_0002294,TXN_005676,1,2026-08-18 13:03:00,Card,insufficient_funds,INSUFFICIENT_FUNDS,1266,failed
ATT_0002295,TXN_005678,1,2026-08-16 05:56:00,UPI,bank_timeout,TIMEOUT,2042,failed
ATT_0002296,TXN_005678,2,2026-08-16 06:29:00,UPI,bank_timeout,TIMEOUT,900,failed
ATT_0002297,TXN_005678,3,2026-08-16 06:59:00,UPI,bank_timeout,TIMEOUT,3304,failed
ATT_0002298,TXN_005684,1,2026-08-25 08:35:00,Wallet,bank_timeout,TIMEOUT,2299,failed
ATT_0002299,TXN_005684,2,2026-08-25 09:05:00,Wallet,bank_timeout,TIMEOUT,443,failed
ATT_0002300,TXN_005684,3,2026-08-25 09:13:00,Wallet,bank_timeout,TIMEOUT,2866,failed
ATT_0002301,TXN_005687,1,2026-07-30 18:17:00,Card,expired_card,CARD_EXPIRED,1906,failed
ATT_0002302,TXN_005689,1,2026-07-21 10:43:00,UPI,network_error,NETWORK_ERROR,3620,failed
ATT_0002303,TXN_005690,1,2026-08-13 08:06:00,Card,insufficient_funds,INSUFFICIENT_FUNDS,3477,failed
ATT_0002304,TXN_005690,2,2026-08-13 08:13:00,Card,insufficient_funds,INSUFFICIENT_FUNDS,4322,failed
ATT_0002305,TXN_005691,1,2026-07-11 05:01:00,Wallet,bank_declined,BANK_DECLINED,2430,failed
ATT_0002306,TXN_005693,1,2026-07-06 23:54:00,UPI,bank_timeout,TIMEOUT,2253,failed
ATT_0002307,TXN_005693,2,2026-07-07 00:07:00,UPI,bank_timeout,TIMEOUT,3258,failed
ATT_0002308,TXN_005694,1,2026-07-06 09:14:00,UPI,network_error,NETWORK_ERROR,1233,failed
ATT_0002309,TXN_005698,1,2026-08-16 07:21:00,NetBanking,network_error,NETWORK_ERROR,4763,failed
ATT_0002310,TXN_005702,1,2026-07-08 11:55:00,UPI,bank_timeout,TIMEOUT,3483,failed
ATT_0002311,TXN_005706,1,2026-08-17 07:18:00,UPI,bank_timeout,TIMEOUT,1315,failed
ATT_0002312,TXN_005707,1,2026-07-20 19:10:00,Card,authentication_failure,AUTH_FAILED,608,failed
ATT_0002313,TXN_005707,2,2026-07-20 19:50:00,Card,authentication_failure,AUTH_FAILED,4851,failed
ATT_0002314,TXN_005710,1,2026-07-26 18:11:00,UPI,network_error,NETWORK_ERROR,644,failed
ATT_0002315,TXN_005711,1,2026-07-31 16:49:00,Card,bank_declined,BANK_DECLINED,3017,failed
ATT_0002316,TXN_005712,1,2026-07-13 01:51:00,UPI,bank_timeout,TIMEOUT,3335,failed
ATT_0002317,TXN_005713,1,2026-07-22 14:52:00,UPI,bank_timeout,TIMEOUT,756,failed
ATT_0002318,TXN_005714,1,2026-08-01 06:16:00,Wallet,insufficient_funds,INSUFFICIENT_FUNDS,4668,failed
ATT_0002319,TXN_005715,1,2026-07-25 20:28:00,UPI,network_error,NETWORK_ERROR,1452,failed
ATT_0002320,TXN_005716,1,2026-07-13 19:59:00,Card,bank_declined,BANK_DECLINED,3478,failed
ATT_0002321,TXN_005716,2,2026-07-13 20:28:00,Card,bank_declined,BANK_DECLINED,4290,failed
ATT_0002322,TXN_005718,1,2026-07-12 22:34:00,UPI,authentication_failure,AUTH_FAILED,3690,failed
ATT_0002323,TXN_005718,2,2026-07-12 23:32:00,UPI,authentication_failure,AUTH_FAILED,2063,failed
ATT_0002324,TXN_005718,3,2026-07-13 00:18:00,UPI,authentication_failure,AUTH_FAILED,3796,failed
ATT_0002325,TXN_005723,1,2026-08-25 09:04:00,UPI,bank_declined,BANK_DECLINED,2675,failed
ATT_0002326,TXN_005729,1,2026-07-07 10:39:00,Card,insufficient_funds,INSUFFICIENT_FUNDS,4256,failed
ATT_0002327,TXN_005729,2,2026-07-07 11:03:00,Card,insufficient_funds,INSUFFICIENT_FUNDS,1285,failed
ATT_0002328,TXN_005738,1,2026-08-17 04:33:00,UPI,bank_timeout,TIMEOUT,913,failed
ATT_0002329,TXN_005743,1,2026-07-11 11:25:00,UPI,bank_declined,BANK_DECLINED,1035,failed
ATT_0002330,TXN_005752,1,2026-08-08 02:03:00,NetBanking,network_error,NETWORK_ERROR,1515,failed
ATT_0002331,TXN_005753,1,2026-08-19 04:35:00,UPI,network_error,NETWORK_ERROR,1561,failed
ATT_0002332,TXN_005754,1,2026-08-20 18:54:00,Card,insufficient_funds,INSUFFICIENT_FUNDS,1372,failed
ATT_0002333,TXN_005755,1,2026-07-26 21:31:00,Card,bank_declined,BANK_DECLINED,1579,failed
ATT_0002334,TXN_005756,1,2026-07-15 10:33:00,UPI,bank_timeout,TIMEOUT,1905,failed
ATT_0002335,TXN_005756,2,2026-07-15 11:13:00,UPI,bank_timeout,TIMEOUT,4451,failed
ATT_0002336,TXN_005760,1,2026-07-26 06:56:00,Card,network_error,NETWORK_ERROR,2755,failed
ATT_0002337,TXN_005764,1,2026-08-13 15:27:00,Card,insufficient_funds,INSUFFICIENT_FUNDS,4448,failed
ATT_0002338,TXN_005766,1,2026-08-20 18:58:00,Card,bank_declined,BANK_DECLINED,3277,failed
ATT_0002339,TXN_005770,1,2026-08-20 23:15:00,NetBanking,network_error,NETWORK_ERROR,1008,failed
ATT_0002340,TXN_005772,1,2026-07-18 18:30:00,Card,expired_card,CARD_EXPIRED,3873,failed
ATT_0002341,TXN_005773,1,2026-07-10 01:59:00,Card,network_error,NETWORK_ERROR,2781,failed
ATT_0002342,TXN_005777,1,2026-08-15 17:49:00,NetBanking,bank_timeout,TIMEOUT,1260,failed
ATT_0002343,TXN_005777,2,2026-08-15 18:08:00,NetBanking,bank_timeout,TIMEOUT,165,failed
ATT_0002344,TXN_005780,1,2026-07-13 12:39:00,Card,authentication_failure,AUTH_FAILED,4829,failed
ATT_0002345,TXN_005781,1,2026-08-10 18:47:00,UPI,bank_declined,BANK_DECLINED,3938,failed
ATT_0002346,TXN_005781,2,2026-08-10 19:06:00,UPI,bank_declined,BANK_DECLINED,1281,failed
ATT_0002347,TXN_005784,1,2026-07-27 06:20:00,UPI,authentication_failure,AUTH_FAILED,480,failed
ATT_0002348,TXN_005784,2,2026-07-27 07:14:00,UPI,authentication_failure,AUTH_FAILED,1973,failed
ATT_0002349,TXN_005787,1,2026-08-04 12:01:00,Card,authentication_failure,AUTH_FAILED,2795,failed
ATT_0002350,TXN_005787,2,2026-08-04 12:27:00,Card,authentication_failure,AUTH_FAILED,3913,failed
ATT_0002351,TXN_005791,1,2026-08-12 05:08:00,Card,network_error,NETWORK_ERROR,3293,failed
ATT_0002352,TXN_005795,1,2026-07-25 18:31:00,Card,bank_declined,BANK_DECLINED,4161,failed
ATT_0002353,TXN_005798,1,2026-08-20 00:28:00,NetBanking,network_error,NETWORK_ERROR,4396,failed
ATT_0002354,TXN_005798,2,2026-08-20 01:26:00,NetBanking,network_error,NETWORK_ERROR,1431,failed
ATT_0002355,TXN_005798,3,2026-08-20 02:17:00,NetBanking,network_error,NETWORK_ERROR,3497,failed
ATT_0002356,TXN_005803,1,2026-08-08 06:11:00,NetBanking,bank_declined,BANK_DECLINED,771,failed
ATT_0002357,TXN_005805,1,2026-08-19 12:57:00,NetBanking,network_error,NETWORK_ERROR,3228,failed
ATT_0002358,TXN_005807,1,2026-08-08 02:30:00,UPI,authentication_failure,AUTH_FAILED,1929,failed
ATT_0002359,TXN_005809,1,2026-07-07 20:48:00,UPI,bank_timeout,TIMEOUT,4141,failed
ATT_0002360,TXN_005813,1,2026-07-30 17:31:00,NetBanking,bank_timeout,TIMEOUT,1919,failed
ATT_0002361,TXN_005813,2,2026-07-30 18:06:00,NetBanking,bank_timeout,TIMEOUT,3019,failed
ATT_0002362,TXN_005816,1,2026-08-09 05:18:00,NetBanking,bank_declined,BANK_DECLINED,4351,failed
ATT_0002363,TXN_005824,1,2026-07-31 15:02:00,UPI,bank_declined,BANK_DECLINED,3785,failed
ATT_0002364,TXN_005831,1,2026-08-15 13:44:00,Card,authentication_failure,AUTH_FAILED,821,failed
ATT_0002365,TXN_005832,1,2026-08-10 13:56:00,NetBanking,bank_declined,BANK_DECLINED,3358,failed
ATT_0002366,TXN_005835,1,2026-07-21 13:40:00,Card,bank_declined,BANK_DECLINED,1001,failed
ATT_0002367,TXN_005847,1,2026-08-22 12:37:00,UPI,authentication_failure,AUTH_FAILED,3410,failed
ATT_0002368,TXN_005848,1,2026-08-15 14:11:00,Card,network_error,NETWORK_ERROR,1466,failed
ATT_0002369,TXN_005848,2,2026-08-15 14:31:00,Card,network_error,NETWORK_ERROR,4121,failed
ATT_0002370,TXN_005849,1,2026-07-13 07:45:00,UPI,bank_timeout,TIMEOUT,4337,failed
ATT_0002371,TXN_005860,1,2026-08-18 06:43:00,UPI,bank_timeout,TIMEOUT,514,failed
ATT_0002372,TXN_005860,2,2026-08-18 06:55:00,UPI,bank_timeout,TIMEOUT,3742,failed
ATT_0002373,TXN_005864,1,2026-08-23 16:49:00,UPI,bank_declined,BANK_DECLINED,1006,failed
ATT_0002374,TXN_005870,1,2026-07-09 11:11:00,Card,network_error,NETWORK_ERROR,4838,failed
ATT_0002375,TXN_005875,1,2026-08-21 00:13:00,UPI,network_error,NETWORK_ERROR,645,failed
ATT_0002376,TXN_005877,1,2026-07-11 21:12:00,NetBanking,bank_declined,BANK_DECLINED,875,failed
ATT_0002377,TXN_005877,2,2026-07-11 21:18:00,NetBanking,bank_declined,BANK_DECLINED,2994,failed
ATT_0002378,TXN_005878,1,2026-07-10 21:17:00,UPI,authentication_failure,AUTH_FAILED,225,failed
ATT_0002379,TXN_005878,2,2026-07-10 22:15:00,UPI,authentication_failure,AUTH_FAILED,3262,failed
ATT_0002380,TXN_005881,1,2026-08-10 04:45:00,UPI,network_error,NETWORK_ERROR,3809,failed
ATT_0002381,TXN_005885,1,2026-07-15 00:18:00,Card,network_error,NETWORK_ERROR,394,failed
ATT_0002382,TXN_005888,1,2026-07-14 07:41:00,UPI,bank_declined,BANK_DECLINED,2127,failed
ATT_0002383,TXN_005889,1,2026-08-14 00:51:00,Card,expired_card,CARD_EXPIRED,4464,failed
ATT_0002384,TXN_005890,1,2026-07-11 12:11:00,Card,expired_card,CARD_EXPIRED,3711,failed
ATT_0002385,TXN_005896,1,2026-07-29 21:19:00,UPI,bank_timeout,TIMEOUT,3222,failed
ATT_0002386,TXN_005896,2,2026-07-29 21:33:00,UPI,bank_timeout,TIMEOUT,2026,failed
ATT_0002387,TXN_005898,1,2026-07-28 07:34:00,Wallet,bank_declined,BANK_DECLINED,1320,failed
ATT_0002388,TXN_005905,1,2026-07-24 03:27:00,Wallet,insufficient_funds,INSUFFICIENT_FUNDS,3438,failed
ATT_0002389,TXN_005912,1,2026-08-15 15:28:00,UPI,bank_declined,BANK_DECLINED,1013,failed
ATT_0002390,TXN_005921,1,2026-07-17 03:32:00,Card,bank_declined,BANK_DECLINED,3832,failed
ATT_0002391,TXN_005924,1,2026-08-18 21:14:00,NetBanking,bank_declined,BANK_DECLINED,3759,failed
ATT_0002392,TXN_005924,2,2026-08-18 22:07:00,NetBanking,bank_declined,BANK_DECLINED,4507,failed
ATT_0002393,TXN_005926,1,2026-07-25 23:32:00,UPI,bank_timeout,TIMEOUT,1186,failed
ATT_0002394,TXN_005927,1,2026-08-22 09:42:00,Card,insufficient_funds,INSUFFICIENT_FUNDS,3472,failed
ATT_0002395,TXN_005927,2,2026-08-22 10:15:00,Card,insufficient_funds,INSUFFICIENT_FUNDS,4154,failed
ATT_0002396,TXN_005928,1,2026-08-24 19:08:00,Card,insufficient_funds,INSUFFICIENT_FUNDS,992,failed
ATT_0002397,TXN_005928,2,2026-08-24 19:14:00,Card,insufficient_funds,INSUFFICIENT_FUNDS,4400,failed
ATT_0002398,TXN_005930,1,2026-08-06 15:48:00,UPI,bank_timeout,TIMEOUT,1737,failed
ATT_0002399,TXN_005930,2,2026-08-06 16:03:00,UPI,bank_timeout,TIMEOUT,1471,failed
ATT_0002400,TXN_005930,3,2026-08-06 16:29:00,UPI,bank_timeout,TIMEOUT,1961,failed
ATT_0002401,TXN_005932,1,2026-08-25 03:57:00,Card,expired_card,CARD_EXPIRED,4172,failed
ATT_0002402,TXN_005934,1,2026-07-01 21:42:00,UPI,bank_declined,BANK_DECLINED,2002,failed
ATT_0002403,TXN_005934,2,2026-07-01 22:30:00,UPI,bank_declined,BANK_DECLINED,4614,failed
ATT_0002404,TXN_005934,3,2026-07-01 23:05:00,UPI,bank_declined,BANK_DECLINED,1876,failed
ATT_0002405,TXN_005941,1,2026-08-04 07:15:00,Card,bank_declined,BANK_DECLINED,3427,failed
ATT_0002406,TXN_005947,1,2026-07-23 03:31:00,UPI,bank_timeout,TIMEOUT,1960,failed
ATT_0002407,TXN_005947,2,2026-07-23 03:55:00,UPI,bank_timeout,TIMEOUT,2814,failed
ATT_0002408,TXN_005950,1,2026-07-06 05:48:00,Card,network_error,NETWORK_ERROR,949,failed
ATT_0002409,TXN_005950,2,2026-07-06 06:12:00,Card,network_error,NETWORK_ERROR,3278,failed
ATT_0002410,TXN_005953,1,2026-08-11 22:39:00,Card,authentication_failure,AUTH_FAILED,3351,failed
ATT_0002411,TXN_005953,2,2026-08-11 23:28:00,Card,authentication_failure,AUTH_FAILED,4366,failed
ATT_0002412,TXN_005958,1,2026-08-13 15:56:00,Card,bank_declined,BANK_DECLINED,4948,failed
ATT_0002413,TXN_005960,1,2026-07-06 10:40:00,UPI,authentication_failure,AUTH_FAILED,1513,failed
ATT_0002414,TXN_005961,1,2026-08-11 15:46:00,Card,authentication_failure,AUTH_FAILED,865,failed
ATT_0002415,TXN_005968,1,2026-08-03 05:40:00,UPI,network_error,NETWORK_ERROR,4125,failed
ATT_0002416,TXN_005970,1,2026-08-06 13:04:00,UPI,bank_declined,BANK_DECLINED,1347,failed
ATT_0002417,TXN_005975,1,2026-07-18 17:45:00,UPI,bank_declined,BANK_DECLINED,511,failed
ATT_0002418,TXN_005981,1,2026-07-14 15:33:00,Card,authentication_failure,AUTH_FAILED,2483,failed
ATT_0002419,TXN_005985,1,2026-07-19 06:28:00,UPI,bank_timeout,TIMEOUT,1673,failed
ATT_0002420,TXN_005991,1,2026-08-05 11:14:00,Card,bank_declined,BANK_DECLINED,812,failed
ATT_0002421,TXN_006008,1,2026-08-10 06:30:00,UPI,bank_declined,BANK_DECLINED,236,failed
ATT_0002422,TXN_006011,1,2026-07-25 07:01:00,UPI,authentication_failure,AUTH_FAILED,692,failed
ATT_0002423,TXN_006015,1,2026-07-20 02:20:00,Wallet,bank_timeout,TIMEOUT,1616,failed
ATT_0002424,TXN_006015,2,2026-07-20 02:38:00,Wallet,bank_timeout,TIMEOUT,537,failed
ATT_0002425,TXN_006022,1,2026-08-03 08:54:00,UPI,bank_timeout,TIMEOUT,1583,failed
ATT_0002426,TXN_006023,1,2026-07-01 01:11:00,UPI,bank_declined,BANK_DECLINED,342,failed
ATT_0002427,TXN_006025,1,2026-07-26 01:26:00,UPI,network_error,NETWORK_ERROR,2643,failed
ATT_0002428,TXN_006030,1,2026-07-09 20:46:00,UPI,authentication_failure,AUTH_FAILED,2410,failed
ATT_0002429,TXN_006030,2,2026-07-09 21:30:00,UPI,authentication_failure,AUTH_FAILED,666,failed
ATT_0002430,TXN_006031,1,2026-07-29 06:53:00,UPI,bank_timeout,TIMEOUT,4494,failed
ATT_0002431,TXN_006031,2,2026-07-29 07:22:00,UPI,bank_timeout,TIMEOUT,3040,failed
ATT_0002432,TXN_006037,1,2026-07-18 00:48:00,NetBanking,bank_declined,BANK_DECLINED,640,failed
ATT_0002433,TXN_006039,1,2026-08-06 14:51:00,NetBanking,bank_timeout,TIMEOUT,3952,failed
ATT_0002434,TXN_006041,1,2026-08-11 23:07:00,UPI,bank_timeout,TIMEOUT,4571,failed
ATT_0002435,TXN_006041,2,2026-08-11 23:17:00,UPI,bank_timeout,TIMEOUT,4516,failed
ATT_0002436,TXN_006042,1,2026-07-31 09:19:00,UPI,bank_declined,BANK_DECLINED,4383,failed
ATT_0002437,TXN_006049,1,2026-07-13 08:03:00,NetBanking,bank_timeout,TIMEOUT,4756,failed
ATT_0002438,TXN_006050,1,2026-07-31 10:04:00,Card,insufficient_funds,INSUFFICIENT_FUNDS,242,failed
ATT_0002439,TXN_006055,1,2026-07-22 12:15:00,Card,expired_card,CARD_EXPIRED,4723,failed
ATT_0002440,TXN_006061,1,2026-07-31 23:47:00,UPI,bank_timeout,TIMEOUT,3154,failed
ATT_0002441,TXN_006065,1,2026-08-07 19:48:00,NetBanking,bank_timeout,TIMEOUT,690,failed
ATT_0002442,TXN_006067,1,2026-07-17 15:02:00,UPI,bank_declined,BANK_DECLINED,2993,failed
ATT_0002443,TXN_006067,2,2026-07-17 15:55:00,UPI,bank_declined,BANK_DECLINED,3350,failed
ATT_0002444,TXN_006073,1,2026-08-11 20:49:00,NetBanking,network_error,NETWORK_ERROR,2038,failed
ATT_0002445,TXN_006074,1,2026-07-08 06:20:00,Wallet,network_error,NETWORK_ERROR,2842,failed
ATT_0002446,TXN_006074,2,2026-07-08 06:58:00,Wallet,network_error,NETWORK_ERROR,1838,failed
ATT_0002447,TXN_006075,1,2026-08-26 13:31:00,Card,insufficient_funds,INSUFFICIENT_FUNDS,2454,failed
ATT_0002448,TXN_006076,1,2026-07-26 16:45:00,Card,network_error,NETWORK_ERROR,1517,failed
ATT_0002449,TXN_006080,1,2026-08-17 11:06:00,UPI,bank_declined,BANK_DECLINED,4455,failed
ATT_0002450,TXN_006081,1,2026-08-17 16:22:00,NetBanking,bank_timeout,TIMEOUT,1676,failed
ATT_0002451,TXN_006083,1,2026-07-31 06:17:00,UPI,bank_timeout,TIMEOUT,3322,failed
ATT_0002452,TXN_006083,2,2026-07-31 06:59:00,UPI,bank_timeout,TIMEOUT,3888,failed
ATT_0002453,TXN_006083,3,2026-07-31 07:42:00,UPI,bank_timeout,TIMEOUT,979,failed
ATT_0002454,TXN_006087,1,2026-07-24 14:30:00,UPI,bank_timeout,TIMEOUT,997,failed
ATT_0002455,TXN_006092,1,2026-07-26 22:23:00,Card,network_error,NETWORK_ERROR,482,failed
ATT_0002456,TXN_006092,2,2026-07-26 23:02:00,Card,network_error,NETWORK_ERROR,3794,failed
ATT_0002457,TXN_006096,1,2026-08-05 09:26:00,UPI,bank_timeout,TIMEOUT,693,failed
ATT_0002458,TXN_006100,1,2026-08-11 00:18:00,NetBanking,authentication_failure,AUTH_FAILED,2614,failed
ATT_0002459,TXN_006100,2,2026-08-11 00:41:00,NetBanking,authentication_failure,AUTH_FAILED,3327,failed
ATT_0002460,TXN_006100,3,2026-08-11 01:13:00,NetBanking,authentication_failure,AUTH_FAILED,833,failed
ATT_0002461,TXN_006102,1,2026-08-22 01:50:00,UPI,bank_timeout,TIMEOUT,1769,failed
ATT_0002462,TXN_006102,2,2026-08-22 02:38:00,UPI,bank_timeout,TIMEOUT,4426,failed
ATT_0002463,TXN_006103,1,2026-08-26 20:31:00,UPI,network_error,NETWORK_ERROR,1522,failed
ATT_0002464,TXN_006103,2,2026-08-26 21:04:00,UPI,network_error,NETWORK_ERROR,1867,failed
ATT_0002465,TXN_006103,3,2026-08-26 22:02:00,UPI,network_error,NETWORK_ERROR,2731,failed
ATT_0002466,TXN_006104,1,2026-08-26 15:45:00,Card,bank_declined,BANK_DECLINED,1242,failed
ATT_0002467,TXN_006107,1,2026-07-08 01:45:00,UPI,bank_timeout,TIMEOUT,530,failed
ATT_0002468,TXN_006109,1,2026-07-22 11:00:00,UPI,bank_timeout,TIMEOUT,3438,failed
ATT_0002469,TXN_006110,1,2026-07-11 12:34:00,Card,bank_declined,BANK_DECLINED,1699,failed
ATT_0002470,TXN_006121,1,2026-07-13 20:27:00,UPI,bank_declined,BANK_DECLINED,2905,failed
ATT_0002471,TXN_006124,1,2026-08-16 16:55:00,Card,network_error,NETWORK_ERROR,1736,failed
ATT_0002472,TXN_006124,2,2026-08-16 17:10:00,Card,network_error,NETWORK_ERROR,3572,failed
ATT_0002473,TXN_006127,1,2026-08-04 12:57:00,Wallet,insufficient_funds,INSUFFICIENT_FUNDS,698,failed
ATT_0002474,TXN_006130,1,2026-08-25 02:59:00,UPI,bank_timeout,TIMEOUT,2220,failed
ATT_0002475,TXN_006131,1,2026-07-30 09:26:00,Card,insufficient_funds,INSUFFICIENT_FUNDS,3292,failed
ATT_0002476,TXN_006132,1,2026-08-01 07:12:00,NetBanking,network_error,NETWORK_ERROR,2011,failed
ATT_0002477,TXN_006134,1,2026-08-11 19:58:00,Wallet,bank_declined,BANK_DECLINED,1989,failed
ATT_0002478,TXN_006141,1,2026-07-26 03:30:00,NetBanking,bank_declined,BANK_DECLINED,3005,failed
ATT_0002479,TXN_006144,1,2026-08-18 03:45:00,UPI,bank_timeout,TIMEOUT,4544,failed
ATT_0002480,TXN_006146,1,2026-08-14 12:21:00,Card,insufficient_funds,INSUFFICIENT_FUNDS,2901,failed
ATT_0002481,TXN_006147,1,2026-07-25 19:45:00,Card,insufficient_funds,INSUFFICIENT_FUNDS,4889,failed
ATT_0002482,TXN_006151,1,2026-07-30 17:02:00,Card,expired_card,CARD_EXPIRED,1483,failed
ATT_0002483,TXN_006154,1,2026-07-07 07:48:00,UPI,bank_timeout,TIMEOUT,4321,failed
ATT_0002484,TXN_006157,1,2026-07-20 22:19:00,NetBanking,bank_declined,BANK_DECLINED,3489,failed
ATT_0002485,TXN_006158,1,2026-08-23 18:23:00,Card,authentication_failure,AUTH_FAILED,4161,failed
ATT_0002486,TXN_006166,1,2026-08-19 23:02:00,Wallet,bank_timeout,TIMEOUT,925,failed
ATT_0002487,TXN_006167,1,2026-08-12 20:23:00,NetBanking,network_error,NETWORK_ERROR,4370,failed
ATT_0002488,TXN_006172,1,2026-08-22 16:56:00,Card,authentication_failure,AUTH_FAILED,1499,failed
ATT_0002489,TXN_006172,2,2026-08-22 17:39:00,Card,authentication_failure,AUTH_FAILED,1507,failed
ATT_0002490,TXN_006176,1,2026-08-17 20:06:00,UPI,bank_timeout,TIMEOUT,2926,failed
ATT_0002491,TXN_006178,1,2026-07-20 05:08:00,Card,insufficient_funds,INSUFFICIENT_FUNDS,726,failed
ATT_0002492,TXN_006181,1,2026-08-18 18:07:00,Card,insufficient_funds,INSUFFICIENT_FUNDS,4188,failed
ATT_0002493,TXN_006182,1,2026-07-12 08:57:00,UPI,network_error,NETWORK_ERROR,4176,failed
ATT_0002494,TXN_006182,2,2026-07-12 09:42:00,UPI,network_error,NETWORK_ERROR,3526,failed
ATT_0002495,TXN_006192,1,2026-07-30 16:45:00,NetBanking,network_error,NETWORK_ERROR,1386,failed
ATT_0002496,TXN_006192,2,2026-07-30 17:32:00,NetBanking,network_error,NETWORK_ERROR,2111,failed
ATT_0002497,TXN_006193,1,2026-08-13 19:09:00,UPI,bank_declined,BANK_DECLINED,1802,failed
ATT_0002498,TXN_006197,1,2026-07-25 13:59:00,Card,expired_card,CARD_EXPIRED,1879,failed
ATT_0002499,TXN_006198,1,2026-08-10 17:29:00,UPI,bank_timeout,TIMEOUT,3522,failed
ATT_0002500,TXN_006204,1,2026-07-19 20:11:00,Card,expired_card,CARD_EXPIRED,3674,failed
ATT_0002501,TXN_006207,1,2026-07-20 23:08:00,Card,insufficient_funds,INSUFFICIENT_FUNDS,773,failed
ATT_0002502,TXN_006210,1,2026-07-09 17:10:00,Card,authentication_failure,AUTH_FAILED,4939,failed
ATT_0002503,TXN_006216,1,2026-07-09 18:17:00,Wallet,insufficient_funds,INSUFFICIENT_FUNDS,2006,failed
ATT_0002504,TXN_006223,1,2026-07-10 04:11:00,UPI,bank_timeout,TIMEOUT,3552,failed
ATT_0002505,TXN_006231,1,2026-08-01 23:39:00,UPI,bank_timeout,TIMEOUT,1508,failed
ATT_0002506,TXN_006237,1,2026-07-05 17:16:00,UPI,bank_declined,BANK_DECLINED,375,failed
ATT_0002507,TXN_006239,1,2026-07-16 01:29:00,UPI,bank_declined,BANK_DECLINED,4568,failed
ATT_0002508,TXN_006241,1,2026-08-14 05:42:00,UPI,authentication_failure,AUTH_FAILED,665,failed
ATT_0002509,TXN_006244,1,2026-07-18 13:37:00,Card,bank_declined,BANK_DECLINED,276,failed
ATT_0002510,TXN_006246,1,2026-07-28 13:13:00,NetBanking,authentication_failure,AUTH_FAILED,4931,failed
ATT_0002511,TXN_006255,1,2026-07-12 09:36:00,UPI,network_error,NETWORK_ERROR,4379,failed
ATT_0002512,TXN_006257,1,2026-07-17 09:05:00,UPI,bank_declined,BANK_DECLINED,4849,failed
ATT_0002513,TXN_006259,1,2026-08-17 19:11:00,UPI,bank_declined,BANK_DECLINED,759,failed
ATT_0002514,TXN_006261,1,2026-08-05 14:09:00,Card,network_error,NETWORK_ERROR,1786,failed
ATT_0002515,TXN_006262,1,2026-07-10 09:15:00,UPI,bank_timeout,TIMEOUT,1979,failed
ATT_0002516,TXN_006267,1,2026-07-25 16:44:00,UPI,authentication_failure,AUTH_FAILED,2545,failed
ATT_0002517,TXN_006280,1,2026-07-23 08:43:00,UPI,bank_timeout,TIMEOUT,4708,failed
ATT_0002518,TXN_006284,1,2026-07-29 23:19:00,UPI,bank_declined,BANK_DECLINED,2084,failed
ATT_0002519,TXN_006284,2,2026-07-29 23:56:00,UPI,bank_declined,BANK_DECLINED,4631,failed
ATT_0002520,TXN_006284,3,2026-07-30 00:08:00,UPI,bank_declined,BANK_DECLINED,3835,failed
ATT_0002521,TXN_006286,1,2026-07-08 14:47:00,UPI,authentication_failure,AUTH_FAILED,2484,failed
ATT_0002522,TXN_006289,1,2026-08-14 12:58:00,UPI,network_error,NETWORK_ERROR,684,failed
ATT_0002523,TXN_006300,1,2026-08-13 09:26:00,Card,bank_declined,BANK_DECLINED,2458,failed
ATT_0002524,TXN_006304,1,2026-07-26 20:02:00,UPI,authentication_failure,AUTH_FAILED,4581,failed
ATT_0002525,TXN_006307,1,2026-07-28 22:48:00,Card,bank_declined,BANK_DECLINED,2148,failed
ATT_0002526,TXN_006310,1,2026-08-01 16:49:00,UPI,bank_timeout,TIMEOUT,3918,failed
ATT_0002527,TXN_006315,1,2026-07-10 15:42:00,UPI,bank_timeout,TIMEOUT,4859,failed
ATT_0002528,TXN_006318,1,2026-07-21 17:24:00,UPI,bank_timeout,TIMEOUT,1851,failed
ATT_0002529,TXN_006318,2,2026-07-21 17:44:00,UPI,bank_timeout,TIMEOUT,1949,failed
ATT_0002530,TXN_006320,1,2026-07-12 12:38:00,UPI,bank_declined,BANK_DECLINED,880,failed
ATT_0002531,TXN_006322,1,2026-08-01 22:32:00,Card,insufficient_funds,INSUFFICIENT_FUNDS,513,failed
ATT_0002532,TXN_006325,1,2026-07-11 04:25:00,UPI,network_error,NETWORK_ERROR,441,failed
ATT_0002533,TXN_006325,2,2026-07-11 04:33:00,UPI,network_error,NETWORK_ERROR,4139,failed
ATT_0002534,TXN_006331,1,2026-07-19 00:50:00,UPI,bank_timeout,TIMEOUT,2556,failed
ATT_0002535,TXN_006332,1,2026-08-07 09:14:00,UPI,bank_timeout,TIMEOUT,5000,failed
ATT_0002536,TXN_006332,2,2026-08-07 09:38:00,UPI,bank_timeout,TIMEOUT,1972,failed
ATT_0002537,TXN_006334,1,2026-07-31 07:24:00,UPI,bank_declined,BANK_DECLINED,3893,failed
ATT_0002538,TXN_006338,1,2026-07-21 09:21:00,Card,insufficient_funds,INSUFFICIENT_FUNDS,1191,failed
ATT_0002539,TXN_006341,1,2026-07-25 19:47:00,Card,bank_declined,BANK_DECLINED,2823,failed
ATT_0002540,TXN_006347,1,2026-08-01 23:09:00,UPI,authentication_failure,AUTH_FAILED,1798,failed
ATT_0002541,TXN_006348,1,2026-07-10 03:41:00,UPI,bank_timeout,TIMEOUT,2506,failed
ATT_0002542,TXN_006349,1,2026-08-07 07:26:00,NetBanking,network_error,NETWORK_ERROR,1168,failed
ATT_0002543,TXN_006350,1,2026-07-13 19:41:00,UPI,network_error,NETWORK_ERROR,810,failed
ATT_0002544,TXN_006350,2,2026-07-13 20:24:00,UPI,network_error,NETWORK_ERROR,1883,failed
ATT_0002545,TXN_006352,1,2026-08-16 18:52:00,UPI,bank_timeout,TIMEOUT,4381,failed
ATT_0002546,TXN_006352,2,2026-08-16 19:03:00,UPI,bank_timeout,TIMEOUT,4830,failed
ATT_0002547,TXN_006352,3,2026-08-16 19:52:00,UPI,bank_timeout,TIMEOUT,3450,failed
ATT_0002548,TXN_006360,1,2026-07-10 00:48:00,UPI,bank_timeout,TIMEOUT,1261,failed
ATT_0002549,TXN_006365,1,2026-07-06 03:12:00,Card,authentication_failure,AUTH_FAILED,2407,failed
ATT_0002550,TXN_006365,2,2026-07-06 03:56:00,Card,authentication_failure,AUTH_FAILED,994,failed
ATT_0002551,TXN_006369,1,2026-07-13 09:00:00,NetBanking,bank_timeout,TIMEOUT,403,failed
ATT_0002552,TXN_006372,1,2026-07-08 03:30:00,UPI,network_error,NETWORK_ERROR,1587,failed
ATT_0002553,TXN_006375,1,2026-07-08 15:03:00,UPI,network_error,NETWORK_ERROR,4792,failed
ATT_0002554,TXN_006383,1,2026-08-19 12:48:00,UPI,bank_timeout,TIMEOUT,4941,failed
ATT_0002555,TXN_006385,1,2026-07-15 05:06:00,Card,insufficient_funds,INSUFFICIENT_FUNDS,1564,failed
ATT_0002556,TXN_006386,1,2026-07-29 00:53:00,Card,expired_card,CARD_EXPIRED,859,failed
ATT_0002557,TXN_006386,2,2026-07-29 01:46:00,Card,expired_card,CARD_EXPIRED,1907,failed
ATT_0002558,TXN_006389,1,2026-08-25 22:12:00,Wallet,insufficient_funds,INSUFFICIENT_FUNDS,700,failed
ATT_0002559,TXN_006392,1,2026-07-06 14:59:00,UPI,network_error,NETWORK_ERROR,1081,failed
ATT_0002560,TXN_006397,1,2026-07-18 05:38:00,Card,network_error,NETWORK_ERROR,4993,failed
ATT_0002561,TXN_006401,1,2026-07-28 16:15:00,UPI,network_error,NETWORK_ERROR,4532,failed
ATT_0002562,TXN_006401,2,2026-07-28 16:41:00,UPI,network_error,NETWORK_ERROR,1118,failed
ATT_0002563,TXN_006402,1,2026-08-23 12:46:00,UPI,network_error,NETWORK_ERROR,2912,failed
ATT_0002564,TXN_006404,1,2026-08-11 03:14:00,UPI,bank_declined,BANK_DECLINED,1785,failed
ATT_0002565,TXN_006404,2,2026-08-11 03:36:00,UPI,bank_declined,BANK_DECLINED,4338,failed
ATT_0002566,TXN_006409,1,2026-07-30 00:47:00,Card,insufficient_funds,INSUFFICIENT_FUNDS,2369,failed
ATT_0002567,TXN_006422,1,2026-08-19 01:08:00,Card,bank_declined,BANK_DECLINED,4554,failed
ATT_0002568,TXN_006423,1,2026-08-25 16:45:00,Card,expired_card,CARD_EXPIRED,1527,failed
ATT_0002569,TXN_006423,2,2026-08-25 17:37:00,Card,expired_card,CARD_EXPIRED,2608,failed
ATT_0002570,TXN_006428,1,2026-07-02 15:50:00,Card,bank_declined,BANK_DECLINED,2857,failed
ATT_0002571,TXN_006428,2,2026-07-02 16:42:00,Card,bank_declined,BANK_DECLINED,2666,failed
ATT_0002572,TXN_006430,1,2026-08-08 16:55:00,Wallet,bank_declined,BANK_DECLINED,4629,failed
ATT_0002573,TXN_006431,1,2026-07-26 08:55:00,UPI,bank_timeout,TIMEOUT,4126,failed
ATT_0002574,TXN_006434,1,2026-08-23 18:56:00,UPI,bank_declined,BANK_DECLINED,4937,failed
ATT_0002575,TXN_006434,2,2026-08-23 19:53:00,UPI,bank_declined,BANK_DECLINED,3425,failed
ATT_0002576,TXN_006436,1,2026-07-25 06:44:00,UPI,bank_timeout,TIMEOUT,1906,failed
ATT_0002577,TXN_006445,1,2026-07-01 16:54:00,Card,expired_card,CARD_EXPIRED,1953,failed
ATT_0002578,TXN_006450,1,2026-07-06 17:11:00,UPI,bank_timeout,TIMEOUT,4197,failed
ATT_0002579,TXN_006454,1,2026-07-18 00:29:00,Card,insufficient_funds,INSUFFICIENT_FUNDS,3042,failed
ATT_0002580,TXN_006454,2,2026-07-18 00:46:00,Card,insufficient_funds,INSUFFICIENT_FUNDS,1262,failed
ATT_0002581,TXN_006454,3,2026-07-18 01:46:00,Card,insufficient_funds,INSUFFICIENT_FUNDS,2474,failed
ATT_0002582,TXN_006455,1,2026-07-20 13:38:00,Card,authentication_failure,AUTH_FAILED,582,failed
ATT_0002583,TXN_006455,2,2026-07-20 14:04:00,Card,authentication_failure,AUTH_FAILED,4264,failed
ATT_0002584,TXN_006455,3,2026-07-20 14:15:00,Card,authentication_failure,AUTH_FAILED,4742,failed
ATT_0002585,TXN_006458,1,2026-07-14 08:49:00,UPI,network_error,NETWORK_ERROR,632,failed
ATT_0002586,TXN_006458,2,2026-07-14 09:36:00,UPI,network_error,NETWORK_ERROR,1883,failed
ATT_0002587,TXN_006459,1,2026-07-18 01:28:00,UPI,bank_declined,BANK_DECLINED,507,failed
ATT_0002588,TXN_006459,2,2026-07-18 02:15:00,UPI,bank_declined,BANK_DECLINED,4745,failed
ATT_0002589,TXN_006463,1,2026-07-08 18:48:00,UPI,bank_declined,BANK_DECLINED,2188,failed
ATT_0002590,TXN_006464,1,2026-08-26 10:01:00,UPI,bank_declined,BANK_DECLINED,728,failed
ATT_0002591,TXN_006465,1,2026-07-08 02:12:00,UPI,authentication_failure,AUTH_FAILED,3257,failed
ATT_0002592,TXN_006468,1,2026-08-12 03:54:00,UPI,bank_timeout,TIMEOUT,1662,failed
ATT_0002593,TXN_006468,2,2026-08-12 04:18:00,UPI,bank_timeout,TIMEOUT,1770,failed
ATT_0002594,TXN_006468,3,2026-08-12 04:39:00,UPI,bank_timeout,TIMEOUT,3272,failed
ATT_0002595,TXN_006470,1,2026-08-25 08:50:00,UPI,network_error,NETWORK_ERROR,1224,failed
ATT_0002596,TXN_006471,1,2026-07-29 12:44:00,Card,insufficient_funds,INSUFFICIENT_FUNDS,1805,failed
ATT_0002597,TXN_006473,1,2026-07-02 23:05:00,UPI,bank_declined,BANK_DECLINED,2287,failed
ATT_0002598,TXN_006474,1,2026-08-24 12:59:00,UPI,bank_timeout,TIMEOUT,167,failed
ATT_0002599,TXN_006475,1,2026-08-14 20:27:00,NetBanking,authentication_failure,AUTH_FAILED,3315,failed
ATT_0002600,TXN_006484,1,2026-08-20 05:18:00,Card,bank_declined,BANK_DECLINED,3475,failed
ATT_0002601,TXN_006503,1,2026-07-14 16:03:00,UPI,network_error,NETWORK_ERROR,1485,failed
ATT_0002602,TXN_006509,1,2026-07-21 12:16:00,Card,authentication_failure,AUTH_FAILED,3139,failed
ATT_0002603,TXN_006509,2,2026-07-21 13:01:00,Card,authentication_failure,AUTH_FAILED,4944,failed
ATT_0002604,TXN_006510,1,2026-07-21 09:58:00,Card,bank_declined,BANK_DECLINED,3854,failed
ATT_0002605,TXN_006513,1,2026-07-10 07:08:00,UPI,bank_declined,BANK_DECLINED,3066,failed
ATT_0002606,TXN_006513,2,2026-07-10 08:06:00,UPI,bank_declined,BANK_DECLINED,4057,failed
ATT_0002607,TXN_006515,1,2026-08-24 16:09:00,Card,expired_card,CARD_EXPIRED,2089,failed
ATT_0002608,TXN_006515,2,2026-08-24 16:55:00,Card,expired_card,CARD_EXPIRED,283,failed
ATT_0002609,TXN_006520,1,2026-07-04 00:34:00,UPI,bank_timeout,TIMEOUT,4712,failed
ATT_0002610,TXN_006521,1,2026-07-06 16:22:00,NetBanking,network_error,NETWORK_ERROR,273,failed
ATT_0002611,TXN_006528,1,2026-07-23 04:21:00,Card,bank_declined,BANK_DECLINED,4659,failed
ATT_0002612,TXN_006528,2,2026-07-23 05:02:00,Card,bank_declined,BANK_DECLINED,3612,failed
ATT_0002613,TXN_006531,1,2026-07-02 12:18:00,Card,expired_card,CARD_EXPIRED,946,failed
ATT_0002614,TXN_006532,1,2026-07-02 09:23:00,UPI,network_error,NETWORK_ERROR,979,failed
ATT_0002615,TXN_006533,1,2026-08-12 12:15:00,UPI,bank_timeout,TIMEOUT,2554,failed
ATT_0002616,TXN_006533,2,2026-08-12 12:55:00,UPI,bank_timeout,TIMEOUT,1001,failed
ATT_0002617,TXN_006533,3,2026-08-12 13:08:00,UPI,bank_timeout,TIMEOUT,3548,failed
ATT_0002618,TXN_006540,1,2026-07-17 21:17:00,Card,expired_card,CARD_EXPIRED,4264,failed
ATT_0002619,TXN_006543,1,2026-08-05 14:34:00,Wallet,bank_timeout,TIMEOUT,701,failed
ATT_0002620,TXN_006545,1,2026-07-19 15:46:00,UPI,bank_declined,BANK_DECLINED,2036,failed
ATT_0002621,TXN_006546,1,2026-07-31 04:36:00,UPI,bank_declined,BANK_DECLINED,858,failed
ATT_0002622,TXN_006546,2,2026-07-31 04:41:00,UPI,bank_declined,BANK_DECLINED,4805,failed
ATT_0002623,TXN_006553,1,2026-08-16 16:58:00,UPI,network_error,NETWORK_ERROR,484,failed
ATT_0002624,TXN_006553,2,2026-08-16 17:18:00,UPI,network_error,NETWORK_ERROR,3816,failed
ATT_0002625,TXN_006555,1,2026-07-21 19:59:00,Card,insufficient_funds,INSUFFICIENT_FUNDS,707,failed
ATT_0002626,TXN_006555,2,2026-07-21 20:44:00,Card,insufficient_funds,INSUFFICIENT_FUNDS,2571,failed
ATT_0002627,TXN_006555,3,2026-07-21 21:25:00,Card,insufficient_funds,INSUFFICIENT_FUNDS,2395,failed
ATT_0002628,TXN_006556,1,2026-08-25 16:17:00,UPI,network_error,NETWORK_ERROR,4544,failed
ATT_0002629,TXN_006556,2,2026-08-25 16:27:00,UPI,network_error,NETWORK_ERROR,1002,failed
ATT_0002630,TXN_006556,3,2026-08-25 17:05:00,UPI,network_error,NETWORK_ERROR,4285,failed
ATT_0002631,TXN_006557,1,2026-07-25 23:25:00,Card,bank_declined,BANK_DECLINED,3944,failed
ATT_0002632,TXN_006557,2,2026-07-26 00:19:00,Card,bank_declined,BANK_DECLINED,519,failed
ATT_0002633,TXN_006562,1,2026-08-22 14:55:00,UPI,network_error,NETWORK_ERROR,4062,failed
ATT_0002634,TXN_006562,2,2026-08-22 15:14:00,UPI,network_error,NETWORK_ERROR,2321,failed
ATT_0002635,TXN_006566,1,2026-08-22 07:55:00,Card,authentication_failure,AUTH_FAILED,1872,failed
ATT_0002636,TXN_006568,1,2026-08-13 22:20:00,UPI,authentication_failure,AUTH_FAILED,3316,failed
ATT_0002637,TXN_006569,1,2026-07-04 07:45:00,UPI,network_error,NETWORK_ERROR,1174,failed
ATT_0002638,TXN_006573,1,2026-07-31 11:17:00,UPI,authentication_failure,AUTH_FAILED,1391,failed
ATT_0002639,TXN_006573,2,2026-07-31 11:46:00,UPI,authentication_failure,AUTH_FAILED,3620,failed
ATT_0002640,TXN_006577,1,2026-08-20 20:04:00,UPI,bank_timeout,TIMEOUT,909,failed
ATT_0002641,TXN_006578,1,2026-07-28 17:16:00,UPI,bank_declined,BANK_DECLINED,3730,failed
ATT_0002642,TXN_006578,2,2026-07-28 17:37:00,UPI,bank_declined,BANK_DECLINED,4584,failed
ATT_0002643,TXN_006586,1,2026-08-03 21:01:00,Card,authentication_failure,AUTH_FAILED,3303,failed
ATT_0002644,TXN_006608,1,2026-08-11 02:22:00,UPI,bank_declined,BANK_DECLINED,3613,failed
ATT_0002645,TXN_006610,1,2026-08-04 04:19:00,Card,insufficient_funds,INSUFFICIENT_FUNDS,4404,failed
ATT_0002646,TXN_006610,2,2026-08-04 04:50:00,Card,insufficient_funds,INSUFFICIENT_FUNDS,1618,failed
ATT_0002647,TXN_006612,1,2026-07-28 17:11:00,UPI,network_error,NETWORK_ERROR,2290,failed
ATT_0002648,TXN_006621,1,2026-07-27 06:44:00,Card,insufficient_funds,INSUFFICIENT_FUNDS,4032,failed
ATT_0002649,TXN_006631,1,2026-07-01 21:52:00,Card,expired_card,CARD_EXPIRED,537,failed
ATT_0002650,TXN_006631,2,2026-07-01 22:11:00,Card,expired_card,CARD_EXPIRED,3623,failed
ATT_0002651,TXN_006631,3,2026-07-01 22:38:00,Card,expired_card,CARD_EXPIRED,437,failed
ATT_0002652,TXN_006632,1,2026-07-14 06:45:00,UPI,bank_timeout,TIMEOUT,393,failed
ATT_0002653,TXN_006634,1,2026-08-01 23:58:00,UPI,authentication_failure,AUTH_FAILED,2070,failed
ATT_0002654,TXN_006634,2,2026-08-02 00:50:00,UPI,authentication_failure,AUTH_FAILED,2258,failed
ATT_0002655,TXN_006634,3,2026-08-02 00:56:00,UPI,authentication_failure,AUTH_FAILED,1340,failed
ATT_0002656,TXN_006636,1,2026-07-14 02:57:00,UPI,bank_declined,BANK_DECLINED,3997,failed
ATT_0002657,TXN_006637,1,2026-07-24 10:03:00,UPI,bank_declined,BANK_DECLINED,1567,failed
ATT_0002658,TXN_006642,1,2026-07-17 14:52:00,UPI,network_error,NETWORK_ERROR,4552,failed
ATT_0002659,TXN_006642,2,2026-07-17 15:45:00,UPI,network_error,NETWORK_ERROR,1763,failed
ATT_0002660,TXN_006643,1,2026-07-22 15:54:00,NetBanking,bank_declined,BANK_DECLINED,3879,failed
ATT_0002661,TXN_006647,1,2026-07-18 23:15:00,Card,bank_declined,BANK_DECLINED,836,failed
ATT_0002662,TXN_006649,1,2026-07-17 17:19:00,UPI,bank_declined,BANK_DECLINED,4875,failed
ATT_0002663,TXN_006650,1,2026-08-15 00:20:00,UPI,network_error,NETWORK_ERROR,3772,failed
ATT_0002664,TXN_006650,2,2026-08-15 01:01:00,UPI,network_error,NETWORK_ERROR,1826,failed
ATT_0002665,TXN_006650,3,2026-08-15 01:58:00,UPI,network_error,NETWORK_ERROR,4913,failed
ATT_0002666,TXN_006653,1,2026-08-08 21:32:00,Card,authentication_failure,AUTH_FAILED,2143,failed
ATT_0002667,TXN_006654,1,2026-07-26 04:29:00,UPI,network_error,NETWORK_ERROR,3250,failed
ATT_0002668,TXN_006654,2,2026-07-26 04:50:00,UPI,network_error,NETWORK_ERROR,3387,failed
ATT_0002669,TXN_006655,1,2026-08-16 06:11:00,UPI,bank_declined,BANK_DECLINED,3967,failed
ATT_0002670,TXN_006657,1,2026-07-31 09:52:00,Card,authentication_failure,AUTH_FAILED,1959,failed
ATT_0002671,TXN_006658,1,2026-08-24 09:54:00,Wallet,network_error,NETWORK_ERROR,3928,failed
ATT_0002672,TXN_006661,1,2026-07-21 03:56:00,UPI,bank_timeout,TIMEOUT,4822,failed
ATT_0002673,TXN_006661,2,2026-07-21 04:44:00,UPI,bank_timeout,TIMEOUT,4602,failed
ATT_0002674,TXN_006666,1,2026-08-07 06:35:00,UPI,authentication_failure,AUTH_FAILED,1242,failed
ATT_0002675,TXN_006666,2,2026-08-07 07:22:00,UPI,authentication_failure,AUTH_FAILED,1198,failed
ATT_0002676,TXN_006667,1,2026-08-07 04:19:00,Card,bank_declined,BANK_DECLINED,4130,failed
ATT_0002677,TXN_006668,1,2026-08-21 13:05:00,UPI,bank_timeout,TIMEOUT,1638,failed
ATT_0002678,TXN_006670,1,2026-07-11 04:22:00,UPI,network_error,NETWORK_ERROR,4305,failed
ATT_0002679,TXN_006671,1,2026-07-03 06:06:00,UPI,bank_declined,BANK_DECLINED,912,failed
ATT_0002680,TXN_006672,1,2026-07-10 03:11:00,UPI,bank_declined,BANK_DECLINED,4575,failed
ATT_0002681,TXN_006675,1,2026-07-02 22:47:00,UPI,bank_declined,BANK_DECLINED,2413,failed
ATT_0002682,TXN_006679,1,2026-08-09 18:51:00,UPI,bank_timeout,TIMEOUT,4763,failed
ATT_0002683,TXN_006680,1,2026-08-17 00:11:00,UPI,bank_declined,BANK_DECLINED,3953,failed
ATT_0002684,TXN_006682,1,2026-07-02 03:22:00,NetBanking,bank_timeout,TIMEOUT,1502,failed
ATT_0002685,TXN_006682,2,2026-07-02 03:46:00,NetBanking,bank_timeout,TIMEOUT,4928,failed
ATT_0002686,TXN_006685,1,2026-07-23 10:04:00,UPI,bank_timeout,TIMEOUT,4408,failed
ATT_0002687,TXN_006685,2,2026-07-23 10:51:00,UPI,bank_timeout,TIMEOUT,2244,failed
ATT_0002688,TXN_006686,1,2026-08-11 04:33:00,Card,bank_declined,BANK_DECLINED,257,failed
ATT_0002689,TXN_006686,2,2026-08-11 04:56:00,Card,bank_declined,BANK_DECLINED,2872,failed
ATT_0002690,TXN_006687,1,2026-07-29 18:49:00,Card,network_error,NETWORK_ERROR,3926,failed
ATT_0002691,TXN_006687,2,2026-07-29 19:37:00,Card,network_error,NETWORK_ERROR,937,failed
ATT_0002692,TXN_006688,1,2026-08-06 17:35:00,UPI,bank_declined,BANK_DECLINED,4609,failed
ATT_0002693,TXN_006702,1,2026-07-25 09:58:00,Card,insufficient_funds,INSUFFICIENT_FUNDS,670,failed
ATT_0002694,TXN_006703,1,2026-07-07 05:39:00,Card,network_error,NETWORK_ERROR,2154,failed
ATT_0002695,TXN_006706,1,2026-08-22 10:16:00,UPI,bank_declined,BANK_DECLINED,3454,failed
ATT_0002696,TXN_006706,2,2026-08-22 10:57:00,UPI,bank_declined,BANK_DECLINED,2490,failed
ATT_0002697,TXN_006713,1,2026-08-26 06:20:00,Card,expired_card,CARD_EXPIRED,3615,failed
ATT_0002698,TXN_006714,1,2026-07-23 14:19:00,NetBanking,network_error,NETWORK_ERROR,2523,failed
ATT_0002699,TXN_006715,1,2026-07-04 04:08:00,UPI,network_error,NETWORK_ERROR,519,failed
ATT_0002700,TXN_006720,1,2026-07-28 00:55:00,NetBanking,network_error,NETWORK_ERROR,4552,failed
ATT_0002701,TXN_006720,2,2026-07-28 01:49:00,NetBanking,network_error,NETWORK_ERROR,3681,failed
ATT_0002702,TXN_006732,1,2026-07-01 11:42:00,Card,insufficient_funds,INSUFFICIENT_FUNDS,859,failed
ATT_0002703,TXN_006734,1,2026-07-27 19:45:00,Wallet,bank_timeout,TIMEOUT,3086,failed
ATT_0002704,TXN_006741,1,2026-08-02 15:53:00,Card,insufficient_funds,INSUFFICIENT_FUNDS,2033,failed
ATT_0002705,TXN_006746,1,2026-07-15 15:03:00,Card,insufficient_funds,INSUFFICIENT_FUNDS,3736,failed
ATT_0002706,TXN_006748,1,2026-08-05 21:29:00,NetBanking,network_error,NETWORK_ERROR,1087,failed
ATT_0002707,TXN_006749,1,2026-07-08 14:41:00,UPI,bank_timeout,TIMEOUT,2295,failed
ATT_0002708,TXN_006756,1,2026-08-19 07:53:00,Wallet,insufficient_funds,INSUFFICIENT_FUNDS,1075,failed
ATT_0002709,TXN_006760,1,2026-08-08 01:33:00,Card,authentication_failure,AUTH_FAILED,1344,failed
ATT_0002710,TXN_006761,1,2026-07-01 09:33:00,Card,network_error,NETWORK_ERROR,778,failed
ATT_0002711,TXN_006761,2,2026-07-01 10:20:00,Card,network_error,NETWORK_ERROR,3679,failed
ATT_0002712,TXN_006763,1,2026-08-03 15:39:00,UPI,authentication_failure,AUTH_FAILED,4102,failed
ATT_0002713,TXN_006765,1,2026-07-29 16:52:00,UPI,network_error,NETWORK_ERROR,4449,failed
ATT_0002714,TXN_006771,1,2026-07-15 19:42:00,UPI,bank_declined,BANK_DECLINED,3620,failed
ATT_0002715,TXN_006771,2,2026-07-15 20:37:00,UPI,bank_declined,BANK_DECLINED,223,failed
ATT_0002716,TXN_006785,1,2026-07-14 01:13:00,NetBanking,bank_declined,BANK_DECLINED,4596,failed
ATT_0002717,TXN_006787,1,2026-08-25 03:23:00,UPI,bank_declined,BANK_DECLINED,2400,failed
ATT_0002718,TXN_006790,1,2026-08-07 21:39:00,Card,authentication_failure,AUTH_FAILED,242,failed
ATT_0002719,TXN_006792,1,2026-07-09 09:30:00,Card,network_error,NETWORK_ERROR,951,failed
ATT_0002720,TXN_006797,1,2026-07-11 19:04:00,Card,bank_declined,BANK_DECLINED,1219,failed
ATT_0002721,TXN_006800,1,2026-08-19 18:58:00,Card,bank_declined,BANK_DECLINED,1617,failed
ATT_0002722,TXN_006801,1,2026-07-29 10:52:00,Card,expired_card,CARD_EXPIRED,1891,failed
ATT_0002723,TXN_006805,1,2026-08-20 16:05:00,Card,bank_declined,BANK_DECLINED,4302,failed
ATT_0002724,TXN_006806,1,2026-08-06 14:56:00,Card,authentication_failure,AUTH_FAILED,3814,failed
ATT_0002725,TXN_006807,1,2026-07-28 12:49:00,UPI,authentication_failure,AUTH_FAILED,3471,failed
ATT_0002726,TXN_006807,2,2026-07-28 13:03:00,UPI,authentication_failure,AUTH_FAILED,2217,failed
ATT_0002727,TXN_006811,1,2026-07-31 12:16:00,Wallet,network_error,NETWORK_ERROR,3861,failed
ATT_0002728,TXN_006811,2,2026-07-31 12:56:00,Wallet,network_error,NETWORK_ERROR,2238,failed
ATT_0002729,TXN_006811,3,2026-07-31 13:45:00,Wallet,network_error,NETWORK_ERROR,1836,failed
ATT_0002730,TXN_006813,1,2026-07-07 23:37:00,Card,bank_declined,BANK_DECLINED,2845,failed
ATT_0002731,TXN_006815,1,2026-08-03 09:21:00,Card,bank_declined,BANK_DECLINED,3445,failed
ATT_0002732,TXN_006816,1,2026-07-04 00:39:00,Card,expired_card,CARD_EXPIRED,3707,failed
ATT_0002733,TXN_006816,2,2026-07-04 01:25:00,Card,expired_card,CARD_EXPIRED,2841,failed
ATT_0002734,TXN_006817,1,2026-08-21 02:07:00,NetBanking,network_error,NETWORK_ERROR,668,failed
ATT_0002735,TXN_006818,1,2026-07-06 01:59:00,NetBanking,authentication_failure,AUTH_FAILED,1740,failed
ATT_0002736,TXN_006828,1,2026-08-16 07:32:00,UPI,bank_timeout,TIMEOUT,1442,failed
ATT_0002737,TXN_006829,1,2026-07-21 10:32:00,Card,insufficient_funds,INSUFFICIENT_FUNDS,2455,failed
ATT_0002738,TXN_006829,2,2026-07-21 10:38:00,Card,insufficient_funds,INSUFFICIENT_FUNDS,2898,failed
ATT_0002739,TXN_006835,1,2026-08-25 12:49:00,UPI,bank_timeout,TIMEOUT,4864,failed
ATT_0002740,TXN_006835,2,2026-08-25 13:49:00,UPI,bank_timeout,TIMEOUT,2978,failed
ATT_0002741,TXN_006836,1,2026-08-16 04:17:00,UPI,bank_timeout,TIMEOUT,2133,failed
ATT_0002742,TXN_006838,1,2026-08-17 01:53:00,UPI,network_error,NETWORK_ERROR,4017,failed
ATT_0002743,TXN_006839,1,2026-08-25 17:05:00,UPI,network_error,NETWORK_ERROR,1973,failed
ATT_0002744,TXN_006841,1,2026-08-04 00:48:00,Card,insufficient_funds,INSUFFICIENT_FUNDS,2837,failed
ATT_0002745,TXN_006842,1,2026-07-27 02:05:00,UPI,bank_timeout,TIMEOUT,3305,failed
ATT_0002746,TXN_006851,1,2026-08-10 23:38:00,Card,bank_declined,BANK_DECLINED,4649,failed
ATT_0002747,TXN_006851,2,2026-08-11 00:09:00,Card,bank_declined,BANK_DECLINED,921,failed
ATT_0002748,TXN_006858,1,2026-07-05 11:58:00,Card,network_error,NETWORK_ERROR,847,failed
ATT_0002749,TXN_006860,1,2026-07-07 04:22:00,Wallet,network_error,NETWORK_ERROR,483,failed
ATT_0002750,TXN_006862,1,2026-08-10 05:03:00,Card,authentication_failure,AUTH_FAILED,3552,failed
ATT_0002751,TXN_006862,2,2026-08-10 05:30:00,Card,authentication_failure,AUTH_FAILED,1195,failed
ATT_0002752,TXN_006863,1,2026-08-21 22:03:00,UPI,bank_timeout,TIMEOUT,4873,failed
ATT_0002753,TXN_006865,1,2026-08-23 11:07:00,Wallet,bank_declined,BANK_DECLINED,638,failed
ATT_0002754,TXN_006865,2,2026-08-23 12:05:00,Wallet,bank_declined,BANK_DECLINED,771,failed
ATT_0002755,TXN_006866,1,2026-07-04 17:51:00,UPI,network_error,NETWORK_ERROR,4718,failed
ATT_0002756,TXN_006870,1,2026-07-22 20:23:00,Card,authentication_failure,AUTH_FAILED,2617,failed
ATT_0002757,TXN_006871,1,2026-07-04 12:12:00,Wallet,bank_timeout,TIMEOUT,2915,failed
ATT_0002758,TXN_006871,2,2026-07-04 12:17:00,Wallet,bank_timeout,TIMEOUT,4878,failed
ATT_0002759,TXN_006872,1,2026-08-16 14:34:00,Card,bank_declined,BANK_DECLINED,3173,failed
ATT_0002760,TXN_006877,1,2026-08-24 17:13:00,UPI,bank_declined,BANK_DECLINED,4748,failed
ATT_0002761,TXN_006881,1,2026-08-08 11:59:00,UPI,authentication_failure,AUTH_FAILED,2060,failed
ATT_0002762,TXN_006887,1,2026-07-04 19:41:00,UPI,bank_declined,BANK_DECLINED,548,failed
ATT_0002763,TXN_006889,1,2026-08-12 13:43:00,UPI,authentication_failure,AUTH_FAILED,1645,failed
ATT_0002764,TXN_006893,1,2026-08-18 08:02:00,Card,bank_declined,BANK_DECLINED,609,failed
ATT_0002765,TXN_006893,2,2026-08-18 08:14:00,Card,bank_declined,BANK_DECLINED,4990,failed
ATT_0002766,TXN_006894,1,2026-07-29 00:44:00,Wallet,network_error,NETWORK_ERROR,3834,failed
ATT_0002767,TXN_006895,1,2026-07-18 16:42:00,Card,insufficient_funds,INSUFFICIENT_FUNDS,2799,failed
ATT_0002768,TXN_006895,2,2026-07-18 17:34:00,Card,insufficient_funds,INSUFFICIENT_FUNDS,404,failed
ATT_0002769,TXN_006901,1,2026-08-11 19:59:00,UPI,bank_declined,BANK_DECLINED,1037,failed
ATT_0002770,TXN_006903,1,2026-08-07 23:36:00,NetBanking,bank_declined,BANK_DECLINED,4304,failed
ATT_0002771,TXN_006903,2,2026-08-08 00:13:00,NetBanking,bank_declined,BANK_DECLINED,852,failed
ATT_0002772,TXN_006903,3,2026-08-08 00:51:00,NetBanking,bank_declined,BANK_DECLINED,4328,failed
ATT_0002773,TXN_006904,1,2026-07-02 14:23:00,NetBanking,bank_declined,BANK_DECLINED,3842,failed
ATT_0002774,TXN_006910,1,2026-07-28 17:55:00,Card,authentication_failure,AUTH_FAILED,3367,failed
ATT_0002775,TXN_006915,1,2026-07-21 16:56:00,UPI,authentication_failure,AUTH_FAILED,1107,failed
ATT_0002776,TXN_006917,1,2026-08-10 19:51:00,UPI,bank_timeout,TIMEOUT,3124,failed
ATT_0002777,TXN_006919,1,2026-07-31 23:00:00,UPI,bank_declined,BANK_DECLINED,830,failed
ATT_0002778,TXN_006920,1,2026-08-26 01:40:00,NetBanking,bank_declined,BANK_DECLINED,1613,failed
ATT_0002779,TXN_006923,1,2026-08-01 19:15:00,UPI,network_error,NETWORK_ERROR,1086,failed
ATT_0002780,TXN_006925,1,2026-08-13 13:51:00,UPI,bank_timeout,TIMEOUT,1054,failed
ATT_0002781,TXN_006926,1,2026-07-18 10:37:00,Wallet,insufficient_funds,INSUFFICIENT_FUNDS,2378,failed
ATT_0002782,TXN_006926,2,2026-07-18 11:13:00,Wallet,insufficient_funds,INSUFFICIENT_FUNDS,478,failed
ATT_0002783,TXN_006926,3,2026-07-18 11:18:00,Wallet,insufficient_funds,INSUFFICIENT_FUNDS,2691,failed
ATT_0002784,TXN_006929,1,2026-07-18 04:54:00,Card,bank_declined,BANK_DECLINED,1772,failed
ATT_0002785,TXN_006937,1,2026-07-16 10:38:00,UPI,bank_timeout,TIMEOUT,316,failed
ATT_0002786,TXN_006938,1,2026-08-14 00:24:00,NetBanking,network_error,NETWORK_ERROR,4640,failed
ATT_0002787,TXN_006939,1,2026-07-05 12:27:00,Wallet,insufficient_funds,INSUFFICIENT_FUNDS,2105,failed
ATT_0002788,TXN_006944,1,2026-07-09 20:17:00,UPI,authentication_failure,AUTH_FAILED,3621,failed
ATT_0002789,TXN_006944,2,2026-07-09 20:40:00,UPI,authentication_failure,AUTH_FAILED,4072,failed
ATT_0002790,TXN_006950,1,2026-07-10 09:43:00,UPI,bank_declined,BANK_DECLINED,4182,failed
ATT_0002791,TXN_006951,1,2026-07-02 21:22:00,Card,expired_card,CARD_EXPIRED,1593,failed
ATT_0002792,TXN_006951,2,2026-07-02 22:06:00,Card,expired_card,CARD_EXPIRED,2038,failed
ATT_0002793,TXN_006955,1,2026-08-04 07:30:00,Wallet,bank_declined,BANK_DECLINED,1943,failed
ATT_0002794,TXN_006958,1,2026-08-23 15:18:00,UPI,network_error,NETWORK_ERROR,861,failed
ATT_0002795,TXN_006961,1,2026-07-16 09:08:00,UPI,authentication_failure,AUTH_FAILED,1199,failed
ATT_0002796,TXN_006967,1,2026-07-06 00:40:00,Card,network_error,NETWORK_ERROR,2770,failed
ATT_0002797,TXN_006973,1,2026-07-06 13:15:00,Wallet,bank_declined,BANK_DECLINED,1356,failed
ATT_0002798,TXN_006974,1,2026-07-31 19:10:00,Wallet,bank_declined,BANK_DECLINED,1781,failed
ATT_0002799,TXN_006979,1,2026-07-16 14:30:00,Card,authentication_failure,AUTH_FAILED,1364,failed
ATT_0002800,TXN_006980,1,2026-08-15 18:14:00,Card,authentication_failure,AUTH_FAILED,965,failed
ATT_0002801,TXN_006983,1,2026-08-12 08:23:00,UPI,bank_timeout,TIMEOUT,2431,failed
ATT_0002802,TXN_006984,1,2026-07-11 16:14:00,Card,network_error,NETWORK_ERROR,256,failed
ATT_0002803,TXN_006991,1,2026-07-29 01:09:00,UPI,bank_timeout,TIMEOUT,4811,failed
ATT_0002804,TXN_006997,1,2026-08-01 08:57:00,UPI,bank_timeout,TIMEOUT,4343,failed
ATT_0002805,TXN_006997,2,2026-08-01 09:38:00,UPI,bank_timeout,TIMEOUT,1787,failed
ATT_0002806,TXN_006997,3,2026-08-01 10:27:00,UPI,bank_timeout,TIMEOUT,4795,failed
ATT_0002807,TXN_007008,1,2026-08-13 17:54:00,Wallet,network_error,NETWORK_ERROR,3586,failed
ATT_0002808,TXN_007008,2,2026-08-13 18:46:00,Wallet,network_error,NETWORK_ERROR,3153,failed
ATT_0002809,TXN_007010,1,2026-08-06 18:51:00,Card,authentication_failure,AUTH_FAILED,465,failed
ATT_0002810,TXN_007010,2,2026-08-06 19:13:00,Card,authentication_failure,AUTH_FAILED,1713,failed
ATT_0002811,TXN_007011,1,2026-07-02 21:53:00,NetBanking,authentication_failure,AUTH_FAILED,4600,failed
ATT_0002812,TXN_007014,1,2026-07-29 13:02:00,UPI,authentication_failure,AUTH_FAILED,3605,failed
ATT_0002813,TXN_007016,1,2026-07-05 10:30:00,UPI,bank_timeout,TIMEOUT,4186,failed
ATT_0002814,TXN_007016,2,2026-07-05 11:26:00,UPI,bank_timeout,TIMEOUT,637,failed
ATT_0002815,TXN_007022,1,2026-07-03 08:25:00,UPI,bank_declined,BANK_DECLINED,265,failed
ATT_0002816,TXN_007025,1,2026-08-09 01:40:00,UPI,network_error,NETWORK_ERROR,1566,failed
ATT_0002817,TXN_007029,1,2026-07-27 19:31:00,NetBanking,bank_timeout,TIMEOUT,1563,failed
ATT_0002818,TXN_007030,1,2026-08-18 13:21:00,UPI,bank_timeout,TIMEOUT,2389,failed
ATT_0002819,TXN_007037,1,2026-07-26 11:28:00,UPI,bank_declined,BANK_DECLINED,1077,failed
ATT_0002820,TXN_007039,1,2026-08-12 01:04:00,Card,insufficient_funds,INSUFFICIENT_FUNDS,3526,failed
ATT_0002821,TXN_007050,1,2026-07-30 17:30:00,UPI,network_error,NETWORK_ERROR,4979,failed
ATT_0002822,TXN_007050,2,2026-07-30 18:17:00,UPI,network_error,NETWORK_ERROR,2084,failed
ATT_0002823,TXN_007057,1,2026-08-18 19:19:00,NetBanking,network_error,NETWORK_ERROR,4835,failed
ATT_0002824,TXN_007058,1,2026-07-12 15:13:00,UPI,authentication_failure,AUTH_FAILED,4749,failed
ATT_0002825,TXN_007058,2,2026-07-12 15:49:00,UPI,authentication_failure,AUTH_FAILED,648,failed
ATT_0002826,TXN_007059,1,2026-08-10 18:41:00,NetBanking,bank_declined,BANK_DECLINED,1565,failed
ATT_0002827,TXN_007065,1,2026-07-29 11:01:00,UPI,bank_declined,BANK_DECLINED,916,failed
ATT_0002828,TXN_007065,2,2026-07-29 11:50:00,UPI,bank_declined,BANK_DECLINED,3654,failed
ATT_0002829,TXN_007068,1,2026-08-08 05:03:00,Card,expired_card,CARD_EXPIRED,985,failed
ATT_0002830,TXN_007069,1,2026-07-24 16:03:00,UPI,bank_timeout,TIMEOUT,4042,failed
ATT_0002831,TXN_007072,1,2026-08-21 10:53:00,UPI,network_error,NETWORK_ERROR,2034,failed
ATT_0002832,TXN_007072,2,2026-08-21 11:39:00,UPI,network_error,NETWORK_ERROR,4061,failed
ATT_0002833,TXN_007074,1,2026-08-14 12:19:00,UPI,authentication_failure,AUTH_FAILED,4981,failed
ATT_0002834,TXN_007081,1,2026-07-15 13:33:00,UPI,bank_declined,BANK_DECLINED,443,failed
ATT_0002835,TXN_007083,1,2026-07-12 14:14:00,Card,bank_declined,BANK_DECLINED,3061,failed
ATT_0002836,TXN_007083,2,2026-07-12 14:42:00,Card,bank_declined,BANK_DECLINED,3821,failed
ATT_0002837,TXN_007086,1,2026-07-24 12:04:00,Wallet,bank_timeout,TIMEOUT,4798,failed
ATT_0002838,TXN_007089,1,2026-08-25 18:18:00,NetBanking,bank_declined,BANK_DECLINED,1282,failed
ATT_0002839,TXN_007090,1,2026-07-05 04:51:00,NetBanking,authentication_failure,AUTH_FAILED,2713,failed
ATT_0002840,TXN_007091,1,2026-07-16 19:35:00,UPI,bank_timeout,TIMEOUT,481,failed
ATT_0002841,TXN_007091,2,2026-07-16 19:47:00,UPI,bank_timeout,TIMEOUT,3769,failed
ATT_0002842,TXN_007092,1,2026-07-07 19:31:00,UPI,network_error,NETWORK_ERROR,3645,failed
ATT_0002843,TXN_007095,1,2026-08-08 16:21:00,UPI,authentication_failure,AUTH_FAILED,3933,failed
ATT_0002844,TXN_007099,1,2026-08-02 15:43:00,Card,authentication_failure,AUTH_FAILED,2718,failed
ATT_0002845,TXN_007099,2,2026-08-02 16:23:00,Card,authentication_failure,AUTH_FAILED,3284,failed
ATT_0002846,TXN_007100,1,2026-07-20 07:46:00,Card,authentication_failure,AUTH_FAILED,787,failed
ATT_0002847,TXN_007116,1,2026-07-06 12:19:00,Card,bank_declined,BANK_DECLINED,3452,failed
ATT_0002848,TXN_007129,1,2026-08-10 15:59:00,UPI,bank_declined,BANK_DECLINED,3718,failed
ATT_0002849,TXN_007131,1,2026-08-09 23:15:00,UPI,bank_timeout,TIMEOUT,3476,failed
ATT_0002850,TXN_007131,2,2026-08-09 23:29:00,UPI,bank_timeout,TIMEOUT,4125,failed
ATT_0002851,TXN_007135,1,2026-07-23 14:08:00,UPI,network_error,NETWORK_ERROR,4692,failed
ATT_0002852,TXN_007136,1,2026-07-24 23:33:00,NetBanking,bank_timeout,TIMEOUT,1555,failed
ATT_0002853,TXN_007136,2,2026-07-24 23:52:00,NetBanking,bank_timeout,TIMEOUT,4039,failed
ATT_0002854,TXN_007137,1,2026-07-12 14:33:00,UPI,bank_timeout,TIMEOUT,1643,failed
ATT_0002855,TXN_007137,2,2026-07-12 14:56:00,UPI,bank_timeout,TIMEOUT,605,failed
ATT_0002856,TXN_007137,3,2026-07-12 15:25:00,UPI,bank_timeout,TIMEOUT,4382,failed
ATT_0002857,TXN_007141,1,2026-07-21 23:01:00,UPI,bank_declined,BANK_DECLINED,2739,failed
ATT_0002858,TXN_007143,1,2026-08-25 19:44:00,UPI,bank_timeout,TIMEOUT,655,failed
ATT_0002859,TXN_007143,2,2026-08-25 20:43:00,UPI,bank_timeout,TIMEOUT,2465,failed
ATT_0002860,TXN_007145,1,2026-07-12 04:57:00,UPI,bank_declined,BANK_DECLINED,1434,failed
ATT_0002861,TXN_007148,1,2026-08-05 13:04:00,Wallet,network_error,NETWORK_ERROR,780,failed
ATT_0002862,TXN_007148,2,2026-08-05 14:03:00,Wallet,network_error,NETWORK_ERROR,4922,failed
ATT_0002863,TXN_007151,1,2026-07-25 19:31:00,NetBanking,bank_timeout,TIMEOUT,3490,failed
ATT_0002864,TXN_007153,1,2026-07-06 20:25:00,UPI,bank_timeout,TIMEOUT,2027,failed
ATT_0002865,TXN_007156,1,2026-08-23 21:08:00,NetBanking,bank_timeout,TIMEOUT,1124,failed
ATT_0002866,TXN_007156,2,2026-08-23 21:53:00,NetBanking,bank_timeout,TIMEOUT,1228,failed
ATT_0002867,TXN_007160,1,2026-07-02 21:07:00,Card,bank_declined,BANK_DECLINED,2897,failed
ATT_0002868,TXN_007162,1,2026-07-07 03:40:00,UPI,bank_timeout,TIMEOUT,3552,failed
ATT_0002869,TXN_007174,1,2026-07-27 21:16:00,UPI,bank_timeout,TIMEOUT,206,failed
ATT_0002870,TXN_007174,2,2026-07-27 21:58:00,UPI,bank_timeout,TIMEOUT,2904,failed
ATT_0002871,TXN_007177,1,2026-08-24 08:31:00,UPI,network_error,NETWORK_ERROR,2413,failed
ATT_0002872,TXN_007177,2,2026-08-24 09:02:00,UPI,network_error,NETWORK_ERROR,4115,failed
ATT_0002873,TXN_007180,1,2026-07-31 22:36:00,Wallet,bank_declined,BANK_DECLINED,4468,failed
ATT_0002874,TXN_007182,1,2026-08-12 01:43:00,NetBanking,bank_declined,BANK_DECLINED,2890,failed
ATT_0002875,TXN_007182,2,2026-08-12 02:22:00,NetBanking,bank_declined,BANK_DECLINED,2009,failed
ATT_0002876,TXN_007182,3,2026-08-12 03:08:00,NetBanking,bank_declined,BANK_DECLINED,1946,failed
ATT_0002877,TXN_007191,1,2026-08-07 21:46:00,UPI,bank_declined,BANK_DECLINED,1118,failed
ATT_0002878,TXN_007195,1,2026-07-24 12:32:00,NetBanking,bank_timeout,TIMEOUT,4583,failed
ATT_0002879,TXN_007196,1,2026-07-10 07:47:00,Card,bank_declined,BANK_DECLINED,2191,failed
ATT_0002880,TXN_007198,1,2026-07-08 05:25:00,UPI,bank_declined,BANK_DECLINED,795,failed
ATT_0002881,TXN_007198,2,2026-07-08 05:49:00,UPI,bank_declined,BANK_DECLINED,2865,failed
ATT_0002882,TXN_007209,1,2026-08-22 14:19:00,UPI,authentication_failure,AUTH_FAILED,3090,failed
ATT_0002883,TXN_007213,1,2026-08-18 11:45:00,Card,insufficient_funds,INSUFFICIENT_FUNDS,2794,failed
ATT_0002884,TXN_007217,1,2026-08-08 03:43:00,UPI,authentication_failure,AUTH_FAILED,1851,failed
ATT_0002885,TXN_007221,1,2026-08-11 17:19:00,UPI,authentication_failure,AUTH_FAILED,4626,failed
ATT_0002886,TXN_007221,2,2026-08-11 17:59:00,UPI,authentication_failure,AUTH_FAILED,4560,failed
ATT_0002887,TXN_007222,1,2026-07-19 01:24:00,UPI,bank_timeout,TIMEOUT,3267,failed
ATT_0002888,TXN_007224,1,2026-07-14 13:23:00,Card,insufficient_funds,INSUFFICIENT_FUNDS,3096,failed
ATT_0002889,TXN_007238,1,2026-07-31 18:09:00,UPI,bank_timeout,TIMEOUT,3926,failed
ATT_0002890,TXN_007238,2,2026-07-31 18:16:00,UPI,bank_timeout,TIMEOUT,4591,failed
ATT_0002891,TXN_007239,1,2026-07-24 23:12:00,UPI,bank_timeout,TIMEOUT,3755,failed
ATT_0002892,TXN_007251,1,2026-07-16 13:38:00,Card,expired_card,CARD_EXPIRED,2743,failed
ATT_0002893,TXN_007257,1,2026-07-17 21:18:00,UPI,network_error,NETWORK_ERROR,1219,failed
ATT_0002894,TXN_007259,1,2026-07-27 04:28:00,Card,network_error,NETWORK_ERROR,4235,failed
ATT_0002895,TXN_007264,1,2026-08-07 23:20:00,NetBanking,bank_declined,BANK_DECLINED,592,failed
ATT_0002896,TXN_007266,1,2026-07-26 03:37:00,UPI,authentication_failure,AUTH_FAILED,1156,failed
ATT_0002897,TXN_007266,2,2026-07-26 04:36:00,UPI,authentication_failure,AUTH_FAILED,1509,failed
ATT_0002898,TXN_007268,1,2026-07-16 23:10:00,Card,authentication_failure,AUTH_FAILED,1869,failed
ATT_0002899,TXN_007268,2,2026-07-16 23:18:00,Card,authentication_failure,AUTH_FAILED,4318,failed
ATT_0002900,TXN_007269,1,2026-08-23 14:20:00,UPI,authentication_failure,AUTH_FAILED,4350,failed
ATT_0002901,TXN_007269,2,2026-08-23 15:02:00,UPI,authentication_failure,AUTH_FAILED,2197,failed
ATT_0002902,TXN_007276,1,2026-08-13 19:42:00,UPI,bank_timeout,TIMEOUT,2667,failed
ATT_0002903,TXN_007278,1,2026-08-10 07:50:00,NetBanking,bank_declined,BANK_DECLINED,350,failed
ATT_0002904,TXN_007282,1,2026-07-31 04:13:00,NetBanking,bank_declined,BANK_DECLINED,2678,failed
ATT_0002905,TXN_007288,1,2026-07-22 15:07:00,Card,network_error,NETWORK_ERROR,2540,failed
ATT_0002906,TXN_007292,1,2026-07-28 05:28:00,UPI,bank_timeout,TIMEOUT,1340,failed
ATT_0002907,TXN_007292,2,2026-07-28 05:37:00,UPI,bank_timeout,TIMEOUT,3840,failed
ATT_0002908,TXN_007294,1,2026-08-20 16:27:00,Card,bank_declined,BANK_DECLINED,3414,failed
ATT_0002909,TXN_007294,2,2026-08-20 17:21:00,Card,bank_declined,BANK_DECLINED,4045,failed
ATT_0002910,TXN_007294,3,2026-08-20 18:18:00,Card,bank_declined,BANK_DECLINED,2066,failed
ATT_0002911,TXN_007296,1,2026-08-11 18:14:00,Card,expired_card,CARD_EXPIRED,4647,failed
ATT_0002912,TXN_007298,1,2026-07-31 02:15:00,Card,insufficient_funds,INSUFFICIENT_FUNDS,1241,failed
ATT_0002913,TXN_007302,1,2026-08-23 18:38:00,Card,authentication_failure,AUTH_FAILED,4832,failed
ATT_0002914,TXN_007304,1,2026-07-04 15:23:00,Card,insufficient_funds,INSUFFICIENT_FUNDS,1389,failed
ATT_0002915,TXN_007314,1,2026-07-07 16:07:00,Card,insufficient_funds,INSUFFICIENT_FUNDS,4618,failed
ATT_0002916,TXN_007320,1,2026-07-13 11:23:00,UPI,authentication_failure,AUTH_FAILED,2168,failed
ATT_0002917,TXN_007325,1,2026-08-06 17:13:00,Card,network_error,NETWORK_ERROR,3017,failed
ATT_0002918,TXN_007326,1,2026-07-30 06:56:00,UPI,network_error,NETWORK_ERROR,4072,failed
ATT_0002919,TXN_007330,1,2026-07-16 00:28:00,Card,expired_card,CARD_EXPIRED,953,failed
ATT_0002920,TXN_007334,1,2026-07-09 02:43:00,UPI,bank_declined,BANK_DECLINED,707,failed
ATT_0002921,TXN_007335,1,2026-08-09 10:36:00,NetBanking,bank_declined,BANK_DECLINED,876,failed
ATT_0002922,TXN_007338,1,2026-07-01 12:38:00,Card,expired_card,CARD_EXPIRED,1887,failed
ATT_0002923,TXN_007338,2,2026-07-01 12:45:00,Card,expired_card,CARD_EXPIRED,4571,failed
ATT_0002924,TXN_007355,1,2026-08-11 10:00:00,UPI,authentication_failure,AUTH_FAILED,2575,failed
ATT_0002925,TXN_007356,1,2026-07-26 16:42:00,Wallet,network_error,NETWORK_ERROR,330,failed
ATT_0002926,TXN_007356,2,2026-07-26 17:20:00,Wallet,network_error,NETWORK_ERROR,2748,failed
ATT_0002927,TXN_007357,1,2026-07-21 05:03:00,Card,expired_card,CARD_EXPIRED,2660,failed
ATT_0002928,TXN_007358,1,2026-08-26 04:41:00,Card,expired_card,CARD_EXPIRED,4188,failed
ATT_0002929,TXN_007362,1,2026-07-31 12:08:00,UPI,bank_declined,BANK_DECLINED,4369,failed
ATT_0002930,TXN_007362,2,2026-07-31 12:20:00,UPI,bank_declined,BANK_DECLINED,3080,failed
ATT_0002931,TXN_007362,3,2026-07-31 12:54:00,UPI,bank_declined,BANK_DECLINED,1716,failed
ATT_0002932,TXN_007370,1,2026-07-20 07:46:00,UPI,bank_timeout,TIMEOUT,1781,failed
ATT_0002933,TXN_007370,2,2026-07-20 08:29:00,UPI,bank_timeout,TIMEOUT,4132,failed
ATT_0002934,TXN_007370,3,2026-07-20 09:00:00,UPI,bank_timeout,TIMEOUT,4277,failed
ATT_0002935,TXN_007373,1,2026-07-15 12:32:00,UPI,authentication_failure,AUTH_FAILED,397,failed
ATT_0002936,TXN_007376,1,2026-08-12 08:00:00,NetBanking,bank_declined,BANK_DECLINED,4032,failed
ATT_0002937,TXN_007376,2,2026-08-12 08:55:00,NetBanking,bank_declined,BANK_DECLINED,634,failed
ATT_0002938,TXN_007376,3,2026-08-12 09:43:00,NetBanking,bank_declined,BANK_DECLINED,1632,failed
ATT_0002939,TXN_007377,1,2026-07-23 04:46:00,UPI,bank_declined,BANK_DECLINED,348,failed
ATT_0002940,TXN_007379,1,2026-08-05 13:27:00,NetBanking,bank_declined,BANK_DECLINED,1102,failed
ATT_0002941,TXN_007379,2,2026-08-05 14:00:00,NetBanking,bank_declined,BANK_DECLINED,4626,failed
ATT_0002942,TXN_007385,1,2026-07-08 01:14:00,NetBanking,bank_timeout,TIMEOUT,795,failed
ATT_0002943,TXN_007389,1,2026-07-05 20:31:00,Card,authentication_failure,AUTH_FAILED,3220,failed
ATT_0002944,TXN_007392,1,2026-08-09 06:16:00,Card,expired_card,CARD_EXPIRED,1778,failed
ATT_0002945,TXN_007395,1,2026-08-15 22:19:00,Card,expired_card,CARD_EXPIRED,1900,failed
ATT_0002946,TXN_007396,1,2026-07-12 04:37:00,Card,bank_declined,BANK_DECLINED,2230,failed
ATT_0002947,TXN_007396,2,2026-07-12 04:51:00,Card,bank_declined,BANK_DECLINED,3313,failed
ATT_0002948,TXN_007396,3,2026-07-12 05:44:00,Card,bank_declined,BANK_DECLINED,4941,failed
ATT_0002949,TXN_007402,1,2026-07-30 17:38:00,UPI,authentication_failure,AUTH_FAILED,1249,failed
ATT_0002950,TXN_007403,1,2026-07-03 05:17:00,Card,insufficient_funds,INSUFFICIENT_FUNDS,3878,failed
ATT_0002951,TXN_007405,1,2026-08-17 05:53:00,NetBanking,bank_declined,BANK_DECLINED,3651,failed
ATT_0002952,TXN_007414,1,2026-07-17 03:12:00,NetBanking,bank_declined,BANK_DECLINED,2717,failed
ATT_0002953,TXN_007415,1,2026-07-05 19:55:00,NetBanking,network_error,NETWORK_ERROR,3875,failed
ATT_0002954,TXN_007416,1,2026-07-27 04:17:00,Wallet,network_error,NETWORK_ERROR,1713,failed
ATT_0002955,TXN_007419,1,2026-08-18 13:01:00,Card,insufficient_funds,INSUFFICIENT_FUNDS,3745,failed
ATT_0002956,TXN_007420,1,2026-07-13 03:03:00,UPI,network_error,NETWORK_ERROR,2310,failed
ATT_0002957,TXN_007422,1,2026-08-08 23:30:00,UPI,bank_timeout,TIMEOUT,3867,failed
ATT_0002958,TXN_007422,2,2026-08-09 00:28:00,UPI,bank_timeout,TIMEOUT,3085,failed
ATT_0002959,TXN_007422,3,2026-08-09 00:54:00,UPI,bank_timeout,TIMEOUT,2707,failed
ATT_0002960,TXN_007424,1,2026-07-09 17:57:00,NetBanking,network_error,NETWORK_ERROR,1136,failed
ATT_0002961,TXN_007424,2,2026-07-09 18:27:00,NetBanking,network_error,NETWORK_ERROR,1756,failed
ATT_0002962,TXN_007426,1,2026-08-05 00:48:00,Card,bank_declined,BANK_DECLINED,4719,failed
ATT_0002963,TXN_007428,1,2026-07-25 21:19:00,UPI,network_error,NETWORK_ERROR,1770,failed
ATT_0002964,TXN_007430,1,2026-08-08 12:00:00,Card,network_error,NETWORK_ERROR,1620,failed
ATT_0002965,TXN_007439,1,2026-08-14 18:26:00,Card,authentication_failure,AUTH_FAILED,4564,failed
ATT_0002966,TXN_007449,1,2026-08-04 13:42:00,Card,insufficient_funds,INSUFFICIENT_FUNDS,3667,failed
ATT_0002967,TXN_007451,1,2026-07-25 14:41:00,UPI,network_error,NETWORK_ERROR,371,failed
ATT_0002968,TXN_007452,1,2026-08-16 14:04:00,UPI,bank_declined,BANK_DECLINED,693,failed
ATT_0002969,TXN_007453,1,2026-07-15 20:16:00,UPI,network_error,NETWORK_ERROR,4926,failed
ATT_0002970,TXN_007454,1,2026-08-26 11:35:00,Card,bank_declined,BANK_DECLINED,322,failed
ATT_0002971,TXN_007455,1,2026-07-15 04:51:00,UPI,bank_declined,BANK_DECLINED,4896,failed
ATT_0002972,TXN_007455,2,2026-07-15 04:57:00,UPI,bank_declined,BANK_DECLINED,2101,failed
ATT_0002973,TXN_007460,1,2026-07-16 23:13:00,Card,authentication_failure,AUTH_FAILED,706,failed
ATT_0002974,TXN_007460,2,2026-07-16 23:59:00,Card,authentication_failure,AUTH_FAILED,1812,failed
ATT_0002975,TXN_007473,1,2026-07-22 03:44:00,Wallet,bank_timeout,TIMEOUT,4718,failed
ATT_0002976,TXN_007474,1,2026-07-10 15:30:00,UPI,authentication_failure,AUTH_FAILED,2154,failed
ATT_0002977,TXN_007478,1,2026-08-06 18:23:00,Wallet,bank_declined,BANK_DECLINED,3393,failed
ATT_0002978,TXN_007478,2,2026-08-06 18:29:00,Wallet,bank_declined,BANK_DECLINED,1818,failed
ATT_0002979,TXN_007480,1,2026-08-25 16:54:00,UPI,bank_declined,BANK_DECLINED,4263,failed
ATT_0002980,TXN_007482,1,2026-07-10 01:31:00,Wallet,bank_timeout,TIMEOUT,398,failed
ATT_0002981,TXN_007482,2,2026-07-10 01:54:00,Wallet,bank_timeout,TIMEOUT,1474,failed
ATT_0002982,TXN_007485,1,2026-07-05 13:13:00,UPI,bank_timeout,TIMEOUT,4531,failed
ATT_0002983,TXN_007485,2,2026-07-05 14:03:00,UPI,bank_timeout,TIMEOUT,4412,failed
ATT_0002984,TXN_007490,1,2026-07-29 00:27:00,Card,network_error,NETWORK_ERROR,1726,failed
ATT_0002985,TXN_007493,1,2026-07-20 20:01:00,NetBanking,network_error,NETWORK_ERROR,657,failed
ATT_0002986,TXN_007501,1,2026-08-19 06:55:00,UPI,network_error,NETWORK_ERROR,874,failed
ATT_0002987,TXN_007509,1,2026-07-21 02:21:00,Card,insufficient_funds,INSUFFICIENT_FUNDS,3406,failed
ATT_0002988,TXN_007519,1,2026-08-10 20:51:00,Card,bank_declined,BANK_DECLINED,4387,failed
ATT_0002989,TXN_007523,1,2026-07-29 14:07:00,UPI,network_error,NETWORK_ERROR,4719,failed
ATT_0002990,TXN_007526,1,2026-08-25 17:27:00,NetBanking,bank_timeout,TIMEOUT,4125,failed
ATT_0002991,TXN_007531,1,2026-08-09 21:41:00,UPI,bank_declined,BANK_DECLINED,444,failed
ATT_0002992,TXN_007532,1,2026-08-04 21:50:00,Wallet,network_error,NETWORK_ERROR,684,failed
ATT_0002993,TXN_007533,1,2026-08-23 18:45:00,Card,insufficient_funds,INSUFFICIENT_FUNDS,3088,failed
ATT_0002994,TXN_007539,1,2026-07-25 12:59:00,NetBanking,network_error,NETWORK_ERROR,1632,failed
ATT_0002995,TXN_007539,2,2026-07-25 13:32:00,NetBanking,network_error,NETWORK_ERROR,222,failed
ATT_0002996,TXN_007549,1,2026-07-12 22:21:00,NetBanking,bank_timeout,TIMEOUT,4622,failed
ATT_0002997,TXN_007552,1,2026-07-21 16:13:00,Card,network_error,NETWORK_ERROR,2662,failed
ATT_0002998,TXN_007553,1,2026-08-23 11:55:00,UPI,bank_timeout,TIMEOUT,4299,failed
ATT_0002999,TXN_007563,1,2026-07-25 06:07:00,Card,insufficient_funds,INSUFFICIENT_FUNDS,4374,failed
ATT_0003000,TXN_007568,1,2026-08-24 17:09:00,UPI,network_error,NETWORK_ERROR,3679,failed
ATT_0003001,TXN_007569,1,2026-07-14 15:05:00,NetBanking,authentication_failure,AUTH_FAILED,3717,failed
ATT_0003002,TXN_007572,1,2026-07-26 16:51:00,Card,network_error,NETWORK_ERROR,4113,failed
ATT_0003003,TXN_007576,1,2026-07-01 02:36:00,Card,insufficient_funds,INSUFFICIENT_FUNDS,4164,failed
ATT_0003004,TXN_007576,2,2026-07-01 02:56:00,Card,insufficient_funds,INSUFFICIENT_FUNDS,4559,failed
ATT_0003005,TXN_007576,3,2026-07-01 03:47:00,Card,insufficient_funds,INSUFFICIENT_FUNDS,3606,failed
ATT_0003006,TXN_007583,1,2026-07-04 08:20:00,UPI,bank_declined,BANK_DECLINED,469,failed
ATT_0003007,TXN_007585,1,2026-07-02 18:22:00,Card,network_error,NETWORK_ERROR,4417,failed
ATT_0003008,TXN_007585,2,2026-07-02 18:37:00,Card,network_error,NETWORK_ERROR,4153,failed
ATT_0003009,TXN_007589,1,2026-08-25 16:02:00,UPI,network_error,NETWORK_ERROR,1049,failed
ATT_0003010,TXN_007598,1,2026-07-23 03:15:00,Card,network_error,NETWORK_ERROR,4605,failed
ATT_0003011,TXN_007605,1,2026-07-13 22:58:00,UPI,bank_declined,BANK_DECLINED,4602,failed
ATT_0003012,TXN_007609,1,2026-08-03 19:48:00,Card,network_error,NETWORK_ERROR,1992,failed
ATT_0003013,TXN_007609,2,2026-08-03 20:01:00,Card,network_error,NETWORK_ERROR,3060,failed
ATT_0003014,TXN_007612,1,2026-07-16 23:52:00,Card,insufficient_funds,INSUFFICIENT_FUNDS,3611,failed
ATT_0003015,TXN_007612,2,2026-07-17 00:43:00,Card,insufficient_funds,INSUFFICIENT_FUNDS,4898,failed
ATT_0003016,TXN_007612,3,2026-07-17 00:48:00,Card,insufficient_funds,INSUFFICIENT_FUNDS,2241,failed
ATT_0003017,TXN_007614,1,2026-08-02 03:29:00,Card,authentication_failure,AUTH_FAILED,4724,failed
ATT_0003018,TXN_007614,2,2026-08-02 04:05:00,Card,authentication_failure,AUTH_FAILED,3584,failed
ATT_0003019,TXN_007616,1,2026-08-02 10:19:00,Card,authentication_failure,AUTH_FAILED,525,failed
ATT_0003020,TXN_007616,2,2026-08-02 10:36:00,Card,authentication_failure,AUTH_FAILED,1770,failed
ATT_0003021,TXN_007617,1,2026-07-31 11:14:00,UPI,bank_timeout,TIMEOUT,948,failed
ATT_0003022,TXN_007617,2,2026-07-31 12:09:00,UPI,bank_timeout,TIMEOUT,1072,failed
ATT_0003023,TXN_007619,1,2026-07-23 08:14:00,NetBanking,bank_timeout,TIMEOUT,1532,failed
ATT_0003024,TXN_007619,2,2026-07-23 08:47:00,NetBanking,bank_timeout,TIMEOUT,2085,failed
ATT_0003025,TXN_007626,1,2026-07-19 10:13:00,UPI,bank_timeout,TIMEOUT,914,failed
ATT_0003026,TXN_007627,1,2026-08-11 01:56:00,Card,network_error,NETWORK_ERROR,1207,failed
ATT_0003027,TXN_007628,1,2026-08-01 21:58:00,UPI,bank_timeout,TIMEOUT,2817,failed
ATT_0003028,TXN_007628,2,2026-08-01 22:25:00,UPI,bank_timeout,TIMEOUT,3368,failed
ATT_0003029,TXN_007634,1,2026-07-15 19:51:00,Card,authentication_failure,AUTH_FAILED,2690,failed
ATT_0003030,TXN_007639,1,2026-08-19 11:34:00,UPI,bank_timeout,TIMEOUT,2336,failed
ATT_0003031,TXN_007648,1,2026-08-14 18:55:00,UPI,authentication_failure,AUTH_FAILED,2324,failed
ATT_0003032,TXN_007648,2,2026-08-14 19:17:00,UPI,authentication_failure,AUTH_FAILED,3245,failed
ATT_0003033,TXN_007649,1,2026-08-15 17:12:00,UPI,bank_timeout,TIMEOUT,2667,failed
ATT_0003034,TXN_007649,2,2026-08-15 17:17:00,UPI,bank_timeout,TIMEOUT,669,failed
ATT_0003035,TXN_007650,1,2026-08-10 01:56:00,Card,network_error,NETWORK_ERROR,4317,failed
ATT_0003036,TXN_007654,1,2026-07-05 06:10:00,UPI,bank_declined,BANK_DECLINED,3627,failed
ATT_0003037,TXN_007654,2,2026-07-05 07:04:00,UPI,bank_declined,BANK_DECLINED,824,failed
ATT_0003038,TXN_007654,3,2026-07-05 07:24:00,UPI,bank_declined,BANK_DECLINED,4706,failed
ATT_0003039,TXN_007656,1,2026-08-03 05:01:00,UPI,authentication_failure,AUTH_FAILED,3524,failed
ATT_0003040,TXN_007659,1,2026-07-31 23:58:00,Card,bank_declined,BANK_DECLINED,3700,failed
ATT_0003041,TXN_007661,1,2026-08-17 17:49:00,UPI,network_error,NETWORK_ERROR,2677,failed
ATT_0003042,TXN_007664,1,2026-07-06 22:04:00,UPI,bank_declined,BANK_DECLINED,1206,failed
ATT_0003043,TXN_007664,2,2026-07-06 22:24:00,UPI,bank_declined,BANK_DECLINED,747,failed
ATT_0003044,TXN_007666,1,2026-08-21 04:09:00,Card,insufficient_funds,INSUFFICIENT_FUNDS,3281,failed
ATT_0003045,TXN_007667,1,2026-07-23 02:31:00,Card,insufficient_funds,INSUFFICIENT_FUNDS,1271,failed
ATT_0003046,TXN_007668,1,2026-07-10 17:46:00,UPI,bank_declined,BANK_DECLINED,238,failed
ATT_0003047,TXN_007672,1,2026-07-06 23:10:00,Card,authentication_failure,AUTH_FAILED,259,failed
ATT_0003048,TXN_007672,2,2026-07-06 23:54:00,Card,authentication_failure,AUTH_FAILED,346,failed
ATT_0003049,TXN_007674,1,2026-08-06 09:29:00,Card,authentication_failure,AUTH_FAILED,4162,failed
ATT_0003050,TXN_007674,2,2026-08-06 09:41:00,Card,authentication_failure,AUTH_FAILED,4018,failed
ATT_0003051,TXN_007678,1,2026-08-03 12:02:00,UPI,authentication_failure,AUTH_FAILED,1544,failed
ATT_0003052,TXN_007680,1,2026-07-13 04:12:00,UPI,authentication_failure,AUTH_FAILED,576,failed
ATT_0003053,TXN_007680,2,2026-07-13 04:44:00,UPI,authentication_failure,AUTH_FAILED,2492,failed
ATT_0003054,TXN_007680,3,2026-07-13 05:09:00,UPI,authentication_failure,AUTH_FAILED,2686,failed
ATT_0003055,TXN_007682,1,2026-08-08 03:05:00,NetBanking,bank_timeout,TIMEOUT,3464,failed
ATT_0003056,TXN_007686,1,2026-07-23 09:51:00,UPI,network_error,NETWORK_ERROR,4275,failed
ATT_0003057,TXN_007691,1,2026-08-04 23:50:00,UPI,bank_timeout,TIMEOUT,3032,failed
ATT_0003058,TXN_007696,1,2026-08-23 20:40:00,Wallet,bank_declined,BANK_DECLINED,2255,failed
ATT_0003059,TXN_007697,1,2026-08-10 04:06:00,Card,insufficient_funds,INSUFFICIENT_FUNDS,1359,failed
ATT_0003060,TXN_007697,2,2026-08-10 04:54:00,Card,insufficient_funds,INSUFFICIENT_FUNDS,1866,failed
ATT_0003061,TXN_007702,1,2026-07-31 04:21:00,Card,authentication_failure,AUTH_FAILED,4216,failed
ATT_0003062,TXN_007706,1,2026-07-01 00:08:00,UPI,bank_timeout,TIMEOUT,4723,failed
ATT_0003063,TXN_007710,1,2026-07-25 01:08:00,UPI,network_error,NETWORK_ERROR,4825,failed
ATT_0003064,TXN_007715,1,2026-08-16 10:03:00,Card,authentication_failure,AUTH_FAILED,2694,failed
ATT_0003065,TXN_007715,2,2026-08-16 11:00:00,Card,authentication_failure,AUTH_FAILED,2067,failed
ATT_0003066,TXN_007718,1,2026-08-05 11:50:00,UPI,bank_declined,BANK_DECLINED,775,failed
ATT_0003067,TXN_007731,1,2026-07-30 17:28:00,NetBanking,authentication_failure,AUTH_FAILED,1432,failed
ATT_0003068,TXN_007735,1,2026-08-09 07:50:00,UPI,bank_timeout,TIMEOUT,323,failed
ATT_0003069,TXN_007735,2,2026-08-09 08:03:00,UPI,bank_timeout,TIMEOUT,720,failed
ATT_0003070,TXN_007741,1,2026-07-22 21:01:00,Wallet,bank_declined,BANK_DECLINED,1607,failed
ATT_0003071,TXN_007743,1,2026-07-27 14:51:00,Card,insufficient_funds,INSUFFICIENT_FUNDS,4881,failed
ATT_0003072,TXN_007744,1,2026-08-16 03:29:00,UPI,bank_declined,BANK_DECLINED,850,failed
ATT_0003073,TXN_007750,1,2026-07-25 12:11:00,UPI,network_error,NETWORK_ERROR,2740,failed
ATT_0003074,TXN_007751,1,2026-08-22 13:32:00,Card,authentication_failure,AUTH_FAILED,1948,failed
ATT_0003075,TXN_007752,1,2026-08-19 18:45:00,UPI,bank_timeout,TIMEOUT,2908,failed
ATT_0003076,TXN_007752,2,2026-08-19 19:40:00,UPI,bank_timeout,TIMEOUT,1474,failed
ATT_0003077,TXN_007752,3,2026-08-19 20:20:00,UPI,bank_timeout,TIMEOUT,1063,failed
ATT_0003078,TXN_007754,1,2026-07-14 18:59:00,UPI,bank_timeout,TIMEOUT,502,failed
ATT_0003079,TXN_007757,1,2026-07-31 00:49:00,Card,insufficient_funds,INSUFFICIENT_FUNDS,2247,failed
ATT_0003080,TXN_007759,1,2026-08-16 00:45:00,UPI,bank_timeout,TIMEOUT,4220,failed
ATT_0003081,TXN_007764,1,2026-08-25 10:52:00,NetBanking,authentication_failure,AUTH_FAILED,2252,failed
ATT_0003082,TXN_007764,2,2026-08-25 11:43:00,NetBanking,authentication_failure,AUTH_FAILED,2445,failed
ATT_0003083,TXN_007768,1,2026-08-17 10:13:00,Card,authentication_failure,AUTH_FAILED,1898,failed
ATT_0003084,TXN_007768,2,2026-08-17 11:09:00,Card,authentication_failure,AUTH_FAILED,3537,failed
ATT_0003085,TXN_007768,3,2026-08-17 11:14:00,Card,authentication_failure,AUTH_FAILED,240,failed
ATT_0003086,TXN_007772,1,2026-08-08 00:56:00,UPI,bank_timeout,TIMEOUT,2055,failed
ATT_0003087,TXN_007774,1,2026-08-13 15:36:00,Card,authentication_failure,AUTH_FAILED,3529,failed
ATT_0003088,TXN_007775,1,2026-07-23 18:11:00,Card,insufficient_funds,INSUFFICIENT_FUNDS,4277,failed
ATT_0003089,TXN_007777,1,2026-07-01 12:12:00,Card,expired_card,CARD_EXPIRED,4410,failed
ATT_0003090,TXN_007777,2,2026-07-01 12:31:00,Card,expired_card,CARD_EXPIRED,1432,failed
ATT_0003091,TXN_007786,1,2026-07-23 17:13:00,Card,insufficient_funds,INSUFFICIENT_FUNDS,435,failed
ATT_0003092,TXN_007791,1,2026-08-06 20:07:00,UPI,bank_declined,BANK_DECLINED,424,failed
ATT_0003093,TXN_007796,1,2026-07-23 16:57:00,UPI,bank_timeout,TIMEOUT,4536,failed
ATT_0003094,TXN_007796,2,2026-07-23 17:07:00,UPI,bank_timeout,TIMEOUT,2343,failed
ATT_0003095,TXN_007800,1,2026-08-05 10:55:00,UPI,bank_timeout,TIMEOUT,4572,failed
ATT_0003096,TXN_007801,1,2026-08-15 09:42:00,UPI,bank_declined,BANK_DECLINED,3363,failed
ATT_0003097,TXN_007802,1,2026-07-07 16:56:00,UPI,bank_timeout,TIMEOUT,3995,failed
ATT_0003098,TXN_007813,1,2026-08-23 09:14:00,UPI,network_error,NETWORK_ERROR,1389,failed
ATT_0003099,TXN_007817,1,2026-07-29 00:00:00,NetBanking,bank_timeout,TIMEOUT,4409,failed
ATT_0003100,TXN_007819,1,2026-07-08 17:29:00,UPI,bank_timeout,TIMEOUT,4258,failed
ATT_0003101,TXN_007822,1,2026-07-27 03:20:00,Wallet,bank_declined,BANK_DECLINED,1423,failed
ATT_0003102,TXN_007833,1,2026-07-10 17:31:00,Card,network_error,NETWORK_ERROR,153,failed
ATT_0003103,TXN_007833,2,2026-07-10 17:37:00,Card,network_error,NETWORK_ERROR,2484,failed
ATT_0003104,TXN_007833,3,2026-07-10 18:32:00,Card,network_error,NETWORK_ERROR,3237,failed
ATT_0003105,TXN_007834,1,2026-07-07 16:17:00,UPI,bank_timeout,TIMEOUT,1369,failed
ATT_0003106,TXN_007837,1,2026-07-21 04:45:00,Card,network_error,NETWORK_ERROR,3137,failed
ATT_0003107,TXN_007837,2,2026-07-21 05:26:00,Card,network_error,NETWORK_ERROR,2699,failed
ATT_0003108,TXN_007837,3,2026-07-21 06:21:00,Card,network_error,NETWORK_ERROR,3612,failed
ATT_0003109,TXN_007844,1,2026-07-03 19:54:00,UPI,network_error,NETWORK_ERROR,2567,failed
ATT_0003110,TXN_007844,2,2026-07-03 20:50:00,UPI,network_error,NETWORK_ERROR,4199,failed
ATT_0003111,TXN_007845,1,2026-07-02 15:04:00,UPI,authentication_failure,AUTH_FAILED,2232,failed
ATT_0003112,TXN_007847,1,2026-07-15 08:26:00,Card,network_error,NETWORK_ERROR,191,failed
ATT_0003113,TXN_007848,1,2026-07-25 12:33:00,UPI,bank_declined,BANK_DECLINED,2919,failed
ATT_0003114,TXN_007850,1,2026-08-04 23:43:00,UPI,bank_declined,BANK_DECLINED,2940,failed
ATT_0003115,TXN_007855,1,2026-07-20 17:52:00,NetBanking,bank_timeout,TIMEOUT,3238,failed
ATT_0003116,TXN_007862,1,2026-07-09 05:44:00,UPI,bank_timeout,TIMEOUT,2789,failed
ATT_0003117,TXN_007864,1,2026-07-01 10:24:00,NetBanking,network_error,NETWORK_ERROR,3976,failed
ATT_0003118,TXN_007866,1,2026-08-26 07:01:00,UPI,bank_timeout,TIMEOUT,4780,failed
ATT_0003119,TXN_007868,1,2026-08-14 18:52:00,UPI,network_error,NETWORK_ERROR,1209,failed
ATT_0003120,TXN_007872,1,2026-07-30 02:01:00,Card,insufficient_funds,INSUFFICIENT_FUNDS,3894,failed
ATT_0003121,TXN_007872,2,2026-07-30 03:01:00,Card,insufficient_funds,INSUFFICIENT_FUNDS,4591,failed
ATT_0003122,TXN_007873,1,2026-08-10 10:06:00,Card,expired_card,CARD_EXPIRED,1983,failed
ATT_0003123,TXN_007875,1,2026-07-12 01:16:00,UPI,bank_timeout,TIMEOUT,938,failed
ATT_0003124,TXN_007882,1,2026-08-17 09:10:00,UPI,authentication_failure,AUTH_FAILED,1095,failed
ATT_0003125,TXN_007884,1,2026-08-06 03:58:00,UPI,network_error,NETWORK_ERROR,2736,failed
ATT_0003126,TXN_007885,1,2026-07-19 23:02:00,Card,bank_declined,BANK_DECLINED,2854,failed
ATT_0003127,TXN_007885,2,2026-07-19 23:31:00,Card,bank_declined,BANK_DECLINED,4466,failed
ATT_0003128,TXN_007885,3,2026-07-20 00:28:00,Card,bank_declined,BANK_DECLINED,860,failed
ATT_0003129,TXN_007891,1,2026-08-24 06:54:00,NetBanking,network_error,NETWORK_ERROR,2499,failed
ATT_0003130,TXN_007892,1,2026-08-22 22:46:00,UPI,network_error,NETWORK_ERROR,3277,failed
ATT_0003131,TXN_007892,2,2026-08-22 23:33:00,UPI,network_error,NETWORK_ERROR,3863,failed
ATT_0003132,TXN_007892,3,2026-08-23 00:05:00,UPI,network_error,NETWORK_ERROR,3146,failed
ATT_0003133,TXN_007897,1,2026-07-13 13:24:00,UPI,bank_timeout,TIMEOUT,514,failed
ATT_0003134,TXN_007898,1,2026-07-19 21:00:00,UPI,authentication_failure,AUTH_FAILED,3171,failed
ATT_0003135,TXN_007900,1,2026-08-06 22:42:00,Card,expired_card,CARD_EXPIRED,488,failed
ATT_0003136,TXN_007900,2,2026-08-06 23:17:00,Card,expired_card,CARD_EXPIRED,2690,failed
ATT_0003137,TXN_007902,1,2026-07-18 09:17:00,Wallet,bank_timeout,TIMEOUT,4877,failed
ATT_0003138,TXN_007911,1,2026-07-24 16:56:00,UPI,bank_declined,BANK_DECLINED,617,failed
ATT_0003139,TXN_007911,2,2026-07-24 17:10:00,UPI,bank_declined,BANK_DECLINED,183,failed
ATT_0003140,TXN_007918,1,2026-08-06 21:46:00,NetBanking,bank_timeout,TIMEOUT,458,failed
ATT_0003141,TXN_007921,1,2026-07-29 02:52:00,UPI,network_error,NETWORK_ERROR,1410,failed
ATT_0003142,TXN_007921,2,2026-07-29 03:04:00,UPI,network_error,NETWORK_ERROR,2138,failed
ATT_0003143,TXN_007922,1,2026-08-01 09:08:00,Card,network_error,NETWORK_ERROR,4064,failed
ATT_0003144,TXN_007925,1,2026-08-08 19:11:00,Wallet,bank_declined,BANK_DECLINED,4341,failed
ATT_0003145,TXN_007933,1,2026-07-15 04:42:00,UPI,authentication_failure,AUTH_FAILED,4196,failed
ATT_0003146,TXN_007935,1,2026-08-24 06:07:00,Card,insufficient_funds,INSUFFICIENT_FUNDS,3285,failed
ATT_0003147,TXN_007936,1,2026-08-01 05:05:00,NetBanking,authentication_failure,AUTH_FAILED,554,failed
ATT_0003148,TXN_007938,1,2026-08-17 15:54:00,UPI,authentication_failure,AUTH_FAILED,3184,failed
ATT_0003149,TXN_007939,1,2026-08-16 22:44:00,Card,insufficient_funds,INSUFFICIENT_FUNDS,1547,failed
ATT_0003150,TXN_007943,1,2026-07-14 23:18:00,Card,insufficient_funds,INSUFFICIENT_FUNDS,1546,failed
ATT_0003151,TXN_007947,1,2026-07-10 19:17:00,Card,expired_card,CARD_EXPIRED,824,failed
ATT_0003152,TXN_007949,1,2026-08-25 06:22:00,UPI,network_error,NETWORK_ERROR,1207,failed
ATT_0003153,TXN_007950,1,2026-07-08 06:14:00,UPI,bank_timeout,TIMEOUT,943,failed
ATT_0003154,TXN_007951,1,2026-08-01 03:58:00,Card,expired_card,CARD_EXPIRED,330,failed
ATT_0003155,TXN_007954,1,2026-08-14 23:57:00,UPI,bank_timeout,TIMEOUT,2798,failed
ATT_0003156,TXN_007957,1,2026-08-25 06:15:00,NetBanking,bank_declined,BANK_DECLINED,284,failed
ATT_0003157,TXN_007957,2,2026-08-25 07:01:00,NetBanking,bank_declined,BANK_DECLINED,4229,failed
ATT_0003158,TXN_007959,1,2026-08-02 17:07:00,Card,network_error,NETWORK_ERROR,1264,failed
ATT_0003159,TXN_007959,2,2026-08-02 17:21:00,Card,network_error,NETWORK_ERROR,4070,failed
ATT_0003160,TXN_007959,3,2026-08-02 17:53:00,Card,network_error,NETWORK_ERROR,317,failed
ATT_0003161,TXN_007964,1,2026-07-13 10:53:00,UPI,network_error,NETWORK_ERROR,2082,failed
ATT_0003162,TXN_007964,2,2026-07-13 11:53:00,UPI,network_error,NETWORK_ERROR,3982,failed
ATT_0003163,TXN_007965,1,2026-07-17 21:59:00,Card,network_error,NETWORK_ERROR,1733,failed
ATT_0003164,TXN_007972,1,2026-08-17 03:19:00,Card,bank_declined,BANK_DECLINED,4219,failed
ATT_0003165,TXN_007972,2,2026-08-17 03:24:00,Card,bank_declined,BANK_DECLINED,2775,failed
ATT_0003166,TXN_007972,3,2026-08-17 03:50:00,Card,bank_declined,BANK_DECLINED,2671,failed
ATT_0003167,TXN_007980,1,2026-07-26 06:34:00,Card,insufficient_funds,INSUFFICIENT_FUNDS,4197,failed
ATT_0003168,TXN_007989,1,2026-08-10 20:10:00,UPI,bank_declined,BANK_DECLINED,2195,failed
ATT_0003169,TXN_007990,1,2026-07-07 07:24:00,UPI,authentication_failure,AUTH_FAILED,4014,failed
ATT_0003170,TXN_007992,1,2026-07-29 20:02:00,Card,insufficient_funds,INSUFFICIENT_FUNDS,3492,failed
ATT_0003171,TXN_007995,1,2026-07-31 10:58:00,Card,network_error,NETWORK_ERROR,505,failed
ATT_0003172,TXN_008000,1,2026-07-19 23:44:00,Card,expired_card,CARD_EXPIRED,994,failed
ATT_0003173,TXN_008000,2,2026-07-20 00:31:00,Card,expired_card,CARD_EXPIRED,3691,failed
ATT_0003174,TXN_008000,3,2026-07-20 00:36:00,Card,expired_card,CARD_EXPIRED,292,failed
ATT_0003175,TXN_008001,1,2026-08-17 18:28:00,Wallet,network_error,NETWORK_ERROR,4009,failed
ATT_0003176,TXN_008003,1,2026-07-30 21:55:00,Card,authentication_failure,AUTH_FAILED,846,failed
ATT_0003177,TXN_008004,1,2026-08-08 10:15:00,UPI,authentication_failure,AUTH_FAILED,4176,failed
ATT_0003178,TXN_008004,2,2026-08-08 11:15:00,UPI,authentication_failure,AUTH_FAILED,3031,failed
ATT_0003179,TXN_008005,1,2026-08-16 14:23:00,UPI,authentication_failure,AUTH_FAILED,2333,failed
ATT_0003180,TXN_008005,2,2026-08-16 14:49:00,UPI,authentication_failure,AUTH_FAILED,4352,failed
ATT_0003181,TXN_008014,1,2026-07-16 12:31:00,UPI,network_error,NETWORK_ERROR,4691,failed
ATT_0003182,TXN_008015,1,2026-07-30 14:02:00,Card,insufficient_funds,INSUFFICIENT_FUNDS,4330,failed
ATT_0003183,TXN_008016,1,2026-08-13 06:22:00,UPI,network_error,NETWORK_ERROR,1284,failed
ATT_0003184,TXN_008016,2,2026-08-13 07:17:00,UPI,network_error,NETWORK_ERROR,3598,failed
ATT_0003185,TXN_008017,1,2026-07-24 12:31:00,NetBanking,bank_timeout,TIMEOUT,1636,failed
ATT_0003186,TXN_008020,1,2026-08-05 19:08:00,Card,authentication_failure,AUTH_FAILED,4040,failed
ATT_0003187,TXN_008023,1,2026-08-12 20:15:00,UPI,bank_declined,BANK_DECLINED,2529,failed
ATT_0003188,TXN_008023,2,2026-08-12 20:31:00,UPI,bank_declined,BANK_DECLINED,1369,failed
ATT_0003189,TXN_008024,1,2026-07-20 22:02:00,Card,insufficient_funds,INSUFFICIENT_FUNDS,1530,failed
ATT_0003190,TXN_008024,2,2026-07-20 22:12:00,Card,insufficient_funds,INSUFFICIENT_FUNDS,1920,failed
ATT_0003191,TXN_008029,1,2026-08-15 21:47:00,Wallet,insufficient_funds,INSUFFICIENT_FUNDS,4455,failed
ATT_0003192,TXN_008032,1,2026-07-04 05:06:00,UPI,network_error,NETWORK_ERROR,3865,failed
ATT_0003193,TXN_008032,2,2026-07-04 05:18:00,UPI,network_error,NETWORK_ERROR,2216,failed
ATT_0003194,TXN_008042,1,2026-08-18 21:18:00,Wallet,bank_declined,BANK_DECLINED,2239,failed
ATT_0003195,TXN_008042,2,2026-08-18 21:24:00,Wallet,bank_declined,BANK_DECLINED,3950,failed
ATT_0003196,TXN_008042,3,2026-08-18 21:56:00,Wallet,bank_declined,BANK_DECLINED,3851,failed
ATT_0003197,TXN_008044,1,2026-07-25 05:13:00,Card,network_error,NETWORK_ERROR,917,failed
ATT_0003198,TXN_008047,1,2026-07-31 11:13:00,Card,expired_card,CARD_EXPIRED,2488,failed
ATT_0003199,TXN_008048,1,2026-07-26 15:12:00,UPI,bank_declined,BANK_DECLINED,3308,failed
ATT_0003200,TXN_008051,1,2026-08-05 04:13:00,NetBanking,bank_timeout,TIMEOUT,1056,failed
ATT_0003201,TXN_008051,2,2026-08-05 04:58:00,NetBanking,bank_timeout,TIMEOUT,4047,failed
ATT_0003202,TXN_008052,1,2026-08-02 03:30:00,UPI,bank_declined,BANK_DECLINED,886,failed
ATT_0003203,TXN_008052,2,2026-08-02 03:47:00,UPI,bank_declined,BANK_DECLINED,3320,failed
ATT_0003204,TXN_008053,1,2026-08-08 11:46:00,Wallet,insufficient_funds,INSUFFICIENT_FUNDS,2119,failed
ATT_0003205,TXN_008055,1,2026-07-14 02:23:00,Card,insufficient_funds,INSUFFICIENT_FUNDS,1893,failed
ATT_0003206,TXN_008057,1,2026-08-07 03:28:00,Card,insufficient_funds,INSUFFICIENT_FUNDS,2463,failed
ATT_0003207,TXN_008063,1,2026-07-26 20:10:00,UPI,bank_timeout,TIMEOUT,1938,failed
ATT_0003208,TXN_008067,1,2026-07-01 13:42:00,UPI,bank_timeout,TIMEOUT,4960,failed
ATT_0003209,TXN_008074,1,2026-07-16 09:36:00,NetBanking,authentication_failure,AUTH_FAILED,835,failed
ATT_0003210,TXN_008074,2,2026-07-16 10:36:00,NetBanking,authentication_failure,AUTH_FAILED,1516,failed
ATT_0003211,TXN_008074,3,2026-07-16 11:36:00,NetBanking,authentication_failure,AUTH_FAILED,836,failed
ATT_0003212,TXN_008080,1,2026-07-12 04:52:00,Card,network_error,NETWORK_ERROR,3418,failed
ATT_0003213,TXN_008083,1,2026-07-16 11:36:00,Card,bank_declined,BANK_DECLINED,4457,failed
ATT_0003214,TXN_008083,2,2026-07-16 12:21:00,Card,bank_declined,BANK_DECLINED,2871,failed
ATT_0003215,TXN_008083,3,2026-07-16 12:40:00,Card,bank_declined,BANK_DECLINED,364,failed
ATT_0003216,TXN_008085,1,2026-08-22 13:52:00,Card,authentication_failure,AUTH_FAILED,221,failed
ATT_0003217,TXN_008085,2,2026-08-22 14:31:00,Card,authentication_failure,AUTH_FAILED,3038,failed
ATT_0003218,TXN_008085,3,2026-08-22 14:41:00,Card,authentication_failure,AUTH_FAILED,1093,failed
ATT_0003219,TXN_008088,1,2026-08-16 06:42:00,Card,network_error,NETWORK_ERROR,3379,failed
ATT_0003220,TXN_008092,1,2026-08-07 19:56:00,UPI,network_error,NETWORK_ERROR,676,failed
ATT_0003221,TXN_008092,2,2026-08-07 20:40:00,UPI,network_error,NETWORK_ERROR,322,failed
ATT_0003222,TXN_008092,3,2026-08-07 21:19:00,UPI,network_error,NETWORK_ERROR,2739,failed
ATT_0003223,TXN_008093,1,2026-07-18 04:56:00,UPI,network_error,NETWORK_ERROR,4232,failed
ATT_0003224,TXN_008093,2,2026-07-18 05:19:00,UPI,network_error,NETWORK_ERROR,4434,failed
ATT_0003225,TXN_008098,1,2026-08-03 14:27:00,UPI,bank_declined,BANK_DECLINED,203,failed
ATT_0003226,TXN_008098,2,2026-08-03 14:56:00,UPI,bank_declined,BANK_DECLINED,2926,failed
ATT_0003227,TXN_008110,1,2026-08-02 19:19:00,NetBanking,network_error,NETWORK_ERROR,3641,failed
ATT_0003228,TXN_008110,2,2026-08-02 20:03:00,NetBanking,network_error,NETWORK_ERROR,3969,failed
ATT_0003229,TXN_008110,3,2026-08-02 20:55:00,NetBanking,network_error,NETWORK_ERROR,2838,failed
ATT_0003230,TXN_008113,1,2026-08-11 19:29:00,Wallet,insufficient_funds,INSUFFICIENT_FUNDS,498,failed
ATT_0003231,TXN_008116,1,2026-08-03 13:51:00,UPI,bank_declined,BANK_DECLINED,1731,failed
ATT_0003232,TXN_008118,1,2026-07-31 01:00:00,UPI,bank_declined,BANK_DECLINED,1068,failed
ATT_0003233,TXN_008125,1,2026-07-03 20:06:00,Card,insufficient_funds,INSUFFICIENT_FUNDS,3538,failed
ATT_0003234,TXN_008125,2,2026-07-03 20:25:00,Card,insufficient_funds,INSUFFICIENT_FUNDS,2449,failed
ATT_0003235,TXN_008127,1,2026-07-10 04:20:00,Card,authentication_failure,AUTH_FAILED,362,failed
ATT_0003236,TXN_008128,1,2026-07-22 19:26:00,Wallet,network_error,NETWORK_ERROR,3998,failed
ATT_0003237,TXN_008128,2,2026-07-22 19:33:00,Wallet,network_error,NETWORK_ERROR,1168,failed
ATT_0003238,TXN_008131,1,2026-07-31 22:14:00,Card,bank_declined,BANK_DECLINED,951,failed
ATT_0003239,TXN_008134,1,2026-07-01 00:32:00,UPI,bank_timeout,TIMEOUT,2886,failed
ATT_0003240,TXN_008135,1,2026-07-27 23:58:00,UPI,bank_timeout,TIMEOUT,3815,failed
ATT_0003241,TXN_008137,1,2026-07-23 23:44:00,UPI,bank_declined,BANK_DECLINED,1422,failed
ATT_0003242,TXN_008141,1,2026-08-16 14:40:00,Wallet,bank_timeout,TIMEOUT,1270,failed
ATT_0003243,TXN_008144,1,2026-07-15 12:39:00,UPI,network_error,NETWORK_ERROR,2528,failed
ATT_0003244,TXN_008145,1,2026-08-16 09:22:00,UPI,bank_timeout,TIMEOUT,4125,failed
ATT_0003245,TXN_008148,1,2026-08-23 12:23:00,Card,insufficient_funds,INSUFFICIENT_FUNDS,1944,failed
ATT_0003246,TXN_008155,1,2026-08-11 01:33:00,NetBanking,bank_timeout,TIMEOUT,4039,failed
ATT_0003247,TXN_008156,1,2026-07-15 04:32:00,UPI,bank_timeout,TIMEOUT,2111,failed
ATT_0003248,TXN_008156,2,2026-07-15 05:04:00,UPI,bank_timeout,TIMEOUT,456,failed
ATT_0003249,TXN_008164,1,2026-08-26 15:48:00,UPI,bank_timeout,TIMEOUT,1194,failed
ATT_0003250,TXN_008165,1,2026-08-19 09:54:00,Wallet,insufficient_funds,INSUFFICIENT_FUNDS,4928,failed
ATT_0003251,TXN_008166,1,2026-08-15 23:55:00,Card,authentication_failure,AUTH_FAILED,1621,failed
ATT_0003252,TXN_008168,1,2026-07-31 12:55:00,UPI,bank_declined,BANK_DECLINED,1606,failed
ATT_0003253,TXN_008186,1,2026-07-19 19:17:00,Card,insufficient_funds,INSUFFICIENT_FUNDS,3833,failed
ATT_0003254,TXN_008186,2,2026-07-19 20:04:00,Card,insufficient_funds,INSUFFICIENT_FUNDS,1769,failed
ATT_0003255,TXN_008192,1,2026-07-11 21:43:00,UPI,bank_declined,BANK_DECLINED,4935,failed
ATT_0003256,TXN_008196,1,2026-07-08 02:25:00,UPI,authentication_failure,AUTH_FAILED,1725,failed
ATT_0003257,TXN_008197,1,2026-07-07 05:10:00,NetBanking,bank_timeout,TIMEOUT,2413,failed
ATT_0003258,TXN_008199,1,2026-07-30 22:53:00,Card,authentication_failure,AUTH_FAILED,721,failed
ATT_0003259,TXN_008199,2,2026-07-30 23:10:00,Card,authentication_failure,AUTH_FAILED,4281,failed
ATT_0003260,TXN_008202,1,2026-07-31 15:06:00,UPI,bank_timeout,TIMEOUT,3335,failed
ATT_0003261,TXN_008202,2,2026-07-31 15:22:00,UPI,bank_timeout,TIMEOUT,2775,failed
ATT_0003262,TXN_008203,1,2026-08-18 16:23:00,UPI,authentication_failure,AUTH_FAILED,1743,failed
ATT_0003263,TXN_008205,1,2026-08-12 10:49:00,UPI,bank_timeout,TIMEOUT,4223,failed
ATT_0003264,TXN_008209,1,2026-07-28 22:34:00,UPI,bank_timeout,TIMEOUT,4426,failed
ATT_0003265,TXN_008211,1,2026-08-11 02:49:00,Wallet,bank_timeout,TIMEOUT,1161,failed
ATT_0003266,TXN_008215,1,2026-08-02 20:16:00,UPI,bank_declined,BANK_DECLINED,297,failed
ATT_0003267,TXN_008215,2,2026-08-02 20:39:00,UPI,bank_declined,BANK_DECLINED,4451,failed
ATT_0003268,TXN_008217,1,2026-07-09 19:08:00,UPI,bank_declined,BANK_DECLINED,3990,failed
ATT_0003269,TXN_008219,1,2026-08-13 17:02:00,Card,expired_card,CARD_EXPIRED,3856,failed
ATT_0003270,TXN_008220,1,2026-07-16 13:58:00,Wallet,network_error,NETWORK_ERROR,1104,failed
ATT_0003271,TXN_008221,1,2026-07-27 18:27:00,UPI,bank_declined,BANK_DECLINED,755,failed
ATT_0003272,TXN_008225,1,2026-08-13 23:30:00,Card,bank_declined,BANK_DECLINED,298,failed
ATT_0003273,TXN_008228,1,2026-07-19 16:10:00,Card,authentication_failure,AUTH_FAILED,630,failed
ATT_0003274,TXN_008230,1,2026-07-31 22:04:00,NetBanking,network_error,NETWORK_ERROR,3555,failed
ATT_0003275,TXN_008238,1,2026-08-06 22:59:00,Card,insufficient_funds,INSUFFICIENT_FUNDS,4633,failed
ATT_0003276,TXN_008240,1,2026-07-18 16:33:00,Card,insufficient_funds,INSUFFICIENT_FUNDS,556,failed
ATT_0003277,TXN_008240,2,2026-07-18 17:11:00,Card,insufficient_funds,INSUFFICIENT_FUNDS,4822,failed
ATT_0003278,TXN_008240,3,2026-07-18 18:07:00,Card,insufficient_funds,INSUFFICIENT_FUNDS,3169,failed
ATT_0003279,TXN_008245,1,2026-08-10 01:27:00,NetBanking,network_error,NETWORK_ERROR,3943,failed
ATT_0003280,TXN_008250,1,2026-08-21 13:30:00,UPI,bank_timeout,TIMEOUT,3496,failed
ATT_0003281,TXN_008253,1,2026-08-11 08:49:00,NetBanking,bank_timeout,TIMEOUT,1955,failed
ATT_0003282,TXN_008256,1,2026-08-21 23:07:00,UPI,authentication_failure,AUTH_FAILED,869,failed
ATT_0003283,TXN_008256,2,2026-08-21 23:15:00,UPI,authentication_failure,AUTH_FAILED,2851,failed
ATT_0003284,TXN_008256,3,2026-08-22 00:14:00,UPI,authentication_failure,AUTH_FAILED,2940,failed
ATT_0003285,TXN_008257,1,2026-07-29 09:29:00,UPI,authentication_failure,AUTH_FAILED,2571,failed
ATT_0003286,TXN_008257,2,2026-07-29 09:45:00,UPI,authentication_failure,AUTH_FAILED,3937,failed
ATT_0003287,TXN_008259,1,2026-08-17 04:04:00,Wallet,bank_timeout,TIMEOUT,3223,failed
ATT_0003288,TXN_008259,2,2026-08-17 04:14:00,Wallet,bank_timeout,TIMEOUT,3926,failed
ATT_0003289,TXN_008262,1,2026-07-16 08:05:00,UPI,bank_timeout,TIMEOUT,1580,failed
ATT_0003290,TXN_008262,2,2026-07-16 08:12:00,UPI,bank_timeout,TIMEOUT,752,failed
ATT_0003291,TXN_008262,3,2026-07-16 08:31:00,UPI,bank_timeout,TIMEOUT,4760,failed
ATT_0003292,TXN_008266,1,2026-07-10 07:04:00,NetBanking,bank_declined,BANK_DECLINED,1280,failed
ATT_0003293,TXN_008272,1,2026-08-09 17:00:00,Card,bank_declined,BANK_DECLINED,4162,failed
ATT_0003294,TXN_008276,1,2026-07-29 20:52:00,Card,bank_declined,BANK_DECLINED,3846,failed
ATT_0003295,TXN_008276,2,2026-07-29 21:12:00,Card,bank_declined,BANK_DECLINED,2308,failed
ATT_0003296,TXN_008277,1,2026-08-23 04:40:00,UPI,network_error,NETWORK_ERROR,1979,failed
ATT_0003297,TXN_008277,2,2026-08-23 04:47:00,UPI,network_error,NETWORK_ERROR,4672,failed
ATT_0003298,TXN_008278,1,2026-08-15 21:45:00,Card,insufficient_funds,INSUFFICIENT_FUNDS,2445,failed
ATT_0003299,TXN_008280,1,2026-08-16 04:03:00,Card,bank_declined,BANK_DECLINED,2920,failed
ATT_0003300,TXN_008285,1,2026-07-14 20:12:00,UPI,bank_timeout,TIMEOUT,1528,failed
ATT_0003301,TXN_008286,1,2026-07-31 17:30:00,NetBanking,bank_timeout,TIMEOUT,3635,failed
ATT_0003302,TXN_008290,1,2026-08-05 22:50:00,NetBanking,bank_timeout,TIMEOUT,4492,failed
ATT_0003303,TXN_008291,1,2026-07-26 07:20:00,UPI,bank_declined,BANK_DECLINED,2706,failed
ATT_0003304,TXN_008294,1,2026-07-30 22:24:00,UPI,bank_declined,BANK_DECLINED,1914,failed
ATT_0003305,TXN_008294,2,2026-07-30 22:51:00,UPI,bank_declined,BANK_DECLINED,406,failed
ATT_0003306,TXN_008294,3,2026-07-30 23:28:00,UPI,bank_declined,BANK_DECLINED,259,failed
ATT_0003307,TXN_008295,1,2026-08-01 09:53:00,UPI,bank_timeout,TIMEOUT,2073,failed
ATT_0003308,TXN_008295,2,2026-08-01 10:50:00,UPI,bank_timeout,TIMEOUT,2200,failed
ATT_0003309,TXN_008297,1,2026-07-01 11:19:00,Card,expired_card,CARD_EXPIRED,2981,failed
ATT_0003310,TXN_008299,1,2026-07-09 19:01:00,Card,authentication_failure,AUTH_FAILED,2541,failed
ATT_0003311,TXN_008301,1,2026-08-26 10:36:00,UPI,authentication_failure,AUTH_FAILED,3310,failed
ATT_0003312,TXN_008309,1,2026-07-08 11:12:00,NetBanking,bank_declined,BANK_DECLINED,1887,failed
ATT_0003313,TXN_008309,2,2026-07-08 11:39:00,NetBanking,bank_declined,BANK_DECLINED,1212,failed
ATT_0003314,TXN_008310,1,2026-07-05 15:36:00,UPI,bank_declined,BANK_DECLINED,3513,failed
ATT_0003315,TXN_008316,1,2026-07-24 11:22:00,UPI,bank_timeout,TIMEOUT,1744,failed
ATT_0003316,TXN_008316,2,2026-07-24 11:27:00,UPI,bank_timeout,TIMEOUT,3436,failed
ATT_0003317,TXN_008318,1,2026-08-18 03:59:00,UPI,bank_declined,BANK_DECLINED,3885,failed
ATT_0003318,TXN_008318,2,2026-08-18 04:08:00,UPI,bank_declined,BANK_DECLINED,515,failed
ATT_0003319,TXN_008318,3,2026-08-18 04:16:00,UPI,bank_declined,BANK_DECLINED,1770,failed
ATT_0003320,TXN_008319,1,2026-07-28 07:15:00,NetBanking,bank_declined,BANK_DECLINED,4934,failed
ATT_0003321,TXN_008322,1,2026-07-21 22:58:00,UPI,bank_timeout,TIMEOUT,3355,failed
ATT_0003322,TXN_008326,1,2026-07-05 03:04:00,Card,insufficient_funds,INSUFFICIENT_FUNDS,2323,failed
ATT_0003323,TXN_008336,1,2026-08-09 06:46:00,NetBanking,authentication_failure,AUTH_FAILED,4842,failed
ATT_0003324,TXN_008339,1,2026-07-25 02:49:00,UPI,bank_timeout,TIMEOUT,2077,failed
ATT_0003325,TXN_008342,1,2026-08-11 03:13:00,Card,expired_card,CARD_EXPIRED,886,failed
ATT_0003326,TXN_008342,2,2026-08-11 03:56:00,Card,expired_card,CARD_EXPIRED,3384,failed
ATT_0003327,TXN_008345,1,2026-08-25 17:37:00,UPI,network_error,NETWORK_ERROR,2334,failed
ATT_0003328,TXN_008347,1,2026-07-26 17:09:00,Card,authentication_failure,AUTH_FAILED,705,failed
ATT_0003329,TXN_008349,1,2026-07-20 04:57:00,UPI,bank_timeout,TIMEOUT,4134,failed
ATT_0003330,TXN_008350,1,2026-08-15 07:13:00,Card,bank_declined,BANK_DECLINED,307,failed
ATT_0003331,TXN_008350,2,2026-08-15 07:22:00,Card,bank_declined,BANK_DECLINED,1758,failed
ATT_0003332,TXN_008350,3,2026-08-15 07:54:00,Card,bank_declined,BANK_DECLINED,610,failed
ATT_0003333,TXN_008351,1,2026-08-15 04:28:00,UPI,bank_timeout,TIMEOUT,3866,failed
ATT_0003334,TXN_008351,2,2026-08-15 04:39:00,UPI,bank_timeout,TIMEOUT,4735,failed
ATT_0003335,TXN_008358,1,2026-07-29 09:49:00,NetBanking,authentication_failure,AUTH_FAILED,351,failed
ATT_0003336,TXN_008360,1,2026-07-21 19:50:00,Card,insufficient_funds,INSUFFICIENT_FUNDS,3337,failed
ATT_0003337,TXN_008366,1,2026-08-05 01:07:00,Card,expired_card,CARD_EXPIRED,622,failed
ATT_0003338,TXN_008368,1,2026-07-16 21:20:00,Card,authentication_failure,AUTH_FAILED,3338,failed
ATT_0003339,TXN_008370,1,2026-07-18 18:00:00,UPI,bank_declined,BANK_DECLINED,2433,failed
ATT_0003340,TXN_008371,1,2026-07-22 08:09:00,UPI,bank_timeout,TIMEOUT,849,failed
ATT_0003341,TXN_008371,2,2026-07-22 08:58:00,UPI,bank_timeout,TIMEOUT,3578,failed
ATT_0003342,TXN_008373,1,2026-08-26 09:08:00,UPI,network_error,NETWORK_ERROR,4724,failed
ATT_0003343,TXN_008385,1,2026-08-01 00:55:00,UPI,network_error,NETWORK_ERROR,1112,failed
ATT_0003344,TXN_008390,1,2026-08-09 01:28:00,Wallet,bank_declined,BANK_DECLINED,4862,failed
ATT_0003345,TXN_008391,1,2026-08-02 01:59:00,NetBanking,network_error,NETWORK_ERROR,1550,failed
ATT_0003346,TXN_008398,1,2026-08-19 20:50:00,UPI,network_error,NETWORK_ERROR,4009,failed
ATT_0003347,TXN_008398,2,2026-08-19 21:49:00,UPI,network_error,NETWORK_ERROR,3854,failed
ATT_0003348,TXN_008400,1,2026-08-18 08:17:00,Wallet,bank_declined,BANK_DECLINED,3183,failed
ATT_0003349,TXN_008400,2,2026-08-18 08:51:00,Wallet,bank_declined,BANK_DECLINED,2784,failed
ATT_0003350,TXN_008406,1,2026-07-28 20:05:00,Wallet,insufficient_funds,INSUFFICIENT_FUNDS,3659,failed
ATT_0003351,TXN_008408,1,2026-08-01 14:36:00,UPI,bank_timeout,TIMEOUT,4080,failed
ATT_0003352,TXN_008412,1,2026-07-22 01:53:00,UPI,bank_timeout,TIMEOUT,2717,failed
ATT_0003353,TXN_008415,1,2026-07-04 23:06:00,UPI,bank_timeout,TIMEOUT,3057,failed
ATT_0003354,TXN_008415,2,2026-07-04 23:53:00,UPI,bank_timeout,TIMEOUT,1001,failed
ATT_0003355,TXN_008415,3,2026-07-05 00:13:00,UPI,bank_timeout,TIMEOUT,400,failed
ATT_0003356,TXN_008416,1,2026-07-05 12:52:00,UPI,bank_timeout,TIMEOUT,3938,failed
ATT_0003357,TXN_008419,1,2026-08-12 05:01:00,Card,insufficient_funds,INSUFFICIENT_FUNDS,4324,failed
ATT_0003358,TXN_008419,2,2026-08-12 05:27:00,Card,insufficient_funds,INSUFFICIENT_FUNDS,3819,failed
ATT_0003359,TXN_008420,1,2026-07-25 05:55:00,Card,authentication_failure,AUTH_FAILED,166,failed
ATT_0003360,TXN_008420,2,2026-07-25 06:09:00,Card,authentication_failure,AUTH_FAILED,2693,failed
ATT_0003361,TXN_008420,3,2026-07-25 06:48:00,Card,authentication_failure,AUTH_FAILED,2963,failed
ATT_0003362,TXN_008425,1,2026-07-19 07:55:00,UPI,network_error,NETWORK_ERROR,644,failed
ATT_0003363,TXN_008426,1,2026-07-05 14:38:00,UPI,bank_timeout,TIMEOUT,1336,failed
ATT_0003364,TXN_008426,2,2026-07-05 15:38:00,UPI,bank_timeout,TIMEOUT,1020,failed
ATT_0003365,TXN_008429,1,2026-07-02 00:14:00,UPI,bank_timeout,TIMEOUT,3976,failed
ATT_0003366,TXN_008433,1,2026-07-02 23:10:00,UPI,bank_timeout,TIMEOUT,1043,failed
ATT_0003367,TXN_008434,1,2026-07-01 11:53:00,UPI,bank_timeout,TIMEOUT,2655,failed
ATT_0003368,TXN_008434,2,2026-07-01 12:52:00,UPI,bank_timeout,TIMEOUT,3187,failed
ATT_0003369,TXN_008434,3,2026-07-01 13:26:00,UPI,bank_timeout,TIMEOUT,2727,failed
ATT_0003370,TXN_008440,1,2026-07-21 15:36:00,Card,insufficient_funds,INSUFFICIENT_FUNDS,214,failed
ATT_0003371,TXN_008440,2,2026-07-21 15:44:00,Card,insufficient_funds,INSUFFICIENT_FUNDS,1416,failed
ATT_0003372,TXN_008444,1,2026-08-21 09:39:00,Wallet,insufficient_funds,INSUFFICIENT_FUNDS,1017,failed
ATT_0003373,TXN_008444,2,2026-08-21 10:34:00,Wallet,insufficient_funds,INSUFFICIENT_FUNDS,1755,failed
ATT_0003374,TXN_008448,1,2026-08-08 00:35:00,UPI,bank_declined,BANK_DECLINED,3586,failed
ATT_0003375,TXN_008450,1,2026-07-17 10:29:00,NetBanking,bank_timeout,TIMEOUT,516,failed
ATT_0003376,TXN_008452,1,2026-07-30 03:43:00,UPI,bank_timeout,TIMEOUT,3432,failed
ATT_0003377,TXN_008458,1,2026-08-09 22:32:00,UPI,authentication_failure,AUTH_FAILED,4111,failed
ATT_0003378,TXN_008458,2,2026-08-09 23:22:00,UPI,authentication_failure,AUTH_FAILED,2486,failed
ATT_0003379,TXN_008465,1,2026-08-04 11:28:00,Card,network_error,NETWORK_ERROR,4973,failed
ATT_0003380,TXN_008473,1,2026-07-14 09:57:00,UPI,bank_declined,BANK_DECLINED,3521,failed
ATT_0003381,TXN_008477,1,2026-08-26 16:27:00,UPI,network_error,NETWORK_ERROR,745,failed
ATT_0003382,TXN_008478,1,2026-07-05 18:24:00,NetBanking,authentication_failure,AUTH_FAILED,4278,failed
ATT_0003383,TXN_008480,1,2026-07-10 04:28:00,Wallet,bank_declined,BANK_DECLINED,3844,failed
ATT_0003384,TXN_008485,1,2026-07-18 07:17:00,UPI,bank_declined,BANK_DECLINED,2828,failed
ATT_0003385,TXN_008488,1,2026-08-17 02:02:00,Wallet,insufficient_funds,INSUFFICIENT_FUNDS,485,failed
ATT_0003386,TXN_008488,2,2026-08-17 02:46:00,Wallet,insufficient_funds,INSUFFICIENT_FUNDS,2907,failed
ATT_0003387,TXN_008489,1,2026-08-17 08:12:00,Wallet,network_error,NETWORK_ERROR,2294,failed
ATT_0003388,TXN_008491,1,2026-07-11 14:24:00,Card,bank_declined,BANK_DECLINED,2398,failed
ATT_0003389,TXN_008494,1,2026-08-02 13:00:00,Card,expired_card,CARD_EXPIRED,4366,failed
ATT_0003390,TXN_008495,1,2026-08-08 20:58:00,Card,expired_card,CARD_EXPIRED,960,failed
ATT_0003391,TXN_008495,2,2026-08-08 21:26:00,Card,expired_card,CARD_EXPIRED,2232,failed
ATT_0003392,TXN_008496,1,2026-08-10 14:42:00,UPI,network_error,NETWORK_ERROR,2720,failed
ATT_0003393,TXN_008496,2,2026-08-10 14:51:00,UPI,network_error,NETWORK_ERROR,1356,failed
ATT_0003394,TXN_008496,3,2026-08-10 15:07:00,UPI,network_error,NETWORK_ERROR,218,failed
ATT_0003395,TXN_008500,1,2026-07-16 01:23:00,NetBanking,authentication_failure,AUTH_FAILED,2054,failed
ATT_0003396,TXN_008500,2,2026-07-16 01:53:00,NetBanking,authentication_failure,AUTH_FAILED,1729,failed
ATT_0003397,TXN_008502,1,2026-07-03 01:22:00,UPI,bank_declined,BANK_DECLINED,3723,failed
ATT_0003398,TXN_008502,2,2026-07-03 02:05:00,UPI,bank_declined,BANK_DECLINED,869,failed
ATT_0003399,TXN_008512,1,2026-08-15 23:46:00,Card,expired_card,CARD_EXPIRED,3167,failed
ATT_0003400,TXN_008513,1,2026-08-17 13:21:00,Card,insufficient_funds,INSUFFICIENT_FUNDS,238,failed
ATT_0003401,TXN_008517,1,2026-07-06 04:34:00,UPI,network_error,NETWORK_ERROR,2319,failed
ATT_0003402,TXN_008517,2,2026-07-06 04:44:00,UPI,network_error,NETWORK_ERROR,4439,failed
ATT_0003403,TXN_008517,3,2026-07-06 05:06:00,UPI,network_error,NETWORK_ERROR,2570,failed
ATT_0003404,TXN_008519,1,2026-07-12 15:20:00,NetBanking,bank_timeout,TIMEOUT,870,failed
ATT_0003405,TXN_008524,1,2026-07-29 12:58:00,UPI,network_error,NETWORK_ERROR,4120,failed
ATT_0003406,TXN_008525,1,2026-08-08 16:54:00,Wallet,bank_timeout,TIMEOUT,441,failed
ATT_0003407,TXN_008525,2,2026-08-08 17:21:00,Wallet,bank_timeout,TIMEOUT,292,failed
ATT_0003408,TXN_008530,1,2026-07-19 10:25:00,Card,bank_declined,BANK_DECLINED,758,failed
ATT_0003409,TXN_008534,1,2026-07-05 16:53:00,NetBanking,bank_timeout,TIMEOUT,322,failed
ATT_0003410,TXN_008539,1,2026-07-16 00:57:00,UPI,bank_declined,BANK_DECLINED,1352,failed
ATT_0003411,TXN_008546,1,2026-08-09 10:16:00,Card,expired_card,CARD_EXPIRED,4911,failed
ATT_0003412,TXN_008547,1,2026-07-31 12:01:00,Wallet,bank_timeout,TIMEOUT,2943,failed
ATT_0003413,TXN_008549,1,2026-08-02 03:04:00,UPI,bank_declined,BANK_DECLINED,1075,failed
ATT_0003414,TXN_008555,1,2026-07-24 11:43:00,UPI,network_error,NETWORK_ERROR,4159,failed
ATT_0003415,TXN_008556,1,2026-08-24 00:11:00,Wallet,bank_timeout,TIMEOUT,3543,failed
ATT_0003416,TXN_008564,1,2026-08-04 06:50:00,Card,insufficient_funds,INSUFFICIENT_FUNDS,2206,failed
ATT_0003417,TXN_008569,1,2026-07-21 00:50:00,UPI,authentication_failure,AUTH_FAILED,580,failed
ATT_0003418,TXN_008569,2,2026-07-21 01:47:00,UPI,authentication_failure,AUTH_FAILED,3684,failed
ATT_0003419,TXN_008570,1,2026-07-08 22:25:00,UPI,bank_timeout,TIMEOUT,4294,failed
ATT_0003420,TXN_008571,1,2026-07-26 00:02:00,UPI,bank_timeout,TIMEOUT,1011,failed
ATT_0003421,TXN_008574,1,2026-07-01 08:35:00,UPI,network_error,NETWORK_ERROR,1105,failed
ATT_0003422,TXN_008581,1,2026-07-28 14:49:00,Card,bank_declined,BANK_DECLINED,4274,failed
ATT_0003423,TXN_008582,1,2026-08-14 05:13:00,UPI,network_error,NETWORK_ERROR,1642,failed
ATT_0003424,TXN_008586,1,2026-07-03 06:37:00,Card,authentication_failure,AUTH_FAILED,2573,failed
ATT_0003425,TXN_008592,1,2026-07-02 03:51:00,UPI,authentication_failure,AUTH_FAILED,3169,failed
ATT_0003426,TXN_008594,1,2026-07-11 17:06:00,NetBanking,bank_timeout,TIMEOUT,2164,failed
ATT_0003427,TXN_008595,1,2026-08-12 00:54:00,UPI,bank_timeout,TIMEOUT,598,failed
ATT_0003428,TXN_008598,1,2026-08-25 17:41:00,UPI,network_error,NETWORK_ERROR,1716,failed
ATT_0003429,TXN_008601,1,2026-08-22 02:30:00,UPI,authentication_failure,AUTH_FAILED,3011,failed
ATT_0003430,TXN_008603,1,2026-07-26 08:10:00,NetBanking,bank_declined,BANK_DECLINED,2328,failed
ATT_0003431,TXN_008605,1,2026-07-07 23:01:00,UPI,authentication_failure,AUTH_FAILED,4038,failed
ATT_0003432,TXN_008616,1,2026-07-31 04:28:00,UPI,authentication_failure,AUTH_FAILED,4285,failed
ATT_0003433,TXN_008618,1,2026-07-09 01:14:00,UPI,bank_timeout,TIMEOUT,3431,failed
ATT_0003434,TXN_008621,1,2026-07-08 01:49:00,UPI,bank_timeout,TIMEOUT,4284,failed
ATT_0003435,TXN_008621,2,2026-07-08 02:46:00,UPI,bank_timeout,TIMEOUT,658,failed
ATT_0003436,TXN_008623,1,2026-08-12 05:39:00,Card,expired_card,CARD_EXPIRED,2679,failed
ATT_0003437,TXN_008623,2,2026-08-12 06:38:00,Card,expired_card,CARD_EXPIRED,4881,failed
ATT_0003438,TXN_008623,3,2026-08-12 07:31:00,Card,expired_card,CARD_EXPIRED,4793,failed
ATT_0003439,TXN_008629,1,2026-08-20 10:42:00,Card,expired_card,CARD_EXPIRED,1087,failed
ATT_0003440,TXN_008629,2,2026-08-20 11:19:00,Card,expired_card,CARD_EXPIRED,2562,failed
ATT_0003441,TXN_008631,1,2026-07-06 14:39:00,UPI,bank_timeout,TIMEOUT,1211,failed
ATT_0003442,TXN_008634,1,2026-07-14 01:07:00,Wallet,network_error,NETWORK_ERROR,993,failed
ATT_0003443,TXN_008637,1,2026-07-09 08:47:00,Card,authentication_failure,AUTH_FAILED,2558,failed
ATT_0003444,TXN_008638,1,2026-07-26 10:09:00,Card,insufficient_funds,INSUFFICIENT_FUNDS,3072,failed
ATT_0003445,TXN_008639,1,2026-07-30 09:24:00,NetBanking,authentication_failure,AUTH_FAILED,3705,failed
ATT_0003446,TXN_008644,1,2026-07-22 16:11:00,Wallet,bank_declined,BANK_DECLINED,3934,failed
ATT_0003447,TXN_008646,1,2026-07-27 15:41:00,UPI,bank_timeout,TIMEOUT,3915,failed
ATT_0003448,TXN_008646,2,2026-07-27 15:55:00,UPI,bank_timeout,TIMEOUT,3010,failed
ATT_0003449,TXN_008649,1,2026-08-17 12:56:00,NetBanking,authentication_failure,AUTH_FAILED,2415,failed
ATT_0003450,TXN_008649,2,2026-08-17 13:07:00,NetBanking,authentication_failure,AUTH_FAILED,3208,failed
ATT_0003451,TXN_008650,1,2026-08-05 06:24:00,Card,authentication_failure,AUTH_FAILED,3612,failed
ATT_0003452,TXN_008654,1,2026-07-16 20:29:00,Card,insufficient_funds,INSUFFICIENT_FUNDS,2281,failed
ATT_0003453,TXN_008656,1,2026-07-03 00:02:00,UPI,bank_timeout,TIMEOUT,2768,failed
ATT_0003454,TXN_008657,1,2026-07-28 22:58:00,UPI,bank_declined,BANK_DECLINED,303,failed
ATT_0003455,TXN_008667,1,2026-08-24 04:12:00,Card,authentication_failure,AUTH_FAILED,3435,failed
ATT_0003456,TXN_008667,2,2026-08-24 04:48:00,Card,authentication_failure,AUTH_FAILED,1739,failed
ATT_0003457,TXN_008673,1,2026-07-22 10:37:00,Card,network_error,NETWORK_ERROR,1125,failed
ATT_0003458,TXN_008673,2,2026-07-22 11:08:00,Card,network_error,NETWORK_ERROR,4457,failed
ATT_0003459,TXN_008674,1,2026-07-11 13:00:00,UPI,authentication_failure,AUTH_FAILED,497,failed
ATT_0003460,TXN_008675,1,2026-08-13 22:18:00,UPI,bank_declined,BANK_DECLINED,691,failed
ATT_0003461,TXN_008675,2,2026-08-13 23:08:00,UPI,bank_declined,BANK_DECLINED,2240,failed
ATT_0003462,TXN_008679,1,2026-08-09 17:27:00,Wallet,network_error,NETWORK_ERROR,4206,failed
ATT_0003463,TXN_008684,1,2026-08-04 19:23:00,NetBanking,bank_timeout,TIMEOUT,1512,failed
ATT_0003464,TXN_008687,1,2026-07-27 22:56:00,Card,bank_declined,BANK_DECLINED,3121,failed
ATT_0003465,TXN_008689,1,2026-07-18 22:58:00,Card,insufficient_funds,INSUFFICIENT_FUNDS,2434,failed
ATT_0003466,TXN_008689,2,2026-07-18 23:53:00,Card,insufficient_funds,INSUFFICIENT_FUNDS,2976,failed
ATT_0003467,TXN_008690,1,2026-08-25 15:03:00,UPI,authentication_failure,AUTH_FAILED,1246,failed
ATT_0003468,TXN_008690,2,2026-08-25 15:45:00,UPI,authentication_failure,AUTH_FAILED,3647,failed
ATT_0003469,TXN_008691,1,2026-08-25 11:28:00,UPI,bank_declined,BANK_DECLINED,3849,failed
ATT_0003470,TXN_008694,1,2026-07-31 04:56:00,UPI,bank_timeout,TIMEOUT,2487,failed
ATT_0003471,TXN_008699,1,2026-07-02 17:17:00,UPI,bank_timeout,TIMEOUT,1242,failed
ATT_0003472,TXN_008701,1,2026-08-05 17:27:00,UPI,bank_timeout,TIMEOUT,3225,failed
ATT_0003473,TXN_008702,1,2026-08-23 01:32:00,Card,bank_declined,BANK_DECLINED,184,failed
ATT_0003474,TXN_008702,2,2026-08-23 02:10:00,Card,bank_declined,BANK_DECLINED,4031,failed
ATT_0003475,TXN_008702,3,2026-08-23 02:31:00,Card,bank_declined,BANK_DECLINED,3055,failed
ATT_0003476,TXN_008704,1,2026-07-04 06:08:00,UPI,bank_declined,BANK_DECLINED,2375,failed
ATT_0003477,TXN_008704,2,2026-07-04 06:45:00,UPI,bank_declined,BANK_DECLINED,2480,failed
ATT_0003478,TXN_008708,1,2026-08-11 08:14:00,Card,network_error,NETWORK_ERROR,2269,failed
ATT_0003479,TXN_008708,2,2026-08-11 08:51:00,Card,network_error,NETWORK_ERROR,3469,failed
ATT_0003480,TXN_008708,3,2026-08-11 09:46:00,Card,network_error,NETWORK_ERROR,4561,failed
ATT_0003481,TXN_008712,1,2026-08-26 07:26:00,Card,insufficient_funds,INSUFFICIENT_FUNDS,790,failed
ATT_0003482,TXN_008712,2,2026-08-26 08:22:00,Card,insufficient_funds,INSUFFICIENT_FUNDS,948,failed
ATT_0003483,TXN_008717,1,2026-07-12 18:04:00,Card,bank_declined,BANK_DECLINED,1380,failed
ATT_0003484,TXN_008717,2,2026-07-12 18:21:00,Card,bank_declined,BANK_DECLINED,2355,failed
ATT_0003485,TXN_008726,1,2026-07-03 01:31:00,Card,authentication_failure,AUTH_FAILED,3463,failed
ATT_0003486,TXN_008728,1,2026-08-01 07:15:00,NetBanking,bank_declined,BANK_DECLINED,3103,failed
ATT_0003487,TXN_008732,1,2026-08-13 14:47:00,NetBanking,network_error,NETWORK_ERROR,1038,failed
ATT_0003488,TXN_008732,2,2026-08-13 15:04:00,NetBanking,network_error,NETWORK_ERROR,1822,failed
ATT_0003489,TXN_008733,1,2026-07-09 20:32:00,NetBanking,network_error,NETWORK_ERROR,1350,failed
ATT_0003490,TXN_008733,2,2026-07-09 21:21:00,NetBanking,network_error,NETWORK_ERROR,4487,failed
ATT_0003491,TXN_008738,1,2026-08-11 11:14:00,Wallet,insufficient_funds,INSUFFICIENT_FUNDS,4449,failed
ATT_0003492,TXN_008739,1,2026-07-05 02:55:00,UPI,bank_declined,BANK_DECLINED,2453,failed
ATT_0003493,TXN_008739,2,2026-07-05 03:11:00,UPI,bank_declined,BANK_DECLINED,1550,failed
ATT_0003494,TXN_008746,1,2026-07-01 01:43:00,Card,insufficient_funds,INSUFFICIENT_FUNDS,1597,failed
ATT_0003495,TXN_008748,1,2026-07-14 18:54:00,UPI,bank_timeout,TIMEOUT,1457,failed
ATT_0003496,TXN_008748,2,2026-07-14 19:39:00,UPI,bank_timeout,TIMEOUT,4101,failed
ATT_0003497,TXN_008751,1,2026-08-17 13:53:00,UPI,bank_timeout,TIMEOUT,784,failed
ATT_0003498,TXN_008754,1,2026-07-31 09:07:00,UPI,bank_timeout,TIMEOUT,3213,failed
ATT_0003499,TXN_008754,2,2026-07-31 09:31:00,UPI,bank_timeout,TIMEOUT,4387,failed
ATT_0003500,TXN_008754,3,2026-07-31 10:23:00,UPI,bank_timeout,TIMEOUT,4432,failed
ATT_0003501,TXN_008755,1,2026-07-20 16:44:00,Wallet,bank_timeout,TIMEOUT,4359,failed
ATT_0003502,TXN_008761,1,2026-07-12 20:27:00,UPI,network_error,NETWORK_ERROR,450,failed
ATT_0003503,TXN_008761,2,2026-07-12 21:03:00,UPI,network_error,NETWORK_ERROR,520,failed
ATT_0003504,TXN_008766,1,2026-08-04 10:28:00,Card,bank_declined,BANK_DECLINED,4437,failed
ATT_0003505,TXN_008774,1,2026-07-06 22:05:00,UPI,authentication_failure,AUTH_FAILED,4434,failed
ATT_0003506,TXN_008779,1,2026-08-26 15:56:00,UPI,authentication_failure,AUTH_FAILED,1112,failed
ATT_0003507,TXN_008779,2,2026-08-26 16:48:00,UPI,authentication_failure,AUTH_FAILED,3194,failed
ATT_0003508,TXN_008780,1,2026-08-07 14:57:00,UPI,bank_timeout,TIMEOUT,793,failed
ATT_0003509,TXN_008781,1,2026-07-16 07:24:00,UPI,bank_timeout,TIMEOUT,807,failed
ATT_0003510,TXN_008782,1,2026-08-17 04:03:00,Card,bank_declined,BANK_DECLINED,1274,failed
ATT_0003511,TXN_008783,1,2026-07-25 04:13:00,Wallet,network_error,NETWORK_ERROR,3763,failed
ATT_0003512,TXN_008787,1,2026-07-23 01:08:00,Wallet,bank_declined,BANK_DECLINED,2295,failed
ATT_0003513,TXN_008789,1,2026-08-18 06:46:00,Card,bank_declined,BANK_DECLINED,1829,failed
ATT_0003514,TXN_008790,1,2026-08-13 18:05:00,UPI,bank_timeout,TIMEOUT,3174,failed
ATT_0003515,TXN_008792,1,2026-07-20 05:44:00,UPI,bank_timeout,TIMEOUT,1215,failed
ATT_0003516,TXN_008794,1,2026-07-29 04:11:00,Card,authentication_failure,AUTH_FAILED,247,failed
ATT_0003517,TXN_008794,2,2026-07-29 04:16:00,Card,authentication_failure,AUTH_FAILED,3994,failed
ATT_0003518,TXN_008795,1,2026-08-10 09:34:00,UPI,bank_timeout,TIMEOUT,3819,failed
ATT_0003519,TXN_008800,1,2026-08-19 07:35:00,NetBanking,bank_declined,BANK_DECLINED,3222,failed
ATT_0003520,TXN_008801,1,2026-08-07 17:44:00,Wallet,network_error,NETWORK_ERROR,4689,failed
ATT_0003521,TXN_008813,1,2026-07-06 17:50:00,Wallet,bank_declined,BANK_DECLINED,566,failed
ATT_0003522,TXN_008813,2,2026-07-06 18:19:00,Wallet,bank_declined,BANK_DECLINED,1632,failed
ATT_0003523,TXN_008814,1,2026-08-12 17:50:00,UPI,bank_declined,BANK_DECLINED,4241,failed
ATT_0003524,TXN_008814,2,2026-08-12 18:48:00,UPI,bank_declined,BANK_DECLINED,4001,failed
ATT_0003525,TXN_008815,1,2026-08-13 20:06:00,NetBanking,bank_timeout,TIMEOUT,1627,failed
ATT_0003526,TXN_008819,1,2026-07-12 16:29:00,UPI,network_error,NETWORK_ERROR,1823,failed
ATT_0003527,TXN_008822,1,2026-08-26 10:39:00,UPI,network_error,NETWORK_ERROR,2213,failed
ATT_0003528,TXN_008822,2,2026-08-26 11:32:00,UPI,network_error,NETWORK_ERROR,992,failed
ATT_0003529,TXN_008822,3,2026-08-26 12:25:00,UPI,network_error,NETWORK_ERROR,2225,failed
ATT_0003530,TXN_008824,1,2026-07-12 04:00:00,Wallet,insufficient_funds,INSUFFICIENT_FUNDS,3853,failed
ATT_0003531,TXN_008825,1,2026-08-12 05:54:00,UPI,bank_timeout,TIMEOUT,4979,failed
ATT_0003532,TXN_008827,1,2026-07-07 06:14:00,NetBanking,bank_declined,BANK_DECLINED,1861,failed
ATT_0003533,TXN_008827,2,2026-07-07 06:31:00,NetBanking,bank_declined,BANK_DECLINED,633,failed
ATT_0003534,TXN_008827,3,2026-07-07 06:46:00,NetBanking,bank_declined,BANK_DECLINED,4836,failed
ATT_0003535,TXN_008829,1,2026-07-15 20:56:00,UPI,bank_timeout,TIMEOUT,495,failed
ATT_0003536,TXN_008837,1,2026-07-18 10:58:00,UPI,bank_declined,BANK_DECLINED,3185,failed
ATT_0003537,TXN_008840,1,2026-08-16 00:33:00,Wallet,bank_timeout,TIMEOUT,4724,failed
ATT_0003538,TXN_008843,1,2026-08-12 14:20:00,Card,authentication_failure,AUTH_FAILED,3987,failed
ATT_0003539,TXN_008849,1,2026-08-20 09:48:00,UPI,bank_declined,BANK_DECLINED,2535,failed
ATT_0003540,TXN_008849,2,2026-08-20 10:22:00,UPI,bank_declined,BANK_DECLINED,2874,failed
ATT_0003541,TXN_008850,1,2026-08-13 00:22:00,NetBanking,authentication_failure,AUTH_FAILED,2746,failed
ATT_0003542,TXN_008852,1,2026-08-03 05:15:00,Wallet,network_error,NETWORK_ERROR,3279,failed
ATT_0003543,TXN_008853,1,2026-07-29 06:21:00,UPI,bank_timeout,TIMEOUT,3521,failed
ATT_0003544,TXN_008853,2,2026-07-29 07:15:00,UPI,bank_timeout,TIMEOUT,2605,failed
ATT_0003545,TXN_008853,3,2026-07-29 07:37:00,UPI,bank_timeout,TIMEOUT,4927,failed
ATT_0003546,TXN_008856,1,2026-08-23 19:58:00,Wallet,bank_declined,BANK_DECLINED,1331,failed
ATT_0003547,TXN_008856,2,2026-08-23 20:38:00,Wallet,bank_declined,BANK_DECLINED,4984,failed
ATT_0003548,TXN_008857,1,2026-07-22 23:30:00,UPI,authentication_failure,AUTH_FAILED,3986,failed
ATT_0003549,TXN_008859,1,2026-07-30 15:37:00,UPI,bank_declined,BANK_DECLINED,2082,failed
ATT_0003550,TXN_008859,2,2026-07-30 16:20:00,UPI,bank_declined,BANK_DECLINED,520,failed
ATT_0003551,TXN_008860,1,2026-07-21 01:09:00,Card,bank_declined,BANK_DECLINED,150,failed
ATT_0003552,TXN_008860,2,2026-07-21 02:05:00,Card,bank_declined,BANK_DECLINED,369,failed
ATT_0003553,TXN_008861,1,2026-07-20 15:48:00,UPI,bank_timeout,TIMEOUT,3567,failed
ATT_0003554,TXN_008862,1,2026-07-04 19:18:00,UPI,bank_timeout,TIMEOUT,2486,failed
ATT_0003555,TXN_008871,1,2026-08-25 03:45:00,NetBanking,network_error,NETWORK_ERROR,1227,failed
ATT_0003556,TXN_008872,1,2026-08-25 01:40:00,UPI,authentication_failure,AUTH_FAILED,3806,failed
ATT_0003557,TXN_008874,1,2026-07-09 20:18:00,NetBanking,network_error,NETWORK_ERROR,4224,failed
ATT_0003558,TXN_008874,2,2026-07-09 20:52:00,NetBanking,network_error,NETWORK_ERROR,3411,failed
ATT_0003559,TXN_008875,1,2026-07-08 03:51:00,Card,bank_declined,BANK_DECLINED,3318,failed
ATT_0003560,TXN_008875,2,2026-07-08 04:47:00,Card,bank_declined,BANK_DECLINED,197,failed
ATT_0003561,TXN_008877,1,2026-07-28 08:44:00,UPI,bank_timeout,TIMEOUT,1151,failed
ATT_0003562,TXN_008879,1,2026-08-03 13:40:00,UPI,network_error,NETWORK_ERROR,847,failed
ATT_0003563,TXN_008879,2,2026-08-03 13:55:00,UPI,network_error,NETWORK_ERROR,2470,failed
ATT_0003564,TXN_008879,3,2026-08-03 14:02:00,UPI,network_error,NETWORK_ERROR,2774,failed
ATT_0003565,TXN_008884,1,2026-07-27 12:26:00,Card,expired_card,CARD_EXPIRED,2685,failed
ATT_0003566,TXN_008893,1,2026-08-18 23:21:00,NetBanking,network_error,NETWORK_ERROR,727,failed
ATT_0003567,TXN_008893,2,2026-08-18 23:35:00,NetBanking,network_error,NETWORK_ERROR,437,failed
ATT_0003568,TXN_008895,1,2026-08-17 13:33:00,Card,network_error,NETWORK_ERROR,2046,failed
ATT_0003569,TXN_008897,1,2026-07-10 05:58:00,Wallet,insufficient_funds,INSUFFICIENT_FUNDS,972,failed
ATT_0003570,TXN_008900,1,2026-08-12 12:49:00,UPI,bank_timeout,TIMEOUT,3113,failed
ATT_0003571,TXN_008905,1,2026-08-01 14:39:00,UPI,authentication_failure,AUTH_FAILED,2084,failed
ATT_0003572,TXN_008909,1,2026-08-23 12:19:00,UPI,bank_timeout,TIMEOUT,3991,failed
ATT_0003573,TXN_008911,1,2026-07-06 06:38:00,UPI,bank_timeout,TIMEOUT,2985,failed
ATT_0003574,TXN_008911,2,2026-07-06 07:09:00,UPI,bank_timeout,TIMEOUT,4297,failed
ATT_0003575,TXN_008912,1,2026-07-17 16:38:00,UPI,bank_timeout,TIMEOUT,4921,failed
ATT_0003576,TXN_008912,2,2026-07-17 17:14:00,UPI,bank_timeout,TIMEOUT,4939,failed
ATT_0003577,TXN_008912,3,2026-07-17 17:52:00,UPI,bank_timeout,TIMEOUT,4780,failed
ATT_0003578,TXN_008914,1,2026-07-01 18:00:00,UPI,bank_timeout,TIMEOUT,4381,failed
ATT_0003579,TXN_008921,1,2026-07-07 20:45:00,Card,network_error,NETWORK_ERROR,3199,failed
ATT_0003580,TXN_008921,2,2026-07-07 20:55:00,Card,network_error,NETWORK_ERROR,3568,failed
ATT_0003581,TXN_008921,3,2026-07-07 21:07:00,Card,network_error,NETWORK_ERROR,4160,failed
ATT_0003582,TXN_008927,1,2026-07-11 20:01:00,NetBanking,network_error,NETWORK_ERROR,2739,failed
ATT_0003583,TXN_008929,1,2026-07-27 08:33:00,NetBanking,bank_timeout,TIMEOUT,2853,failed
ATT_0003584,TXN_008930,1,2026-08-06 20:34:00,Card,insufficient_funds,INSUFFICIENT_FUNDS,3432,failed
ATT_0003585,TXN_008931,1,2026-07-18 16:56:00,UPI,network_error,NETWORK_ERROR,558,failed
ATT_0003586,TXN_008934,1,2026-07-09 06:33:00,Card,network_error,NETWORK_ERROR,1835,failed
ATT_0003587,TXN_008940,1,2026-08-23 01:07:00,UPI,bank_declined,BANK_DECLINED,3669,failed
ATT_0003588,TXN_008943,1,2026-08-26 11:05:00,UPI,bank_declined,BANK_DECLINED,3270,failed
ATT_0003589,TXN_008943,2,2026-08-26 11:38:00,UPI,bank_declined,BANK_DECLINED,425,failed
ATT_0003590,TXN_008945,1,2026-08-09 22:56:00,NetBanking,authentication_failure,AUTH_FAILED,665,failed
ATT_0003591,TXN_008945,2,2026-08-09 23:18:00,NetBanking,authentication_failure,AUTH_FAILED,2526,failed
ATT_0003592,TXN_008945,3,2026-08-09 23:30:00,NetBanking,authentication_failure,AUTH_FAILED,3271,failed
ATT_0003593,TXN_008946,1,2026-07-23 15:09:00,UPI,bank_declined,BANK_DECLINED,246,failed
ATT_0003594,TXN_008946,2,2026-07-23 15:27:00,UPI,bank_declined,BANK_DECLINED,484,failed
ATT_0003595,TXN_008946,3,2026-07-23 16:05:00,UPI,bank_declined,BANK_DECLINED,1845,failed
ATT_0003596,TXN_008947,1,2026-08-07 02:04:00,UPI,bank_declined,BANK_DECLINED,819,failed
ATT_0003597,TXN_008949,1,2026-08-20 12:10:00,UPI,bank_declined,BANK_DECLINED,3958,failed
ATT_0003598,TXN_008950,1,2026-07-24 16:50:00,UPI,bank_declined,BANK_DECLINED,2625,failed
ATT_0003599,TXN_008951,1,2026-08-08 08:39:00,UPI,bank_timeout,TIMEOUT,2254,failed
ATT_0003600,TXN_008951,2,2026-08-08 08:55:00,UPI,bank_timeout,TIMEOUT,4195,failed
ATT_0003601,TXN_008951,3,2026-08-08 09:41:00,UPI,bank_timeout,TIMEOUT,378,failed
ATT_0003602,TXN_008953,1,2026-08-06 17:44:00,UPI,network_error,NETWORK_ERROR,3103,failed
ATT_0003603,TXN_008955,1,2026-08-12 00:19:00,NetBanking,network_error,NETWORK_ERROR,4233,failed
ATT_0003604,TXN_008957,1,2026-07-18 09:19:00,Wallet,bank_timeout,TIMEOUT,4670,failed
ATT_0003605,TXN_008968,1,2026-08-19 03:17:00,UPI,bank_timeout,TIMEOUT,2805,failed
ATT_0003606,TXN_008969,1,2026-07-09 08:34:00,Card,bank_declined,BANK_DECLINED,645,failed
ATT_0003607,TXN_008970,1,2026-07-30 19:46:00,Card,bank_declined,BANK_DECLINED,509,failed
ATT_0003608,TXN_008970,2,2026-07-30 20:46:00,Card,bank_declined,BANK_DECLINED,3010,failed
ATT_0003609,TXN_008977,1,2026-07-02 21:48:00,UPI,bank_timeout,TIMEOUT,985,failed
ATT_0003610,TXN_008978,1,2026-07-06 13:29:00,Card,expired_card,CARD_EXPIRED,1146,failed
ATT_0003611,TXN_008991,1,2026-07-05 07:52:00,Card,expired_card,CARD_EXPIRED,1197,failed
ATT_0003612,TXN_008994,1,2026-07-19 11:39:00,UPI,bank_timeout,TIMEOUT,1736,failed
ATT_0003613,TXN_008997,1,2026-07-14 09:57:00,Wallet,insufficient_funds,INSUFFICIENT_FUNDS,685,failed
ATT_0003614,TXN_009000,1,2026-08-20 09:26:00,Card,expired_card,CARD_EXPIRED,3706,failed
ATT_0003615,TXN_009006,1,2026-07-25 22:52:00,Card,insufficient_funds,INSUFFICIENT_FUNDS,4352,failed
ATT_0003616,TXN_009007,1,2026-08-18 16:16:00,Card,insufficient_funds,INSUFFICIENT_FUNDS,2280,failed
ATT_0003617,TXN_009010,1,2026-08-22 07:31:00,Card,authentication_failure,AUTH_FAILED,2228,failed
ATT_0003618,TXN_009012,1,2026-07-10 17:25:00,Card,expired_card,CARD_EXPIRED,876,failed
ATT_0003619,TXN_009013,1,2026-07-10 21:40:00,UPI,network_error,NETWORK_ERROR,4753,failed
ATT_0003620,TXN_009013,2,2026-07-10 21:57:00,UPI,network_error,NETWORK_ERROR,3659,failed
ATT_0003621,TXN_009018,1,2026-07-23 20:30:00,UPI,bank_timeout,TIMEOUT,2091,failed
ATT_0003622,TXN_009018,2,2026-07-23 20:44:00,UPI,bank_timeout,TIMEOUT,2915,failed
ATT_0003623,TXN_009019,1,2026-08-11 17:29:00,Card,authentication_failure,AUTH_FAILED,4255,failed
ATT_0003624,TXN_009029,1,2026-08-17 02:59:00,UPI,network_error,NETWORK_ERROR,159,failed
ATT_0003625,TXN_009030,1,2026-08-20 21:35:00,UPI,bank_declined,BANK_DECLINED,4740,failed
ATT_0003626,TXN_009030,2,2026-08-20 22:02:00,UPI,bank_declined,BANK_DECLINED,3087,failed
ATT_0003627,TXN_009032,1,2026-08-03 18:15:00,Card,bank_declined,BANK_DECLINED,4750,failed
ATT_0003628,TXN_009032,2,2026-08-03 19:12:00,Card,bank_declined,BANK_DECLINED,3592,failed
ATT_0003629,TXN_009032,3,2026-08-03 19:47:00,Card,bank_declined,BANK_DECLINED,3323,failed
ATT_0003630,TXN_009034,1,2026-07-01 00:44:00,UPI,network_error,NETWORK_ERROR,926,failed
ATT_0003631,TXN_009036,1,2026-07-27 11:07:00,UPI,bank_timeout,TIMEOUT,3001,failed
ATT_0003632,TXN_009037,1,2026-07-07 22:37:00,UPI,network_error,NETWORK_ERROR,3629,failed
ATT_0003633,TXN_009037,2,2026-07-07 23:22:00,UPI,network_error,NETWORK_ERROR,3978,failed
ATT_0003634,TXN_009037,3,2026-07-07 23:53:00,UPI,network_error,NETWORK_ERROR,2329,failed
ATT_0003635,TXN_009039,1,2026-08-04 05:22:00,NetBanking,bank_declined,BANK_DECLINED,355,failed
ATT_0003636,TXN_009046,1,2026-08-03 17:41:00,UPI,bank_declined,BANK_DECLINED,4595,failed
ATT_0003637,TXN_009048,1,2026-08-22 06:00:00,Card,insufficient_funds,INSUFFICIENT_FUNDS,763,failed
ATT_0003638,TXN_009059,1,2026-08-11 08:18:00,Card,bank_declined,BANK_DECLINED,2961,failed
ATT_0003639,TXN_009066,1,2026-08-13 18:55:00,UPI,bank_timeout,TIMEOUT,4996,failed
ATT_0003640,TXN_009069,1,2026-07-17 06:21:00,Card,bank_declined,BANK_DECLINED,890,failed
ATT_0003641,TXN_009069,2,2026-07-17 06:53:00,Card,bank_declined,BANK_DECLINED,4232,failed
ATT_0003642,TXN_009069,3,2026-07-17 07:15:00,Card,bank_declined,BANK_DECLINED,4871,failed
ATT_0003643,TXN_009071,1,2026-07-08 17:35:00,UPI,bank_declined,BANK_DECLINED,4397,failed
ATT_0003644,TXN_009071,2,2026-07-08 18:03:00,UPI,bank_declined,BANK_DECLINED,410,failed
ATT_0003645,TXN_009072,1,2026-07-28 08:41:00,UPI,authentication_failure,AUTH_FAILED,4451,failed
ATT_0003646,TXN_009072,2,2026-07-28 09:21:00,UPI,authentication_failure,AUTH_FAILED,1609,failed
ATT_0003647,TXN_009074,1,2026-08-07 21:09:00,Card,network_error,NETWORK_ERROR,4942,failed
ATT_0003648,TXN_009074,2,2026-08-07 21:48:00,Card,network_error,NETWORK_ERROR,660,failed
ATT_0003649,TXN_009077,1,2026-08-08 13:12:00,Card,network_error,NETWORK_ERROR,213,failed
ATT_0003650,TXN_009078,1,2026-07-23 15:07:00,Card,insufficient_funds,INSUFFICIENT_FUNDS,2209,failed
ATT_0003651,TXN_009079,1,2026-07-09 07:19:00,UPI,bank_timeout,TIMEOUT,999,failed
ATT_0003652,TXN_009079,2,2026-07-09 08:17:00,UPI,bank_timeout,TIMEOUT,4405,failed
ATT_0003653,TXN_009079,3,2026-07-09 09:03:00,UPI,bank_timeout,TIMEOUT,3303,failed
ATT_0003654,TXN_009084,1,2026-08-01 05:35:00,Card,expired_card,CARD_EXPIRED,4959,failed
ATT_0003655,TXN_009084,2,2026-08-01 05:58:00,Card,expired_card,CARD_EXPIRED,2403,failed
ATT_0003656,TXN_009084,3,2026-08-01 06:27:00,Card,expired_card,CARD_EXPIRED,3003,failed
ATT_0003657,TXN_009085,1,2026-07-31 04:44:00,UPI,bank_timeout,TIMEOUT,1416,failed
ATT_0003658,TXN_009100,1,2026-08-22 17:22:00,UPI,bank_timeout,TIMEOUT,4313,failed
ATT_0003659,TXN_009101,1,2026-07-09 03:33:00,UPI,bank_timeout,TIMEOUT,402,failed
ATT_0003660,TXN_009102,1,2026-08-04 04:47:00,UPI,bank_declined,BANK_DECLINED,4175,failed
ATT_0003661,TXN_009106,1,2026-07-26 23:47:00,UPI,bank_timeout,TIMEOUT,4931,failed
ATT_0003662,TXN_009106,2,2026-07-27 00:05:00,UPI,bank_timeout,TIMEOUT,811,failed
ATT_0003663,TXN_009107,1,2026-08-14 18:40:00,Card,bank_declined,BANK_DECLINED,1412,failed
ATT_0003664,TXN_009109,1,2026-07-09 09:15:00,UPI,bank_timeout,TIMEOUT,264,failed
ATT_0003665,TXN_009114,1,2026-07-04 15:32:00,UPI,bank_declined,BANK_DECLINED,4191,failed
ATT_0003666,TXN_009114,2,2026-07-04 16:20:00,UPI,bank_declined,BANK_DECLINED,4730,failed
ATT_0003667,TXN_009116,1,2026-07-12 23:42:00,Card,expired_card,CARD_EXPIRED,4346,failed
ATT_0003668,TXN_009116,2,2026-07-13 00:05:00,Card,expired_card,CARD_EXPIRED,3643,failed
ATT_0003669,TXN_009120,1,2026-08-26 15:08:00,UPI,authentication_failure,AUTH_FAILED,849,failed
ATT_0003670,TXN_009120,2,2026-08-26 15:32:00,UPI,authentication_failure,AUTH_FAILED,3620,failed
ATT_0003671,TXN_009123,1,2026-08-03 13:16:00,Card,bank_declined,BANK_DECLINED,4292,failed
ATT_0003672,TXN_009123,2,2026-08-03 13:24:00,Card,bank_declined,BANK_DECLINED,1746,failed
ATT_0003673,TXN_009127,1,2026-07-16 04:45:00,UPI,network_error,NETWORK_ERROR,1847,failed
ATT_0003674,TXN_009127,2,2026-07-16 05:45:00,UPI,network_error,NETWORK_ERROR,4055,failed
ATT_0003675,TXN_009127,3,2026-07-16 06:35:00,UPI,network_error,NETWORK_ERROR,4183,failed
ATT_0003676,TXN_009139,1,2026-08-11 23:10:00,NetBanking,bank_timeout,TIMEOUT,3924,failed
ATT_0003677,TXN_009140,1,2026-07-25 18:14:00,Card,insufficient_funds,INSUFFICIENT_FUNDS,951,failed
ATT_0003678,TXN_009141,1,2026-07-14 15:59:00,UPI,bank_declined,BANK_DECLINED,4177,failed
ATT_0003679,TXN_009142,1,2026-08-09 03:12:00,UPI,network_error,NETWORK_ERROR,4554,failed
ATT_0003680,TXN_009145,1,2026-08-10 01:30:00,UPI,bank_timeout,TIMEOUT,2932,failed
ATT_0003681,TXN_009147,1,2026-07-18 06:04:00,UPI,authentication_failure,AUTH_FAILED,1684,failed
ATT_0003682,TXN_009151,1,2026-08-24 10:39:00,UPI,bank_timeout,TIMEOUT,1693,failed
ATT_0003683,TXN_009151,2,2026-08-24 11:38:00,UPI,bank_timeout,TIMEOUT,4950,failed
ATT_0003684,TXN_009156,1,2026-07-24 17:38:00,UPI,network_error,NETWORK_ERROR,1751,failed
ATT_0003685,TXN_009164,1,2026-08-06 21:15:00,UPI,bank_timeout,TIMEOUT,3860,failed
ATT_0003686,TXN_009169,1,2026-07-02 10:01:00,UPI,bank_declined,BANK_DECLINED,4099,failed
ATT_0003687,TXN_009169,2,2026-07-02 10:11:00,UPI,bank_declined,BANK_DECLINED,2585,failed
ATT_0003688,TXN_009179,1,2026-08-25 10:44:00,UPI,bank_declined,BANK_DECLINED,1073,failed
ATT_0003689,TXN_009179,2,2026-08-25 10:53:00,UPI,bank_declined,BANK_DECLINED,2250,failed
ATT_0003690,TXN_009188,1,2026-07-05 00:47:00,Card,authentication_failure,AUTH_FAILED,2182,failed
ATT_0003691,TXN_009190,1,2026-07-22 21:18:00,UPI,network_error,NETWORK_ERROR,1518,failed
ATT_0003692,TXN_009193,1,2026-07-26 22:41:00,UPI,network_error,NETWORK_ERROR,4937,failed
ATT_0003693,TXN_009195,1,2026-07-31 09:10:00,NetBanking,bank_timeout,TIMEOUT,2806,failed
ATT_0003694,TXN_009195,2,2026-07-31 10:01:00,NetBanking,bank_timeout,TIMEOUT,307,failed
ATT_0003695,TXN_009196,1,2026-08-04 12:07:00,Wallet,bank_declined,BANK_DECLINED,1537,failed
ATT_0003696,TXN_009197,1,2026-07-15 16:46:00,UPI,bank_declined,BANK_DECLINED,3210,failed
ATT_0003697,TXN_009200,1,2026-07-27 05:28:00,Card,network_error,NETWORK_ERROR,896,failed
ATT_0003698,TXN_009204,1,2026-08-03 18:00:00,NetBanking,network_error,NETWORK_ERROR,4963,failed
ATT_0003699,TXN_009208,1,2026-07-07 00:48:00,NetBanking,bank_declined,BANK_DECLINED,483,failed
ATT_0003700,TXN_009208,2,2026-07-07 01:16:00,NetBanking,bank_declined,BANK_DECLINED,1315,failed
ATT_0003701,TXN_009209,1,2026-07-16 10:16:00,UPI,bank_timeout,TIMEOUT,880,failed
ATT_0003702,TXN_009211,1,2026-07-16 19:34:00,UPI,network_error,NETWORK_ERROR,4893,failed
ATT_0003703,TXN_009214,1,2026-07-10 12:50:00,UPI,bank_declined,BANK_DECLINED,3422,failed
ATT_0003704,TXN_009215,1,2026-07-17 04:13:00,UPI,bank_timeout,TIMEOUT,2273,failed
ATT_0003705,TXN_009217,1,2026-07-28 22:16:00,UPI,bank_declined,BANK_DECLINED,3089,failed
ATT_0003706,TXN_009217,2,2026-07-28 22:52:00,UPI,bank_declined,BANK_DECLINED,1998,failed
ATT_0003707,TXN_009218,1,2026-08-07 03:32:00,UPI,bank_declined,BANK_DECLINED,2525,failed
ATT_0003708,TXN_009218,2,2026-08-07 04:03:00,UPI,bank_declined,BANK_DECLINED,4165,failed
ATT_0003709,TXN_009218,3,2026-08-07 05:01:00,UPI,bank_declined,BANK_DECLINED,3223,failed
ATT_0003710,TXN_009221,1,2026-07-05 01:00:00,Card,authentication_failure,AUTH_FAILED,4027,failed
ATT_0003711,TXN_009222,1,2026-07-15 11:11:00,Card,insufficient_funds,INSUFFICIENT_FUNDS,4696,failed
ATT_0003712,TXN_009225,1,2026-07-31 15:22:00,UPI,bank_timeout,TIMEOUT,3647,failed
ATT_0003713,TXN_009225,2,2026-07-31 16:19:00,UPI,bank_timeout,TIMEOUT,4906,failed
ATT_0003714,TXN_009230,1,2026-08-12 03:30:00,UPI,network_error,NETWORK_ERROR,3746,failed
ATT_0003715,TXN_009231,1,2026-08-19 02:58:00,UPI,network_error,NETWORK_ERROR,3616,failed
ATT_0003716,TXN_009237,1,2026-07-24 03:07:00,UPI,bank_timeout,TIMEOUT,3331,failed
ATT_0003717,TXN_009243,1,2026-07-07 16:50:00,Wallet,bank_declined,BANK_DECLINED,4813,failed
ATT_0003718,TXN_009244,1,2026-07-14 08:01:00,UPI,bank_timeout,TIMEOUT,339,failed
ATT_0003719,TXN_009245,1,2026-07-12 09:42:00,UPI,authentication_failure,AUTH_FAILED,1357,failed
ATT_0003720,TXN_009249,1,2026-07-25 16:10:00,Card,expired_card,CARD_EXPIRED,4022,failed
ATT_0003721,TXN_009249,2,2026-07-25 16:48:00,Card,expired_card,CARD_EXPIRED,4303,failed
ATT_0003722,TXN_009249,3,2026-07-25 17:36:00,Card,expired_card,CARD_EXPIRED,4096,failed
ATT_0003723,TXN_009251,1,2026-08-11 04:38:00,Wallet,bank_timeout,TIMEOUT,1490,failed
ATT_0003724,TXN_009253,1,2026-08-14 01:39:00,Card,insufficient_funds,INSUFFICIENT_FUNDS,4319,failed
ATT_0003725,TXN_009261,1,2026-08-26 20:19:00,NetBanking,bank_timeout,TIMEOUT,572,failed
ATT_0003726,TXN_009267,1,2026-08-03 23:03:00,UPI,bank_timeout,TIMEOUT,1170,failed
ATT_0003727,TXN_009269,1,2026-07-18 18:41:00,UPI,network_error,NETWORK_ERROR,3176,failed
ATT_0003728,TXN_009273,1,2026-08-16 05:58:00,UPI,network_error,NETWORK_ERROR,2200,failed
ATT_0003729,TXN_009280,1,2026-08-26 10:52:00,Card,expired_card,CARD_EXPIRED,669,failed
ATT_0003730,TXN_009282,1,2026-08-13 13:42:00,Wallet,insufficient_funds,INSUFFICIENT_FUNDS,4031,failed
ATT_0003731,TXN_009282,2,2026-08-13 14:07:00,Wallet,insufficient_funds,INSUFFICIENT_FUNDS,3137,failed
ATT_0003732,TXN_009282,3,2026-08-13 14:55:00,Wallet,insufficient_funds,INSUFFICIENT_FUNDS,2111,failed
ATT_0003733,TXN_009288,1,2026-08-05 02:15:00,UPI,bank_declined,BANK_DECLINED,3500,failed
ATT_0003734,TXN_009292,1,2026-08-06 07:43:00,UPI,bank_timeout,TIMEOUT,863,failed
ATT_0003735,TXN_009296,1,2026-07-02 11:59:00,Card,authentication_failure,AUTH_FAILED,2357,failed
ATT_0003736,TXN_009298,1,2026-08-19 14:03:00,Card,network_error,NETWORK_ERROR,3633,failed
ATT_0003737,TXN_009306,1,2026-08-15 19:07:00,Wallet,insufficient_funds,INSUFFICIENT_FUNDS,4287,failed
ATT_0003738,TXN_009306,2,2026-08-15 19:37:00,Wallet,insufficient_funds,INSUFFICIENT_FUNDS,4126,failed
ATT_0003739,TXN_009312,1,2026-07-14 11:02:00,UPI,bank_timeout,TIMEOUT,2895,failed
ATT_0003740,TXN_009314,1,2026-07-18 18:17:00,Card,authentication_failure,AUTH_FAILED,1128,failed
ATT_0003741,TXN_009315,1,2026-08-25 12:20:00,UPI,bank_declined,BANK_DECLINED,878,failed
ATT_0003742,TXN_009316,1,2026-08-21 01:05:00,Card,network_error,NETWORK_ERROR,994,failed
ATT_0003743,TXN_009316,2,2026-08-21 01:56:00,Card,network_error,NETWORK_ERROR,4599,failed
ATT_0003744,TXN_009318,1,2026-07-18 05:32:00,Wallet,network_error,NETWORK_ERROR,1150,failed
ATT_0003745,TXN_009322,1,2026-07-13 00:50:00,NetBanking,bank_declined,BANK_DECLINED,761,failed
ATT_0003746,TXN_009335,1,2026-07-12 16:25:00,Card,insufficient_funds,INSUFFICIENT_FUNDS,202,failed
ATT_0003747,TXN_009353,1,2026-08-11 22:41:00,Wallet,bank_declined,BANK_DECLINED,802,failed
ATT_0003748,TXN_009353,2,2026-08-11 23:04:00,Wallet,bank_declined,BANK_DECLINED,4478,failed
ATT_0003749,TXN_009353,3,2026-08-11 23:51:00,Wallet,bank_declined,BANK_DECLINED,1903,failed
ATT_0003750,TXN_009357,1,2026-08-26 09:19:00,UPI,bank_timeout,TIMEOUT,1429,failed
ATT_0003751,TXN_009358,1,2026-07-26 12:35:00,UPI,authentication_failure,AUTH_FAILED,1456,failed
ATT_0003752,TXN_009359,1,2026-07-01 14:36:00,Card,insufficient_funds,INSUFFICIENT_FUNDS,3830,failed
ATT_0003753,TXN_009360,1,2026-08-18 09:10:00,Card,expired_card,CARD_EXPIRED,1626,failed
ATT_0003754,TXN_009364,1,2026-08-13 13:02:00,NetBanking,bank_timeout,TIMEOUT,674,failed
ATT_0003755,TXN_009365,1,2026-08-10 02:40:00,UPI,authentication_failure,AUTH_FAILED,2568,failed
ATT_0003756,TXN_009365,2,2026-08-10 03:28:00,UPI,authentication_failure,AUTH_FAILED,4332,failed
ATT_0003757,TXN_009367,1,2026-07-18 03:06:00,UPI,bank_declined,BANK_DECLINED,2131,failed
ATT_0003758,TXN_009384,1,2026-07-20 05:56:00,Wallet,bank_declined,BANK_DECLINED,4743,failed
ATT_0003759,TXN_009384,2,2026-07-20 06:44:00,Wallet,bank_declined,BANK_DECLINED,1126,failed
ATT_0003760,TXN_009385,1,2026-07-07 20:41:00,Card,expired_card,CARD_EXPIRED,4423,failed
ATT_0003761,TXN_009387,1,2026-08-12 01:36:00,UPI,bank_timeout,TIMEOUT,3697,failed
ATT_0003762,TXN_009391,1,2026-07-09 12:27:00,Card,expired_card,CARD_EXPIRED,3260,failed
ATT_0003763,TXN_009391,2,2026-07-09 12:53:00,Card,expired_card,CARD_EXPIRED,3848,failed
ATT_0003764,TXN_009391,3,2026-07-09 13:03:00,Card,expired_card,CARD_EXPIRED,3895,failed
ATT_0003765,TXN_009392,1,2026-08-10 23:18:00,UPI,bank_declined,BANK_DECLINED,2050,failed
ATT_0003766,TXN_009396,1,2026-08-17 04:48:00,Wallet,bank_timeout,TIMEOUT,2700,failed
ATT_0003767,TXN_009398,1,2026-07-02 16:22:00,UPI,bank_timeout,TIMEOUT,2277,failed
ATT_0003768,TXN_009399,1,2026-07-31 09:05:00,Wallet,bank_timeout,TIMEOUT,3755,failed
ATT_0003769,TXN_009401,1,2026-07-09 09:38:00,UPI,authentication_failure,AUTH_FAILED,3665,failed
ATT_0003770,TXN_009402,1,2026-07-25 05:40:00,UPI,bank_declined,BANK_DECLINED,1841,failed
ATT_0003771,TXN_009406,1,2026-08-05 12:46:00,UPI,bank_declined,BANK_DECLINED,1871,failed
ATT_0003772,TXN_009407,1,2026-08-06 12:25:00,UPI,authentication_failure,AUTH_FAILED,1901,failed
ATT_0003773,TXN_009408,1,2026-07-01 11:48:00,NetBanking,bank_timeout,TIMEOUT,3822,failed
ATT_0003774,TXN_009414,1,2026-07-04 19:22:00,UPI,authentication_failure,AUTH_FAILED,550,failed
ATT_0003775,TXN_009420,1,2026-07-11 14:41:00,Card,expired_card,CARD_EXPIRED,814,failed
ATT_0003776,TXN_009421,1,2026-07-29 14:58:00,UPI,bank_declined,BANK_DECLINED,4048,failed
ATT_0003777,TXN_009423,1,2026-08-05 00:16:00,NetBanking,bank_declined,BANK_DECLINED,2754,failed
ATT_0003778,TXN_009423,2,2026-08-05 00:32:00,NetBanking,bank_declined,BANK_DECLINED,3257,failed
ATT_0003779,TXN_009423,3,2026-08-05 01:21:00,NetBanking,bank_declined,BANK_DECLINED,3730,failed
ATT_0003780,TXN_009438,1,2026-08-12 01:58:00,UPI,network_error,NETWORK_ERROR,2981,failed
ATT_0003781,TXN_009439,1,2026-07-02 18:13:00,UPI,bank_declined,BANK_DECLINED,3502,failed
ATT_0003782,TXN_009444,1,2026-07-07 10:10:00,NetBanking,bank_timeout,TIMEOUT,1313,failed
ATT_0003783,TXN_009445,1,2026-07-28 20:34:00,Card,expired_card,CARD_EXPIRED,4493,failed
ATT_0003784,TXN_009446,1,2026-07-14 09:30:00,UPI,bank_declined,BANK_DECLINED,4439,failed
ATT_0003785,TXN_009459,1,2026-08-14 18:09:00,UPI,bank_timeout,TIMEOUT,3154,failed
ATT_0003786,TXN_009460,1,2026-08-13 12:13:00,UPI,network_error,NETWORK_ERROR,4717,failed
ATT_0003787,TXN_009469,1,2026-07-09 18:02:00,UPI,network_error,NETWORK_ERROR,1423,failed
ATT_0003788,TXN_009473,1,2026-07-09 17:47:00,Wallet,insufficient_funds,INSUFFICIENT_FUNDS,1379,failed
ATT_0003789,TXN_009474,1,2026-07-15 21:05:00,UPI,bank_timeout,TIMEOUT,4535,failed
ATT_0003790,TXN_009476,1,2026-08-04 22:49:00,Card,bank_declined,BANK_DECLINED,2573,failed
ATT_0003791,TXN_009476,2,2026-08-04 23:32:00,Card,bank_declined,BANK_DECLINED,3015,failed
ATT_0003792,TXN_009481,1,2026-08-05 10:49:00,Card,bank_declined,BANK_DECLINED,1281,failed
ATT_0003793,TXN_009483,1,2026-07-22 09:56:00,UPI,bank_declined,BANK_DECLINED,1662,failed
ATT_0003794,TXN_009488,1,2026-07-13 15:19:00,UPI,bank_declined,BANK_DECLINED,1551,failed
ATT_0003795,TXN_009488,2,2026-07-13 15:26:00,UPI,bank_declined,BANK_DECLINED,1584,failed
ATT_0003796,TXN_009488,3,2026-07-13 15:37:00,UPI,bank_declined,BANK_DECLINED,2870,failed
ATT_0003797,TXN_009489,1,2026-08-09 20:58:00,UPI,bank_declined,BANK_DECLINED,1837,failed
ATT_0003798,TXN_009492,1,2026-08-26 12:28:00,Card,network_error,NETWORK_ERROR,1044,failed
ATT_0003799,TXN_009493,1,2026-07-31 03:19:00,Card,bank_declined,BANK_DECLINED,2252,failed
ATT_0003800,TXN_009493,2,2026-07-31 04:01:00,Card,bank_declined,BANK_DECLINED,3141,failed
ATT_0003801,TXN_009494,1,2026-08-08 02:15:00,Card,bank_declined,BANK_DECLINED,1339,failed
ATT_0003802,TXN_009494,2,2026-08-08 02:47:00,Card,bank_declined,BANK_DECLINED,2365,failed
ATT_0003803,TXN_009495,1,2026-08-13 04:49:00,Wallet,bank_timeout,TIMEOUT,385,failed
ATT_0003804,TXN_009496,1,2026-07-06 18:14:00,Card,insufficient_funds,INSUFFICIENT_FUNDS,1402,failed
ATT_0003805,TXN_009496,2,2026-07-06 18:25:00,Card,insufficient_funds,INSUFFICIENT_FUNDS,4837,failed
ATT_0003806,TXN_009498,1,2026-07-31 04:01:00,UPI,authentication_failure,AUTH_FAILED,2056,failed
ATT_0003807,TXN_009501,1,2026-07-27 20:23:00,Card,insufficient_funds,INSUFFICIENT_FUNDS,339,failed
ATT_0003808,TXN_009502,1,2026-07-01 07:13:00,NetBanking,bank_timeout,TIMEOUT,1070,failed
ATT_0003809,TXN_009509,1,2026-08-12 14:31:00,UPI,bank_timeout,TIMEOUT,2849,failed
ATT_0003810,TXN_009517,1,2026-08-02 03:16:00,UPI,network_error,NETWORK_ERROR,2890,failed
ATT_0003811,TXN_009519,1,2026-07-07 02:12:00,UPI,bank_declined,BANK_DECLINED,1545,failed
ATT_0003812,TXN_009531,1,2026-08-14 01:54:00,UPI,bank_timeout,TIMEOUT,2953,failed
ATT_0003813,TXN_009535,1,2026-07-22 19:56:00,NetBanking,bank_timeout,TIMEOUT,1566,failed
ATT_0003814,TXN_009536,1,2026-08-02 02:04:00,NetBanking,bank_declined,BANK_DECLINED,1157,failed
ATT_0003815,TXN_009542,1,2026-07-30 12:00:00,UPI,bank_declined,BANK_DECLINED,4849,failed
ATT_0003816,TXN_009542,2,2026-07-30 12:44:00,UPI,bank_declined,BANK_DECLINED,4661,failed
ATT_0003817,TXN_009543,1,2026-07-18 14:05:00,Card,expired_card,CARD_EXPIRED,3245,failed
ATT_0003818,TXN_009548,1,2026-08-14 14:02:00,Card,expired_card,CARD_EXPIRED,3839,failed
ATT_0003819,TXN_009550,1,2026-07-23 01:41:00,UPI,authentication_failure,AUTH_FAILED,2917,failed
ATT_0003820,TXN_009550,2,2026-07-23 01:59:00,UPI,authentication_failure,AUTH_FAILED,1747,failed
ATT_0003821,TXN_009550,3,2026-07-23 02:14:00,UPI,authentication_failure,AUTH_FAILED,2761,failed
ATT_0003822,TXN_009552,1,2026-07-20 06:25:00,Card,authentication_failure,AUTH_FAILED,594,failed
ATT_0003823,TXN_009553,1,2026-07-09 09:19:00,Card,network_error,NETWORK_ERROR,4846,failed
ATT_0003824,TXN_009553,2,2026-07-09 09:58:00,Card,network_error,NETWORK_ERROR,4113,failed
ATT_0003825,TXN_009558,1,2026-07-28 09:31:00,UPI,bank_declined,BANK_DECLINED,979,failed
ATT_0003826,TXN_009559,1,2026-07-19 13:32:00,UPI,bank_timeout,TIMEOUT,986,failed
ATT_0003827,TXN_009562,1,2026-07-10 18:17:00,UPI,bank_timeout,TIMEOUT,4500,failed
ATT_0003828,TXN_009564,1,2026-08-08 10:03:00,Card,authentication_failure,AUTH_FAILED,3308,failed
ATT_0003829,TXN_009569,1,2026-08-22 20:36:00,Wallet,network_error,NETWORK_ERROR,665,failed
ATT_0003830,TXN_009571,1,2026-08-15 04:14:00,UPI,network_error,NETWORK_ERROR,4733,failed
ATT_0003831,TXN_009572,1,2026-07-08 20:59:00,Card,expired_card,CARD_EXPIRED,1565,failed
ATT_0003832,TXN_009576,1,2026-08-19 02:18:00,UPI,bank_timeout,TIMEOUT,4989,failed
ATT_0003833,TXN_009578,1,2026-08-19 11:09:00,UPI,bank_timeout,TIMEOUT,2909,failed
ATT_0003834,TXN_009578,2,2026-08-19 11:27:00,UPI,bank_timeout,TIMEOUT,1654,failed
ATT_0003835,TXN_009582,1,2026-08-10 08:19:00,UPI,network_error,NETWORK_ERROR,2834,failed
ATT_0003836,TXN_009586,1,2026-07-10 15:14:00,NetBanking,bank_timeout,TIMEOUT,1647,failed
ATT_0003837,TXN_009589,1,2026-08-12 06:21:00,UPI,network_error,NETWORK_ERROR,2637,failed
ATT_0003838,TXN_009590,1,2026-08-18 11:11:00,Card,expired_card,CARD_EXPIRED,3733,failed
ATT_0003839,TXN_009593,1,2026-07-05 02:43:00,Wallet,bank_declined,BANK_DECLINED,2390,failed
ATT_0003840,TXN_009595,1,2026-07-01 02:09:00,Card,authentication_failure,AUTH_FAILED,4584,failed
ATT_0003841,TXN_009596,1,2026-08-04 05:34:00,UPI,network_error,NETWORK_ERROR,4195,failed
ATT_0003842,TXN_009596,2,2026-08-04 06:16:00,UPI,network_error,NETWORK_ERROR,4680,failed
ATT_0003843,TXN_009598,1,2026-07-16 02:19:00,UPI,bank_timeout,TIMEOUT,1004,failed
ATT_0003844,TXN_009603,1,2026-08-26 06:42:00,UPI,bank_timeout,TIMEOUT,237,failed
ATT_0003845,TXN_009606,1,2026-07-29 14:43:00,UPI,authentication_failure,AUTH_FAILED,4901,failed
ATT_0003846,TXN_009606,2,2026-07-29 15:10:00,UPI,authentication_failure,AUTH_FAILED,3489,failed
ATT_0003847,TXN_009608,1,2026-07-07 00:43:00,Wallet,network_error,NETWORK_ERROR,4576,failed
ATT_0003848,TXN_009614,1,2026-08-25 06:49:00,Card,insufficient_funds,INSUFFICIENT_FUNDS,4147,failed
ATT_0003849,TXN_009615,1,2026-07-09 11:24:00,UPI,network_error,NETWORK_ERROR,1751,failed
ATT_0003850,TXN_009616,1,2026-07-27 19:18:00,Card,expired_card,CARD_EXPIRED,1640,failed
ATT_0003851,TXN_009616,2,2026-07-27 20:14:00,Card,expired_card,CARD_EXPIRED,2509,failed
ATT_0003852,TXN_009616,3,2026-07-27 20:24:00,Card,expired_card,CARD_EXPIRED,2722,failed
ATT_0003853,TXN_009621,1,2026-07-21 11:05:00,UPI,network_error,NETWORK_ERROR,3055,failed
ATT_0003854,TXN_009622,1,2026-08-13 22:09:00,Wallet,network_error,NETWORK_ERROR,3152,failed
ATT_0003855,TXN_009628,1,2026-08-21 00:52:00,UPI,bank_declined,BANK_DECLINED,3022,failed
ATT_0003856,TXN_009631,1,2026-08-23 02:06:00,Wallet,bank_declined,BANK_DECLINED,1178,failed
ATT_0003857,TXN_009633,1,2026-07-30 12:13:00,UPI,network_error,NETWORK_ERROR,1579,failed
ATT_0003858,TXN_009633,2,2026-07-30 12:57:00,UPI,network_error,NETWORK_ERROR,3803,failed
ATT_0003859,TXN_009634,1,2026-07-07 08:19:00,Card,bank_declined,BANK_DECLINED,4378,failed
ATT_0003860,TXN_009636,1,2026-07-03 11:24:00,UPI,bank_timeout,TIMEOUT,515,failed
ATT_0003861,TXN_009636,2,2026-07-03 11:30:00,UPI,bank_timeout,TIMEOUT,4734,failed
ATT_0003862,TXN_009637,1,2026-08-01 01:53:00,Card,bank_declined,BANK_DECLINED,1830,failed
ATT_0003863,TXN_009642,1,2026-08-07 20:22:00,Card,insufficient_funds,INSUFFICIENT_FUNDS,4293,failed
ATT_0003864,TXN_009642,2,2026-08-07 20:50:00,Card,insufficient_funds,INSUFFICIENT_FUNDS,3166,failed
ATT_0003865,TXN_009645,1,2026-07-16 02:03:00,UPI,bank_timeout,TIMEOUT,910,failed
ATT_0003866,TXN_009647,1,2026-08-03 07:37:00,UPI,authentication_failure,AUTH_FAILED,1052,failed
ATT_0003867,TXN_009649,1,2026-08-11 02:40:00,UPI,bank_declined,BANK_DECLINED,627,failed
ATT_0003868,TXN_009661,1,2026-07-29 19:17:00,Card,expired_card,CARD_EXPIRED,1089,failed
ATT_0003869,TXN_009661,2,2026-07-29 20:02:00,Card,expired_card,CARD_EXPIRED,1830,failed
ATT_0003870,TXN_009662,1,2026-07-23 05:12:00,Card,expired_card,CARD_EXPIRED,3461,failed
ATT_0003871,TXN_009662,2,2026-07-23 05:52:00,Card,expired_card,CARD_EXPIRED,4702,failed
ATT_0003872,TXN_009680,1,2026-08-04 13:23:00,UPI,bank_timeout,TIMEOUT,2723,failed
ATT_0003873,TXN_009681,1,2026-08-01 17:13:00,NetBanking,bank_timeout,TIMEOUT,4138,failed
ATT_0003874,TXN_009685,1,2026-08-13 03:11:00,UPI,network_error,NETWORK_ERROR,793,failed
ATT_0003875,TXN_009687,1,2026-07-09 07:47:00,NetBanking,bank_declined,BANK_DECLINED,4853,failed
ATT_0003876,TXN_009689,1,2026-07-06 11:05:00,NetBanking,bank_timeout,TIMEOUT,4315,failed
ATT_0003877,TXN_009691,1,2026-07-24 20:51:00,Card,expired_card,CARD_EXPIRED,2370,failed
ATT_0003878,TXN_009693,1,2026-08-05 19:29:00,Card,insufficient_funds,INSUFFICIENT_FUNDS,1460,failed
ATT_0003879,TXN_009693,2,2026-08-05 19:35:00,Card,insufficient_funds,INSUFFICIENT_FUNDS,1245,failed
ATT_0003880,TXN_009696,1,2026-08-06 00:27:00,UPI,bank_declined,BANK_DECLINED,1592,failed
ATT_0003881,TXN_009696,2,2026-08-06 01:12:00,UPI,bank_declined,BANK_DECLINED,4823,failed
ATT_0003882,TXN_009697,1,2026-07-09 05:22:00,UPI,bank_timeout,TIMEOUT,1651,failed
ATT_0003883,TXN_009697,2,2026-07-09 05:56:00,UPI,bank_timeout,TIMEOUT,4401,failed
ATT_0003884,TXN_009703,1,2026-08-19 22:13:00,UPI,bank_timeout,TIMEOUT,1054,failed
ATT_0003885,TXN_009704,1,2026-08-23 13:01:00,UPI,bank_timeout,TIMEOUT,3854,failed
ATT_0003886,TXN_009709,1,2026-08-12 04:49:00,NetBanking,network_error,NETWORK_ERROR,4853,failed
ATT_0003887,TXN_009715,1,2026-07-29 13:08:00,NetBanking,bank_declined,BANK_DECLINED,1012,failed
ATT_0003888,TXN_009717,1,2026-07-16 18:44:00,Wallet,bank_timeout,TIMEOUT,1654,failed
ATT_0003889,TXN_009718,1,2026-07-24 23:48:00,Card,network_error,NETWORK_ERROR,166,failed
ATT_0003890,TXN_009721,1,2026-08-26 05:58:00,Card,network_error,NETWORK_ERROR,3997,failed
ATT_0003891,TXN_009722,1,2026-08-16 21:49:00,UPI,bank_declined,BANK_DECLINED,2708,failed
ATT_0003892,TXN_009722,2,2026-08-16 22:33:00,UPI,bank_declined,BANK_DECLINED,4675,failed
ATT_0003893,TXN_009723,1,2026-08-09 20:37:00,Card,insufficient_funds,INSUFFICIENT_FUNDS,1507,failed
ATT_0003894,TXN_009729,1,2026-08-17 08:06:00,Card,bank_declined,BANK_DECLINED,2802,failed
ATT_0003895,TXN_009729,2,2026-08-17 08:55:00,Card,bank_declined,BANK_DECLINED,398,failed
ATT_0003896,TXN_009730,1,2026-07-01 21:01:00,Card,bank_declined,BANK_DECLINED,4022,failed
ATT_0003897,TXN_009732,1,2026-07-14 03:17:00,NetBanking,authentication_failure,AUTH_FAILED,2857,failed
ATT_0003898,TXN_009732,2,2026-07-14 03:37:00,NetBanking,authentication_failure,AUTH_FAILED,2366,failed
ATT_0003899,TXN_009736,1,2026-08-15 12:03:00,UPI,bank_timeout,TIMEOUT,4895,failed
ATT_0003900,TXN_009736,2,2026-08-15 12:29:00,UPI,bank_timeout,TIMEOUT,4994,failed
ATT_0003901,TXN_009736,3,2026-08-15 13:05:00,UPI,bank_timeout,TIMEOUT,3131,failed
ATT_0003902,TXN_009737,1,2026-08-01 13:24:00,Card,insufficient_funds,INSUFFICIENT_FUNDS,2252,failed
ATT_0003903,TXN_009740,1,2026-08-23 14:38:00,UPI,bank_declined,BANK_DECLINED,3148,failed
ATT_0003904,TXN_009740,2,2026-08-23 14:50:00,UPI,bank_declined,BANK_DECLINED,4286,failed
ATT_0003905,TXN_009741,1,2026-07-29 15:42:00,Card,authentication_failure,AUTH_FAILED,199,failed
ATT_0003906,TXN_009747,1,2026-08-19 18:49:00,UPI,bank_timeout,TIMEOUT,2432,failed
ATT_0003907,TXN_009752,1,2026-07-22 02:16:00,UPI,network_error,NETWORK_ERROR,3942,failed
ATT_0003908,TXN_009752,2,2026-07-22 02:48:00,UPI,network_error,NETWORK_ERROR,4559,failed
ATT_0003909,TXN_009753,1,2026-08-25 05:48:00,UPI,bank_declined,BANK_DECLINED,4743,failed
ATT_0003910,TXN_009757,1,2026-08-03 04:23:00,Card,authentication_failure,AUTH_FAILED,1359,failed
ATT_0003911,TXN_009758,1,2026-07-21 21:41:00,Card,bank_declined,BANK_DECLINED,2057,failed
ATT_0003912,TXN_009759,1,2026-07-08 10:35:00,UPI,bank_declined,BANK_DECLINED,2481,failed
ATT_0003913,TXN_009762,1,2026-08-24 23:43:00,Card,authentication_failure,AUTH_FAILED,4362,failed
ATT_0003914,TXN_009771,1,2026-07-25 22:18:00,Wallet,bank_timeout,TIMEOUT,542,failed
ATT_0003915,TXN_009772,1,2026-08-10 19:27:00,Card,expired_card,CARD_EXPIRED,1648,failed
ATT_0003916,TXN_009773,1,2026-08-26 05:21:00,UPI,bank_timeout,TIMEOUT,4393,failed
ATT_0003917,TXN_009774,1,2026-07-19 23:30:00,NetBanking,authentication_failure,AUTH_FAILED,1389,failed
ATT_0003918,TXN_009777,1,2026-08-22 09:11:00,UPI,authentication_failure,AUTH_FAILED,4015,failed
ATT_0003919,TXN_009780,1,2026-08-04 12:20:00,UPI,authentication_failure,AUTH_FAILED,1222,failed
ATT_0003920,TXN_009790,1,2026-07-08 23:47:00,UPI,bank_declined,BANK_DECLINED,4254,failed
ATT_0003921,TXN_009790,2,2026-07-09 00:39:00,UPI,bank_declined,BANK_DECLINED,3571,failed
ATT_0003922,TXN_009791,1,2026-08-02 16:10:00,NetBanking,authentication_failure,AUTH_FAILED,2487,failed
ATT_0003923,TXN_009795,1,2026-08-24 20:51:00,Card,bank_declined,BANK_DECLINED,2354,failed
ATT_0003924,TXN_009800,1,2026-08-10 14:27:00,Card,bank_declined,BANK_DECLINED,3404,failed
ATT_0003925,TXN_009800,2,2026-08-10 14:53:00,Card,bank_declined,BANK_DECLINED,2543,failed
ATT_0003926,TXN_009801,1,2026-07-06 22:57:00,UPI,bank_timeout,TIMEOUT,4925,failed
ATT_0003927,TXN_009801,2,2026-07-06 23:05:00,UPI,bank_timeout,TIMEOUT,843,failed
ATT_0003928,TXN_009802,1,2026-07-23 03:34:00,UPI,bank_timeout,TIMEOUT,3109,failed
ATT_0003929,TXN_009807,1,2026-08-17 03:22:00,UPI,network_error,NETWORK_ERROR,2409,failed
ATT_0003930,TXN_009812,1,2026-07-19 17:29:00,NetBanking,network_error,NETWORK_ERROR,4733,failed
ATT_0003931,TXN_009812,2,2026-07-19 18:21:00,NetBanking,network_error,NETWORK_ERROR,4968,failed
ATT_0003932,TXN_009814,1,2026-07-19 06:50:00,Card,network_error,NETWORK_ERROR,1033,failed
ATT_0003933,TXN_009815,1,2026-08-11 07:33:00,UPI,bank_timeout,TIMEOUT,2016,failed
ATT_0003934,TXN_009817,1,2026-08-18 08:02:00,Card,network_error,NETWORK_ERROR,1286,failed
ATT_0003935,TXN_009817,2,2026-08-18 08:33:00,Card,network_error,NETWORK_ERROR,1854,failed
ATT_0003936,TXN_009823,1,2026-07-10 15:39:00,Card,insufficient_funds,INSUFFICIENT_FUNDS,614,failed
ATT_0003937,TXN_009829,1,2026-08-18 11:29:00,UPI,bank_timeout,TIMEOUT,4454,failed
ATT_0003938,TXN_009829,2,2026-08-18 11:40:00,UPI,bank_timeout,TIMEOUT,565,failed
ATT_0003939,TXN_009829,3,2026-08-18 11:55:00,UPI,bank_timeout,TIMEOUT,3437,failed
ATT_0003940,TXN_009831,1,2026-07-29 21:07:00,UPI,bank_declined,BANK_DECLINED,4482,failed
ATT_0003941,TXN_009831,2,2026-07-29 21:14:00,UPI,bank_declined,BANK_DECLINED,341,failed
ATT_0003942,TXN_009832,1,2026-07-17 10:39:00,UPI,bank_timeout,TIMEOUT,343,failed
ATT_0003943,TXN_009832,2,2026-07-17 11:29:00,UPI,bank_timeout,TIMEOUT,4589,failed
ATT_0003944,TXN_009835,1,2026-07-28 11:49:00,UPI,network_error,NETWORK_ERROR,1141,failed
ATT_0003945,TXN_009838,1,2026-07-13 09:44:00,UPI,bank_timeout,TIMEOUT,1336,failed
ATT_0003946,TXN_009841,1,2026-07-01 03:57:00,UPI,bank_timeout,TIMEOUT,3512,failed
ATT_0003947,TXN_009845,1,2026-08-06 16:28:00,Card,authentication_failure,AUTH_FAILED,2563,failed
ATT_0003948,TXN_009845,2,2026-08-06 17:15:00,Card,authentication_failure,AUTH_FAILED,4265,failed
ATT_0003949,TXN_009848,1,2026-07-12 22:07:00,Card,authentication_failure,AUTH_FAILED,3681,failed
ATT_0003950,TXN_009849,1,2026-07-15 16:21:00,UPI,bank_timeout,TIMEOUT,4909,failed
ATT_0003951,TXN_009850,1,2026-07-20 22:19:00,UPI,bank_timeout,TIMEOUT,3215,failed
ATT_0003952,TXN_009850,2,2026-07-20 23:03:00,UPI,bank_timeout,TIMEOUT,1027,failed
ATT_0003953,TXN_009853,1,2026-07-18 20:10:00,UPI,bank_timeout,TIMEOUT,3392,failed
ATT_0003954,TXN_009853,2,2026-07-18 20:23:00,UPI,bank_timeout,TIMEOUT,1051,failed
ATT_0003955,TXN_009854,1,2026-07-30 14:33:00,UPI,network_error,NETWORK_ERROR,1034,failed
ATT_0003956,TXN_009857,1,2026-08-10 08:13:00,Card,expired_card,CARD_EXPIRED,4844,failed
ATT_0003957,TXN_009860,1,2026-07-19 07:12:00,NetBanking,bank_timeout,TIMEOUT,4231,failed
ATT_0003958,TXN_009860,2,2026-07-19 07:46:00,NetBanking,bank_timeout,TIMEOUT,919,failed
ATT_0003959,TXN_009861,1,2026-08-01 22:32:00,UPI,bank_declined,BANK_DECLINED,328,failed
ATT_0003960,TXN_009863,1,2026-07-14 10:40:00,Card,insufficient_funds,INSUFFICIENT_FUNDS,1612,failed
ATT_0003961,TXN_009865,1,2026-08-24 16:28:00,Card,bank_declined,BANK_DECLINED,3192,failed
ATT_0003962,TXN_009865,2,2026-08-24 17:01:00,Card,bank_declined,BANK_DECLINED,2348,failed
ATT_0003963,TXN_009866,1,2026-08-19 21:53:00,UPI,bank_declined,BANK_DECLINED,1816,failed
ATT_0003964,TXN_009866,2,2026-08-19 22:38:00,UPI,bank_declined,BANK_DECLINED,3404,failed
ATT_0003965,TXN_009871,1,2026-07-14 16:40:00,UPI,network_error,NETWORK_ERROR,2649,failed
ATT_0003966,TXN_009873,1,2026-08-11 18:17:00,UPI,network_error,NETWORK_ERROR,1647,failed
ATT_0003967,TXN_009874,1,2026-07-13 18:38:00,UPI,authentication_failure,AUTH_FAILED,2638,failed
ATT_0003968,TXN_009877,1,2026-08-23 18:37:00,NetBanking,bank_declined,BANK_DECLINED,3849,failed
ATT_0003969,TXN_009878,1,2026-07-22 07:16:00,Card,bank_declined,BANK_DECLINED,4022,failed
ATT_0003970,TXN_009880,1,2026-07-18 07:15:00,Card,insufficient_funds,INSUFFICIENT_FUNDS,2166,failed
ATT_0003971,TXN_009882,1,2026-08-04 18:16:00,Wallet,bank_timeout,TIMEOUT,4318,failed
ATT_0003972,TXN_009895,1,2026-07-22 15:04:00,UPI,bank_timeout,TIMEOUT,4846,failed
ATT_0003973,TXN_009897,1,2026-08-18 10:59:00,UPI,authentication_failure,AUTH_FAILED,4458,failed
ATT_0003974,TXN_009898,1,2026-07-24 07:22:00,UPI,bank_timeout,TIMEOUT,285,failed
ATT_0003975,TXN_009899,1,2026-07-13 03:18:00,UPI,network_error,NETWORK_ERROR,1411,failed
ATT_0003976,TXN_009899,2,2026-07-13 04:10:00,UPI,network_error,NETWORK_ERROR,1581,failed
ATT_0003977,TXN_009902,1,2026-07-17 04:09:00,Card,expired_card,CARD_EXPIRED,2899,failed
ATT_0003978,TXN_009910,1,2026-07-31 18:05:00,UPI,network_error,NETWORK_ERROR,4500,failed
ATT_0003979,TXN_009910,2,2026-07-31 18:50:00,UPI,network_error,NETWORK_ERROR,4984,failed
ATT_0003980,TXN_009912,1,2026-07-19 11:02:00,Card,insufficient_funds,INSUFFICIENT_FUNDS,4995,failed
ATT_0003981,TXN_009915,1,2026-08-03 06:58:00,NetBanking,bank_timeout,TIMEOUT,3146,failed
ATT_0003982,TXN_009917,1,2026-07-23 21:11:00,UPI,network_error,NETWORK_ERROR,3107,failed
ATT_0003983,TXN_009919,1,2026-07-15 23:43:00,Card,bank_declined,BANK_DECLINED,4429,failed
ATT_0003984,TXN_009919,2,2026-07-16 00:32:00,Card,bank_declined,BANK_DECLINED,2759,failed
ATT_0003985,TXN_009921,1,2026-08-08 13:14:00,Wallet,network_error,NETWORK_ERROR,4845,failed
ATT_0003986,TXN_009922,1,2026-08-13 13:03:00,UPI,bank_timeout,TIMEOUT,3985,failed
ATT_0003987,TXN_009922,2,2026-08-13 13:36:00,UPI,bank_timeout,TIMEOUT,3631,failed
ATT_0003988,TXN_009922,3,2026-08-13 14:19:00,UPI,bank_timeout,TIMEOUT,4499,failed
ATT_0003989,TXN_009924,1,2026-07-17 05:15:00,UPI,bank_timeout,TIMEOUT,3163,failed
ATT_0003990,TXN_009926,1,2026-07-18 12:45:00,UPI,authentication_failure,AUTH_FAILED,3199,failed
ATT_0003991,TXN_009931,1,2026-07-03 14:43:00,Card,bank_declined,BANK_DECLINED,1485,failed
ATT_0003992,TXN_009941,1,2026-08-12 19:04:00,Card,insufficient_funds,INSUFFICIENT_FUNDS,174,failed
ATT_0003993,TXN_009941,2,2026-08-12 19:46:00,Card,insufficient_funds,INSUFFICIENT_FUNDS,375,failed
ATT_0003994,TXN_009942,1,2026-07-12 17:43:00,UPI,bank_declined,BANK_DECLINED,272,failed
ATT_0003995,TXN_009943,1,2026-08-02 19:08:00,NetBanking,network_error,NETWORK_ERROR,3628,failed
ATT_0003996,TXN_009947,1,2026-07-25 05:22:00,NetBanking,bank_timeout,TIMEOUT,3069,failed
ATT_0003997,TXN_009947,2,2026-07-25 06:18:00,NetBanking,bank_timeout,TIMEOUT,1943,failed
ATT_0003998,TXN_009950,1,2026-07-25 00:01:00,Card,bank_declined,BANK_DECLINED,2242,failed
ATT_0003999,TXN_009955,1,2026-07-26 07:31:00,Card,authentication_failure,AUTH_FAILED,4168,failed
ATT_0004000,TXN_009956,1,2026-07-17 23:18:00,Wallet,bank_timeout,TIMEOUT,2874,failed
ATT_0004001,TXN_009962,1,2026-07-25 02:14:00,UPI,authentication_failure,AUTH_FAILED,194,failed
ATT_0004002,TXN_009963,1,2026-08-19 19:42:00,Card,authentication_failure,AUTH_FAILED,364,failed
ATT_0004003,TXN_009966,1,2026-08-21 14:40:00,UPI,network_error,NETWORK_ERROR,3342,failed
ATT_0004004,TXN_009967,1,2026-07-04 23:46:00,Card,bank_declined,BANK_DECLINED,4457,failed
ATT_0004005,TXN_009970,1,2026-07-08 07:55:00,UPI,bank_declined,BANK_DECLINED,3334,failed
ATT_0004006,TXN_009973,1,2026-08-21 16:04:00,Card,insufficient_funds,INSUFFICIENT_FUNDS,525,failed
ATT_0004007,TXN_009975,1,2026-08-05 16:35:00,Card,bank_declined,BANK_DECLINED,4292,failed
ATT_0004008,TXN_009975,2,2026-08-05 16:52:00,Card,bank_declined,BANK_DECLINED,4974,failed
ATT_0004009,TXN_009981,1,2026-07-18 13:12:00,Card,insufficient_funds,INSUFFICIENT_FUNDS,737,failed
ATT_0004010,TXN_009983,1,2026-07-16 10:29:00,UPI,network_error,NETWORK_ERROR,2515,failed
ATT_0004011,TXN_009987,1,2026-07-11 05:37:00,UPI,authentication_failure,AUTH_FAILED,1382,failed
ATT_0004012,TXN_009987,2,2026-07-11 06:17:00,UPI,authentication_failure,AUTH_FAILED,2297,failed
ATT_0004013,TXN_009988,1,2026-08-20 11:34:00,Wallet,insufficient_funds,INSUFFICIENT_FUNDS,3610,failed
ATT_0004014,TXN_009994,1,2026-08-18 23:15:00,NetBanking,bank_declined,BANK_DECLINED,4858,failed
ATT_0004015,TXN_009995,1,2026-08-16 00:36:00,NetBanking,bank_timeout,TIMEOUT,434,failed
ATT_0004016,TXN_009997,1,2026-07-15 02:39:00,NetBanking,bank_timeout,TIMEOUT,3140,failed
