transaction_id,recovery_eligible,recovery_action,recovery_probability,recovered,recovered_amount,intervention_cost,recovery_time_minutes
TXN_000005,True,escalate,0.3322,False,0.0,10.0,
TXN_000006,True,retry_later,0.6412,True,2442.96,0.25,170.0
TXN_000007,True,retry_later,0.7112,True,4135.64,0.25,152.0
TXN_000009,True,retry_later,0.7092,True,1325.86,0.25,13.0
TXN_000011,True,send_reminder,0.6068,True,4738.99,0.1,126.0
TXN_000012,True,escalate,0.4272,False,0.0,10.0,
TXN_000014,True,retry_later,0.454,True,905.6,0.25,112.0
TXN_000016,True,retry_later,0.6899,True,7248.33,0.25,21.0
TXN_000017,True,retry_later,0.7832,True,217.98,0.25,116.0
TXN_000018,True,send_reminder,0.7114,True,10305.25,0.1,4.0
TXN_000021,True,retry_later,0.6277,True,4655.0,0.25,112.0
TXN_000028,True,escalate,0.2911,False,0.0,10.0,
TXN_000033,True,retry_now,0.9215,True,1264.03,0.5,129.0
TXN_000034,True,retry_later,0.7371,True,2441.01,0.25,39.0
TXN_000037,True,retry_later,0.544,True,4722.43,0.25,36.0
TXN_000038,True,escalate,0.387,True,1441.6,10.0,171.0
TXN_000039,False,stop,0.08,False,0.0,0.0,
TXN_000053,True,retry_later,0.5051,True,5120.32,0.25,109.0
TXN_000056,True,escalate,0.3117,False,0.0,10.0,
TXN_000058,True,send_reminder,0.5595,False,0.0,0.1,
TXN_000059,True,escalate,0.3789,False,0.0,10.0,
TXN_000071,True,retry_later,0.8282,True,3103.79,0.25,62.0
TXN_000073,True,retry_later,0.5925,True,5604.3,0.25,143.0
TXN_000077,True,retry_later,0.6406,True,4695.27,0.25,42.0
TXN_000080,True,stop,0.2869,False,0.0,0.0,
TXN_000085,True,retry_later,0.6102,True,3954.26,0.25,127.0
TXN_000087,True,escalate,0.3301,False,0.0,10.0,
TXN_000092,True,escalate,0.366,False,0.0,10.0,
TXN_000093,True,retry_later,0.7114,True,16816.11,0.25,161.0
TXN_000094,True,retry_later,0.6728,True,2403.28,0.25,149.0
TXN_000101,True,retry_later,0.7441,True,3466.08,0.25,80.0
TXN_000103,True,send_reminder,0.6801,False,0.0,0.1,
TXN_000108,True,retry_now,0.9128,True,754.44,0.5,75.0
TXN_000109,True,escalate,0.2634,True,2542.01,10.0,51.0
TXN_000110,True,escalate,0.3909,True,2966.57,10.0,96.0
TXN_000118,True,send_reminder,0.72,False,0.0,0.1,
TXN_000119,True,retry_now,0.927,True,890.58,0.5,111.0
TXN_000120,True,retry_later,0.7258,True,1807.76,0.25,71.0
TXN_000125,True,escalate,0.356,False,0.0,10.0,
TXN_000127,True,send_reminder,0.6207,True,1083.47,0.1,108.0
TXN_000130,True,stop,0.684,False,0.0,0.0,
TXN_000131,True,retry_now,0.8578,True,2296.72,0.5,133.0
TXN_000133,True,escalate,0.3174,False,0.0,10.0,
TXN_000134,True,retry_now,0.9009,True,674.43,0.5,146.0
TXN_000135,True,send_reminder,0.5103,False,0.0,0.1,
TXN_000136,True,alternate_payment,0.2457,False,0.0,0.3,
TXN_000142,True,retry_later,0.5909,True,1971.75,0.25,137.0
TXN_000144,True,retry_later,0.5892,True,679.6,0.25,79.0
TXN_000149,True,escalate,0.4201,True,3431.35,10.0,118.0
TXN_000155,True,escalate,0.3567,True,867.3,10.0,96.0
TXN_000156,True,escalate,0.4019,False,0.0,10.0,
TXN_000160,True,escalate,0.408,True,897.55,10.0,21.0
TXN_000161,True,retry_later,0.7127,True,4943.69,0.25,124.0
TXN_000164,True,alternate_payment,0.2699,True,1720.94,0.3,121.0
TXN_000169,True,retry_now,0.9107,True,4426.45,0.5,117.0
TXN_000172,True,send_reminder,0.5375,False,0.0,0.1,
TXN_000173,False,alternate_payment,0.1821,False,0.0,0.3,
TXN_000178,True,retry_now,0.8743,True,926.17,0.5,69.0
TXN_000183,True,retry_later,0.7741,True,2656.37,0.25,170.0
TXN_000190,True,retry_now,0.9203,True,2097.92,0.5,66.0
TXN_000191,True,retry_later,0.8208,False,0.0,0.25,
TXN_000193,True,retry_now,0.9132,True,2417.11,0.5,81.0
TXN_000197,True,retry_later,0.668,True,303.88,0.25,177.0
TXN_000199,True,escalate,0.3487,False,0.0,10.0,
TXN_000202,True,send_reminder,0.5137,False,0.0,0.1,
TXN_000203,True,escalate,0.3398,False,0.0,10.0,
TXN_000212,True,retry_later,0.6254,True,973.57,0.25,138.0
TXN_000214,True,alternate_payment,0.2325,False,0.0,0.3,
TXN_000218,True,retry_later,0.6713,False,0.0,0.25,
TXN_000221,True,retry_later,0.6625,True,7615.16,0.25,131.0
TXN_000224,False,stop,0.0599,False,0.0,0.0,
TXN_000237,True,send_reminder,0.4658,False,0.0,0.1,
TXN_000243,True,retry_later,0.7621,True,4157.79,0.25,169.0
TXN_000245,True,retry_later,0.5515,True,1489.5,0.25,102.0
TXN_000246,True,retry_later,0.766,True,1012.2,0.25,33.0
TXN_000247,True,retry_later,0.7717,True,4551.21,0.25,88.0
TXN_000248,True,send_reminder,0.5005,False,0.0,0.1,
TXN_000253,True,retry_now,0.8945,True,4813.99,0.5,1.0
TXN_000254,True,escalate,0.4028,True,2304.73,10.0,172.0
TXN_000256,False,alternate_payment,0.1634,True,4975.63,0.3,168.0
TXN_000258,True,retry_later,0.8022,True,2539.74,0.25,31.0
TXN_000260,True,escalate,0.4129,False,0.0,10.0,
TXN_000262,True,escalate,0.2701,True,1602.26,10.0,69.0
TXN_000263,True,escalate,0.293,False,0.0,10.0,
TXN_000266,True,retry_later,0.8031,True,1783.6,0.25,177.0
TXN_000268,True,retry_later,0.7909,True,4216.9,0.25,46.0
TXN_000269,True,retry_later,0.7797,True,6435.31,0.25,110.0
TXN_000270,True,escalate,0.3524,False,0.0,10.0,
TXN_000274,True,retry_later,0.5791,True,827.05,0.25,58.0
TXN_000275,True,escalate,0.2361,False,0.0,10.0,
TXN_000280,True,stop,0.2638,False,0.0,0.0,
TXN_000286,True,retry_later,0.727,True,1830.21,0.25,36.0
TXN_000289,True,escalate,0.3945,False,0.0,10.0,
TXN_000296,True,retry_now,0.9214,True,4974.89,0.5,17.0
TXN_000297,True,send_reminder,0.5535,False,0.0,0.1,
TXN_000301,True,send_reminder,0.5342,False,0.0,0.1,
TXN_000311,True,retry_now,0.905,True,862.93,0.5,27.0
TXN_000312,True,send_reminder,0.5076,True,4670.95,0.1,47.0
TXN_000313,True,retry_later,0.8172,True,4698.61,0.25,117.0
TXN_000314,True,retry_later,0.6345,True,994.23,0.25,6.0
TXN_000315,True,escalate,0.2509,False,0.0,10.0,
TXN_000320,True,retry_later,0.8201,True,5641.21,0.25,1.0
TXN_000321,False,stop,0.1825,False,0.0,0.0,
TXN_000322,True,retry_later,0.678,True,717.03,0.25,91.0
TXN_000328,True,escalate,0.2933,True,1079.52,10.0,96.0
TXN_000329,True,retry_later,0.5633,True,2122.85,0.25,7.0
TXN_000334,True,retry_later,0.7285,True,675.02,0.25,140.0
TXN_000336,True,retry_later,0.5438,True,868.0,0.25,37.0
TXN_000337,True,retry_now,0.8803,True,1632.1,0.5,93.0
TXN_000343,True,retry_now,0.9628,True,1254.56,0.5,24.0
TXN_000352,True,retry_later,0.7629,True,4421.11,0.25,112.0
TXN_000355,True,escalate,0.3488,True,4963.33,10.0,25.0
TXN_000358,True,retry_later,0.5455,True,2064.31,0.25,95.0
TXN_000359,True,escalate,0.3742,True,16172.99,10.0,44.0
TXN_000362,True,retry_later,0.8223,True,4347.04,0.25,53.0
TXN_000363,True,retry_later,0.77,True,7805.69,0.25,132.0
TXN_000371,True,retry_later,0.6511,True,1790.58,0.25,14.0
TXN_000372,True,send_reminder,0.4762,False,0.0,0.1,
TXN_000378,True,retry_later,0.7745,True,4677.71,0.25,25.0
TXN_000381,True,alternate_payment,0.2016,False,0.0,0.3,
TXN_000382,True,escalate,0.432,False,0.0,10.0,
TXN_000387,True,retry_later,0.696,True,6606.07,0.25,1.0
TXN_000391,True,retry_later,0.5198,True,3786.16,0.25,107.0
TXN_000395,True,retry_later,0.8057,True,413.46,0.25,145.0
TXN_000397,True,escalate,0.4281,False,0.0,10.0,
TXN_000401,True,retry_now,0.97,True,3590.87,0.5,124.0
TXN_000403,True,escalate,0.2543,False,0.0,10.0,
TXN_000405,True,retry_later,0.6586,True,1163.16,0.25,91.0
TXN_000413,False,stop,0.1652,False,0.0,0.0,
TXN_000415,True,retry_later,0.803,True,1906.86,0.25,50.0
TXN_000416,True,retry_later,0.789,True,3450.82,0.25,175.0
TXN_000420,True,retry_later,0.5478,False,0.0,0.25,
TXN_000423,True,escalate,0.3314,True,1218.49,10.0,145.0
TXN_000430,True,retry_later,0.6791,False,0.0,0.25,
TXN_000431,True,retry_later,0.6352,True,1192.4,0.25,102.0
TXN_000435,True,retry_later,0.8009,True,2022.93,0.25,37.0
TXN_000444,True,escalate,0.4364,True,9965.62,10.0,71.0
TXN_000445,True,escalate,0.4079,True,3332.0,10.0,10.0
TXN_000446,True,retry_later,0.7934,True,6495.44,0.25,71.0
TXN_000452,True,retry_later,0.6563,True,6567.91,0.25,76.0
TXN_000463,True,send_reminder,0.461,False,0.0,0.1,
TXN_000465,True,retry_now,0.9152,True,2105.65,0.5,103.0
TXN_000468,True,alternate_payment,0.2946,False,0.0,0.3,
TXN_000473,True,retry_later,0.6445,False,0.0,0.25,
TXN_000474,True,retry_later,0.4949,False,0.0,0.25,
TXN_000475,True,escalate,0.4248,False,0.0,10.0,
TXN_000479,True,retry_later,0.6056,False,0.0,0.25,
TXN_000481,True,escalate,0.2972,False,0.0,10.0,
TXN_000482,True,escalate,0.203,False,0.0,10.0,
TXN_000487,True,alternate_payment,0.2922,False,0.0,0.3,
TXN_000488,True,retry_later,0.6134,True,5182.53,0.25,57.0
TXN_000490,True,retry_later,0.5894,True,10378.02,0.25,93.0
TXN_000491,True,retry_later,0.7296,True,1238.79,0.25,6.0
TXN_000492,True,retry_now,0.8634,True,1020.75,0.5,97.0
TXN_000494,True,escalate,0.3239,False,0.0,10.0,
TXN_000495,True,escalate,0.3486,False,0.0,10.0,
TXN_000496,True,retry_later,0.8269,True,8229.06,0.25,148.0
TXN_000498,True,send_reminder,0.5199,False,0.0,0.1,
TXN_000499,True,escalate,0.4371,False,0.0,10.0,
TXN_000508,True,retry_later,0.5049,False,0.0,0.25,
TXN_000516,True,escalate,0.2786,False,0.0,10.0,
TXN_000518,True,retry_later,0.5968,False,0.0,0.25,
TXN_000521,True,retry_later,0.4577,True,1875.15,0.25,25.0
TXN_000522,False,stop,0.0863,False,0.0,0.0,
TXN_000523,True,retry_later,0.4936,False,0.0,0.25,
TXN_000524,True,retry_later,0.501,True,4471.28,0.25,50.0
TXN_000527,True,retry_later,0.5477,False,0.0,0.25,
TXN_000533,True,retry_later,0.6177,True,7066.68,0.25,126.0
TXN_000536,True,escalate,0.2113,False,0.0,10.0,
TXN_000545,True,retry_later,0.7913,True,796.76,0.25,118.0
TXN_000548,True,retry_later,0.6863,True,4955.16,0.25,25.0
TXN_000552,False,alternate_payment,0.1932,False,0.0,0.3,
TXN_000555,True,retry_later,0.8077,True,5481.7,0.25,14.0
TXN_000558,True,send_reminder,0.4649,False,0.0,0.1,
TXN_000559,True,retry_later,0.5748,True,3828.79,0.25,46.0
TXN_000561,True,retry_now,0.8632,True,1595.95,0.5,118.0
TXN_000567,True,retry_later,0.4772,False,0.0,0.25,
TXN_000569,True,send_reminder,0.667,False,0.0,0.1,
TXN_000570,True,retry_now,0.8865,True,971.84,0.5,66.0
TXN_000572,True,escalate,0.4207,False,0.0,10.0,
TXN_000574,True,send_reminder,0.727,False,0.0,0.1,
TXN_000577,True,send_reminder,0.542,False,0.0,0.1,
TXN_000578,True,send_reminder,0.5164,False,0.0,0.1,
TXN_000581,True,send_reminder,0.519,True,1472.53,0.1,119.0
TXN_000586,True,retry_now,0.897,True,2085.63,0.5,113.0
TXN_000591,True,retry_later,0.6656,True,1943.22,0.25,79.0
TXN_000592,True,retry_later,0.5682,True,2011.83,0.25,38.0
TXN_000596,True,retry_later,0.5531,True,932.1,0.25,164.0
TXN_000600,True,retry_later,0.6084,False,0.0,0.25,
TXN_000601,True,retry_later,0.8272,True,2821.83,0.25,163.0
TXN_000602,True,retry_now,0.9185,False,0.0,0.5,
TXN_000606,True,escalate,0.3973,True,3860.31,10.0,111.0
TXN_000611,True,escalate,0.2565,False,0.0,10.0,
TXN_000616,False,alternate_payment,0.1111,False,0.0,0.3,
TXN_000618,True,retry_later,0.6087,True,1467.85,0.25,147.0
TXN_000623,True,retry_now,0.9165,False,0.0,0.5,
TXN_000630,True,send_reminder,0.4902,False,0.0,0.1,
TXN_000631,True,escalate,0.42,False,0.0,10.0,
TXN_000635,True,retry_later,0.8379,True,8521.19,0.25,32.0
TXN_000640,True,retry_later,0.7461,True,14400.59,0.25,3.0
TXN_000641,True,retry_later,0.5483,True,3091.77,0.25,45.0
TXN_000642,True,send_reminder,0.5158,False,0.0,0.1,
TXN_000645,False,stop,0.1775,False,0.0,0.0,
TXN_000647,True,retry_now,0.8781,True,1585.57,0.5,158.0
TXN_000653,True,retry_now,0.9508,True,1374.25,0.5,125.0
TXN_000655,True,escalate,0.275,False,0.0,10.0,
TXN_000657,True,retry_later,0.4695,True,1010.47,0.25,137.0
TXN_000658,True,escalate,0.4477,False,0.0,10.0,
TXN_000659,True,send_reminder,0.621,True,1247.79,0.1,65.0
TXN_000663,True,escalate,0.4483,False,0.0,10.0,
TXN_000669,True,retry_later,0.5856,True,3083.3,0.25,171.0
TXN_000671,True,escalate,0.313,True,447.39,10.0,28.0
TXN_000674,True,retry_later,0.7423,True,1636.34,0.25,47.0
TXN_000682,True,retry_now,0.8543,True,3665.11,0.5,102.0
TXN_000695,True,retry_later,0.7534,True,1702.73,0.25,38.0
TXN_000696,True,escalate,0.4443,False,0.0,10.0,
TXN_000701,True,retry_now,0.9064,True,2120.8,0.5,176.0
TXN_000702,True,retry_later,0.7826,True,2639.79,0.25,52.0
TXN_000705,True,stop,0.2096,False,0.0,0.0,
TXN_000707,True,retry_later,0.819,True,2986.31,0.25,47.0
TXN_000710,True,retry_later,0.6179,False,0.0,0.25,
TXN_000711,True,retry_later,0.4844,False,0.0,0.25,
TXN_000716,True,retry_later,0.7036,True,2031.16,0.25,175.0
TXN_000721,True,send_reminder,0.4909,False,0.0,0.1,
TXN_000727,True,retry_later,0.8182,True,6404.75,0.25,178.0
TXN_000735,True,retry_later,0.5189,False,0.0,0.25,
TXN_000747,True,retry_now,0.9595,True,816.76,0.5,148.0
TXN_000753,True,send_reminder,0.5133,False,0.0,0.1,
TXN_000754,True,retry_later,0.8368,True,6753.95,0.25,93.0
TXN_000756,True,retry_now,0.9316,False,0.0,0.5,
TXN_000758,True,retry_later,0.7881,True,2629.89,0.25,62.0
TXN_000759,True,send_reminder,0.6561,False,0.0,0.1,
TXN_000766,True,retry_now,0.9225,True,903.79,0.5,15.0
TXN_000767,True,send_reminder,0.5173,True,2155.53,0.1,161.0
TXN_000771,True,escalate,0.4066,True,3809.46,10.0,89.0
TXN_000772,True,retry_later,0.5781,False,0.0,0.25,
TXN_000776,True,send_reminder,0.5015,False,0.0,0.1,
TXN_000779,False,alternate_payment,0.0659,False,0.0,0.3,
TXN_000784,True,retry_later,0.57,True,1684.92,0.25,95.0
TXN_000791,True,retry_later,0.6397,False,0.0,0.25,
TXN_000792,True,retry_later,0.8331,True,1441.44,0.25,130.0
TXN_000793,True,send_reminder,0.4574,False,0.0,0.1,
TXN_000800,True,retry_later,0.6587,True,2767.16,0.25,16.0
TXN_000802,True,escalate,0.278,True,4322.93,10.0,60.0
TXN_000805,True,retry_later,0.7312,True,3430.26,0.25,2.0
TXN_000812,True,retry_later,0.5794,True,1564.88,0.25,43.0
TXN_000816,False,alternate_payment,0.1563,False,0.0,0.3,
TXN_000820,True,retry_later,0.806,True,9936.26,0.25,72.0
TXN_000821,True,send_reminder,0.4562,False,0.0,0.1,
TXN_000825,True,escalate,0.3973,False,0.0,10.0,
TXN_000827,True,retry_later,0.7588,False,0.0,0.25,
TXN_000828,True,retry_later,0.7934,True,2943.1,0.25,86.0
TXN_000830,True,escalate,0.247,False,0.0,10.0,
TXN_000832,True,send_reminder,0.6724,False,0.0,0.1,
TXN_000840,True,escalate,0.3143,True,3414.16,10.0,47.0
TXN_000842,True,send_reminder,0.7179,True,5616.03,0.1,125.0
TXN_000845,True,escalate,0.3344,True,1386.43,10.0,135.0
TXN_000848,True,escalate,0.4378,False,0.0,10.0,
TXN_000854,True,escalate,0.3182,False,0.0,10.0,
TXN_000863,True,alternate_payment,0.4717,False,0.0,0.3,
TXN_000875,True,retry_later,0.7677,True,2522.64,0.25,29.0
TXN_000876,True,escalate,0.4325,True,5225.16,10.0,142.0
TXN_000877,False,stop,0.1521,False,0.0,0.0,
TXN_000881,True,retry_later,0.5762,True,1506.8,0.25,100.0
TXN_000886,True,stop,0.5999,False,0.0,0.0,
TXN_000887,True,retry_later,0.6871,True,1816.44,0.25,135.0
TXN_000888,True,send_reminder,0.5906,False,0.0,0.1,
TXN_000890,True,retry_now,0.9627,True,906.92,0.5,46.0
TXN_000895,True,retry_later,0.5822,False,0.0,0.25,
TXN_000898,True,escalate,0.4149,False,0.0,10.0,
TXN_000903,True,stop,0.2731,False,0.0,0.0,
TXN_000904,True,retry_now,0.942,True,1094.69,0.5,84.0
TXN_000910,True,retry_now,0.9168,True,3706.02,0.5,43.0
TXN_000914,True,escalate,0.4395,True,936.89,10.0,152.0
TXN_000917,True,alternate_payment,0.4135,False,0.0,0.3,
TXN_000919,True,retry_later,0.5908,True,1489.04,0.25,22.0
TXN_000921,True,send_reminder,0.5236,False,0.0,0.1,
TXN_000922,True,retry_later,0.7672,True,1811.92,0.25,152.0
TXN_000923,True,retry_later,0.6827,True,2830.31,0.25,177.0
TXN_000926,True,escalate,0.3471,True,1139.27,10.0,19.0
TXN_000929,True,escalate,0.4066,False,0.0,10.0,
TXN_000931,True,send_reminder,0.5943,True,951.05,0.1,36.0
TXN_000933,True,alternate_payment,0.3548,True,4396.21,0.3,101.0
TXN_000935,True,send_reminder,0.6465,True,1604.3,0.1,107.0
TXN_000938,True,send_reminder,0.5973,False,0.0,0.1,
TXN_000941,True,escalate,0.4086,True,1107.32,10.0,34.0
TXN_000946,True,escalate,0.4301,False,0.0,10.0,
TXN_000949,True,retry_now,0.9288,True,2840.07,0.5,179.0
TXN_000951,True,retry_later,0.6779,False,0.0,0.25,
TXN_000957,True,escalate,0.4447,True,4525.74,10.0,25.0
TXN_000958,True,retry_later,0.4975,False,0.0,0.25,
TXN_000960,True,retry_later,0.6631,True,3954.45,0.25,123.0
TXN_000961,True,retry_later,0.839,True,4068.09,0.25,146.0
TXN_000964,False,alternate_payment,0.0982,False,0.0,0.3,
TXN_000966,True,retry_now,0.8541,True,7700.71,0.5,11.0
TXN_000972,True,retry_later,0.5815,True,1208.75,0.25,106.0
TXN_000976,True,retry_now,0.9625,True,1213.95,0.5,177.0
TXN_000981,True,retry_later,0.4965,False,0.0,0.25,
TXN_000983,True,retry_later,0.6412,True,1224.93,0.25,12.0
TXN_000992,True,retry_later,0.5957,True,7591.81,0.25,16.0
TXN_000995,True,retry_now,0.9115,True,929.25,0.5,107.0
TXN_000997,True,stop,0.3811,False,0.0,0.0,
TXN_000998,True,retry_later,0.556,False,0.0,0.25,
TXN_001002,True,retry_later,0.7091,True,5887.91,0.25,57.0
TXN_001003,True,retry_later,0.5715,False,0.0,0.25,
TXN_001011,True,retry_now,0.8578,True,3405.53,0.5,133.0
TXN_001012,True,retry_later,0.7949,True,1112.27,0.25,44.0
TXN_001015,True,send_reminder,0.597,False,0.0,0.1,
TXN_001018,True,escalate,0.3399,False,0.0,10.0,
TXN_001019,False,alternate_payment,0.1834,False,0.0,0.3,
TXN_001023,True,retry_later,0.7163,True,8706.9,0.25,6.0
TXN_001027,True,retry_now,0.97,True,2166.41,0.5,154.0
TXN_001029,True,retry_later,0.6164,False,0.0,0.25,
TXN_001034,True,retry_later,0.5002,True,1943.98,0.25,89.0
TXN_001039,True,retry_later,0.8079,True,3438.03,0.25,102.0
TXN_001042,True,escalate,0.4412,True,2598.95,10.0,45.0
TXN_001045,True,retry_later,0.8271,False,0.0,0.25,
TXN_001048,True,retry_later,0.4994,True,1384.07,0.25,47.0
TXN_001052,False,stop,0.03,False,0.0,0.0,
TXN_001053,True,escalate,0.3326,False,0.0,10.0,
TXN_001055,True,send_reminder,0.539,True,635.16,0.1,170.0
TXN_001057,True,retry_later,0.6847,True,1128.19,0.25,92.0
TXN_001059,True,retry_later,0.841,True,13794.77,0.25,81.0
TXN_001061,True,retry_later,0.7842,True,5550.2,0.25,171.0
TXN_001062,True,retry_later,0.6037,False,0.0,0.25,
TXN_001066,True,escalate,0.2314,True,691.18,10.0,115.0
TXN_001069,True,escalate,0.2722,False,0.0,10.0,
TXN_001072,True,retry_later,0.8474,False,0.0,0.25,
TXN_001074,True,retry_later,0.7278,True,3849.92,0.25,12.0
TXN_001078,True,retry_later,0.7412,True,4211.84,0.25,126.0
TXN_001080,True,retry_later,0.4938,False,0.0,0.25,
TXN_001082,True,retry_later,0.7889,True,12006.97,0.25,169.0
TXN_001087,True,send_reminder,0.4925,True,867.75,0.1,10.0
TXN_001092,False,alternate_payment,0.1901,True,589.45,0.3,158.0
TXN_001094,True,retry_later,0.4822,False,0.0,0.25,
TXN_001098,True,escalate,0.2876,False,0.0,10.0,
TXN_001107,True,send_reminder,0.5316,True,2731.99,0.1,29.0
TXN_001109,True,retry_now,0.8504,True,979.65,0.5,45.0
TXN_001110,True,retry_later,0.6145,False,0.0,0.25,
TXN_001111,True,stop,0.6542,False,0.0,0.0,
TXN_001112,True,escalate,0.3041,False,0.0,10.0,
TXN_001114,True,escalate,0.2721,False,0.0,10.0,
TXN_001115,True,alternate_payment,0.3531,False,0.0,0.3,
TXN_001116,True,send_reminder,0.4517,False,0.0,0.1,
TXN_001124,True,escalate,0.351,True,2712.27,10.0,3.0
TXN_001125,True,escalate,0.3137,False,0.0,10.0,
TXN_001127,False,alternate_payment,0.0731,False,0.0,0.3,
TXN_001133,True,stop,0.6187,False,0.0,0.0,
TXN_001136,True,send_reminder,0.4896,True,2318.45,0.1,18.0
TXN_001138,True,send_reminder,0.701,True,8301.21,0.1,94.0
TXN_001139,True,retry_later,0.5427,True,1164.85,0.25,130.0
TXN_001142,False,alternate_payment,0.1886,False,0.0,0.3,
TXN_001143,True,retry_later,0.7351,True,3674.6,0.25,51.0
TXN_001144,True,stop,0.2562,False,0.0,0.0,
TXN_001145,True,send_reminder,0.5657,True,2107.97,0.1,156.0
TXN_001147,True,retry_now,0.9215,False,0.0,0.5,
TXN_001150,True,send_reminder,0.5722,False,0.0,0.1,
TXN_001151,True,retry_now,0.97,True,2324.35,0.5,17.0
TXN_001155,True,send_reminder,0.5632,False,0.0,0.1,
TXN_001156,True,retry_later,0.7251,True,3455.82,0.25,59.0
TXN_001158,True,retry_later,0.4766,False,0.0,0.25,
TXN_001162,True,retry_now,0.97,True,1127.17,0.5,71.0
TXN_001166,True,retry_now,0.8585,True,12763.25,0.5,103.0
TXN_001173,True,alternate_payment,0.3324,False,0.0,0.3,
TXN_001176,True,retry_later,0.8369,True,2146.75,0.25,136.0
TXN_001178,True,send_reminder,0.6343,False,0.0,0.1,
TXN_001181,True,retry_later,0.7278,True,4228.71,0.25,139.0
TXN_001189,True,retry_now,0.97,True,2378.38,0.5,47.0
TXN_001193,True,retry_later,0.6958,True,2940.19,0.25,12.0
TXN_001195,True,send_reminder,0.5183,True,6346.6,0.1,164.0
TXN_001197,True,alternate_payment,0.4959,True,2931.47,0.3,41.0
TXN_001199,True,escalate,0.4342,False,0.0,10.0,
TXN_001204,True,retry_later,0.8367,True,3070.4,0.25,127.0
TXN_001207,True,retry_later,0.735,False,0.0,0.25,
TXN_001208,True,retry_later,0.6692,True,7080.3,0.25,101.0
TXN_001215,True,escalate,0.3727,True,1777.59,10.0,96.0
TXN_001217,True,send_reminder,0.5833,False,0.0,0.1,
TXN_001218,True,retry_later,0.814,True,6683.43,0.25,88.0
TXN_001220,True,retry_now,0.8501,True,5462.74,0.5,75.0
TXN_001222,True,retry_now,0.9212,True,1262.5,0.5,122.0
TXN_001240,True,escalate,0.3962,True,4992.63,10.0,163.0
TXN_001242,True,escalate,0.3477,False,0.0,10.0,
TXN_001250,True,retry_later,0.5306,False,0.0,0.25,
TXN_001251,True,send_reminder,0.4676,False,0.0,0.1,
TXN_001254,True,escalate,0.2248,False,0.0,10.0,
TXN_001267,True,alternate_payment,0.3528,False,0.0,0.3,
TXN_001271,True,stop,0.4438,False,0.0,0.0,
TXN_001275,True,escalate,0.4211,True,1363.13,10.0,123.0
TXN_001277,True,retry_later,0.6418,True,6337.17,0.25,94.0
TXN_001278,True,send_reminder,0.4543,True,4381.32,0.1,35.0
TXN_001281,True,stop,0.6721,False,0.0,0.0,
TXN_001283,True,retry_later,0.6808,True,4703.8,0.25,12.0
TXN_001286,False,alternate_payment,0.1808,False,0.0,0.3,
TXN_001289,True,retry_later,0.7271,True,1781.44,0.25,18.0
TXN_001290,True,escalate,0.3065,False,0.0,10.0,
TXN_001300,True,retry_later,0.459,False,0.0,0.25,
TXN_001308,True,send_reminder,0.6859,True,1249.46,0.1,130.0
TXN_001313,True,retry_later,0.7359,False,0.0,0.25,
TXN_001315,True,escalate,0.3032,True,3055.83,10.0,90.0
TXN_001316,True,send_reminder,0.6205,True,5486.85,0.1,48.0
TXN_001321,True,retry_later,0.6448,True,5412.49,0.25,140.0
TXN_001325,True,escalate,0.3654,True,3890.1,10.0,180.0
TXN_001326,True,escalate,0.282,False,0.0,10.0,
TXN_001329,True,stop,0.2378,False,0.0,0.0,
TXN_001332,True,alternate_payment,0.356,True,2213.55,0.3,40.0
TXN_001336,True,escalate,0.4097,True,1377.82,10.0,33.0
TXN_001342,True,escalate,0.4335,True,2815.18,10.0,139.0
TXN_001343,True,retry_later,0.766,True,750.47,0.25,104.0
TXN_001345,True,retry_later,0.6008,True,6649.35,0.25,10.0
TXN_001350,False,stop,0.135,False,0.0,0.0,
TXN_001365,True,send_reminder,0.5802,False,0.0,0.1,
TXN_001369,True,retry_later,0.4573,True,2278.21,0.25,169.0
TXN_001371,True,stop,0.2335,False,0.0,0.0,
TXN_001372,True,retry_later,0.7027,True,3538.63,0.25,16.0
TXN_001375,True,retry_later,0.7549,True,2821.01,0.25,155.0
TXN_001379,True,retry_later,0.5878,False,0.0,0.25,
TXN_001380,True,retry_later,0.5334,False,0.0,0.25,
TXN_001382,True,retry_later,0.6605,True,1102.48,0.25,156.0
TXN_001387,True,retry_later,0.8178,False,0.0,0.25,
TXN_001388,True,retry_later,0.5478,True,2509.33,0.25,91.0
TXN_001396,True,stop,0.6697,False,0.0,0.0,
TXN_001400,True,retry_later,0.6001,False,0.0,0.25,
TXN_001413,True,retry_later,0.7566,True,1123.16,0.25,70.0
TXN_001414,True,escalate,0.4016,True,6569.04,10.0,178.0
TXN_001416,True,retry_later,0.7008,False,0.0,0.25,
TXN_001424,True,retry_later,0.5827,True,2164.72,0.25,123.0
TXN_001426,True,retry_later,0.6096,False,0.0,0.25,
TXN_001427,True,retry_now,0.8783,False,0.0,0.5,
TXN_001430,True,escalate,0.3675,False,0.0,10.0,
TXN_001431,True,retry_later,0.5143,True,2087.43,0.25,105.0
TXN_001437,True,retry_now,0.9125,True,3151.46,0.5,41.0
TXN_001438,True,retry_now,0.97,True,2729.6,0.5,57.0
TXN_001439,True,escalate,0.2592,False,0.0,10.0,
TXN_001440,True,retry_later,0.4509,False,0.0,0.25,
TXN_001448,True,retry_later,0.709,True,2808.57,0.25,137.0
TXN_001450,True,retry_now,0.9418,True,2318.64,0.5,89.0
TXN_001452,True,retry_now,0.97,False,0.0,0.5,
TXN_001461,True,retry_later,0.5618,True,4308.91,0.25,69.0
TXN_001462,True,retry_later,0.6532,False,0.0,0.25,
TXN_001463,False,stop,0.1512,False,0.0,0.0,
TXN_001464,True,retry_later,0.5909,False,0.0,0.25,
TXN_001465,True,retry_now,0.97,True,1886.31,0.5,138.0
TXN_001469,True,alternate_payment,0.3105,False,0.0,0.3,
TXN_001475,True,retry_later,0.5551,False,0.0,0.25,
TXN_001476,True,retry_now,0.8714,True,2327.31,0.5,135.0
TXN_001480,True,escalate,0.3299,False,0.0,10.0,
TXN_001482,True,retry_later,0.652,False,0.0,0.25,
TXN_001483,False,alternate_payment,0.1119,False,0.0,0.3,
TXN_001484,True,stop,0.575,False,0.0,0.0,
TXN_001492,True,retry_later,0.5413,True,3305.43,0.25,103.0
TXN_001496,True,retry_now,0.8742,True,5068.39,0.5,147.0
TXN_001501,True,escalate,0.3193,False,0.0,10.0,
TXN_001511,True,retry_later,0.7574,True,2538.8,0.25,123.0
TXN_001514,True,retry_later,0.6027,False,0.0,0.25,
TXN_001516,True,retry_later,0.6111,True,6853.51,0.25,163.0
TXN_001518,True,retry_now,0.9301,True,3222.94,0.5,21.0
TXN_001519,True,escalate,0.4161,False,0.0,10.0,
TXN_001520,True,send_reminder,0.4707,False,0.0,0.1,
TXN_001522,True,send_reminder,0.5417,False,0.0,0.1,
TXN_001523,True,retry_now,0.8661,True,9067.86,0.5,92.0
TXN_001524,True,retry_later,0.6072,True,993.47,0.25,67.0
TXN_001538,True,escalate,0.4316,False,0.0,10.0,
TXN_001545,True,retry_later,0.663,False,0.0,0.25,
TXN_001549,True,retry_later,0.4778,False,0.0,0.25,
TXN_001551,True,alternate_payment,0.2315,False,0.0,0.3,
TXN_001552,True,escalate,0.292,False,0.0,10.0,
TXN_001553,True,retry_later,0.5065,True,1612.99,0.25,98.0
TXN_001556,True,retry_later,0.516,False,0.0,0.25,
TXN_001564,True,retry_later,0.664,True,786.05,0.25,131.0
TXN_001570,True,retry_now,0.8658,False,0.0,0.5,
TXN_001571,True,retry_later,0.6125,True,2875.0,0.25,167.0
TXN_001572,True,retry_later,0.6452,True,670.01,0.25,160.0
TXN_001574,True,send_reminder,0.5311,False,0.0,0.1,
TXN_001575,True,escalate,0.2347,True,23195.73,10.0,56.0
TXN_001577,True,escalate,0.296,False,0.0,10.0,
TXN_001578,True,retry_later,0.7504,True,3527.05,0.25,26.0
TXN_001580,True,stop,0.7179,False,0.0,0.0,
TXN_001581,True,retry_now,0.9016,True,3494.37,0.5,25.0
TXN_001583,True,retry_later,0.7839,True,4446.71,0.25,20.0
TXN_001589,True,retry_later,0.485,False,0.0,0.25,
TXN_001590,True,escalate,0.2191,False,0.0,10.0,
TXN_001592,True,stop,0.2015,False,0.0,0.0,
TXN_001593,True,alternate_payment,0.3208,True,1708.28,0.3,98.0
TXN_001594,False,alternate_payment,0.1968,True,1825.31,0.3,9.0
TXN_001598,True,retry_later,0.4514,True,1396.1,0.25,43.0
TXN_001600,True,retry_later,0.4677,False,0.0,0.25,
TXN_001601,False,alternate_payment,0.1087,False,0.0,0.3,
TXN_001613,True,send_reminder,0.53,True,2585.89,0.1,136.0
TXN_001615,True,retry_later,0.7925,True,7192.96,0.25,144.0
TXN_001616,True,escalate,0.4133,False,0.0,10.0,
TXN_001617,True,retry_later,0.5631,True,1928.71,0.25,63.0
TXN_001618,True,send_reminder,0.7107,True,2079.16,0.1,8.0
TXN_001622,True,stop,0.7567,False,0.0,0.0,
TXN_001623,True,retry_later,0.8256,False,0.0,0.25,
TXN_001627,True,escalate,0.2397,False,0.0,10.0,
TXN_001629,True,send_reminder,0.5923,True,2881.55,0.1,66.0
TXN_001630,True,retry_later,0.6106,False,0.0,0.25,
TXN_001631,True,escalate,0.4004,False,0.0,10.0,
TXN_001634,True,send_reminder,0.6065,True,2445.07,0.1,8.0
TXN_001639,True,escalate,0.2788,False,0.0,10.0,
TXN_001655,True,escalate,0.2297,True,5389.1,10.0,30.0
TXN_001656,True,stop,0.2743,False,0.0,0.0,
TXN_001658,True,retry_later,0.8426,True,2610.6,0.25,26.0
TXN_001665,True,retry_later,0.6719,True,2003.99,0.25,99.0
TXN_001667,True,retry_later,0.6889,False,0.0,0.25,
TXN_001682,True,escalate,0.3799,True,15982.68,10.0,47.0
TXN_001684,True,escalate,0.3371,False,0.0,10.0,
TXN_001685,True,escalate,0.3732,True,3013.45,10.0,45.0
TXN_001693,False,alternate_payment,0.1351,False,0.0,0.3,
TXN_001695,True,send_reminder,0.5787,True,1123.5,0.1,145.0
TXN_001701,False,stop,0.188,False,0.0,0.0,
TXN_001703,True,escalate,0.2777,False,0.0,10.0,
TXN_001705,True,escalate,0.3104,True,10778.6,10.0,64.0
TXN_001706,False,alternate_payment,0.0984,False,0.0,0.3,
TXN_001708,True,retry_later,0.8278,True,4797.35,0.25,17.0
TXN_001710,True,retry_later,0.7516,True,813.44,0.25,109.0
TXN_001713,True,escalate,0.4127,False,0.0,10.0,
TXN_001715,True,escalate,0.313,False,0.0,10.0,
TXN_001719,True,retry_later,0.677,True,7693.03,0.25,159.0
TXN_001723,False,alternate_payment,0.1864,False,0.0,0.3,
TXN_001724,True,alternate_payment,0.3532,False,0.0,0.3,
TXN_001725,True,send_reminder,0.6545,False,0.0,0.1,
TXN_001726,True,retry_now,0.8659,True,14143.05,0.5,168.0
TXN_001727,True,retry_later,0.6754,False,0.0,0.25,
TXN_001730,False,alternate_payment,0.0944,False,0.0,0.3,
TXN_001735,True,escalate,0.3527,False,0.0,10.0,
TXN_001740,True,send_reminder,0.5895,False,0.0,0.1,
TXN_001744,True,alternate_payment,0.4057,True,2195.78,0.3,87.0
TXN_001749,True,escalate,0.3039,False,0.0,10.0,
TXN_001751,True,retry_later,0.8349,True,3265.53,0.25,179.0
TXN_001753,True,retry_later,0.7627,True,6170.31,0.25,64.0
TXN_001754,True,retry_later,0.6555,False,0.0,0.25,
TXN_001758,True,escalate,0.3419,False,0.0,10.0,
TXN_001764,True,escalate,0.4055,True,1049.35,10.0,83.0
TXN_001766,True,retry_later,0.7325,False,0.0,0.25,
TXN_001777,True,retry_later,0.5052,True,603.92,0.25,136.0
TXN_001783,True,send_reminder,0.5527,True,2761.68,0.1,153.0
TXN_001786,True,retry_now,0.8969,True,6478.38,0.5,3.0
TXN_001788,True,retry_now,0.9162,True,5591.72,0.5,91.0
TXN_001791,True,send_reminder,0.5265,False,0.0,0.1,
TXN_001793,True,escalate,0.3943,False,0.0,10.0,
TXN_001797,True,retry_later,0.4575,False,0.0,0.25,
TXN_001798,True,retry_later,0.8176,True,1893.38,0.25,136.0
TXN_001806,True,retry_later,0.8237,True,1150.19,0.25,27.0
TXN_001813,True,retry_later,0.6299,True,2926.69,0.25,108.0
TXN_001814,True,send_reminder,0.5504,True,3917.28,0.1,124.0
TXN_001816,True,retry_later,0.7936,True,1261.82,0.25,17.0
TXN_001817,True,retry_later,0.5839,False,0.0,0.25,
TXN_001822,True,retry_later,0.6403,False,0.0,0.25,
TXN_001824,True,retry_later,0.8454,False,0.0,0.25,
TXN_001827,True,retry_now,0.8936,True,366.01,0.5,6.0
TXN_001829,True,escalate,0.4163,False,0.0,10.0,
TXN_001831,True,send_reminder,0.5269,True,1431.56,0.1,117.0
TXN_001835,True,escalate,0.3865,False,0.0,10.0,
TXN_001837,True,retry_later,0.7603,False,0.0,0.25,
TXN_001838,True,retry_later,0.6091,False,0.0,0.25,
TXN_001840,True,retry_later,0.5858,True,823.85,0.25,177.0
TXN_001842,True,stop,0.2919,False,0.0,0.0,
TXN_001844,True,retry_later,0.8283,False,0.0,0.25,
TXN_001846,True,escalate,0.2513,False,0.0,10.0,
TXN_001847,True,retry_later,0.6719,True,2225.69,0.25,96.0
TXN_001850,True,retry_later,0.8489,True,1429.85,0.25,94.0
TXN_001857,True,retry_later,0.7803,True,1843.31,0.25,155.0
TXN_001859,True,stop,0.8013,False,0.0,0.0,
TXN_001862,True,retry_now,0.97,False,0.0,0.5,
TXN_001865,True,escalate,0.2919,False,0.0,10.0,
TXN_001868,True,alternate_payment,0.2573,True,1557.37,0.3,129.0
TXN_001872,True,retry_later,0.7106,False,0.0,0.25,
TXN_001878,True,escalate,0.2659,True,1327.32,10.0,141.0
TXN_001879,True,send_reminder,0.4781,True,2643.63,0.1,2.0
TXN_001883,True,alternate_payment,0.3608,True,6122.57,0.3,134.0
TXN_001898,True,retry_later,0.493,True,2659.67,0.25,178.0
TXN_001899,True,send_reminder,0.6147,True,3160.7,0.1,111.0
TXN_001906,True,retry_later,0.6567,False,0.0,0.25,
TXN_001912,True,retry_later,0.7657,True,681.43,0.25,165.0
TXN_001913,True,send_reminder,0.4652,True,1537.12,0.1,1.0
TXN_001917,False,alternate_payment,0.0887,False,0.0,0.3,
TXN_001920,True,retry_now,0.892,True,1281.6,0.5,81.0
TXN_001924,True,retry_later,0.5848,False,0.0,0.25,
TXN_001929,True,retry_later,0.7931,True,3018.43,0.25,60.0
TXN_001935,True,retry_later,0.7071,True,2116.81,0.25,80.0
TXN_001936,True,retry_later,0.6338,False,0.0,0.25,
TXN_001939,True,retry_later,0.7298,True,1652.15,0.25,122.0
TXN_001944,True,escalate,0.4406,True,804.09,10.0,77.0
TXN_001946,True,retry_later,0.7028,True,1570.6,0.25,32.0
TXN_001948,True,escalate,0.3415,False,0.0,10.0,
TXN_001954,True,retry_later,0.7109,False,0.0,0.25,
TXN_001956,True,retry_later,0.4561,False,0.0,0.25,
TXN_001959,True,escalate,0.4444,False,0.0,10.0,
TXN_001960,True,retry_later,0.4737,False,0.0,0.25,
TXN_001966,True,retry_now,0.8531,True,1919.13,0.5,51.0
TXN_001968,True,retry_now,0.97,True,1587.45,0.5,50.0
TXN_001969,True,escalate,0.4037,True,1036.75,10.0,24.0
TXN_001972,True,retry_later,0.6172,True,4598.51,0.25,110.0
TXN_001974,True,retry_now,0.8821,False,0.0,0.5,
TXN_001976,True,retry_now,0.9277,True,1514.55,0.5,64.0
TXN_001977,True,send_reminder,0.5102,True,4661.7,0.1,97.0
TXN_001979,True,retry_later,0.7633,True,2044.22,0.25,41.0
TXN_001982,True,stop,0.6396,False,0.0,0.0,
TXN_001984,True,retry_later,0.8039,True,2429.0,0.25,100.0
TXN_001994,True,retry_later,0.6263,False,0.0,0.25,
TXN_001995,True,retry_now,0.9155,True,2769.64,0.5,128.0
TXN_002002,True,retry_later,0.8479,True,6969.89,0.25,106.0
TXN_002006,False,alternate_payment,0.1486,False,0.0,0.3,
TXN_002008,True,retry_later,0.676,True,484.96,0.25,65.0
TXN_002019,True,retry_later,0.6421,False,0.0,0.25,
TXN_002021,True,escalate,0.2435,False,0.0,10.0,
TXN_002023,True,retry_later,0.6721,True,3429.8,0.25,65.0
TXN_002026,True,alternate_payment,0.3522,False,0.0,0.3,
TXN_002028,True,retry_later,0.7674,True,3709.23,0.25,100.0
TXN_002029,False,alternate_payment,0.1186,False,0.0,0.3,
TXN_002033,True,retry_later,0.8296,True,7414.7,0.25,37.0
TXN_002034,True,retry_later,0.8212,True,8893.18,0.25,9.0
TXN_002035,True,escalate,0.3719,False,0.0,10.0,
TXN_002037,True,retry_later,0.5023,True,2000.41,0.25,8.0
TXN_002038,True,retry_later,0.802,False,0.0,0.25,
TXN_002039,True,alternate_payment,0.4262,True,4284.47,0.3,131.0
TXN_002040,True,retry_later,0.6851,True,1896.49,0.25,30.0
TXN_002041,True,escalate,0.3408,False,0.0,10.0,
TXN_002048,True,escalate,0.3284,False,0.0,10.0,
TXN_002054,True,stop,0.6263,False,0.0,0.0,
TXN_002056,True,retry_later,0.4685,True,4248.05,0.25,76.0
TXN_002057,True,alternate_payment,0.2435,False,0.0,0.3,
TXN_002060,True,send_reminder,0.5289,True,7917.48,0.1,159.0
TXN_002061,True,retry_later,0.6666,True,1064.59,0.25,88.0
TXN_002062,True,escalate,0.3832,False,0.0,10.0,
TXN_002066,True,escalate,0.2913,False,0.0,10.0,
TXN_002067,False,alternate_payment,0.148,False,0.0,0.3,
TXN_002073,True,retry_later,0.6467,True,1102.91,0.25,87.0
TXN_002074,True,escalate,0.3968,False,0.0,10.0,
TXN_002077,True,retry_later,0.7437,True,7521.7,0.25,114.0
TXN_002082,True,retry_later,0.7417,False,0.0,0.25,
TXN_002083,True,retry_now,0.8687,True,2604.57,0.5,69.0
TXN_002089,True,escalate,0.2067,False,0.0,10.0,
TXN_002091,True,retry_later,0.5708,False,0.0,0.25,
TXN_002097,True,escalate,0.2684,True,2345.13,10.0,168.0
TXN_002098,True,retry_later,0.7822,True,3564.31,0.25,135.0
TXN_002099,True,retry_later,0.5866,True,5251.51,0.25,131.0
TXN_002103,True,send_reminder,0.6832,True,3696.33,0.1,156.0
TXN_002108,True,retry_now,0.9166,True,2726.89,0.5,64.0
TXN_002112,True,retry_later,0.5821,False,0.0,0.25,
TXN_002114,True,retry_later,0.7326,False,0.0,0.25,
TXN_002117,True,retry_now,0.97,True,1433.2,0.5,155.0
TXN_002118,True,retry_now,0.97,True,883.6,0.5,174.0
TXN_002128,True,retry_now,0.97,True,1118.96,0.5,103.0
TXN_002130,True,retry_later,0.6256,True,381.36,0.25,104.0
TXN_002133,True,retry_later,0.4672,False,0.0,0.25,
TXN_002134,True,retry_later,0.7253,True,3051.13,0.25,13.0
TXN_002147,True,retry_later,0.6466,True,2164.42,0.25,52.0
TXN_002153,True,retry_later,0.585,True,2331.07,0.25,180.0
TXN_002156,True,escalate,0.441,True,680.81,10.0,7.0
TXN_002157,True,stop,0.7204,False,0.0,0.0,
TXN_002160,True,retry_later,0.481,False,0.0,0.25,
TXN_002161,True,retry_later,0.6615,True,1282.85,0.25,130.0
TXN_002163,True,escalate,0.3146,True,7018.69,10.0,11.0
TXN_002169,True,retry_later,0.6526,True,2413.23,0.25,108.0
TXN_002175,True,escalate,0.2948,True,4890.34,10.0,7.0
TXN_002181,True,stop,0.5307,False,0.0,0.0,
TXN_002183,True,escalate,0.3458,False,0.0,10.0,
TXN_002188,True,escalate,0.3112,False,0.0,10.0,
TXN_002189,True,send_reminder,0.5392,False,0.0,0.1,
TXN_002191,True,escalate,0.3276,False,0.0,10.0,
TXN_002192,True,escalate,0.3896,False,0.0,10.0,
TXN_002203,True,stop,0.7676,False,0.0,0.0,
TXN_002205,True,retry_later,0.5912,True,2745.03,0.25,124.0
TXN_002208,True,send_reminder,0.5727,True,901.78,0.1,127.0
TXN_002210,True,escalate,0.3955,False,0.0,10.0,
TXN_002213,True,retry_later,0.7162,True,5293.64,0.25,138.0
TXN_002215,True,escalate,0.3642,False,0.0,10.0,
TXN_002219,True,retry_later,0.7962,True,8845.08,0.25,56.0
TXN_002221,True,retry_later,0.6779,False,0.0,0.25,
TXN_002230,False,alternate_payment,0.1224,True,1783.8,0.3,65.0
TXN_002232,True,retry_later,0.7519,True,1810.55,0.25,21.0
TXN_002236,True,retry_later,0.6943,True,3023.82,0.25,150.0
TXN_002243,True,retry_later,0.6955,False,0.0,0.25,
TXN_002248,True,retry_later,0.613,True,3904.61,0.25,135.0
TXN_002253,True,escalate,0.3914,False,0.0,10.0,
TXN_002256,True,escalate,0.3749,False,0.0,10.0,
TXN_002258,True,retry_later,0.6641,True,3769.56,0.25,163.0
TXN_002264,True,retry_later,0.6184,False,0.0,0.25,
TXN_002269,True,send_reminder,0.5519,False,0.0,0.1,
TXN_002270,True,retry_now,0.9606,True,2957.69,0.5,45.0
TXN_002272,True,send_reminder,0.5264,False,0.0,0.1,
TXN_002278,True,escalate,0.4388,True,1891.27,10.0,6.0
TXN_002281,True,escalate,0.3279,True,1444.4,10.0,141.0
TXN_002285,True,escalate,0.4275,False,0.0,10.0,
TXN_002286,True,escalate,0.2051,False,0.0,10.0,
TXN_002287,True,retry_later,0.4599,True,460.03,0.25,175.0
TXN_002292,True,stop,0.5677,False,0.0,0.0,
TXN_002295,True,escalate,0.434,False,0.0,10.0,
TXN_002298,True,send_reminder,0.4658,False,0.0,0.1,
TXN_002299,False,alternate_payment,0.116,True,16542.49,0.3,13.0
TXN_002308,True,retry_later,0.643,True,1238.37,0.25,9.0
TXN_002313,True,escalate,0.3385,False,0.0,10.0,
TXN_002320,True,escalate,0.2044,False,0.0,10.0,
TXN_002322,True,send_reminder,0.7594,True,453.14,0.1,79.0
TXN_002323,True,escalate,0.4452,False,0.0,10.0,
TXN_002324,True,send_reminder,0.5665,False,0.0,0.1,
TXN_002330,True,retry_later,0.7038,False,0.0,0.25,
TXN_002334,True,escalate,0.4427,False,0.0,10.0,
TXN_002336,True,retry_now,0.97,True,16572.33,0.5,14.0
TXN_002342,True,escalate,0.4286,False,0.0,10.0,
TXN_002345,True,retry_later,0.4625,True,464.24,0.25,164.0
TXN_002348,True,escalate,0.4433,False,0.0,10.0,
TXN_002349,True,retry_later,0.5517,False,0.0,0.25,
TXN_002352,True,retry_later,0.6203,True,4304.78,0.25,92.0
TXN_002355,True,retry_later,0.7358,True,1911.89,0.25,144.0
TXN_002358,True,retry_later,0.7187,True,4424.54,0.25,151.0
TXN_002365,True,retry_later,0.6705,False,0.0,0.25,
TXN_002372,True,send_reminder,0.4845,True,1102.27,0.1,118.0
TXN_002373,True,retry_now,0.9078,False,0.0,0.5,
TXN_002374,True,escalate,0.3461,False,0.0,10.0,
TXN_002378,True,escalate,0.3961,True,1379.03,10.0,170.0
TXN_002381,True,escalate,0.3257,False,0.0,10.0,
TXN_002384,True,retry_later,0.8393,True,994.86,0.25,17.0
TXN_002386,True,retry_later,0.8278,True,5558.12,0.25,6.0
TXN_002387,True,stop,0.4975,False,0.0,0.0,
TXN_002389,False,alternate_payment,0.1188,True,2867.86,0.3,79.0
TXN_002399,True,retry_now,0.8576,True,9308.57,0.5,129.0
TXN_002405,True,send_reminder,0.5238,True,2308.36,0.1,120.0
TXN_002407,True,send_reminder,0.5794,False,0.0,0.1,
TXN_002416,True,retry_later,0.7023,True,3581.75,0.25,49.0
TXN_002420,True,retry_later,0.768,True,3748.58,0.25,7.0
TXN_002422,True,stop,0.4179,False,0.0,0.0,
TXN_002426,True,escalate,0.3992,False,0.0,10.0,
TXN_002427,True,retry_now,0.9131,True,1234.25,0.5,166.0
TXN_002430,False,stop,0.1279,False,0.0,0.0,
TXN_002432,True,retry_later,0.6514,True,2106.29,0.25,155.0
TXN_002441,True,send_reminder,0.4932,True,1322.27,0.1,31.0
TXN_002443,True,retry_later,0.7964,True,881.07,0.25,37.0
TXN_002448,True,retry_later,0.6872,True,554.23,0.25,4.0
TXN_002454,True,retry_later,0.7321,False,0.0,0.25,
TXN_002457,True,retry_later,0.6961,True,1171.01,0.25,56.0
TXN_002460,True,retry_later,0.6228,True,3807.84,0.25,173.0
TXN_002465,True,alternate_payment,0.4173,False,0.0,0.3,
TXN_002468,True,retry_later,0.6639,True,2750.57,0.25,170.0
TXN_002469,True,retry_now,0.8743,True,16405.48,0.5,59.0
TXN_002474,True,send_reminder,0.544,True,2659.08,0.1,149.0
TXN_002475,True,escalate,0.2883,True,2121.26,10.0,114.0
TXN_002478,True,send_reminder,0.596,False,0.0,0.1,
TXN_002481,True,escalate,0.2694,False,0.0,10.0,
TXN_002482,True,escalate,0.4173,True,2038.8,10.0,21.0
TXN_002487,True,escalate,0.3317,True,3944.87,10.0,139.0
TXN_002489,True,send_reminder,0.5882,True,3658.93,0.1,103.0
TXN_002493,True,retry_later,0.6912,False,0.0,0.25,
TXN_002499,True,escalate,0.3632,False,0.0,10.0,
TXN_002506,True,retry_now,0.9413,True,1586.27,0.5,67.0
TXN_002507,True,escalate,0.2773,True,745.17,10.0,62.0
TXN_002515,True,retry_later,0.7949,False,0.0,0.25,
TXN_002516,True,retry_later,0.6173,False,0.0,0.25,
TXN_002521,True,retry_later,0.7719,True,6854.13,0.25,124.0
TXN_002522,True,retry_later,0.7455,False,0.0,0.25,
TXN_002523,True,escalate,0.3568,True,1758.4,10.0,34.0
TXN_002528,True,stop,0.559,False,0.0,0.0,
TXN_002529,True,escalate,0.3633,False,0.0,10.0,
TXN_002533,True,retry_now,0.882,True,7264.11,0.5,118.0
TXN_002535,True,send_reminder,0.5394,False,0.0,0.1,
TXN_002539,True,escalate,0.3276,False,0.0,10.0,
TXN_002540,True,retry_now,0.8712,True,4478.57,0.5,162.0
TXN_002549,True,retry_later,0.713,True,1234.81,0.25,124.0
TXN_002551,True,alternate_payment,0.3966,True,1962.69,0.3,96.0
TXN_002555,True,escalate,0.2996,True,1981.78,10.0,149.0
TXN_002558,True,escalate,0.3594,True,3760.21,10.0,87.0
TXN_002559,True,stop,0.3813,False,0.0,0.0,
TXN_002562,True,send_reminder,0.4893,False,0.0,0.1,
TXN_002564,True,send_reminder,0.637,True,3570.54,0.1,19.0
TXN_002565,True,send_reminder,0.5316,False,0.0,0.1,
TXN_002568,True,retry_later,0.5929,True,1316.34,0.25,142.0
TXN_002569,True,retry_now,0.8568,True,1619.66,0.5,80.0
TXN_002570,True,retry_later,0.5608,True,1848.72,0.25,93.0
TXN_002572,True,retry_now,0.8709,True,3436.65,0.5,122.0
TXN_002574,True,retry_later,0.5395,True,1875.08,0.25,28.0
TXN_002575,True,escalate,0.3304,False,0.0,10.0,
TXN_002577,True,send_reminder,0.7546,True,2507.96,0.1,58.0
TXN_002578,True,retry_later,0.6791,False,0.0,0.25,
TXN_002579,True,retry_later,0.6249,False,0.0,0.25,
TXN_002583,True,stop,0.2218,False,0.0,0.0,
TXN_002586,True,retry_later,0.5929,True,2564.47,0.25,99.0
TXN_002592,True,retry_later,0.7693,True,8700.64,0.25,94.0
TXN_002596,True,send_reminder,0.5846,False,0.0,0.1,
TXN_002598,True,escalate,0.4081,False,0.0,10.0,
TXN_002599,True,send_reminder,0.4754,True,1562.9,0.1,65.0
TXN_002603,True,send_reminder,0.6639,False,0.0,0.1,
TXN_002606,True,retry_now,0.8664,True,841.71,0.5,162.0
TXN_002608,True,send_reminder,0.4938,True,2777.65,0.1,148.0
TXN_002609,False,alternate_payment,0.0738,False,0.0,0.3,
TXN_002610,True,retry_later,0.6217,True,4640.25,0.25,158.0
TXN_002611,True,escalate,0.3709,False,0.0,10.0,
TXN_002613,True,retry_now,0.9216,True,943.68,0.5,100.0
TXN_002614,True,retry_later,0.6399,True,3742.44,0.25,46.0
TXN_002615,True,retry_later,0.5612,True,1234.93,0.25,126.0
TXN_002616,True,escalate,0.3949,False,0.0,10.0,
TXN_002617,True,stop,0.4427,False,0.0,0.0,
TXN_002618,True,send_reminder,0.6091,False,0.0,0.1,
TXN_002623,True,retry_later,0.6871,True,1797.3,0.25,173.0
TXN_002630,True,retry_later,0.7435,False,0.0,0.25,
TXN_002636,True,retry_later,0.6918,True,1489.55,0.25,105.0
TXN_002637,True,escalate,0.3753,True,1851.74,10.0,142.0
TXN_002640,True,retry_later,0.7542,True,6292.98,0.25,176.0
TXN_002642,True,retry_later,0.7304,True,1507.86,0.25,152.0
TXN_002646,True,escalate,0.4106,False,0.0,10.0,
TXN_002647,True,escalate,0.2904,False,0.0,10.0,
TXN_002648,True,retry_later,0.5017,True,791.91,0.25,132.0
TXN_002649,True,retry_later,0.7561,True,2667.0,0.25,127.0
TXN_002651,True,send_reminder,0.4591,True,5328.54,0.1,174.0
TXN_002655,True,stop,0.5919,False,0.0,0.0,
TXN_002657,True,retry_later,0.5667,False,0.0,0.25,
TXN_002658,True,alternate_payment,0.278,False,0.0,0.3,
TXN_002662,True,retry_later,0.5063,True,2696.75,0.25,7.0
TXN_002664,True,retry_later,0.6075,False,0.0,0.25,
TXN_002668,True,retry_later,0.5119,True,2402.26,0.25,178.0
TXN_002673,True,retry_now,0.8858,True,2513.49,0.5,76.0
TXN_002674,True,escalate,0.3559,True,4429.85,10.0,105.0
TXN_002676,True,retry_later,0.6446,True,1381.37,0.25,134.0
TXN_002678,True,escalate,0.2352,False,0.0,10.0,
TXN_002679,True,retry_later,0.5263,False,0.0,0.25,
TXN_002684,True,retry_later,0.7776,True,8774.25,0.25,119.0
TXN_002707,True,escalate,0.3602,False,0.0,10.0,
TXN_002708,True,send_reminder,0.4734,False,0.0,0.1,
TXN_002709,True,retry_now,0.97,True,2466.2,0.5,159.0
TXN_002714,True,escalate,0.3961,True,2888.22,10.0,49.0
TXN_002719,True,send_reminder,0.5884,False,0.0,0.1,
TXN_002720,True,send_reminder,0.5521,True,9282.98,0.1,63.0
TXN_002721,True,retry_later,0.4969,True,2083.71,0.25,109.0
TXN_002724,True,escalate,0.3467,False,0.0,10.0,
TXN_002734,True,stop,0.7318,False,0.0,0.0,
TXN_002737,True,escalate,0.2975,False,0.0,10.0,
TXN_002738,True,retry_later,0.6476,True,2502.87,0.25,108.0
TXN_002740,True,send_reminder,0.5921,True,4244.14,0.1,106.0
TXN_002745,True,send_reminder,0.4617,True,1808.72,0.1,44.0
TXN_002749,True,escalate,0.2321,True,830.03,10.0,41.0
TXN_002752,True,alternate_payment,0.353,False,0.0,0.3,
TXN_002768,True,retry_now,0.9356,True,3523.45,0.5,7.0
TXN_002769,True,retry_later,0.5024,True,2246.5,0.25,130.0
TXN_002770,True,retry_later,0.4934,False,0.0,0.25,
TXN_002771,True,escalate,0.4169,False,0.0,10.0,
TXN_002776,False,alternate_payment,0.1491,False,0.0,0.3,
TXN_002779,True,retry_later,0.4658,False,0.0,0.25,
TXN_002780,True,send_reminder,0.7162,False,0.0,0.1,
TXN_002781,True,retry_later,0.4672,False,0.0,0.25,
TXN_002784,True,escalate,0.3659,True,3573.57,10.0,153.0
TXN_002785,True,retry_now,0.8942,True,2257.42,0.5,119.0
TXN_002786,True,retry_later,0.5047,True,5229.04,0.25,58.0
TXN_002787,True,retry_later,0.7082,True,3272.96,0.25,174.0
TXN_002789,True,retry_later,0.7775,False,0.0,0.25,
TXN_002790,True,stop,0.7201,False,0.0,0.0,
TXN_002796,True,retry_now,0.851,True,1559.88,0.5,172.0
TXN_002798,True,retry_later,0.8076,False,0.0,0.25,
TXN_002801,True,escalate,0.363,True,7771.65,10.0,137.0
TXN_002804,True,retry_later,0.8176,True,2197.9,0.25,30.0
TXN_002809,True,escalate,0.2884,False,0.0,10.0,
TXN_002810,True,escalate,0.3431,True,2335.96,10.0,21.0
TXN_002812,True,retry_later,0.7448,True,747.82,0.25,103.0
TXN_002815,True,escalate,0.4308,False,0.0,10.0,
TXN_002816,True,retry_now,0.9635,True,7094.74,0.5,39.0
TXN_002823,True,retry_later,0.6029,True,7158.95,0.25,32.0
TXN_002826,True,retry_later,0.7628,True,1856.68,0.25,79.0
TXN_002828,True,retry_later,0.5817,False,0.0,0.25,
TXN_002839,True,escalate,0.2068,False,0.0,10.0,
TXN_002841,True,retry_later,0.5984,False,0.0,0.25,
TXN_002844,True,retry_later,0.6213,True,1505.55,0.25,147.0
TXN_002851,True,retry_later,0.4669,True,1065.38,0.25,130.0
TXN_002858,True,retry_later,0.601,False,0.0,0.25,
TXN_002860,True,send_reminder,0.6468,False,0.0,0.1,
TXN_002864,True,escalate,0.3154,True,2029.47,10.0,149.0
TXN_002866,True,retry_later,0.5528,True,2173.51,0.25,51.0
TXN_002867,True,escalate,0.3857,False,0.0,10.0,
TXN_002870,True,escalate,0.4226,False,0.0,10.0,
TXN_002871,True,retry_now,0.9078,True,1476.58,0.5,93.0
TXN_002872,True,retry_later,0.5508,False,0.0,0.25,
TXN_002873,True,escalate,0.2621,False,0.0,10.0,
TXN_002877,True,alternate_payment,0.2431,False,0.0,0.3,
TXN_002880,True,alternate_payment,0.4556,True,910.07,0.3,121.0
TXN_002883,True,retry_later,0.4556,True,1060.17,0.25,145.0
TXN_002884,True,retry_later,0.7387,True,1872.17,0.25,6.0
TXN_002886,False,stop,0.03,False,0.0,0.0,
TXN_002895,True,retry_later,0.6203,True,11056.23,0.25,57.0
TXN_002897,True,retry_later,0.6735,False,0.0,0.25,
TXN_002900,False,stop,0.1876,False,0.0,0.0,
TXN_002904,True,retry_now,0.97,True,3518.74,0.5,76.0
TXN_002907,True,retry_later,0.7924,True,2240.43,0.25,113.0
TXN_002918,True,retry_later,0.6648,True,3670.56,0.25,47.0
TXN_002922,True,retry_later,0.6354,True,10457.96,0.25,17.0
TXN_002923,True,stop,0.617,False,0.0,0.0,
TXN_002925,True,retry_now,0.8991,True,21214.12,0.5,175.0
TXN_002927,True,retry_later,0.5259,True,7735.33,0.25,156.0
TXN_002928,True,escalate,0.3602,True,1244.57,10.0,49.0
TXN_002932,True,escalate,0.3846,True,897.98,10.0,139.0
TXN_002939,True,retry_later,0.7368,True,2236.75,0.25,23.0
TXN_002940,True,retry_later,0.5918,True,2775.18,0.25,32.0
TXN_002941,True,retry_later,0.6407,True,2019.98,0.25,8.0
TXN_002942,True,escalate,0.421,False,0.0,10.0,
TXN_002943,True,send_reminder,0.4674,False,0.0,0.1,
TXN_002944,True,send_reminder,0.6133,False,0.0,0.1,
TXN_002948,True,retry_later,0.7173,False,0.0,0.25,
TXN_002964,True,retry_later,0.7829,True,1918.34,0.25,126.0
TXN_002965,True,send_reminder,0.4591,True,6599.34,0.1,116.0
TXN_002966,True,retry_later,0.7397,True,1867.13,0.25,104.0
TXN_002967,True,send_reminder,0.5239,True,1550.97,0.1,47.0
TXN_002973,True,escalate,0.3731,False,0.0,10.0,
TXN_002975,True,retry_later,0.648,True,6746.99,0.25,58.0
TXN_002982,True,escalate,0.235,True,4179.03,10.0,126.0
TXN_002984,True,stop,0.3459,False,0.0,0.0,
TXN_002985,True,send_reminder,0.5194,False,0.0,0.1,
TXN_002992,True,escalate,0.2735,False,0.0,10.0,
TXN_002996,False,alternate_payment,0.0722,False,0.0,0.3,
TXN_003001,True,escalate,0.3097,False,0.0,10.0,
TXN_003004,True,retry_now,0.8851,True,3657.69,0.5,154.0
TXN_003006,True,retry_later,0.6053,True,3377.34,0.25,12.0
TXN_003007,True,retry_later,0.6324,True,1194.15,0.25,166.0
TXN_003010,True,retry_later,0.5934,True,1013.09,0.25,137.0
TXN_003011,True,retry_now,0.8754,True,2776.76,0.5,61.0
TXN_003013,True,retry_later,0.7715,True,600.7,0.25,120.0
TXN_003025,False,alternate_payment,0.0842,False,0.0,0.3,
TXN_003028,True,escalate,0.2013,True,4523.86,10.0,93.0
TXN_003032,True,escalate,0.3533,True,1508.84,10.0,38.0
TXN_003034,True,stop,0.6997,False,0.0,0.0,
TXN_003048,True,retry_later,0.8286,True,7291.49,0.25,116.0
TXN_003050,True,retry_later,0.7913,True,6496.93,0.25,16.0
TXN_003053,True,retry_later,0.8215,True,2442.08,0.25,68.0
TXN_003055,True,retry_later,0.6491,True,3489.75,0.25,128.0
TXN_003059,True,escalate,0.3858,True,3601.29,10.0,129.0
TXN_003061,True,retry_later,0.5924,False,0.0,0.25,
TXN_003064,True,retry_later,0.6945,True,1289.89,0.25,61.0
TXN_003071,True,retry_later,0.5005,True,4869.87,0.25,114.0
TXN_003074,True,retry_later,0.4662,False,0.0,0.25,
TXN_003075,True,escalate,0.4196,True,1000.98,10.0,151.0
TXN_003078,True,send_reminder,0.5849,True,2056.33,0.1,100.0
TXN_003086,True,escalate,0.4292,False,0.0,10.0,
TXN_003087,True,send_reminder,0.6713,True,1225.31,0.1,26.0
TXN_003091,True,retry_now,0.9093,True,2979.65,0.5,94.0
TXN_003095,True,escalate,0.325,True,2679.17,10.0,20.0
TXN_003097,True,retry_later,0.4547,True,506.52,0.25,23.0
TXN_003098,True,retry_now,0.97,True,660.41,0.5,38.0
TXN_003100,False,stop,0.1999,False,0.0,0.0,
TXN_003105,True,retry_later,0.7271,True,4693.08,0.25,136.0
TXN_003108,True,stop,0.5052,False,0.0,0.0,
TXN_003117,True,stop,0.3876,False,0.0,0.0,
TXN_003119,True,retry_later,0.4984,True,2590.5,0.25,47.0
TXN_003120,True,send_reminder,0.7539,True,20203.47,0.1,33.0
TXN_003121,True,escalate,0.2853,False,0.0,10.0,
TXN_003122,True,alternate_payment,0.4189,False,0.0,0.3,
TXN_003126,True,alternate_payment,0.2883,False,0.0,0.3,
TXN_003134,True,escalate,0.3677,False,0.0,10.0,
TXN_003135,True,send_reminder,0.451,False,0.0,0.1,
TXN_003136,True,retry_later,0.8463,True,8424.6,0.25,85.0
TXN_003139,True,escalate,0.3945,False,0.0,10.0,
TXN_003142,True,retry_later,0.812,True,3015.15,0.25,129.0
TXN_003144,True,retry_later,0.6118,False,0.0,0.25,
TXN_003147,True,retry_later,0.7936,True,4405.42,0.25,152.0
TXN_003148,True,retry_now,0.9332,True,2617.51,0.5,160.0
TXN_003151,False,stop,0.0391,False,0.0,0.0,
TXN_003152,True,retry_later,0.5932,True,3229.04,0.25,64.0
TXN_003153,True,retry_later,0.7542,False,0.0,0.25,
TXN_003159,True,retry_later,0.4557,True,3584.84,0.25,111.0
TXN_003163,True,retry_now,0.9521,True,1249.4,0.5,31.0
TXN_003167,True,retry_now,0.8584,False,0.0,0.5,
TXN_003170,True,retry_later,0.7927,True,6231.97,0.25,65.0
TXN_003173,True,retry_later,0.6998,True,3107.48,0.25,35.0
TXN_003176,True,retry_later,0.4933,False,0.0,0.25,
TXN_003184,True,escalate,0.3179,False,0.0,10.0,
TXN_003185,True,send_reminder,0.5541,False,0.0,0.1,
TXN_003188,True,retry_now,0.97,True,2999.14,0.5,66.0
TXN_003189,True,escalate,0.3836,False,0.0,10.0,
TXN_003190,True,escalate,0.3468,False,0.0,10.0,
TXN_003192,True,retry_later,0.7268,False,0.0,0.25,
TXN_003201,True,escalate,0.2881,False,0.0,10.0,
TXN_003202,True,retry_later,0.7387,True,2144.02,0.25,163.0
TXN_003203,True,retry_later,0.586,True,1203.27,0.25,33.0
TXN_003204,True,retry_later,0.4911,False,0.0,0.25,
TXN_003205,True,retry_later,0.7117,True,3197.06,0.25,35.0
TXN_003206,True,retry_later,0.5341,True,2152.49,0.25,20.0
TXN_003209,False,stop,0.0911,False,0.0,0.0,
TXN_003214,True,retry_later,0.6767,True,3406.5,0.25,72.0
TXN_003218,True,escalate,0.2194,False,0.0,10.0,
TXN_003223,True,retry_now,0.9123,True,1666.96,0.5,6.0
TXN_003227,True,send_reminder,0.6727,False,0.0,0.1,
TXN_003238,True,retry_later,0.4743,True,1194.07,0.25,7.0
TXN_003239,True,retry_later,0.8455,True,2464.59,0.25,173.0
TXN_003245,True,retry_later,0.6345,False,0.0,0.25,
TXN_003246,True,retry_later,0.5211,False,0.0,0.25,
TXN_003251,False,alternate_payment,0.1343,False,0.0,0.3,
TXN_003255,True,retry_later,0.7692,True,1472.74,0.25,112.0
TXN_003256,True,escalate,0.2959,False,0.0,10.0,
TXN_003267,True,send_reminder,0.7157,True,1547.26,0.1,21.0
TXN_003271,True,escalate,0.4456,False,0.0,10.0,
TXN_003272,True,retry_later,0.5943,False,0.0,0.25,
TXN_003274,False,alternate_payment,0.1806,False,0.0,0.3,
TXN_003275,True,retry_later,0.5273,True,2151.09,0.25,59.0
TXN_003278,True,alternate_payment,0.2445,False,0.0,0.3,
TXN_003297,True,retry_later,0.6401,True,1061.93,0.25,41.0
TXN_003305,True,retry_later,0.6228,True,4200.6,0.25,1.0
TXN_003312,True,retry_later,0.6581,False,0.0,0.25,
TXN_003315,True,escalate,0.4032,False,0.0,10.0,
TXN_003329,True,retry_later,0.4762,False,0.0,0.25,
TXN_003330,True,retry_later,0.8418,True,1647.07,0.25,15.0
TXN_003331,True,escalate,0.4481,True,1614.08,10.0,65.0
TXN_003333,True,escalate,0.2849,False,0.0,10.0,
TXN_003338,False,stop,0.1983,False,0.0,0.0,
TXN_003351,True,retry_now,0.97,True,1370.9,0.5,154.0
TXN_003353,True,send_reminder,0.5694,False,0.0,0.1,
TXN_003356,True,retry_later,0.7576,True,13584.16,0.25,25.0
TXN_003357,True,retry_later,0.7885,True,499.91,0.25,14.0
TXN_003358,True,escalate,0.3002,True,5007.48,10.0,159.0
TXN_003360,True,retry_later,0.6478,True,4215.7,0.25,63.0
TXN_003364,True,retry_later,0.7229,True,1265.59,0.25,145.0
TXN_003366,True,retry_later,0.6907,True,2100.04,0.25,161.0
TXN_003367,True,retry_later,0.4693,True,6765.17,0.25,12.0
TXN_003369,True,retry_later,0.739,True,3249.09,0.25,62.0
TXN_003370,True,stop,0.5662,False,0.0,0.0,
TXN_003378,True,retry_later,0.8402,True,782.28,0.25,20.0
TXN_003379,True,escalate,0.3369,False,0.0,10.0,
TXN_003382,False,stop,0.0839,False,0.0,0.0,
TXN_003391,True,retry_later,0.573,False,0.0,0.25,
TXN_003393,True,escalate,0.4,True,2285.17,10.0,110.0
TXN_003394,True,retry_later,0.78,True,1719.54,0.25,140.0
TXN_003399,True,retry_later,0.6915,True,3267.07,0.25,75.0
TXN_003401,True,send_reminder,0.5415,False,0.0,0.1,
TXN_003402,True,stop,0.4668,False,0.0,0.0,
TXN_003407,True,escalate,0.2617,False,0.0,10.0,
TXN_003408,True,retry_later,0.6996,True,8108.55,0.25,36.0
TXN_003410,True,retry_later,0.7327,True,1475.96,0.25,99.0
TXN_003414,True,retry_now,0.8628,True,1879.97,0.5,6.0
TXN_003416,True,retry_now,0.8586,True,3656.53,0.5,128.0
TXN_003418,True,retry_later,0.5932,True,2202.59,0.25,42.0
TXN_003420,True,retry_later,0.6864,False,0.0,0.25,
TXN_003423,True,retry_later,0.6855,True,402.53,0.25,50.0
TXN_003430,True,retry_later,0.8444,True,948.06,0.25,42.0
TXN_003435,True,escalate,0.4306,True,2133.16,10.0,99.0
TXN_003436,True,retry_later,0.6785,True,928.71,0.25,142.0
TXN_003440,True,stop,0.4896,False,0.0,0.0,
TXN_003441,True,retry_later,0.5595,False,0.0,0.25,
TXN_003442,True,retry_now,0.8636,True,363.37,0.5,21.0
TXN_003444,True,send_reminder,0.5126,False,0.0,0.1,
TXN_003445,True,escalate,0.3502,True,2007.76,10.0,166.0
TXN_003449,True,send_reminder,0.497,False,0.0,0.1,
TXN_003452,True,retry_later,0.5644,False,0.0,0.25,
TXN_003453,True,escalate,0.3643,True,7021.95,10.0,36.0
TXN_003459,True,retry_now,0.9627,True,5419.79,0.5,44.0
TXN_003461,True,retry_later,0.6114,True,1832.68,0.25,81.0
TXN_003470,True,retry_later,0.6563,False,0.0,0.25,
TXN_003478,True,escalate,0.3767,False,0.0,10.0,
TXN_003479,True,retry_later,0.798,False,0.0,0.25,
TXN_003486,False,stop,0.1791,False,0.0,0.0,
TXN_003489,True,alternate_payment,0.3886,True,8369.53,0.3,62.0
TXN_003494,True,retry_later,0.6528,True,1614.38,0.25,22.0
TXN_003496,True,retry_later,0.8268,True,287.25,0.25,32.0
TXN_003497,True,send_reminder,0.5166,False,0.0,0.1,
TXN_003498,True,retry_later,0.6668,True,1816.28,0.25,41.0
TXN_003499,True,alternate_payment,0.3256,False,0.0,0.3,
TXN_003505,True,send_reminder,0.6453,False,0.0,0.1,
TXN_003509,True,retry_later,0.845,True,7492.12,0.25,33.0
TXN_003516,True,retry_later,0.6431,True,2090.71,0.25,19.0
TXN_003517,True,retry_later,0.8236,True,6843.75,0.25,33.0
TXN_003521,True,stop,0.2787,False,0.0,0.0,
TXN_003522,True,retry_later,0.5961,False,0.0,0.25,
TXN_003524,True,escalate,0.3842,True,581.46,10.0,91.0
TXN_003525,True,retry_later,0.4792,True,2969.15,0.25,41.0
TXN_003526,True,retry_now,0.97,True,709.98,0.5,59.0
TXN_003532,True,retry_later,0.516,True,2053.64,0.25,84.0
TXN_003535,True,escalate,0.3862,False,0.0,10.0,
TXN_003538,True,send_reminder,0.6246,False,0.0,0.1,
TXN_003540,True,escalate,0.3657,True,2557.43,10.0,43.0
TXN_003557,True,retry_later,0.5406,False,0.0,0.25,
TXN_003560,True,retry_now,0.9182,True,2365.32,0.5,14.0
TXN_003563,True,retry_now,0.9086,True,7819.28,0.5,103.0
TXN_003566,True,retry_later,0.5174,False,0.0,0.25,
TXN_003569,True,escalate,0.3053,False,0.0,10.0,
TXN_003571,True,retry_now,0.9342,True,1776.34,0.5,172.0
TXN_003572,True,retry_later,0.795,True,1013.1,0.25,47.0
TXN_003574,True,escalate,0.3853,False,0.0,10.0,
TXN_003580,True,escalate,0.3833,True,2998.31,10.0,116.0
TXN_003597,True,alternate_payment,0.3045,False,0.0,0.3,
TXN_003598,True,stop,0.3234,False,0.0,0.0,
TXN_003600,True,retry_later,0.4636,False,0.0,0.25,
TXN_003605,True,retry_later,0.6607,True,1572.1,0.25,93.0
TXN_003607,True,retry_now,0.9313,False,0.0,0.5,
TXN_003611,True,stop,0.4042,False,0.0,0.0,
TXN_003615,True,retry_now,0.862,True,2017.78,0.5,169.0
TXN_003619,True,retry_later,0.7954,True,6014.21,0.25,18.0
TXN_003622,True,send_reminder,0.6048,True,2170.08,0.1,17.0
TXN_003623,True,escalate,0.3824,False,0.0,10.0,
TXN_003624,False,stop,0.1829,False,0.0,0.0,
TXN_003626,True,retry_later,0.6211,True,7862.06,0.25,154.0
TXN_003634,True,retry_now,0.9448,True,2287.34,0.5,178.0
TXN_003635,True,retry_later,0.4761,True,4855.5,0.25,125.0
TXN_003638,True,retry_later,0.6983,False,0.0,0.25,
TXN_003643,True,retry_now,0.8927,True,10169.4,0.5,157.0
TXN_003644,True,retry_later,0.7992,False,0.0,0.25,
TXN_003653,True,send_reminder,0.5473,False,0.0,0.1,
TXN_003655,True,retry_later,0.7431,True,1095.48,0.25,29.0
TXN_003659,True,retry_later,0.539,False,0.0,0.25,
TXN_003660,True,alternate_payment,0.2619,False,0.0,0.3,
TXN_003661,True,retry_later,0.7616,True,3270.21,0.25,12.0
TXN_003664,True,retry_later,0.8174,True,3617.76,0.25,154.0
TXN_003670,True,retry_later,0.7686,True,446.22,0.25,31.0
TXN_003673,True,send_reminder,0.4943,False,0.0,0.1,
TXN_003681,True,escalate,0.413,True,3162.85,10.0,112.0
TXN_003685,True,retry_later,0.8366,True,2556.24,0.25,168.0
TXN_003686,True,stop,0.6368,False,0.0,0.0,
TXN_003687,True,send_reminder,0.4855,False,0.0,0.1,
TXN_003689,True,retry_later,0.4596,True,4229.93,0.25,150.0
TXN_003690,True,retry_later,0.5942,False,0.0,0.25,
TXN_003695,True,escalate,0.398,True,8586.26,10.0,143.0
TXN_003700,True,escalate,0.3388,False,0.0,10.0,
TXN_003705,True,escalate,0.2919,False,0.0,10.0,
TXN_003712,True,retry_later,0.5989,False,0.0,0.25,
TXN_003715,True,escalate,0.344,False,0.0,10.0,
TXN_003717,True,send_reminder,0.5361,True,4444.52,0.1,154.0
TXN_003718,True,retry_later,0.5659,True,737.72,0.25,53.0
TXN_003721,True,retry_later,0.6577,True,3476.75,0.25,94.0
TXN_003722,True,retry_now,0.97,True,971.07,0.5,111.0
TXN_003728,True,retry_now,0.9375,False,0.0,0.5,
TXN_003729,True,retry_now,0.9296,True,1553.01,0.5,89.0
TXN_003743,True,retry_later,0.5672,False,0.0,0.25,
TXN_003745,True,escalate,0.277,False,0.0,10.0,
TXN_003748,True,retry_later,0.4777,True,2997.1,0.25,169.0
TXN_003750,True,send_reminder,0.5153,False,0.0,0.1,
TXN_003756,True,escalate,0.3195,False,0.0,10.0,
TXN_003757,True,retry_later,0.7416,True,1189.11,0.25,51.0
TXN_003764,True,send_reminder,0.7078,True,2098.1,0.1,103.0
TXN_003765,True,send_reminder,0.6106,True,1271.69,0.1,131.0
TXN_003766,True,retry_now,0.9047,True,10347.08,0.5,51.0
TXN_003779,True,escalate,0.3181,False,0.0,10.0,
TXN_003783,True,stop,0.6676,False,0.0,0.0,
TXN_003785,True,send_reminder,0.5716,False,0.0,0.1,
TXN_003792,True,retry_now,0.9295,False,0.0,0.5,
TXN_003799,True,retry_now,0.8908,True,847.89,0.5,72.0
TXN_003801,True,retry_now,0.8713,False,0.0,0.5,
TXN_003804,True,retry_later,0.7269,True,2974.96,0.25,60.0
TXN_003805,True,retry_later,0.6051,False,0.0,0.25,
TXN_003809,True,retry_later,0.5611,False,0.0,0.25,
TXN_003813,True,send_reminder,0.4633,False,0.0,0.1,
TXN_003814,True,retry_later,0.6378,True,560.7,0.25,82.0
TXN_003815,True,escalate,0.3113,False,0.0,10.0,
TXN_003822,True,send_reminder,0.5899,False,0.0,0.1,
TXN_003823,True,retry_later,0.7751,True,20609.85,0.25,133.0
TXN_003826,True,retry_later,0.6263,True,3637.7,0.25,169.0
TXN_003828,True,escalate,0.4272,True,3751.77,10.0,129.0
TXN_003829,True,retry_later,0.843,True,2293.89,0.25,78.0
TXN_003839,True,retry_later,0.7062,True,8503.26,0.25,163.0
TXN_003841,True,send_reminder,0.5989,False,0.0,0.1,
TXN_003842,True,alternate_payment,0.3786,True,1425.99,0.3,128.0
TXN_003845,True,stop,0.6877,False,0.0,0.0,
TXN_003848,True,retry_now,0.8599,True,5270.48,0.5,23.0
TXN_003855,True,retry_later,0.6364,False,0.0,0.25,
TXN_003856,True,retry_later,0.5107,True,588.66,0.25,32.0
TXN_003862,True,retry_now,0.97,True,7167.11,0.5,55.0
TXN_003863,True,retry_later,0.5805,True,3081.29,0.25,112.0
TXN_003867,True,send_reminder,0.7286,False,0.0,0.1,
TXN_003873,True,alternate_payment,0.4025,True,1563.34,0.3,91.0
TXN_003884,True,retry_later,0.8223,True,8815.66,0.25,58.0
TXN_003886,True,retry_later,0.6308,True,1157.6,0.25,162.0
TXN_003893,True,retry_later,0.6962,True,1565.42,0.25,106.0
TXN_003895,True,retry_later,0.6153,False,0.0,0.25,
TXN_003897,True,escalate,0.4008,True,3358.31,10.0,80.0
TXN_003900,True,retry_later,0.8204,True,613.51,0.25,141.0
TXN_003901,True,retry_now,0.9329,True,2387.72,0.5,29.0
TXN_003902,True,retry_later,0.6863,False,0.0,0.25,
TXN_003904,True,escalate,0.3032,True,1381.54,10.0,107.0
TXN_003905,True,retry_now,0.97,True,2948.28,0.5,22.0
TXN_003907,True,retry_later,0.8294,True,2070.17,0.25,142.0
TXN_003908,True,retry_now,0.9464,True,461.93,0.5,94.0
TXN_003910,True,send_reminder,0.5172,False,0.0,0.1,
TXN_003911,True,retry_now,0.97,True,4383.13,0.5,100.0
TXN_003917,True,send_reminder,0.5488,False,0.0,0.1,
TXN_003921,True,escalate,0.3896,True,2725.65,10.0,127.0
TXN_003922,True,retry_now,0.9391,True,2546.43,0.5,166.0
TXN_003927,True,escalate,0.2914,True,4188.55,10.0,128.0
TXN_003929,True,stop,0.5815,False,0.0,0.0,
TXN_003936,False,alternate_payment,0.1281,False,0.0,0.3,
TXN_003938,True,retry_later,0.7667,False,0.0,0.25,
TXN_003939,True,stop,0.4765,False,0.0,0.0,
TXN_003941,True,escalate,0.2275,False,0.0,10.0,
TXN_003948,True,retry_later,0.8193,True,1244.94,0.25,148.0
TXN_003949,True,retry_now,0.9037,True,2355.04,0.5,135.0
TXN_003953,True,send_reminder,0.5028,False,0.0,0.1,
TXN_003955,True,retry_later,0.6637,False,0.0,0.25,
TXN_003956,True,escalate,0.3573,False,0.0,10.0,
TXN_003958,True,retry_later,0.6356,False,0.0,0.25,
TXN_003961,True,retry_later,0.8373,True,185.52,0.25,170.0
TXN_003964,True,stop,0.4346,False,0.0,0.0,
TXN_003975,True,stop,0.3908,False,0.0,0.0,
TXN_003977,True,retry_later,0.4625,True,1767.9,0.25,162.0
TXN_003978,True,retry_now,0.9678,True,2331.31,0.5,76.0
TXN_003979,True,retry_later,0.5103,True,835.82,0.25,5.0
TXN_003983,True,retry_later,0.6615,True,5814.89,0.25,6.0
TXN_003995,True,escalate,0.3892,False,0.0,10.0,
TXN_004011,True,retry_later,0.5516,False,0.0,0.25,
TXN_004012,True,retry_later,0.4926,False,0.0,0.25,
TXN_004016,True,retry_later,0.522,True,2766.83,0.25,127.0
TXN_004017,True,retry_later,0.6367,True,8035.94,0.25,175.0
TXN_004021,True,stop,0.6062,False,0.0,0.0,
TXN_004025,True,retry_later,0.5762,False,0.0,0.25,
TXN_004029,True,retry_now,0.97,False,0.0,0.5,
TXN_004030,True,escalate,0.2326,False,0.0,10.0,
TXN_004033,True,send_reminder,0.665,True,2775.32,0.1,138.0
TXN_004038,True,send_reminder,0.4582,True,1476.57,0.1,102.0
TXN_004042,True,send_reminder,0.636,False,0.0,0.1,
TXN_004043,True,retry_later,0.5925,False,0.0,0.25,
TXN_004053,False,alternate_payment,0.1946,False,0.0,0.3,
TXN_004064,True,send_reminder,0.5016,False,0.0,0.1,
TXN_004065,True,escalate,0.2155,False,0.0,10.0,
TXN_004072,True,send_reminder,0.6564,True,7701.29,0.1,41.0
TXN_004073,True,send_reminder,0.4773,False,0.0,0.1,
TXN_004080,True,escalate,0.2644,False,0.0,10.0,
TXN_004081,True,send_reminder,0.7441,True,5768.56,0.1,71.0
TXN_004082,True,escalate,0.207,False,0.0,10.0,
TXN_004088,True,retry_later,0.5829,True,1745.56,0.25,121.0
TXN_004089,True,retry_later,0.5825,True,1046.24,0.25,162.0
TXN_004092,True,retry_later,0.7917,True,1616.55,0.25,36.0
TXN_004093,True,retry_later,0.791,True,3200.92,0.25,89.0
TXN_004099,False,stop,0.03,False,0.0,0.0,
TXN_004108,True,retry_later,0.5124,True,4057.26,0.25,146.0
TXN_004110,True,escalate,0.3739,True,2968.96,10.0,128.0
TXN_004112,True,retry_now,0.8811,False,0.0,0.5,
TXN_004113,True,escalate,0.2885,False,0.0,10.0,
TXN_004114,True,retry_now,0.9302,False,0.0,0.5,
TXN_004121,True,retry_later,0.6507,True,2476.09,0.25,136.0
TXN_004122,True,escalate,0.2037,True,1510.64,10.0,56.0
TXN_004125,True,stop,0.3565,False,0.0,0.0,
TXN_004129,True,escalate,0.4311,True,7597.42,10.0,158.0
TXN_004133,True,send_reminder,0.6646,True,6966.93,0.1,45.0
TXN_004134,True,escalate,0.4016,True,3117.88,10.0,67.0
TXN_004139,True,send_reminder,0.7078,True,5696.76,0.1,38.0
TXN_004140,True,retry_later,0.4522,False,0.0,0.25,
TXN_004141,True,retry_now,0.8633,True,9724.18,0.5,80.0
TXN_004144,True,retry_later,0.4642,False,0.0,0.25,
TXN_004146,True,retry_now,0.9488,False,0.0,0.5,
TXN_004154,True,escalate,0.4071,True,1900.47,10.0,71.0
TXN_004156,True,retry_later,0.5747,True,3137.88,0.25,128.0
TXN_004159,True,retry_later,0.6094,True,4753.06,0.25,153.0
TXN_004161,True,retry_now,0.9274,False,0.0,0.5,
TXN_004162,True,retry_later,0.5088,False,0.0,0.25,
TXN_004165,True,retry_now,0.926,False,0.0,0.5,
TXN_004167,True,retry_later,0.4818,False,0.0,0.25,
TXN_004169,True,stop,0.4566,False,0.0,0.0,
TXN_004175,True,send_reminder,0.6581,True,2638.45,0.1,146.0
TXN_004176,True,retry_now,0.97,False,0.0,0.5,
TXN_004181,True,retry_later,0.5795,False,0.0,0.25,
TXN_004191,True,retry_later,0.4575,False,0.0,0.25,
TXN_004194,True,alternate_payment,0.3324,True,1701.4,0.3,137.0
TXN_004197,True,retry_now,0.957,True,727.01,0.5,88.0
TXN_004201,False,stop,0.1434,False,0.0,0.0,
TXN_004202,True,escalate,0.4031,True,8120.83,10.0,153.0
TXN_004203,True,send_reminder,0.5009,False,0.0,0.1,
TXN_004204,True,retry_later,0.6448,True,1991.05,0.25,147.0
TXN_004205,True,retry_later,0.7508,True,3569.81,0.25,141.0
TXN_004206,True,retry_later,0.5448,True,5526.44,0.25,121.0
TXN_004209,True,escalate,0.3484,False,0.0,10.0,
TXN_004211,True,retry_later,0.5905,True,1503.36,0.25,41.0
TXN_004218,True,retry_now,0.8799,False,0.0,0.5,
TXN_004223,True,stop,0.2492,False,0.0,0.0,
TXN_004224,True,send_reminder,0.5421,False,0.0,0.1,
TXN_004225,True,retry_later,0.6505,True,11326.33,0.25,151.0
TXN_004226,True,retry_later,0.6732,False,0.0,0.25,
TXN_004230,True,retry_now,0.97,True,1477.44,0.5,95.0
TXN_004232,True,escalate,0.3347,False,0.0,10.0,
TXN_004233,True,escalate,0.4452,False,0.0,10.0,
TXN_004234,True,retry_later,0.8388,True,1507.04,0.25,134.0
TXN_004235,True,retry_now,0.9072,True,1045.9,0.5,47.0
TXN_004238,True,escalate,0.4365,False,0.0,10.0,
TXN_004241,True,alternate_payment,0.4269,True,4459.24,0.3,8.0
TXN_004242,False,alternate_payment,0.168,False,0.0,0.3,
TXN_004247,True,send_reminder,0.7763,True,9856.53,0.1,167.0
TXN_004249,True,send_reminder,0.6213,False,0.0,0.1,
TXN_004250,True,retry_later,0.5934,False,0.0,0.25,
TXN_004256,True,escalate,0.3102,False,0.0,10.0,
TXN_004258,True,retry_later,0.6763,False,0.0,0.25,
TXN_004259,True,retry_later,0.845,True,1767.46,0.25,43.0
TXN_004260,True,retry_later,0.7761,True,473.63,0.25,176.0
TXN_004263,True,escalate,0.3041,True,1716.05,10.0,102.0
TXN_004266,True,stop,0.3906,False,0.0,0.0,
TXN_004273,True,escalate,0.3905,False,0.0,10.0,
TXN_004274,True,retry_later,0.5386,True,1113.62,0.25,13.0
TXN_004275,True,retry_now,0.8627,True,9356.23,0.5,142.0
TXN_004282,True,retry_later,0.5502,False,0.0,0.25,
TXN_004283,True,escalate,0.2156,False,0.0,10.0,
TXN_004287,True,retry_later,0.6445,False,0.0,0.25,
TXN_004299,True,retry_later,0.6111,False,0.0,0.25,
TXN_004301,True,retry_now,0.97,True,6319.41,0.5,92.0
TXN_004305,True,retry_later,0.6684,True,1263.59,0.25,173.0
TXN_004306,True,escalate,0.4109,True,4695.62,10.0,53.0
TXN_004307,True,retry_later,0.6023,True,2795.59,0.25,135.0
TXN_004309,True,send_reminder,0.6281,False,0.0,0.1,
TXN_004310,True,retry_later,0.4836,True,7766.35,0.25,142.0
TXN_004312,True,escalate,0.445,True,1051.49,10.0,11.0
TXN_004317,True,retry_later,0.7574,True,1237.34,0.25,56.0
TXN_004323,True,retry_later,0.7897,True,2946.47,0.25,5.0
TXN_004324,True,retry_now,0.8617,True,1279.06,0.5,111.0
TXN_004326,True,escalate,0.4225,True,1028.65,10.0,120.0
TXN_004328,True,retry_later,0.8158,True,853.74,0.25,2.0
TXN_004334,True,send_reminder,0.4907,True,4796.13,0.1,80.0
TXN_004335,True,retry_later,0.7424,True,3617.7,0.25,19.0
TXN_004339,False,alternate_payment,0.1224,False,0.0,0.3,
TXN_004345,True,retry_later,0.6689,True,565.25,0.25,143.0
TXN_004348,True,retry_now,0.97,False,0.0,0.5,
TXN_004350,True,alternate_payment,0.4597,False,0.0,0.3,
TXN_004353,True,escalate,0.3412,False,0.0,10.0,
TXN_004357,True,retry_later,0.6753,True,1869.14,0.25,31.0
TXN_004362,True,retry_later,0.5197,False,0.0,0.25,
TXN_004366,True,retry_later,0.6106,True,1070.89,0.25,177.0
TXN_004368,True,retry_later,0.713,True,2361.36,0.25,162.0
TXN_004375,True,retry_later,0.5665,False,0.0,0.25,
TXN_004382,True,escalate,0.2,False,0.0,10.0,
TXN_004387,True,send_reminder,0.5816,True,1513.84,0.1,77.0
TXN_004388,True,retry_later,0.6199,False,0.0,0.25,
TXN_004389,True,stop,0.3963,False,0.0,0.0,
TXN_004391,True,retry_later,0.6085,False,0.0,0.25,
TXN_004393,True,retry_later,0.6122,True,1001.61,0.25,60.0
TXN_004394,True,send_reminder,0.4629,False,0.0,0.1,
TXN_004401,True,retry_later,0.701,True,840.07,0.25,70.0
TXN_004405,True,retry_later,0.7418,True,1378.5,0.25,172.0
TXN_004406,True,retry_now,0.8667,False,0.0,0.5,
TXN_004407,True,escalate,0.3588,True,2126.79,10.0,169.0
TXN_004411,True,retry_later,0.6449,True,776.59,0.25,131.0
TXN_004413,True,send_reminder,0.5787,False,0.0,0.1,
TXN_004418,True,escalate,0.3335,True,2681.59,10.0,43.0
TXN_004421,True,retry_now,0.913,True,2887.1,0.5,98.0
TXN_004427,True,escalate,0.4475,True,1276.77,10.0,163.0
TXN_004429,True,escalate,0.3294,False,0.0,10.0,
TXN_004431,True,retry_later,0.5674,True,3144.98,0.25,162.0
TXN_004432,True,retry_later,0.6963,True,1366.64,0.25,123.0
TXN_004437,True,retry_later,0.6526,True,863.95,0.25,2.0
TXN_004438,True,retry_later,0.7618,True,4318.28,0.25,99.0
TXN_004443,True,retry_later,0.6985,True,614.46,0.25,137.0
TXN_004444,True,escalate,0.3021,False,0.0,10.0,
TXN_004449,True,send_reminder,0.4577,False,0.0,0.1,
TXN_004450,True,retry_later,0.8109,False,0.0,0.25,
TXN_004452,True,send_reminder,0.7006,False,0.0,0.1,
TXN_004456,True,send_reminder,0.5142,False,0.0,0.1,
TXN_004465,True,escalate,0.3949,True,6341.49,10.0,25.0
TXN_004469,True,retry_now,0.8502,True,1252.78,0.5,141.0
TXN_004472,True,retry_later,0.6502,True,2146.41,0.25,38.0
TXN_004475,False,stop,0.0531,False,0.0,0.0,
TXN_004476,False,stop,0.1795,False,0.0,0.0,
TXN_004478,True,retry_later,0.5324,True,1774.68,0.25,85.0
TXN_004481,True,retry_now,0.8821,False,0.0,0.5,
TXN_004482,True,retry_later,0.848,True,2943.66,0.25,61.0
TXN_004486,True,retry_later,0.54,False,0.0,0.25,
TXN_004488,True,escalate,0.2339,True,2045.21,10.0,114.0
TXN_004491,True,retry_later,0.519,False,0.0,0.25,
TXN_004497,True,escalate,0.4308,False,0.0,10.0,
TXN_004498,True,stop,0.6227,False,0.0,0.0,
TXN_004499,True,escalate,0.2031,True,4131.99,10.0,1.0
TXN_004502,True,retry_now,0.8828,True,1196.03,0.5,90.0
TXN_004505,True,send_reminder,0.515,False,0.0,0.1,
TXN_004506,False,stop,0.1608,False,0.0,0.0,
TXN_004509,True,retry_later,0.6221,False,0.0,0.25,
TXN_004512,True,retry_later,0.5513,False,0.0,0.25,
TXN_004515,True,retry_later,0.4615,False,0.0,0.25,
TXN_004522,True,escalate,0.4239,True,24153.14,10.0,81.0
TXN_004523,True,escalate,0.4399,False,0.0,10.0,
TXN_004526,True,retry_later,0.8341,True,1532.03,0.25,88.0
TXN_004527,True,retry_now,0.8707,True,848.9,0.5,117.0
TXN_004532,True,retry_now,0.8538,True,6226.25,0.5,21.0
TXN_004535,False,stop,0.03,False,0.0,0.0,
TXN_004540,True,retry_now,0.97,True,7075.16,0.5,78.0
TXN_004542,True,alternate_payment,0.3799,False,0.0,0.3,
TXN_004547,True,retry_now,0.9312,True,2305.62,0.5,98.0
TXN_004550,True,retry_later,0.7995,True,4566.62,0.25,85.0
TXN_004551,True,escalate,0.3371,False,0.0,10.0,
TXN_004558,True,retry_now,0.9374,True,3548.05,0.5,113.0
TXN_004559,True,escalate,0.3228,False,0.0,10.0,
TXN_004561,True,retry_now,0.9285,True,1892.16,0.5,133.0
TXN_004563,True,retry_later,0.8125,True,2734.17,0.25,147.0
TXN_004569,True,escalate,0.4416,True,2096.96,10.0,115.0
TXN_004570,True,retry_later,0.7924,True,413.7,0.25,42.0
TXN_004574,True,escalate,0.3731,True,3073.04,10.0,33.0
TXN_004578,True,retry_later,0.7197,False,0.0,0.25,
TXN_004580,True,escalate,0.3007,False,0.0,10.0,
TXN_004586,True,retry_now,0.9211,True,2361.38,0.5,157.0
TXN_004596,True,send_reminder,0.5246,True,1800.77,0.1,166.0
TXN_004602,True,retry_later,0.5288,True,2601.73,0.25,20.0
TXN_004603,True,retry_now,0.9197,True,1107.33,0.5,42.0
TXN_004611,True,stop,0.4185,False,0.0,0.0,
TXN_004612,False,alternate_payment,0.1639,False,0.0,0.3,
TXN_004614,True,retry_later,0.829,True,6421.36,0.25,112.0
TXN_004617,True,escalate,0.2758,True,1385.82,10.0,9.0
TXN_004620,True,retry_now,0.97,True,9157.52,0.5,152.0
TXN_004621,False,alternate_payment,0.0606,False,0.0,0.3,
TXN_004624,True,retry_now,0.9374,True,6783.75,0.5,101.0
TXN_004625,True,retry_later,0.5607,True,2647.52,0.25,110.0
TXN_004627,True,retry_now,0.97,True,5567.69,0.5,25.0
TXN_004629,True,retry_later,0.5836,True,2228.65,0.25,103.0
TXN_004632,False,alternate_payment,0.1708,False,0.0,0.3,
TXN_004634,True,retry_later,0.8288,True,5336.25,0.25,161.0
TXN_004637,True,retry_later,0.8445,True,1140.76,0.25,24.0
TXN_004639,True,retry_later,0.6914,True,978.92,0.25,86.0
TXN_004640,True,escalate,0.2533,False,0.0,10.0,
TXN_004641,True,retry_later,0.5272,True,1751.22,0.25,143.0
TXN_004648,True,retry_later,0.7552,True,2282.38,0.25,152.0
TXN_004650,True,retry_later,0.7951,True,2107.81,0.25,47.0
TXN_004654,True,retry_later,0.7812,True,1475.31,0.25,58.0
TXN_004657,True,escalate,0.2694,True,1028.31,10.0,152.0
TXN_004658,True,escalate,0.2113,False,0.0,10.0,
TXN_004659,True,retry_later,0.532,True,1587.03,0.25,41.0
TXN_004664,False,alternate_payment,0.1411,False,0.0,0.3,
TXN_004665,True,retry_now,0.9172,True,733.31,0.5,179.0
TXN_004666,False,stop,0.1892,False,0.0,0.0,
TXN_004667,True,retry_later,0.7027,True,6195.2,0.25,79.0
TXN_004670,True,retry_later,0.7641,True,5208.3,0.25,101.0
TXN_004671,True,retry_later,0.5379,True,1488.18,0.25,81.0
TXN_004675,True,alternate_payment,0.4675,True,6056.9,0.3,151.0
TXN_004678,True,retry_later,0.5255,True,6066.4,0.25,169.0
TXN_004680,True,escalate,0.3161,True,759.75,10.0,67.0
TXN_004682,True,retry_later,0.5276,True,1970.99,0.25,9.0
TXN_004684,False,alternate_payment,0.1938,False,0.0,0.3,
TXN_004691,True,escalate,0.4353,False,0.0,10.0,
TXN_004693,True,retry_later,0.4827,True,1417.73,0.25,75.0
TXN_004695,True,escalate,0.3508,False,0.0,10.0,
TXN_004697,True,retry_now,0.9002,True,4698.57,0.5,114.0
TXN_004700,False,stop,0.1788,False,0.0,0.0,
TXN_004705,False,alternate_payment,0.1352,False,0.0,0.3,
TXN_004706,True,retry_later,0.5856,True,2461.28,0.25,123.0
TXN_004711,True,escalate,0.203,False,0.0,10.0,
TXN_004712,True,send_reminder,0.6692,True,1144.6,0.1,45.0
TXN_004715,True,retry_later,0.7907,True,3897.21,0.25,1.0
TXN_004718,True,send_reminder,0.5366,True,2212.88,0.1,71.0
TXN_004719,True,stop,0.3382,False,0.0,0.0,
TXN_004721,True,retry_later,0.6181,False,0.0,0.25,
TXN_004727,True,retry_later,0.4739,False,0.0,0.25,
TXN_004728,True,retry_later,0.7521,True,1560.81,0.25,54.0
TXN_004731,True,retry_now,0.8589,True,723.49,0.5,130.0
TXN_004732,True,retry_later,0.8273,True,1792.2,0.25,136.0
TXN_004736,True,send_reminder,0.6151,True,2179.03,0.1,6.0
TXN_004737,True,retry_later,0.7669,False,0.0,0.25,
TXN_004744,True,retry_later,0.728,True,1580.13,0.25,88.0
TXN_004745,True,retry_later,0.601,False,0.0,0.25,
TXN_004750,True,escalate,0.337,False,0.0,10.0,
TXN_004752,True,send_reminder,0.6917,True,3095.57,0.1,120.0
TXN_004755,True,send_reminder,0.5308,True,844.71,0.1,79.0
TXN_004756,False,alternate_payment,0.1539,False,0.0,0.3,
TXN_004759,True,retry_later,0.6508,True,1758.08,0.25,54.0
TXN_004760,True,retry_later,0.7421,True,2625.17,0.25,158.0
TXN_004766,True,retry_later,0.6795,True,113.37,0.25,33.0
TXN_004769,True,retry_now,0.8883,True,1774.45,0.5,79.0
TXN_004770,True,retry_later,0.6027,True,3983.1,0.25,117.0
TXN_004772,True,retry_now,0.9194,True,3211.61,0.5,74.0
TXN_004774,True,escalate,0.3818,False,0.0,10.0,
TXN_004782,True,retry_later,0.6796,True,5289.96,0.25,164.0
TXN_004784,True,escalate,0.2215,False,0.0,10.0,
TXN_004787,True,retry_later,0.7372,True,2003.68,0.25,70.0
TXN_004792,True,retry_now,0.9131,True,5680.99,0.5,1.0
TXN_004794,True,retry_now,0.8674,False,0.0,0.5,
TXN_004799,True,alternate_payment,0.3863,False,0.0,0.3,
TXN_004810,True,retry_now,0.9419,True,7645.43,0.5,172.0
TXN_004814,True,retry_now,0.97,False,0.0,0.5,
TXN_004817,True,retry_later,0.7637,True,414.61,0.25,149.0
TXN_004818,True,escalate,0.2289,False,0.0,10.0,
TXN_004826,True,retry_now,0.97,True,3302.51,0.5,68.0
TXN_004829,True,retry_later,0.6473,False,0.0,0.25,
TXN_004833,True,retry_later,0.6178,True,1093.06,0.25,33.0
TXN_004842,True,escalate,0.3811,False,0.0,10.0,
TXN_004846,True,retry_now,0.8768,True,5575.44,0.5,171.0
TXN_004847,True,retry_later,0.6678,False,0.0,0.25,
TXN_004849,True,retry_now,0.9405,True,4746.67,0.5,53.0
TXN_004851,True,alternate_payment,0.2144,False,0.0,0.3,
TXN_004852,True,retry_later,0.7524,True,1974.26,0.25,51.0
TXN_004855,True,send_reminder,0.4977,True,1235.49,0.1,142.0
TXN_004859,True,escalate,0.4246,False,0.0,10.0,
TXN_004860,True,retry_later,0.7454,True,488.74,0.25,128.0
TXN_004866,True,retry_later,0.6174,False,0.0,0.25,
TXN_004868,True,send_reminder,0.7757,True,2054.61,0.1,151.0
TXN_004871,True,stop,0.6011,False,0.0,0.0,
TXN_004878,True,escalate,0.4157,False,0.0,10.0,
TXN_004879,True,escalate,0.3275,False,0.0,10.0,
TXN_004887,True,escalate,0.4261,True,4520.47,10.0,17.0
TXN_004888,True,send_reminder,0.6952,True,5242.55,0.1,177.0
TXN_004891,True,retry_later,0.5021,True,1519.05,0.25,98.0
TXN_004894,True,retry_now,0.97,True,1722.06,0.5,68.0
TXN_004895,True,send_reminder,0.6527,True,3233.53,0.1,176.0
TXN_004901,True,retry_later,0.6096,True,2980.03,0.25,82.0
TXN_004905,True,retry_later,0.509,False,0.0,0.25,
TXN_004907,True,escalate,0.325,False,0.0,10.0,
TXN_004910,True,send_reminder,0.5517,True,2693.89,0.1,79.0
TXN_004911,True,retry_now,0.916,False,0.0,0.5,
TXN_004915,True,send_reminder,0.6896,True,2222.22,0.1,92.0
TXN_004917,True,send_reminder,0.4625,False,0.0,0.1,
TXN_004920,False,alternate_payment,0.1485,False,0.0,0.3,
TXN_004926,True,retry_later,0.7921,True,368.01,0.25,117.0
TXN_004931,True,escalate,0.2415,False,0.0,10.0,
TXN_004941,True,retry_later,0.5116,False,0.0,0.25,
TXN_004943,True,escalate,0.2703,False,0.0,10.0,
TXN_004944,True,escalate,0.2732,False,0.0,10.0,
TXN_004949,True,retry_later,0.7193,False,0.0,0.25,
TXN_004953,True,send_reminder,0.7304,True,2393.94,0.1,151.0
TXN_004954,True,retry_now,0.97,True,1291.39,0.5,123.0
TXN_004957,True,retry_later,0.4744,True,2836.88,0.25,25.0
TXN_004958,True,retry_later,0.7718,True,4155.83,0.25,131.0
TXN_004964,True,escalate,0.2859,False,0.0,10.0,
TXN_004968,True,retry_later,0.7736,False,0.0,0.25,
TXN_004970,True,retry_later,0.826,True,432.84,0.25,163.0
TXN_004974,False,stop,0.1882,False,0.0,0.0,
TXN_004975,True,retry_later,0.614,True,927.89,0.25,146.0
TXN_004981,True,retry_later,0.7085,True,1537.97,0.25,125.0
TXN_004984,True,retry_now,0.9226,False,0.0,0.5,
TXN_004986,True,send_reminder,0.657,True,11272.83,0.1,96.0
TXN_004987,True,retry_later,0.4936,False,0.0,0.25,
TXN_004988,True,escalate,0.404,False,0.0,10.0,
TXN_004991,True,retry_later,0.8412,True,6723.26,0.25,73.0
TXN_004993,True,stop,0.4212,False,0.0,0.0,
TXN_004994,True,escalate,0.3414,False,0.0,10.0,
TXN_004995,True,retry_later,0.5052,False,0.0,0.25,
TXN_005000,True,retry_later,0.7185,True,1977.27,0.25,171.0
TXN_005008,True,retry_later,0.8225,True,2952.08,0.25,45.0
TXN_005012,True,escalate,0.3991,False,0.0,10.0,
TXN_005013,True,retry_later,0.7248,True,6021.42,0.25,44.0
TXN_005018,True,stop,0.7158,False,0.0,0.0,
TXN_005024,True,alternate_payment,0.2714,False,0.0,0.3,
TXN_005040,False,stop,0.1297,False,0.0,0.0,
TXN_005047,True,send_reminder,0.5969,False,0.0,0.1,
TXN_005049,True,retry_later,0.5641,True,1770.53,0.25,39.0
TXN_005052,True,retry_later,0.8204,False,0.0,0.25,
TXN_005056,True,retry_later,0.5466,True,615.35,0.25,40.0
TXN_005057,True,retry_later,0.7321,True,3391.7,0.25,43.0
TXN_005064,True,retry_later,0.4884,True,3445.44,0.25,149.0
TXN_005069,True,stop,0.517,False,0.0,0.0,
TXN_005074,True,escalate,0.3741,False,0.0,10.0,
TXN_005075,True,retry_later,0.6228,True,2720.81,0.25,29.0
TXN_005076,True,retry_later,0.4978,True,2082.97,0.25,113.0
TXN_005077,True,escalate,0.2973,False,0.0,10.0,
TXN_005078,True,escalate,0.3391,False,0.0,10.0,
TXN_005081,True,retry_later,0.8243,True,3412.64,0.25,48.0
TXN_005082,True,retry_later,0.562,False,0.0,0.25,
TXN_005092,True,retry_later,0.5933,True,736.72,0.25,172.0
TXN_005096,True,retry_later,0.7883,True,4248.21,0.25,76.0
TXN_005101,True,retry_later,0.5269,False,0.0,0.25,
TXN_005119,True,stop,0.2658,False,0.0,0.0,
TXN_005128,True,retry_later,0.764,True,1835.83,0.25,9.0
TXN_005136,True,escalate,0.3572,False,0.0,10.0,
TXN_005137,True,retry_later,0.7949,False,0.0,0.25,
TXN_005139,True,retry_now,0.9302,True,5983.43,0.5,33.0
TXN_005144,True,retry_later,0.5012,True,2881.28,0.25,95.0
TXN_005148,True,retry_later,0.5156,False,0.0,0.25,
TXN_005149,True,retry_later,0.6718,True,4745.58,0.25,176.0
TXN_005150,True,escalate,0.4442,False,0.0,10.0,
TXN_005158,True,retry_now,0.8698,False,0.0,0.5,
TXN_005160,True,retry_later,0.7306,True,796.27,0.25,162.0
TXN_005161,True,retry_later,0.4516,True,949.21,0.25,146.0
TXN_005165,True,retry_now,0.9211,True,9852.19,0.5,11.0
TXN_005166,True,send_reminder,0.456,False,0.0,0.1,
TXN_005167,True,send_reminder,0.575,True,7569.43,0.1,20.0
TXN_005169,True,escalate,0.344,True,1699.09,10.0,88.0
TXN_005173,True,retry_now,0.8805,True,4086.52,0.5,112.0
TXN_005175,True,alternate_payment,0.2439,False,0.0,0.3,
TXN_005187,True,retry_now,0.8505,True,3084.86,0.5,62.0
TXN_005200,True,send_reminder,0.6807,False,0.0,0.1,
TXN_005201,True,retry_later,0.6351,True,510.98,0.25,23.0
TXN_005204,True,retry_later,0.6093,True,4004.87,0.25,178.0
TXN_005205,True,retry_later,0.7796,True,1443.93,0.25,100.0
TXN_005206,True,alternate_payment,0.2918,True,1639.5,0.3,61.0
TXN_005211,False,stop,0.1654,False,0.0,0.0,
TXN_005219,True,retry_now,0.86,False,0.0,0.5,
TXN_005223,True,retry_now,0.97,True,1854.43,0.5,22.0
TXN_005229,True,retry_later,0.5987,False,0.0,0.25,
TXN_005232,True,escalate,0.4153,False,0.0,10.0,
TXN_005233,True,retry_later,0.4797,True,1382.83,0.25,142.0
TXN_005236,True,retry_later,0.848,True,1957.31,0.25,13.0
TXN_005243,True,retry_later,0.6252,True,969.75,0.25,7.0
TXN_005245,True,retry_later,0.7801,True,3361.48,0.25,116.0
TXN_005254,True,retry_later,0.6226,False,0.0,0.25,
TXN_005256,True,escalate,0.3948,False,0.0,10.0,
TXN_005260,True,escalate,0.3468,False,0.0,10.0,
TXN_005261,True,escalate,0.3963,False,0.0,10.0,
TXN_005263,True,send_reminder,0.5153,True,3192.88,0.1,79.0
TXN_005264,True,escalate,0.4477,False,0.0,10.0,
TXN_005267,True,retry_later,0.6391,True,5192.02,0.25,147.0
TXN_005268,True,retry_later,0.6448,True,2403.55,0.25,170.0
TXN_005269,True,retry_later,0.6123,True,829.05,0.25,31.0
TXN_005271,True,escalate,0.3954,False,0.0,10.0,
TXN_005276,True,retry_later,0.6582,True,1853.8,0.25,134.0
TXN_005277,True,retry_later,0.6438,False,0.0,0.25,
TXN_005278,True,retry_later,0.8498,True,10886.22,0.25,123.0
TXN_005280,True,retry_later,0.6781,True,492.06,0.25,67.0
TXN_005281,True,retry_later,0.609,False,0.0,0.25,
TXN_005282,True,escalate,0.409,True,2713.73,10.0,98.0
TXN_005287,True,retry_later,0.7715,True,648.26,0.25,93.0
TXN_005289,True,retry_later,0.8031,True,3048.44,0.25,118.0
TXN_005291,True,alternate_payment,0.5023,True,818.2,0.3,33.0
TXN_005293,True,escalate,0.3369,True,593.17,10.0,130.0
TXN_005299,True,retry_later,0.7319,True,1452.77,0.25,27.0
TXN_005300,True,send_reminder,0.4956,True,1813.46,0.1,67.0
TXN_005305,True,retry_later,0.7544,True,2202.35,0.25,175.0
TXN_005307,True,retry_later,0.6455,False,0.0,0.25,
TXN_005309,True,escalate,0.2969,True,1032.03,10.0,179.0
TXN_005313,True,send_reminder,0.5957,True,1047.32,0.1,53.0
TXN_005322,True,retry_later,0.6081,False,0.0,0.25,
TXN_005324,True,retry_later,0.7921,True,1266.15,0.25,78.0
TXN_005326,True,retry_later,0.8335,True,2159.68,0.25,106.0
TXN_005327,True,retry_later,0.654,True,10000.43,0.25,75.0
TXN_005333,True,send_reminder,0.4684,False,0.0,0.1,
TXN_005334,True,retry_later,0.5859,False,0.0,0.25,
TXN_005335,True,retry_later,0.678,True,1919.65,0.25,23.0
TXN_005336,True,retry_later,0.7353,False,0.0,0.25,
TXN_005338,True,retry_later,0.7673,True,2484.63,0.25,51.0
TXN_005340,True,retry_later,0.6166,True,2347.22,0.25,79.0
TXN_005346,True,send_reminder,0.7439,True,2172.69,0.1,67.0
TXN_005347,True,stop,0.5475,False,0.0,0.0,
TXN_005348,False,stop,0.1974,False,0.0,0.0,
TXN_005351,True,retry_later,0.638,False,0.0,0.25,
TXN_005352,True,alternate_payment,0.3927,False,0.0,0.3,
TXN_005363,True,retry_later,0.6165,True,4161.59,0.25,159.0
TXN_005367,True,retry_later,0.8044,True,8057.53,0.25,67.0
TXN_005368,True,retry_now,0.8882,True,7971.16,0.5,145.0
TXN_005369,True,retry_later,0.7327,True,7065.06,0.25,61.0
TXN_005374,True,escalate,0.2344,False,0.0,10.0,
TXN_005376,True,stop,0.5131,False,0.0,0.0,
TXN_005377,True,retry_later,0.5352,False,0.0,0.25,
TXN_005379,True,retry_now,0.941,False,0.0,0.5,
TXN_005381,True,escalate,0.3884,False,0.0,10.0,
TXN_005382,True,escalate,0.2575,False,0.0,10.0,
TXN_005383,True,retry_later,0.7138,True,2403.17,0.25,120.0
TXN_005384,True,escalate,0.3494,False,0.0,10.0,
TXN_005386,True,escalate,0.432,False,0.0,10.0,
TXN_005390,True,retry_later,0.7511,True,2155.25,0.25,100.0
TXN_005395,True,retry_later,0.7602,True,3208.0,0.25,57.0
TXN_005396,True,stop,0.2593,False,0.0,0.0,
TXN_005407,True,send_reminder,0.5078,False,0.0,0.1,
TXN_005410,True,escalate,0.3121,False,0.0,10.0,
TXN_005414,True,escalate,0.4288,True,949.73,10.0,101.0
TXN_005421,True,retry_later,0.5361,False,0.0,0.25,
TXN_005426,True,escalate,0.3093,False,0.0,10.0,
TXN_005429,True,retry_later,0.5951,True,989.39,0.25,129.0
TXN_005435,True,retry_later,0.5061,True,745.62,0.25,15.0
TXN_005437,True,retry_later,0.706,True,2515.04,0.25,11.0
TXN_005440,True,retry_later,0.7775,True,1819.54,0.25,172.0
TXN_005444,True,retry_later,0.6092,True,5107.07,0.25,122.0
TXN_005449,True,stop,0.3256,False,0.0,0.0,
TXN_005456,False,alternate_payment,0.1438,False,0.0,0.3,
TXN_005460,True,retry_later,0.8029,True,1537.59,0.25,177.0
TXN_005462,True,retry_later,0.6165,False,0.0,0.25,
TXN_005477,True,escalate,0.4246,True,8315.73,10.0,19.0
TXN_005481,True,retry_now,0.8568,True,1884.07,0.5,74.0
TXN_005483,True,send_reminder,0.5508,False,0.0,0.1,
TXN_005488,True,send_reminder,0.6833,True,4210.38,0.1,15.0
TXN_005491,True,send_reminder,0.6171,True,3853.57,0.1,173.0
TXN_005493,False,alternate_payment,0.1273,False,0.0,0.3,
TXN_005495,True,retry_now,0.97,True,2966.92,0.5,133.0
TXN_005500,True,stop,0.2507,False,0.0,0.0,
TXN_005501,True,retry_later,0.7063,True,2437.44,0.25,75.0
TXN_005504,True,retry_now,0.8571,True,1731.55,0.5,110.0
TXN_005505,True,escalate,0.3681,True,2001.47,10.0,52.0
TXN_005510,True,send_reminder,0.7453,True,5411.77,0.1,115.0
TXN_005511,True,escalate,0.2986,False,0.0,10.0,
TXN_005513,True,retry_later,0.752,True,3862.28,0.25,179.0
TXN_005520,True,retry_later,0.6575,True,2319.01,0.25,164.0
TXN_005521,True,retry_later,0.7656,False,0.0,0.25,
TXN_005524,True,retry_now,0.9455,True,2529.19,0.5,161.0
TXN_005527,True,send_reminder,0.5303,True,1804.38,0.1,148.0
TXN_005537,True,alternate_payment,0.2241,False,0.0,0.3,
TXN_005539,True,escalate,0.3891,True,8850.55,10.0,73.0
TXN_005542,True,send_reminder,0.4992,False,0.0,0.1,
TXN_005543,True,retry_later,0.6015,True,717.81,0.25,163.0
TXN_005547,True,retry_later,0.711,False,0.0,0.25,
TXN_005548,True,retry_later,0.6141,False,0.0,0.25,
TXN_005555,True,escalate,0.3424,False,0.0,10.0,
TXN_005558,True,send_reminder,0.6656,True,1489.46,0.1,86.0
TXN_005563,True,escalate,0.2844,False,0.0,10.0,
TXN_005566,True,escalate,0.3496,False,0.0,10.0,
TXN_005567,True,alternate_payment,0.266,True,1647.09,0.3,26.0
TXN_005571,True,send_reminder,0.5457,True,4116.6,0.1,163.0
TXN_005576,True,escalate,0.3829,True,641.03,10.0,94.0
TXN_005582,True,retry_later,0.5976,True,1920.32,0.25,117.0
TXN_005583,True,stop,0.7204,False,0.0,0.0,
TXN_005587,True,send_reminder,0.4626,True,9337.19,0.1,7.0
TXN_005588,True,send_reminder,0.6717,False,0.0,0.1,
TXN_005590,True,send_reminder,0.5992,True,1250.51,0.1,96.0
TXN_005592,True,retry_now,0.9059,True,1995.72,0.5,24.0
TXN_005597,True,retry_later,0.7089,True,4182.98,0.25,65.0
TXN_005599,True,send_reminder,0.4861,False,0.0,0.1,
TXN_005600,True,escalate,0.3148,False,0.0,10.0,
TXN_005604,True,retry_later,0.7185,True,548.2,0.25,32.0
TXN_005605,True,retry_later,0.7697,False,0.0,0.25,
TXN_005617,True,retry_later,0.7266,True,1425.23,0.25,144.0
TXN_005618,True,retry_later,0.7849,True,696.75,0.25,99.0
TXN_005621,True,retry_now,0.8716,True,1328.97,0.5,155.0
TXN_005622,True,escalate,0.3946,False,0.0,10.0,
TXN_005627,True,escalate,0.3932,True,5410.7,10.0,69.0
TXN_005630,True,send_reminder,0.4831,False,0.0,0.1,
TXN_005632,True,escalate,0.2844,True,1138.61,10.0,116.0
TXN_005633,True,retry_now,0.9548,True,2277.94,0.5,47.0
TXN_005636,True,alternate_payment,0.3581,False,0.0,0.3,
TXN_005638,True,retry_later,0.6542,True,1704.24,0.25,139.0
TXN_005639,False,alternate_payment,0.03,False,0.0,0.3,
TXN_005644,True,retry_now,0.9043,False,0.0,0.5,
TXN_005647,True,retry_later,0.6472,True,1541.34,0.25,109.0
TXN_005649,True,escalate,0.3945,False,0.0,10.0,
TXN_005659,True,retry_later,0.7392,False,0.0,0.25,
TXN_005665,True,retry_later,0.4964,True,2792.2,0.25,52.0
TXN_005666,True,retry_now,0.925,True,3590.43,0.5,80.0
TXN_005667,True,retry_now,0.97,True,4438.35,0.5,46.0
TXN_005669,True,retry_later,0.5869,False,0.0,0.25,
TXN_005673,True,retry_now,0.8933,True,734.62,0.5,178.0
TXN_005676,True,send_reminder,0.5198,True,3279.38,0.1,79.0
TXN_005678,True,stop,0.7662,False,0.0,0.0,
TXN_005684,True,stop,0.6177,False,0.0,0.0,
TXN_005687,True,alternate_payment,0.3311,True,1091.98,0.3,69.0
TXN_005689,True,retry_later,0.7637,True,1291.33,0.25,19.0
TXN_005690,True,escalate,0.4308,True,5550.93,10.0,120.0
TXN_005691,True,retry_later,0.489,True,2217.8,0.25,171.0
TXN_005693,True,retry_later,0.7068,True,2380.32,0.25,123.0
TXN_005694,True,retry_now,0.964,True,4278.93,0.5,154.0
TXN_005698,True,retry_later,0.7515,True,4325.09,0.25,154.0
TXN_005702,True,retry_later,0.7564,True,10345.77,0.25,121.0
TXN_005706,True,retry_later,0.8043,True,2373.32,0.25,158.0
TXN_005707,True,escalate,0.2443,False,0.0,10.0,
TXN_005710,True,retry_now,0.8861,True,9771.58,0.5,5.0
TXN_005711,True,retry_later,0.63,True,2660.34,0.25,30.0
TXN_005712,True,retry_now,0.97,True,3083.19,0.5,57.0
TXN_005713,True,retry_later,0.7046,True,3083.24,0.25,67.0
TXN_005714,True,send_reminder,0.5143,False,0.0,0.1,
TXN_005715,True,retry_now,0.9217,True,1116.16,0.5,144.0
TXN_005716,True,retry_later,0.5626,True,501.09,0.25,4.0
TXN_005718,False,stop,0.1639,False,0.0,0.0,
TXN_005723,True,retry_later,0.6162,True,2237.64,0.25,79.0
TXN_005729,True,escalate,0.3904,False,0.0,10.0,
TXN_005738,True,retry_now,0.9437,False,0.0,0.5,
TXN_005743,True,retry_later,0.6091,True,3310.97,0.25,170.0
TXN_005752,True,retry_later,0.8177,True,3394.41,0.25,164.0
TXN_005753,True,retry_later,0.7089,True,551.9,0.25,138.0
TXN_005754,True,send_reminder,0.5306,True,445.2,0.1,44.0
TXN_005755,True,escalate,0.3767,False,0.0,10.0,
TXN_005756,True,retry_later,0.8428,False,0.0,0.25,
TXN_005760,True,retry_later,0.5991,False,0.0,0.25,
TXN_005764,True,send_reminder,0.5294,True,1662.09,0.1,113.0
TXN_005766,True,retry_later,0.5227,True,2354.22,0.25,94.0
TXN_005770,True,retry_now,0.8983,False,0.0,0.5,
TXN_005772,False,alternate_payment,0.1865,False,0.0,0.3,
TXN_005773,True,retry_now,0.9125,True,7031.55,0.5,86.0
TXN_005777,True,retry_later,0.8374,False,0.0,0.25,
TXN_005780,True,send_reminder,0.5628,True,360.37,0.1,178.0
TXN_005781,True,escalate,0.3536,False,0.0,10.0,
TXN_005784,True,send_reminder,0.5862,False,0.0,0.1,
TXN_005787,True,send_reminder,0.6238,True,5561.84,0.1,27.0
TXN_005791,True,retry_later,0.6897,False,0.0,0.25,
TXN_005795,True,escalate,0.4101,True,4662.97,10.0,178.0
TXN_005798,True,stop,0.4607,False,0.0,0.0,
TXN_005803,True,escalate,0.3047,False,0.0,10.0,
TXN_005805,True,retry_later,0.7363,True,1548.28,0.25,144.0
TXN_005807,True,send_reminder,0.7598,True,4175.61,0.1,143.0
TXN_005809,True,retry_now,0.9478,True,472.11,0.5,139.0
TXN_005813,True,retry_later,0.6656,True,1729.62,0.25,125.0
TXN_005816,True,retry_later,0.5451,True,1541.2,0.25,146.0
TXN_005824,True,retry_later,0.4508,True,3690.29,0.25,21.0
TXN_005831,True,send_reminder,0.5831,False,0.0,0.1,
TXN_005832,True,escalate,0.3,False,0.0,10.0,
TXN_005835,True,escalate,0.412,False,0.0,10.0,
TXN_005847,True,send_reminder,0.6807,True,2650.48,0.1,27.0
TXN_005848,True,retry_later,0.6185,True,1120.73,0.25,178.0
TXN_005849,True,retry_later,0.7995,True,3849.92,0.25,148.0
TXN_005860,True,retry_later,0.8188,True,2703.61,0.25,76.0
TXN_005864,True,escalate,0.3824,True,3379.48,10.0,98.0
TXN_005870,True,retry_later,0.7882,True,2823.51,0.25,70.0
TXN_005875,True,retry_now,0.97,True,1223.47,0.5,142.0
TXN_005877,True,escalate,0.2305,False,0.0,10.0,
TXN_005878,True,send_reminder,0.4573,True,1402.97,0.1,133.0
TXN_005881,True,retry_later,0.7301,True,8082.89,0.25,119.0
TXN_005885,True,retry_now,0.9343,True,3015.69,0.5,15.0
TXN_005888,True,retry_later,0.4803,False,0.0,0.25,
TXN_005889,True,alternate_payment,0.4545,False,0.0,0.3,
TXN_005890,False,alternate_payment,0.1617,False,0.0,0.3,
TXN_005896,True,retry_now,0.8867,False,0.0,0.5,
TXN_005898,True,retry_later,0.5163,True,2341.24,0.25,111.0
TXN_005905,True,escalate,0.4175,False,0.0,10.0,
TXN_005912,True,escalate,0.4203,True,1073.75,10.0,179.0
TXN_005921,True,escalate,0.3694,False,0.0,10.0,
TXN_005924,True,escalate,0.2757,False,0.0,10.0,
TXN_005926,True,retry_now,0.9395,True,2033.85,0.5,115.0
TXN_005927,False,alternate_payment,0.1013,False,0.0,0.3,
TXN_005928,False,alternate_payment,0.1918,False,0.0,0.3,
TXN_005930,True,stop,0.7134,False,0.0,0.0,
TXN_005932,True,alternate_payment,0.2221,False,0.0,0.3,
TXN_005934,True,stop,0.4597,False,0.0,0.0,
TXN_005941,True,retry_later,0.4945,True,3511.38,0.25,77.0
TXN_005947,True,retry_later,0.7562,True,2951.84,0.25,85.0
TXN_005950,True,retry_later,0.6227,True,1920.54,0.25,149.0
TXN_005953,True,escalate,0.4428,True,3328.06,10.0,177.0
TXN_005958,True,escalate,0.4067,False,0.0,10.0,
TXN_005960,True,escalate,0.4337,False,0.0,10.0,
TXN_005961,True,escalate,0.4361,False,0.0,10.0,
TXN_005968,True,retry_now,0.97,True,1414.23,0.5,160.0
TXN_005970,True,escalate,0.3897,False,0.0,10.0,
TXN_005975,True,retry_later,0.5216,True,1641.61,0.25,109.0
TXN_005981,True,send_reminder,0.6609,False,0.0,0.1,
TXN_005985,True,retry_later,0.7817,False,0.0,0.25,
TXN_005991,True,retry_later,0.48,False,0.0,0.25,
TXN_006008,True,send_reminder,0.7098,True,1521.34,0.1,62.0
TXN_006011,True,send_reminder,0.5119,False,0.0,0.1,
TXN_006015,True,retry_now,0.8829,True,1083.05,0.5,25.0
TXN_006022,True,retry_later,0.7882,True,1391.91,0.25,19.0
TXN_006023,True,escalate,0.4239,True,5982.23,10.0,120.0
TXN_006025,True,retry_later,0.6365,True,2674.31,0.25,29.0
TXN_006030,True,escalate,0.2821,False,0.0,10.0,
TXN_006031,True,retry_later,0.8186,True,2119.83,0.25,142.0
TXN_006037,True,escalate,0.3852,True,1271.88,10.0,8.0
TXN_006039,True,retry_now,0.8822,False,0.0,0.5,
TXN_006041,True,retry_later,0.5788,True,6215.89,0.25,10.0
TXN_006042,True,escalate,0.4339,False,0.0,10.0,
TXN_006049,True,retry_later,0.6345,False,0.0,0.25,
TXN_006050,True,send_reminder,0.5544,True,4223.95,0.1,6.0
TXN_006055,True,alternate_payment,0.2306,True,3917.99,0.3,101.0
TXN_006061,True,retry_later,0.7269,True,3731.78,0.25,13.0
TXN_006065,True,retry_later,0.6215,False,0.0,0.25,
TXN_006067,True,escalate,0.3983,True,2557.76,10.0,162.0
TXN_006073,True,retry_later,0.5856,True,821.66,0.25,52.0
TXN_006074,True,retry_later,0.7285,False,0.0,0.25,
TXN_006075,True,escalate,0.3143,False,0.0,10.0,
TXN_006076,True,retry_later,0.7994,False,0.0,0.25,
TXN_006080,True,escalate,0.4413,False,0.0,10.0,
TXN_006081,True,retry_now,0.9066,True,6644.59,0.5,31.0
TXN_006083,True,stop,0.6391,False,0.0,0.0,
TXN_006087,True,retry_later,0.7143,True,8868.8,0.25,37.0
TXN_006092,True,retry_later,0.5911,True,5304.92,0.25,34.0
TXN_006096,True,retry_now,0.8811,True,7564.51,0.5,39.0
TXN_006100,True,stop,0.4716,False,0.0,0.0,
TXN_006102,True,retry_later,0.7881,True,1586.0,0.25,160.0
TXN_006103,True,stop,0.4911,False,0.0,0.0,
TXN_006104,True,escalate,0.4125,True,2926.45,10.0,100.0
TXN_006107,True,retry_now,0.9,True,1608.87,0.5,41.0
TXN_006109,True,retry_later,0.8401,True,4232.75,0.25,161.0
TXN_006110,True,escalate,0.3062,False,0.0,10.0,
TXN_006121,True,retry_later,0.5904,True,12304.73,0.25,172.0
TXN_006124,True,retry_later,0.4937,False,0.0,0.25,
TXN_006127,True,send_reminder,0.4697,False,0.0,0.1,
TXN_006130,True,retry_now,0.8915,False,0.0,0.5,
TXN_006131,True,escalate,0.4334,False,0.0,10.0,
TXN_006132,True,retry_later,0.6547,False,0.0,0.25,
TXN_006134,True,retry_later,0.4772,True,1303.15,0.25,119.0
TXN_006141,True,escalate,0.281,False,0.0,10.0,
TXN_006144,True,retry_later,0.7777,True,3956.14,0.25,134.0
TXN_006146,True,send_reminder,0.4919,False,0.0,0.1,
TXN_006147,True,escalate,0.2543,False,0.0,10.0,
TXN_006151,False,alternate_payment,0.1123,False,0.0,0.3,
TXN_006154,True,retry_later,0.6547,False,0.0,0.25,
TXN_006157,True,escalate,0.4292,False,0.0,10.0,
TXN_006158,True,send_reminder,0.4809,True,735.9,0.1,159.0
TXN_006166,True,retry_now,0.8911,True,1513.37,0.5,91.0
TXN_006167,True,retry_later,0.8063,True,6359.74,0.25,15.0
TXN_006172,True,send_reminder,0.4877,False,0.0,0.1,
TXN_006176,True,retry_later,0.6602,True,2523.07,0.25,13.0
TXN_006178,True,send_reminder,0.6518,False,0.0,0.1,
TXN_006181,True,send_reminder,0.5048,False,0.0,0.1,
TXN_006182,True,retry_later,0.6022,False,0.0,0.25,
TXN_006192,True,retry_later,0.7518,True,1642.26,0.25,33.0
TXN_006193,True,retry_later,0.5463,True,1900.09,0.25,58.0
TXN_006197,True,alternate_payment,0.408,False,0.0,0.3,
TXN_006198,True,retry_later,0.7035,True,1258.11,0.25,100.0
TXN_006204,True,alternate_payment,0.2865,False,0.0,0.3,
TXN_006207,True,escalate,0.4189,False,0.0,10.0,
TXN_006210,True,escalate,0.41,True,771.48,10.0,96.0
TXN_006216,True,send_reminder,0.5551,False,0.0,0.1,
TXN_006223,True,retry_now,0.9283,True,5085.84,0.5,108.0
TXN_006231,True,retry_later,0.7058,True,8548.27,0.25,52.0
TXN_006237,True,escalate,0.4095,False,0.0,10.0,
TXN_006239,True,retry_later,0.4663,True,1113.64,0.25,173.0
TXN_006241,True,send_reminder,0.4814,False,0.0,0.1,
TXN_006244,True,escalate,0.3623,False,0.0,10.0,
TXN_006246,True,send_reminder,0.6142,False,0.0,0.1,
TXN_006255,True,retry_later,0.73,True,2621.12,0.25,14.0
TXN_006257,True,escalate,0.3996,False,0.0,10.0,
TXN_006259,True,escalate,0.4241,False,0.0,10.0,
TXN_006261,True,retry_later,0.5146,True,4270.0,0.25,133.0
TXN_006262,True,retry_later,0.762,True,1951.41,0.25,146.0
TXN_006267,True,escalate,0.376,True,3163.63,10.0,43.0
TXN_006280,True,retry_later,0.8225,True,2924.83,0.25,93.0
TXN_006284,True,stop,0.2454,False,0.0,0.0,
TXN_006286,True,send_reminder,0.593,True,1693.25,0.1,52.0
TXN_006289,True,retry_later,0.7151,False,0.0,0.25,
TXN_006300,True,escalate,0.4041,False,0.0,10.0,
TXN_006304,True,escalate,0.4067,False,0.0,10.0,
TXN_006307,True,escalate,0.4342,False,0.0,10.0,
TXN_006310,True,retry_later,0.7656,False,0.0,0.25,
TXN_006315,True,retry_now,0.97,True,1026.03,0.5,14.0
TXN_006318,True,retry_later,0.805,False,0.0,0.25,
TXN_006320,True,escalate,0.4099,False,0.0,10.0,
TXN_006322,True,escalate,0.3983,False,0.0,10.0,
TXN_006325,True,retry_now,0.8596,True,2896.59,0.5,148.0
TXN_006331,True,retry_now,0.9497,True,2460.25,0.5,23.0
TXN_006332,True,retry_later,0.5707,True,1903.07,0.25,48.0
TXN_006334,True,escalate,0.347,True,2231.21,10.0,127.0
TXN_006338,True,escalate,0.2372,False,0.0,10.0,
TXN_006341,True,escalate,0.2961,False,0.0,10.0,
TXN_006347,True,send_reminder,0.6492,True,1267.23,0.1,63.0
TXN_006348,True,retry_later,0.6071,True,936.34,0.25,102.0
TXN_006349,True,retry_later,0.5926,True,1009.07,0.25,14.0
TXN_006350,True,retry_later,0.5804,True,2743.89,0.25,40.0
TXN_006352,True,stop,0.47,False,0.0,0.0,
TXN_006360,True,retry_later,0.8012,True,4044.59,0.25,138.0
TXN_006365,True,escalate,0.292,True,1319.82,10.0,83.0
TXN_006369,True,retry_later,0.6687,False,0.0,0.25,
TXN_006372,True,retry_later,0.7791,False,0.0,0.25,
TXN_006375,True,retry_now,0.895,True,1734.93,0.5,20.0
TXN_006383,True,retry_later,0.6638,True,3853.56,0.25,139.0
TXN_006385,True,send_reminder,0.4847,True,2724.04,0.1,68.0
TXN_006386,False,alternate_payment,0.0563,False,0.0,0.3,
TXN_006389,True,escalate,0.3292,False,0.0,10.0,
TXN_006392,True,retry_later,0.6514,True,1526.36,0.25,24.0
TXN_006397,True,retry_later,0.7863,True,2650.47,0.25,162.0
TXN_006401,True,retry_later,0.5948,False,0.0,0.25,
TXN_006402,True,retry_now,0.97,False,0.0,0.5,
TXN_006404,True,escalate,0.4474,False,0.0,10.0,
TXN_006409,True,escalate,0.2675,False,0.0,10.0,
TXN_006422,True,retry_later,0.5105,False,0.0,0.25,
TXN_006423,True,alternate_payment,0.3044,False,0.0,0.3,
TXN_006428,True,retry_later,0.514,True,11118.95,0.25,141.0
TXN_006430,True,retry_later,0.5062,False,0.0,0.25,
TXN_006431,True,retry_later,0.8122,True,8944.76,0.25,100.0
TXN_006434,True,escalate,0.4244,False,0.0,10.0,
TXN_006436,True,retry_now,0.8763,True,3999.57,0.5,92.0
TXN_006445,True,alternate_payment,0.3129,False,0.0,0.3,
TXN_006450,True,retry_later,0.6742,True,2617.27,0.25,149.0
TXN_006454,False,stop,0.1579,False,0.0,0.0,
TXN_006455,False,stop,0.1652,False,0.0,0.0,
TXN_006458,True,retry_later,0.5901,False,0.0,0.25,
TXN_006459,True,retry_later,0.4531,True,1552.65,0.25,83.0
TXN_006463,True,retry_later,0.5962,True,2127.18,0.25,91.0
TXN_006464,True,escalate,0.3798,False,0.0,10.0,
TXN_006465,True,send_reminder,0.734,True,1167.41,0.1,127.0
TXN_006468,True,stop,0.5523,False,0.0,0.0,
TXN_006470,True,retry_later,0.8068,True,3878.72,0.25,142.0
TXN_006471,True,send_reminder,0.4645,False,0.0,0.1,
TXN_006473,True,escalate,0.4163,False,0.0,10.0,
TXN_006474,True,retry_now,0.97,False,0.0,0.5,
TXN_006475,True,send_reminder,0.6086,False,0.0,0.1,
TXN_006484,True,retry_later,0.5161,False,0.0,0.25,
TXN_006503,True,retry_now,0.8544,True,5914.54,0.5,97.0
TXN_006509,True,send_reminder,0.4923,False,0.0,0.1,
TXN_006510,True,escalate,0.413,False,0.0,10.0,
TXN_006513,True,escalate,0.3879,False,0.0,10.0,
TXN_006515,False,alternate_payment,0.0786,False,0.0,0.3,
TXN_006520,True,retry_later,0.7451,True,3514.03,0.25,136.0
TXN_006521,True,retry_later,0.6751,False,0.0,0.25,
TXN_006528,True,escalate,0.2485,True,885.98,10.0,123.0
TXN_006531,True,alternate_payment,0.2572,False,0.0,0.3,
TXN_006532,True,retry_now,0.9294,True,1267.15,0.5,38.0
TXN_006533,True,stop,0.4726,False,0.0,0.0,
TXN_006540,True,alternate_payment,0.2061,False,0.0,0.3,
TXN_006543,True,retry_later,0.6304,True,5914.52,0.25,19.0
TXN_006545,True,escalate,0.3777,False,0.0,10.0,
TXN_006546,True,escalate,0.2134,False,0.0,10.0,
TXN_006553,True,retry_later,0.6808,False,0.0,0.25,
TXN_006555,True,stop,0.3307,False,0.0,0.0,
TXN_006556,True,stop,0.6719,False,0.0,0.0,
TXN_006557,True,retry_later,0.5317,True,8375.42,0.25,95.0
TXN_006562,True,escalate,0.4393,True,1784.09,10.0,145.0
TXN_006566,True,send_reminder,0.4617,True,2441.04,0.1,177.0
TXN_006568,True,send_reminder,0.7686,False,0.0,0.1,
TXN_006569,True,retry_later,0.7609,True,989.63,0.25,11.0
TXN_006573,True,escalate,0.2315,False,0.0,10.0,
TXN_006577,True,retry_now,0.8907,True,1555.47,0.5,132.0
TXN_006578,True,retry_later,0.5412,False,0.0,0.25,
TXN_006586,True,escalate,0.3039,False,0.0,10.0,
TXN_006608,True,retry_later,0.6104,False,0.0,0.25,
TXN_006610,True,send_reminder,0.492,False,0.0,0.1,
TXN_006612,True,retry_now,0.97,True,6845.22,0.5,52.0
TXN_006621,True,escalate,0.3779,True,2102.43,10.0,152.0
TXN_006631,False,stop,0.1307,False,0.0,0.0,
TXN_006632,True,retry_later,0.7257,True,1815.26,0.25,173.0
TXN_006634,True,stop,0.2962,False,0.0,0.0,
TXN_006636,True,retry_later,0.6567,True,3641.28,0.25,177.0
TXN_006637,True,escalate,0.3792,False,0.0,10.0,
TXN_006642,True,retry_later,0.4995,True,945.07,0.25,72.0
TXN_006643,True,retry_later,0.6267,True,553.92,0.25,52.0
TXN_006647,True,escalate,0.3323,True,2074.23,10.0,70.0
TXN_006649,True,retry_later,0.4673,True,1416.41,0.25,179.0
TXN_006650,True,stop,0.5811,False,0.0,0.0,
TXN_006653,True,send_reminder,0.6852,False,0.0,0.1,
TXN_006654,True,retry_later,0.6916,True,3492.4,0.25,65.0
TXN_006655,True,retry_later,0.6734,False,0.0,0.25,
TXN_006657,True,send_reminder,0.6457,False,0.0,0.1,
TXN_006658,True,retry_now,0.9342,False,0.0,0.5,
TXN_006661,True,retry_later,0.7789,True,1871.65,0.25,13.0
TXN_006666,True,send_reminder,0.5348,False,0.0,0.1,
TXN_006667,True,escalate,0.4342,True,3037.81,10.0,32.0
TXN_006668,True,retry_later,0.8417,True,5741.22,0.25,29.0
TXN_006670,True,retry_later,0.8211,False,0.0,0.25,
TXN_006671,True,escalate,0.4349,True,3191.12,10.0,22.0
TXN_006672,True,retry_later,0.5874,True,719.12,0.25,76.0
TXN_006675,True,retry_later,0.5083,False,0.0,0.25,
TXN_006679,True,retry_later,0.6554,False,0.0,0.25,
TXN_006680,True,escalate,0.3174,False,0.0,10.0,
TXN_006682,True,retry_now,0.8703,True,618.89,0.5,12.0
TXN_006685,True,retry_later,0.5749,True,5074.05,0.25,16.0
TXN_006686,True,escalate,0.207,False,0.0,10.0,
TXN_006687,True,retry_later,0.5204,False,0.0,0.25,
TXN_006688,True,retry_later,0.5327,True,1168.97,0.25,54.0
TXN_006702,True,escalate,0.3482,True,6432.65,10.0,87.0
TXN_006703,True,retry_later,0.6693,False,0.0,0.25,
TXN_006706,True,retry_later,0.4564,False,0.0,0.25,
TXN_006713,True,alternate_payment,0.4427,False,0.0,0.3,
TXN_006714,True,retry_later,0.6752,True,3907.0,0.25,56.0
TXN_006715,True,retry_now,0.8665,True,2504.42,0.5,73.0
TXN_006720,True,retry_later,0.696,True,776.7,0.25,37.0
TXN_006732,True,escalate,0.3959,False,0.0,10.0,
TXN_006734,True,retry_now,0.8923,True,390.32,0.5,55.0
TXN_006741,True,escalate,0.24,False,0.0,10.0,
TXN_006746,True,escalate,0.3015,False,0.0,10.0,
TXN_006748,True,retry_now,0.8701,True,2302.21,0.5,9.0
TXN_006749,True,retry_later,0.8155,True,1149.28,0.25,62.0
TXN_006756,True,send_reminder,0.5642,False,0.0,0.1,
TXN_006760,True,send_reminder,0.5554,False,0.0,0.1,
TXN_006761,True,retry_later,0.5507,True,1889.63,0.25,143.0
TXN_006763,True,escalate,0.2593,False,0.0,10.0,
TXN_006765,True,retry_later,0.6954,True,4609.19,0.25,43.0
TXN_006771,False,stop,0.1771,False,0.0,0.0,
TXN_006785,True,escalate,0.3958,False,0.0,10.0,
TXN_006787,True,escalate,0.4294,False,0.0,10.0,
TXN_006790,True,send_reminder,0.6529,False,0.0,0.1,
TXN_006792,True,retry_now,0.9405,True,1549.6,0.5,35.0
TXN_006797,True,retry_later,0.5032,True,1540.48,0.25,12.0
TXN_006800,True,retry_later,0.6178,True,1379.46,0.25,100.0
TXN_006801,False,alternate_payment,0.1329,False,0.0,0.3,
TXN_006805,True,retry_later,0.633,True,2868.83,0.25,66.0
TXN_006806,True,send_reminder,0.6096,True,9549.94,0.1,31.0
TXN_006807,True,send_reminder,0.4923,True,2318.41,0.1,119.0
TXN_006811,True,stop,0.6012,False,0.0,0.0,
TXN_006813,True,retry_later,0.4787,False,0.0,0.25,
TXN_006815,True,escalate,0.2966,False,0.0,10.0,
TXN_006816,False,alternate_payment,0.03,False,0.0,0.3,
TXN_006817,True,retry_later,0.5526,False,0.0,0.25,
TXN_006818,True,send_reminder,0.6621,True,1572.94,0.1,167.0
TXN_006828,True,retry_later,0.6969,True,1473.37,0.25,58.0
TXN_006829,True,escalate,0.4301,False,0.0,10.0,
TXN_006835,True,retry_later,0.556,True,5409.41,0.25,38.0
TXN_006836,True,retry_now,0.9011,True,2165.25,0.5,42.0
TXN_006838,True,retry_now,0.8642,True,1876.84,0.5,112.0
TXN_006839,True,retry_later,0.8133,False,0.0,0.25,
TXN_006841,True,send_reminder,0.5806,False,0.0,0.1,
TXN_006842,True,retry_later,0.7613,True,6897.78,0.25,169.0
TXN_006851,True,escalate,0.309,False,0.0,10.0,
TXN_006858,True,retry_now,0.9659,True,6992.95,0.5,114.0
TXN_006860,True,retry_later,0.6722,True,3564.11,0.25,23.0
TXN_006862,True,escalate,0.328,False,0.0,10.0,
TXN_006863,True,retry_later,0.6287,True,728.92,0.25,156.0
TXN_006865,True,escalate,0.4407,True,1808.92,10.0,43.0
TXN_006866,True,retry_now,0.8994,True,1592.67,0.5,158.0
TXN_006870,True,send_reminder,0.6553,False,0.0,0.1,
TXN_006871,True,retry_later,0.7507,False,0.0,0.25,
TXN_006872,True,retry_later,0.6237,True,2299.22,0.25,85.0
TXN_006877,True,retry_later,0.4658,True,2372.42,0.25,30.0
TXN_006881,True,send_reminder,0.7896,True,821.11,0.1,180.0
TXN_006887,True,retry_later,0.599,False,0.0,0.25,
TXN_006889,True,send_reminder,0.6417,False,0.0,0.1,
TXN_006893,True,retry_later,0.4586,True,4227.91,0.25,32.0
TXN_006894,True,retry_now,0.9008,False,0.0,0.5,
TXN_006895,False,alternate_payment,0.1939,True,998.69,0.3,66.0
TXN_006901,True,escalate,0.3638,True,4603.67,10.0,163.0
TXN_006903,True,stop,0.401,False,0.0,0.0,
TXN_006904,True,escalate,0.3093,False,0.0,10.0,
TXN_006910,True,send_reminder,0.5384,True,2715.69,0.1,75.0
TXN_006915,True,send_reminder,0.4554,False,0.0,0.1,
TXN_006917,True,retry_now,0.902,True,3976.62,0.5,19.0
TXN_006919,True,escalate,0.4332,True,2109.84,10.0,97.0
TXN_006920,True,escalate,0.3056,False,0.0,10.0,
TXN_006923,True,retry_later,0.771,False,0.0,0.25,
TXN_006925,True,retry_now,0.9665,True,374.66,0.5,99.0
TXN_006926,False,stop,0.1948,False,0.0,0.0,
TXN_006929,True,retry_later,0.5454,True,9248.36,0.25,160.0
TXN_006937,True,retry_now,0.913,True,2960.54,0.5,122.0
TXN_006938,True,retry_later,0.6846,True,6269.24,0.25,24.0
TXN_006939,True,escalate,0.3604,False,0.0,10.0,
TXN_006944,True,escalate,0.3622,True,2060.06,10.0,64.0
TXN_006950,True,escalate,0.3623,True,2193.16,10.0,36.0
TXN_006951,False,alternate_payment,0.0865,False,0.0,0.3,
TXN_006955,True,retry_later,0.6329,True,6949.13,0.25,88.0
TXN_006958,True,retry_later,0.6887,True,5105.05,0.25,58.0
TXN_006961,True,send_reminder,0.6375,True,785.67,0.1,22.0
TXN_006967,True,retry_later,0.5915,True,1208.94,0.25,146.0
TXN_006973,True,retry_later,0.614,True,985.91,0.25,107.0
TXN_006974,True,escalate,0.2911,True,5767.63,10.0,107.0
TXN_006979,True,escalate,0.4293,False,0.0,10.0,
TXN_006980,True,send_reminder,0.5319,True,640.39,0.1,107.0
TXN_006983,True,retry_later,0.6331,True,1344.82,0.25,55.0
TXN_006984,True,retry_later,0.7808,True,1421.04,0.25,97.0
TXN_006991,True,retry_now,0.8565,True,1878.71,0.5,114.0
TXN_006997,True,stop,0.6035,False,0.0,0.0,
TXN_007008,True,retry_later,0.5814,True,7035.14,0.25,81.0
TXN_007010,True,escalate,0.2414,True,2358.4,10.0,125.0
TXN_007011,True,send_reminder,0.6196,True,8811.28,0.1,146.0
TXN_007014,True,escalate,0.3807,True,2781.49,10.0,103.0
TXN_007016,True,retry_later,0.7624,True,857.76,0.25,2.0
TXN_007022,True,retry_later,0.6479,True,2949.45,0.25,99.0
TXN_007025,True,retry_later,0.6884,True,1580.41,0.25,84.0
TXN_007029,True,retry_later,0.75,True,2505.62,0.25,69.0
TXN_007030,True,retry_later,0.7027,True,2223.44,0.25,25.0
TXN_007037,True,retry_later,0.6567,True,4129.27,0.25,116.0
TXN_007039,True,send_reminder,0.5393,False,0.0,0.1,
TXN_007050,True,retry_later,0.6733,True,948.05,0.25,88.0
TXN_007057,True,retry_later,0.8306,False,0.0,0.25,
TXN_007058,False,stop,0.1978,False,0.0,0.0,
TXN_007059,True,escalate,0.3231,False,0.0,10.0,
TXN_007065,True,escalate,0.3155,True,1768.23,10.0,19.0
TXN_007068,False,alternate_payment,0.1519,False,0.0,0.3,
TXN_007069,True,retry_later,0.7482,True,515.92,0.25,142.0
TXN_007072,True,retry_later,0.8259,True,883.25,0.25,125.0
TXN_007074,True,escalate,0.4324,False,0.0,10.0,
TXN_007081,True,escalate,0.4111,False,0.0,10.0,
TXN_007083,True,escalate,0.2713,False,0.0,10.0,
TXN_007086,True,retry_later,0.618,True,1680.79,0.25,116.0
TXN_007089,True,retry_later,0.5193,True,4723.62,0.25,134.0
TXN_007090,True,send_reminder,0.4988,False,0.0,0.1,
TXN_007091,True,retry_later,0.7087,False,0.0,0.25,
TXN_007092,True,retry_now,0.9334,False,0.0,0.5,
TXN_007095,True,send_reminder,0.5011,True,3594.19,0.1,125.0
TXN_007099,True,escalate,0.385,False,0.0,10.0,
TXN_007100,True,escalate,0.3795,True,2351.49,10.0,129.0
TXN_007116,True,escalate,0.2819,False,0.0,10.0,
TXN_007129,True,retry_later,0.5077,False,0.0,0.25,
TXN_007131,True,retry_later,0.8324,True,2705.6,0.25,67.0
TXN_007135,True,retry_now,0.9568,True,6890.08,0.5,110.0
TXN_007136,True,retry_later,0.7953,True,2897.4,0.25,86.0
TXN_007137,True,stop,0.4469,False,0.0,0.0,
TXN_007141,True,escalate,0.2312,False,0.0,10.0,
TXN_007143,True,retry_later,0.663,False,0.0,0.25,
TXN_007145,True,retry_later,0.4857,True,1042.52,0.25,35.0
TXN_007148,True,retry_later,0.7981,True,817.41,0.25,175.0
TXN_007151,True,retry_later,0.7561,True,4661.96,0.25,134.0
TXN_007153,True,retry_later,0.7153,False,0.0,0.25,
TXN_007156,True,retry_now,0.8532,True,4301.04,0.5,92.0
TXN_007160,True,retry_later,0.6976,True,1113.97,0.25,28.0
TXN_007162,True,retry_later,0.6945,True,1907.27,0.25,9.0
TXN_007174,True,retry_later,0.6241,True,912.41,0.25,141.0
TXN_007177,True,retry_later,0.6345,False,0.0,0.25,
TXN_007180,True,escalate,0.4236,True,428.19,10.0,30.0
TXN_007182,False,stop,0.1556,False,0.0,0.0,
TXN_007191,True,escalate,0.3486,True,5041.34,10.0,50.0
TXN_007195,True,retry_later,0.6146,True,4241.03,0.25,110.0
TXN_007196,True,escalate,0.4276,True,8804.0,10.0,126.0
TXN_007198,True,retry_later,0.467,False,0.0,0.25,
TXN_007209,True,send_reminder,0.7506,False,0.0,0.1,
TXN_007213,True,escalate,0.4386,True,2500.17,10.0,129.0
TXN_007217,True,send_reminder,0.6901,True,7387.94,0.1,21.0
TXN_007221,True,send_reminder,0.5081,False,0.0,0.1,
TXN_007222,True,retry_now,0.9307,True,7615.48,0.5,85.0
TXN_007224,True,escalate,0.3868,False,0.0,10.0,
TXN_007238,True,retry_later,0.5586,True,1990.84,0.25,13.0
TXN_007239,True,retry_later,0.7689,False,0.0,0.25,
TXN_007251,True,alternate_payment,0.2613,True,3960.42,0.3,11.0
TXN_007257,True,retry_now,0.9442,True,1404.11,0.5,154.0
TXN_007259,True,retry_later,0.7742,True,2367.27,0.25,13.0
TXN_007264,True,escalate,0.3389,False,0.0,10.0,
TXN_007266,True,escalate,0.2974,True,8237.99,10.0,31.0
TXN_007268,True,escalate,0.3647,False,0.0,10.0,
TXN_007269,True,escalate,0.4324,True,3366.94,10.0,57.0
TXN_007276,True,retry_now,0.97,True,2828.14,0.5,86.0
TXN_007278,True,escalate,0.2951,False,0.0,10.0,
TXN_007282,True,escalate,0.3448,False,0.0,10.0,
TXN_007288,True,retry_later,0.745,True,928.3,0.25,177.0
TXN_007292,True,retry_later,0.6558,False,0.0,0.25,
TXN_007294,False,stop,0.03,False,0.0,0.0,
TXN_007296,True,alternate_payment,0.2586,False,0.0,0.3,
TXN_007298,True,escalate,0.2503,False,0.0,10.0,
TXN_007302,True,send_reminder,0.7165,True,17205.85,0.1,167.0
TXN_007304,True,escalate,0.3837,False,0.0,10.0,
TXN_007314,True,escalate,0.3023,False,0.0,10.0,
TXN_007320,True,send_reminder,0.5435,True,7624.48,0.1,7.0
TXN_007325,True,retry_later,0.648,True,3194.09,0.25,125.0
TXN_007326,True,retry_now,0.9006,True,1662.15,0.5,36.0
TXN_007330,False,alternate_payment,0.1447,False,0.0,0.3,
TXN_007334,True,retry_later,0.4505,False,0.0,0.25,
TXN_007335,True,retry_later,0.561,False,0.0,0.25,
TXN_007338,True,alternate_payment,0.2017,True,1724.64,0.3,13.0
TXN_007355,True,escalate,0.3954,False,0.0,10.0,
TXN_007356,True,retry_later,0.5185,False,0.0,0.25,
TXN_007357,False,alternate_payment,0.1361,False,0.0,0.3,
TXN_007358,True,alternate_payment,0.2227,True,1173.2,0.3,180.0
TXN_007362,True,stop,0.382,False,0.0,0.0,
TXN_007370,True,stop,0.4517,False,0.0,0.0,
TXN_007373,True,send_reminder,0.541,False,0.0,0.1,
TXN_007376,False,stop,0.03,False,0.0,0.0,
TXN_007377,True,retry_later,0.6948,False,0.0,0.25,
TXN_007379,True,escalate,0.2842,False,0.0,10.0,
TXN_007385,True,retry_later,0.7194,True,487.33,0.25,155.0
TXN_007389,True,escalate,0.4342,False,0.0,10.0,
TXN_007392,False,alternate_payment,0.1167,True,2829.39,0.3,85.0
TXN_007395,True,alternate_payment,0.2499,False,0.0,0.3,
TXN_007396,True,stop,0.2259,False,0.0,0.0,
TXN_007402,True,send_reminder,0.6731,True,1372.71,0.1,20.0
TXN_007403,False,alternate_payment,0.193,False,0.0,0.3,
TXN_007405,True,retry_later,0.5483,True,3805.94,0.25,2.0
TXN_007414,True,retry_later,0.5796,True,2465.28,0.25,19.0
TXN_007415,True,retry_later,0.7551,False,0.0,0.25,
TXN_007416,True,retry_later,0.7466,True,1522.07,0.25,78.0
TXN_007419,True,escalate,0.3549,False,0.0,10.0,
TXN_007420,True,retry_later,0.826,True,1579.05,0.25,80.0
TXN_007422,True,stop,0.6775,False,0.0,0.0,
TXN_007424,True,retry_later,0.6812,True,4148.98,0.25,19.0
TXN_007426,True,retry_later,0.5869,False,0.0,0.25,
TXN_007428,True,retry_later,0.6861,True,1845.42,0.25,124.0
TXN_007430,True,retry_later,0.7753,True,5045.65,0.25,98.0
TXN_007439,True,send_reminder,0.7016,True,10357.72,0.1,102.0
TXN_007449,True,escalate,0.3256,True,3273.97,10.0,39.0
TXN_007451,True,retry_later,0.7304,True,227.37,0.25,57.0
TXN_007452,True,retry_later,0.5392,True,4333.76,0.25,63.0
TXN_007453,True,retry_later,0.754,False,0.0,0.25,
TXN_007454,True,retry_later,0.4592,False,0.0,0.25,
TXN_007455,True,retry_later,0.5052,True,1919.02,0.25,80.0
TXN_007460,True,escalate,0.2819,True,5849.03,10.0,144.0
TXN_007473,True,retry_later,0.7064,False,0.0,0.25,
TXN_007474,True,send_reminder,0.5207,False,0.0,0.1,
TXN_007478,False,stop,0.1661,False,0.0,0.0,
TXN_007480,True,escalate,0.4246,True,1940.35,10.0,176.0
TXN_007482,True,retry_later,0.7036,True,6287.51,0.25,147.0
TXN_007485,True,retry_later,0.5831,False,0.0,0.25,
TXN_007490,True,retry_later,0.7328,True,1631.85,0.25,32.0
TXN_007493,True,retry_later,0.5884,True,3439.39,0.25,98.0
TXN_007501,True,retry_later,0.6793,True,4015.44,0.25,29.0
TXN_007509,True,send_reminder,0.5173,False,0.0,0.1,
TXN_007519,True,escalate,0.4277,False,0.0,10.0,
TXN_007523,True,retry_later,0.7662,True,5162.13,0.25,106.0
TXN_007526,True,retry_now,0.97,True,1859.41,0.5,117.0
TXN_007531,True,escalate,0.3109,False,0.0,10.0,
TXN_007532,True,retry_now,0.9419,True,4907.17,0.5,123.0
TXN_007533,True,escalate,0.4202,False,0.0,10.0,
TXN_007539,True,retry_later,0.4527,False,0.0,0.25,
TXN_007549,True,retry_later,0.7661,True,2307.6,0.25,106.0
TXN_007552,True,retry_later,0.6755,False,0.0,0.25,
TXN_007553,True,retry_now,0.9683,True,523.11,0.5,83.0
TXN_007563,True,escalate,0.2473,False,0.0,10.0,
TXN_007568,True,retry_now,0.959,True,5939.05,0.5,70.0
TXN_007569,True,escalate,0.3951,True,4202.8,10.0,42.0
TXN_007572,True,retry_later,0.7684,True,2477.57,0.25,105.0
TXN_007576,True,stop,0.2216,False,0.0,0.0,
TXN_007583,True,retry_later,0.6686,True,782.39,0.25,50.0
TXN_007585,True,retry_later,0.5569,True,4893.48,0.25,152.0
TXN_007589,True,retry_later,0.7624,True,4090.73,0.25,53.0
TXN_007598,True,retry_later,0.5979,False,0.0,0.25,
TXN_007605,True,retry_later,0.5403,True,3451.44,0.25,70.0
TXN_007609,True,retry_later,0.8442,True,3212.63,0.25,68.0
TXN_007612,True,stop,0.2221,False,0.0,0.0,
TXN_007614,True,send_reminder,0.499,False,0.0,0.1,
TXN_007616,True,escalate,0.2615,False,0.0,10.0,
TXN_007617,True,retry_later,0.6175,True,2057.51,0.25,170.0
TXN_007619,True,retry_now,0.8675,True,6540.46,0.5,33.0
TXN_007626,True,retry_later,0.7286,False,0.0,0.25,
TXN_007627,True,retry_later,0.843,True,4018.2,0.25,175.0
TXN_007628,True,retry_later,0.6229,True,2125.47,0.25,22.0
TXN_007634,True,send_reminder,0.5752,True,2089.76,0.1,80.0
TXN_007639,True,retry_later,0.7786,False,0.0,0.25,
TXN_007648,True,escalate,0.3589,True,1844.74,10.0,58.0
TXN_007649,True,retry_later,0.8215,True,1377.84,0.25,99.0
TXN_007650,True,retry_later,0.7466,True,12393.49,0.25,38.0
TXN_007654,True,stop,0.3795,False,0.0,0.0,
TXN_007656,True,send_reminder,0.7553,False,0.0,0.1,
TXN_007659,True,retry_later,0.6303,True,1116.93,0.25,123.0
TXN_007661,True,retry_later,0.5849,True,3769.15,0.25,178.0
TXN_007664,True,escalate,0.3874,True,2989.76,10.0,175.0
TXN_007666,True,escalate,0.2233,False,0.0,10.0,
TXN_007667,True,send_reminder,0.524,False,0.0,0.1,
TXN_007668,True,escalate,0.333,False,0.0,10.0,
TXN_007672,True,escalate,0.3055,True,2716.65,10.0,121.0
TXN_007674,True,send_reminder,0.5431,False,0.0,0.1,
TXN_007678,True,send_reminder,0.7371,False,0.0,0.1,
TXN_007680,True,stop,0.2607,False,0.0,0.0,
TXN_007682,True,retry_now,0.8702,True,4598.09,0.5,132.0
TXN_007686,True,retry_now,0.92,False,0.0,0.5,
TXN_007691,True,retry_later,0.7134,True,764.54,0.25,104.0
TXN_007696,True,retry_later,0.5967,False,0.0,0.25,
TXN_007697,True,escalate,0.307,False,0.0,10.0,
TXN_007702,True,send_reminder,0.6119,True,2515.06,0.1,11.0
TXN_007706,True,retry_now,0.8887,True,2597.51,0.5,23.0
TXN_007710,True,retry_now,0.9214,True,765.08,0.5,31.0
TXN_007715,True,send_reminder,0.4932,True,789.47,0.1,47.0
TXN_007718,True,retry_later,0.5003,True,1943.78,0.25,164.0
TXN_007731,True,escalate,0.3943,False,0.0,10.0,
TXN_007735,True,retry_later,0.6782,False,0.0,0.25,
TXN_007741,True,escalate,0.276,True,2372.44,10.0,145.0
TXN_007743,True,send_reminder,0.549,False,0.0,0.1,
TXN_007744,True,retry_later,0.4765,False,0.0,0.25,
TXN_007750,True,retry_later,0.8391,True,2893.38,0.25,127.0
TXN_007751,True,escalate,0.3985,False,0.0,10.0,
TXN_007752,True,stop,0.6404,False,0.0,0.0,
TXN_007754,True,retry_now,0.9203,True,990.22,0.5,96.0
TXN_007757,True,escalate,0.3997,True,3446.2,10.0,29.0
TXN_007759,True,retry_now,0.8549,True,2291.58,0.5,38.0
TXN_007764,True,escalate,0.2756,True,1036.52,10.0,91.0
TXN_007768,True,stop,0.2567,False,0.0,0.0,
TXN_007772,True,retry_later,0.8198,False,0.0,0.25,
TXN_007774,True,send_reminder,0.4739,False,0.0,0.1,
TXN_007775,True,send_reminder,0.5896,True,2133.1,0.1,9.0
TXN_007777,False,alternate_payment,0.0739,False,0.0,0.3,
TXN_007786,True,send_reminder,0.5608,False,0.0,0.1,
TXN_007791,True,escalate,0.3646,False,0.0,10.0,
TXN_007796,True,retry_later,0.7359,False,0.0,0.25,
TXN_007800,True,retry_now,0.8564,False,0.0,0.5,
TXN_007801,True,retry_later,0.6039,True,4593.11,0.25,36.0
TXN_007802,True,retry_later,0.6358,True,6560.06,0.25,77.0
TXN_007813,True,retry_later,0.6914,True,659.69,0.25,138.0
TXN_007817,True,retry_later,0.7012,True,959.1,0.25,3.0
TXN_007819,True,retry_later,0.7369,True,2667.72,0.25,40.0
TXN_007822,True,retry_later,0.4992,False,0.0,0.25,
TXN_007833,True,stop,0.4084,False,0.0,0.0,
TXN_007834,True,retry_later,0.7314,True,2189.7,0.25,94.0
TXN_007837,True,stop,0.6625,False,0.0,0.0,
TXN_007844,True,retry_later,0.6921,True,1177.0,0.25,15.0
TXN_007845,True,escalate,0.3578,True,967.87,10.0,121.0
TXN_007847,True,retry_later,0.622,True,8797.96,0.25,4.0
TXN_007848,True,escalate,0.4337,False,0.0,10.0,
TXN_007850,True,escalate,0.2864,True,1902.71,10.0,157.0
TXN_007855,True,retry_later,0.7716,False,0.0,0.25,
TXN_007862,True,retry_later,0.6412,False,0.0,0.25,
TXN_007864,True,retry_later,0.6024,False,0.0,0.25,
TXN_007866,True,retry_now,0.9143,True,2296.82,0.5,44.0
TXN_007868,True,retry_later,0.8071,True,3283.55,0.25,64.0
TXN_007872,True,escalate,0.2867,False,0.0,10.0,
TXN_007873,True,alternate_payment,0.4754,False,0.0,0.3,
TXN_007875,True,retry_now,0.945,True,3109.97,0.5,67.0
TXN_007882,True,send_reminder,0.6429,True,1180.33,0.1,143.0
TXN_007884,True,retry_later,0.8114,True,3006.98,0.25,18.0
TXN_007885,True,stop,0.2703,False,0.0,0.0,
TXN_007891,True,retry_later,0.7564,True,9349.02,0.25,11.0
TXN_007892,True,stop,0.677,False,0.0,0.0,
TXN_007897,True,retry_later,0.8446,True,1022.51,0.25,147.0
TXN_007898,True,escalate,0.4012,True,2428.27,10.0,119.0
TXN_007900,False,alternate_payment,0.1322,False,0.0,0.3,
TXN_007902,True,retry_later,0.7487,False,0.0,0.25,
TXN_007911,True,retry_later,0.5787,False,0.0,0.25,
TXN_007918,True,retry_later,0.8478,True,1569.65,0.25,21.0
TXN_007921,True,retry_later,0.668,False,0.0,0.25,
TXN_007922,True,retry_later,0.8493,True,2649.83,0.25,62.0
TXN_007925,True,retry_later,0.4582,True,25750.18,0.25,142.0
TXN_007933,True,escalate,0.3891,False,0.0,10.0,
TXN_007935,True,escalate,0.3324,False,0.0,10.0,
TXN_007936,True,send_reminder,0.5613,False,0.0,0.1,
TXN_007938,True,escalate,0.3954,True,5941.03,10.0,88.0
TXN_007939,True,escalate,0.2287,False,0.0,10.0,
TXN_007943,True,escalate,0.2135,False,0.0,10.0,
TXN_007947,True,alternate_payment,0.2942,False,0.0,0.3,
TXN_007949,True,retry_later,0.8147,True,3024.6,0.25,59.0
TXN_007950,True,retry_later,0.7823,False,0.0,0.25,
TXN_007951,False,alternate_payment,0.1384,False,0.0,0.3,
TXN_007954,True,retry_later,0.6462,True,3965.69,0.25,51.0
TXN_007957,True,escalate,0.2378,False,0.0,10.0,
TXN_007959,True,stop,0.7024,False,0.0,0.0,
TXN_007964,True,retry_later,0.7158,True,1309.15,0.25,62.0
TXN_007965,True,retry_now,0.8953,False,0.0,0.5,
TXN_007972,True,stop,0.3471,False,0.0,0.0,
TXN_007980,True,escalate,0.2889,False,0.0,10.0,
TXN_007989,True,escalate,0.3479,False,0.0,10.0,
TXN_007990,True,send_reminder,0.5946,True,2304.76,0.1,53.0
TXN_007992,True,escalate,0.3402,True,3659.6,10.0,105.0
TXN_007995,True,retry_later,0.72,True,1912.76,0.25,123.0
TXN_008000,False,stop,0.0841,False,0.0,0.0,
TXN_008001,True,retry_later,0.7876,True,1168.66,0.25,115.0
TXN_008003,True,send_reminder,0.6123,False,0.0,0.1,
TXN_008004,False,stop,0.1841,False,0.0,0.0,
TXN_008005,True,escalate,0.2527,False,0.0,10.0,
TXN_008014,True,retry_later,0.6315,False,0.0,0.25,
TXN_008015,True,escalate,0.3243,False,0.0,10.0,
TXN_008016,True,retry_later,0.6784,True,633.02,0.25,22.0
TXN_008017,True,retry_later,0.7677,True,3893.13,0.25,146.0
TXN_008020,True,send_reminder,0.4977,False,0.0,0.1,
TXN_008023,True,retry_later,0.4574,True,2564.16,0.25,126.0
TXN_008024,True,escalate,0.3711,False,0.0,10.0,
TXN_008029,True,escalate,0.4489,True,1828.28,10.0,101.0
TXN_008032,True,retry_later,0.6978,False,0.0,0.25,
TXN_008042,False,stop,0.1386,False,0.0,0.0,
TXN_008044,True,retry_now,0.8712,True,4238.45,0.5,147.0
TXN_008047,False,alternate_payment,0.1535,False,0.0,0.3,
TXN_008048,True,escalate,0.2996,True,1253.52,10.0,47.0
TXN_008051,True,retry_later,0.5937,True,1371.8,0.25,34.0
TXN_008052,True,escalate,0.2964,False,0.0,10.0,
TXN_008053,True,send_reminder,0.5005,False,0.0,0.1,
TXN_008055,True,escalate,0.3232,True,6817.61,10.0,48.0
TXN_008057,True,send_reminder,0.4542,False,0.0,0.1,
TXN_008063,True,retry_now,0.9141,True,2015.12,0.5,55.0
TXN_008067,True,retry_now,0.9041,False,0.0,0.5,
TXN_008074,False,stop,0.1848,False,0.0,0.0,
TXN_008080,True,retry_now,0.87,False,0.0,0.5,
TXN_008083,False,stop,0.1481,False,0.0,0.0,
TXN_008085,True,stop,0.3383,False,0.0,0.0,
TXN_008088,True,retry_later,0.6576,True,2348.06,0.25,162.0
TXN_008092,True,stop,0.5418,False,0.0,0.0,
TXN_008093,True,retry_later,0.6395,False,0.0,0.25,
TXN_008098,True,escalate,0.2605,False,0.0,10.0,
TXN_008110,True,stop,0.7517,False,0.0,0.0,
TXN_008113,True,send_reminder,0.4552,False,0.0,0.1,
TXN_008116,True,escalate,0.3113,True,774.59,10.0,8.0
TXN_008118,True,escalate,0.4004,False,0.0,10.0,
TXN_008125,True,escalate,0.4107,True,2184.62,10.0,80.0
TXN_008127,True,escalate,0.3048,False,0.0,10.0,
TXN_008128,True,retry_later,0.772,True,3795.99,0.25,117.0
TXN_008131,True,retry_later,0.4671,False,0.0,0.25,
TXN_008134,True,retry_now,0.8952,True,13168.1,0.5,24.0
TXN_008135,True,retry_now,0.918,True,2273.59,0.5,108.0
TXN_008137,True,retry_later,0.464,True,1141.39,0.25,100.0
TXN_008141,True,retry_later,0.6924,True,7090.91,0.25,87.0
TXN_008144,True,retry_now,0.8747,True,1562.71,0.5,137.0
TXN_008145,True,retry_later,0.845,False,0.0,0.25,
TXN_008148,True,escalate,0.269,True,3163.69,10.0,161.0
TXN_008155,True,retry_now,0.8926,True,1330.71,0.5,26.0
TXN_008156,True,retry_later,0.6408,False,0.0,0.25,
TXN_008164,True,retry_later,0.705,True,2456.4,0.25,126.0
TXN_008165,True,escalate,0.2064,False,0.0,10.0,
TXN_008166,True,send_reminder,0.5562,False,0.0,0.1,
TXN_008168,True,escalate,0.2522,False,0.0,10.0,
TXN_008186,False,alternate_payment,0.1969,False,0.0,0.3,
TXN_008192,True,escalate,0.3385,True,3656.68,10.0,65.0
TXN_008196,True,escalate,0.4124,False,0.0,10.0,
TXN_008197,True,retry_later,0.7786,True,2479.99,0.25,111.0
TXN_008199,True,escalate,0.4118,False,0.0,10.0,
TXN_008202,True,retry_now,0.9143,True,1849.2,0.5,51.0
TXN_008203,True,send_reminder,0.5159,False,0.0,0.1,
TXN_008205,True,retry_now,0.8856,True,473.03,0.5,175.0
TXN_008209,True,retry_later,0.6512,True,8482.41,0.25,125.0
TXN_008211,True,retry_now,0.886,True,9327.62,0.5,163.0
TXN_008215,True,escalate,0.3008,False,0.0,10.0,
TXN_008217,True,retry_later,0.6772,True,376.63,0.25,134.0
TXN_008219,True,alternate_payment,0.2923,False,0.0,0.3,
TXN_008220,True,retry_now,0.8562,False,0.0,0.5,
TXN_008221,True,retry_later,0.5572,False,0.0,0.25,
TXN_008225,True,escalate,0.3257,False,0.0,10.0,
TXN_008228,True,send_reminder,0.6831,False,0.0,0.1,
TXN_008230,True,retry_later,0.609,True,5647.88,0.25,165.0
TXN_008238,True,send_reminder,0.4842,False,0.0,0.1,
TXN_008240,False,stop,0.1604,False,0.0,0.0,
TXN_008245,True,retry_later,0.5773,True,2335.35,0.25,113.0
TXN_008250,True,retry_now,0.9058,True,1883.36,0.5,52.0
TXN_008253,True,retry_later,0.7409,False,0.0,0.25,
TXN_008256,True,stop,0.5001,False,0.0,0.0,
TXN_008257,True,escalate,0.357,True,3622.17,10.0,118.0
TXN_008259,True,retry_later,0.6647,True,3579.38,0.25,154.0
TXN_008262,True,stop,0.511,False,0.0,0.0,
TXN_008266,True,escalate,0.3197,True,2265.14,10.0,25.0
TXN_008272,True,retry_later,0.5838,True,7620.61,0.25,58.0
TXN_008276,True,escalate,0.4052,False,0.0,10.0,
TXN_008277,True,retry_later,0.8316,True,1319.05,0.25,172.0
TXN_008278,True,escalate,0.2793,True,5172.58,10.0,16.0
TXN_008280,True,retry_later,0.5047,True,33768.87,0.25,11.0
TXN_008285,True,retry_later,0.6761,True,2772.53,0.25,1.0
TXN_008286,True,retry_later,0.7621,True,2228.61,0.25,15.0
TXN_008290,True,retry_now,0.8802,False,0.0,0.5,
TXN_008291,True,escalate,0.3994,False,0.0,10.0,
TXN_008294,False,stop,0.1442,False,0.0,0.0,
TXN_008295,True,retry_later,0.6397,False,0.0,0.25,
TXN_008297,True,alternate_payment,0.352,False,0.0,0.3,
TXN_008299,True,send_reminder,0.519,False,0.0,0.1,
TXN_008301,True,send_reminder,0.5571,True,15052.13,0.1,36.0
TXN_008309,True,escalate,0.4461,True,1290.74,10.0,130.0
TXN_008310,True,retry_later,0.5402,True,1732.78,0.25,151.0
TXN_008316,True,retry_later,0.8054,True,3420.61,0.25,89.0
TXN_008318,True,stop,0.2521,False,0.0,0.0,
TXN_008319,True,retry_later,0.4984,True,7254.73,0.25,172.0
TXN_008322,True,retry_now,0.8809,True,4005.72,0.5,57.0
TXN_008326,True,escalate,0.397,True,6893.62,10.0,169.0
TXN_008336,True,escalate,0.3899,True,819.67,10.0,141.0
TXN_008339,True,retry_now,0.9431,True,5201.76,0.5,178.0
TXN_008342,False,alternate_payment,0.03,False,0.0,0.3,
TXN_008345,True,retry_now,0.97,True,1856.05,0.5,116.0
TXN_008347,True,send_reminder,0.4942,False,0.0,0.1,
TXN_008349,True,retry_later,0.8438,False,0.0,0.25,
TXN_008350,False,stop,0.0821,False,0.0,0.0,
TXN_008351,True,retry_later,0.6364,False,0.0,0.25,
TXN_008358,True,send_reminder,0.6249,False,0.0,0.1,
TXN_008360,True,escalate,0.3332,True,3802.12,10.0,18.0
TXN_008366,True,alternate_payment,0.2258,True,1368.92,0.3,162.0
TXN_008368,True,escalate,0.3812,True,1577.36,10.0,100.0
TXN_008370,True,retry_later,0.645,True,754.21,0.25,162.0
TXN_008371,True,retry_later,0.6932,False,0.0,0.25,
TXN_008373,True,retry_later,0.6788,True,2145.16,0.25,55.0
TXN_008385,True,retry_now,0.8941,True,2513.13,0.5,16.0
TXN_008390,True,retry_later,0.5479,True,9945.56,0.25,38.0
TXN_008391,True,retry_later,0.661,True,1688.42,0.25,21.0
TXN_008398,True,retry_later,0.8399,True,1631.6,0.25,69.0
TXN_008400,True,escalate,0.2717,True,2095.57,10.0,158.0
TXN_008406,True,escalate,0.4028,False,0.0,10.0,
TXN_008408,True,retry_later,0.6139,False,0.0,0.25,
TXN_008412,True,retry_later,0.6578,True,4792.66,0.25,54.0
TXN_008415,True,stop,0.4654,False,0.0,0.0,
TXN_008416,True,retry_now,0.97,True,2042.24,0.5,85.0
TXN_008419,True,send_reminder,0.467,False,0.0,0.1,
TXN_008420,True,stop,0.2232,False,0.0,0.0,
TXN_008425,True,retry_later,0.6799,False,0.0,0.25,
TXN_008426,True,retry_later,0.5444,False,0.0,0.25,
TXN_008429,True,retry_now,0.8654,True,3666.57,0.5,144.0
TXN_008433,True,retry_later,0.8142,True,4100.39,0.25,74.0
TXN_008434,True,stop,0.459,False,0.0,0.0,
TXN_008440,False,alternate_payment,0.141,False,0.0,0.3,
TXN_008444,False,alternate_payment,0.1013,True,1610.44,0.3,29.0
TXN_008448,True,escalate,0.2675,False,0.0,10.0,
TXN_008450,True,retry_now,0.9033,False,0.0,0.5,
TXN_008452,True,retry_later,0.7295,True,2423.34,0.25,148.0
TXN_008458,True,escalate,0.3913,False,0.0,10.0,
TXN_008465,True,retry_now,0.9009,True,11928.66,0.5,2.0
TXN_008473,True,escalate,0.3829,False,0.0,10.0,
TXN_008477,True,retry_later,0.7592,True,1152.44,0.25,125.0
TXN_008478,True,send_reminder,0.5176,True,760.91,0.1,65.0
TXN_008480,True,retry_later,0.4711,True,1232.93,0.25,51.0
TXN_008485,True,retry_later,0.4559,True,2937.26,0.25,117.0
TXN_008488,True,escalate,0.4421,False,0.0,10.0,
TXN_008489,True,retry_later,0.6831,True,1208.58,0.25,20.0
TXN_008491,True,retry_later,0.4716,False,0.0,0.25,
TXN_008494,False,alternate_payment,0.1169,False,0.0,0.3,
TXN_008495,True,alternate_payment,0.2994,False,0.0,0.3,
TXN_008496,True,stop,0.5072,False,0.0,0.0,
TXN_008500,True,send_reminder,0.5259,False,0.0,0.1,
TXN_008502,True,retry_later,0.4839,True,8385.93,0.25,57.0
TXN_008512,True,alternate_payment,0.4242,True,1855.34,0.3,83.0
TXN_008513,True,send_reminder,0.5299,True,1098.6,0.1,141.0
TXN_008517,True,stop,0.513,False,0.0,0.0,
TXN_008519,True,retry_later,0.547,True,1992.27,0.25,131.0
TXN_008524,True,retry_later,0.6227,False,0.0,0.25,
TXN_008525,True,retry_later,0.8019,False,0.0,0.25,
TXN_008530,True,retry_later,0.4561,False,0.0,0.25,
TXN_008534,True,retry_later,0.8235,True,4279.13,0.25,137.0
TXN_008539,True,retry_later,0.6619,True,834.72,0.25,156.0
TXN_008546,True,alternate_payment,0.3159,False,0.0,0.3,
TXN_008547,True,retry_later,0.6457,True,1189.93,0.25,45.0
TXN_008549,True,escalate,0.3483,True,1024.43,10.0,16.0
TXN_008555,True,retry_now,0.8771,True,2573.12,0.5,154.0
TXN_008556,True,retry_now,0.97,True,16626.61,0.5,127.0
TXN_008564,True,escalate,0.2932,False,0.0,10.0,
TXN_008569,True,send_reminder,0.5634,True,1813.74,0.1,131.0
TXN_008570,True,retry_later,0.745,False,0.0,0.25,
TXN_008571,True,retry_now,0.97,True,1741.31,0.5,129.0
TXN_008574,True,retry_later,0.7216,True,11545.62,0.25,132.0
TXN_008581,True,retry_later,0.4906,False,0.0,0.25,
TXN_008582,True,retry_later,0.7448,False,0.0,0.25,
TXN_008586,True,escalate,0.3602,False,0.0,10.0,
TXN_008592,True,send_reminder,0.5024,False,0.0,0.1,
TXN_008594,True,retry_later,0.61,True,20820.7,0.25,80.0
TXN_008595,True,retry_now,0.9509,True,9853.64,0.5,132.0
TXN_008598,True,retry_later,0.6816,False,0.0,0.25,
TXN_008601,True,escalate,0.3112,False,0.0,10.0,
TXN_008603,True,escalate,0.4267,True,1643.2,10.0,45.0
TXN_008605,True,send_reminder,0.5084,False,0.0,0.1,
TXN_008616,True,send_reminder,0.7306,True,2228.09,0.1,133.0
TXN_008618,True,retry_later,0.7487,False,0.0,0.25,
TXN_008621,True,retry_later,0.6244,True,1692.14,0.25,104.0
TXN_008623,True,stop,0.2146,False,0.0,0.0,
TXN_008629,False,alternate_payment,0.0394,False,0.0,0.3,
TXN_008631,True,retry_later,0.771,False,0.0,0.25,
TXN_008634,True,retry_later,0.5648,True,4103.86,0.25,169.0
TXN_008637,True,send_reminder,0.7019,True,1125.06,0.1,154.0
TXN_008638,True,send_reminder,0.5504,False,0.0,0.1,
TXN_008639,True,send_reminder,0.6131,False,0.0,0.1,
TXN_008644,True,retry_later,0.5851,True,2969.72,0.25,82.0
TXN_008646,True,retry_later,0.6704,True,2777.23,0.25,108.0
TXN_008649,True,send_reminder,0.5899,False,0.0,0.1,
TXN_008650,True,send_reminder,0.5856,False,0.0,0.1,
TXN_008654,True,escalate,0.335,True,1093.6,10.0,132.0
TXN_008656,True,retry_later,0.8422,True,4002.88,0.25,64.0
TXN_008657,True,retry_later,0.4792,True,3909.11,0.25,84.0
TXN_008667,True,escalate,0.3815,False,0.0,10.0,
TXN_008673,True,retry_later,0.5854,True,6482.96,0.25,155.0
TXN_008674,True,send_reminder,0.4782,True,804.46,0.1,55.0
TXN_008675,True,escalate,0.4396,True,7699.2,10.0,3.0
TXN_008679,True,retry_later,0.692,False,0.0,0.25,
TXN_008684,True,retry_now,0.966,True,3308.56,0.5,77.0
TXN_008687,True,retry_later,0.6368,True,432.62,0.25,128.0
TXN_008689,False,alternate_payment,0.1051,False,0.0,0.3,
TXN_008690,True,escalate,0.33,False,0.0,10.0,
TXN_008691,True,escalate,0.3575,False,0.0,10.0,
TXN_008694,True,retry_now,0.97,True,2132.36,0.5,151.0
TXN_008699,True,retry_now,0.9068,True,1741.04,0.5,80.0
TXN_008701,True,retry_later,0.8051,True,10765.42,0.25,53.0
TXN_008702,True,stop,0.2771,False,0.0,0.0,
TXN_008704,True,escalate,0.3559,False,0.0,10.0,
TXN_008708,True,stop,0.7075,False,0.0,0.0,
TXN_008712,True,send_reminder,0.4698,False,0.0,0.1,
TXN_008717,True,escalate,0.3137,False,0.0,10.0,
TXN_008726,True,escalate,0.3805,True,2997.02,10.0,137.0
TXN_008728,True,retry_later,0.6,True,9566.66,0.25,33.0
TXN_008732,True,retry_later,0.6382,True,5770.43,0.25,127.0
TXN_008733,True,retry_later,0.66,True,5738.27,0.25,78.0
TXN_008738,True,escalate,0.4101,False,0.0,10.0,
TXN_008739,True,escalate,0.3239,False,0.0,10.0,
TXN_008746,True,send_reminder,0.4992,True,1005.72,0.1,145.0
TXN_008748,True,retry_later,0.5686,True,15778.89,0.25,91.0
TXN_008751,True,retry_later,0.767,True,1345.61,0.25,73.0
TXN_008754,True,stop,0.6573,False,0.0,0.0,
TXN_008755,True,retry_later,0.7344,False,0.0,0.25,
TXN_008761,True,retry_later,0.8468,True,16443.38,0.25,120.0
TXN_008766,True,escalate,0.401,True,1651.4,10.0,160.0
TXN_008774,True,escalate,0.3608,False,0.0,10.0,
TXN_008779,True,escalate,0.3963,False,0.0,10.0,
TXN_008780,True,retry_now,0.8944,True,1607.5,0.5,82.0
TXN_008781,True,retry_now,0.97,True,730.7,0.5,86.0
TXN_008782,True,escalate,0.3346,True,2122.25,10.0,170.0
TXN_008783,True,retry_later,0.6096,True,1259.92,0.25,131.0
TXN_008787,True,escalate,0.2058,False,0.0,10.0,
TXN_008789,True,escalate,0.3842,False,0.0,10.0,
TXN_008790,True,retry_now,0.97,True,2904.31,0.5,157.0
TXN_008792,True,retry_later,0.7563,True,3395.18,0.25,114.0
TXN_008794,True,escalate,0.3365,False,0.0,10.0,
TXN_008795,True,retry_now,0.97,True,4729.42,0.5,162.0
TXN_008800,True,retry_later,0.674,True,2108.7,0.25,164.0
TXN_008801,True,retry_now,0.8642,False,0.0,0.5,
TXN_008813,True,escalate,0.3968,True,1116.32,10.0,55.0
TXN_008814,False,stop,0.1646,False,0.0,0.0,
TXN_008815,True,retry_later,0.8053,True,2654.63,0.25,124.0
TXN_008819,True,retry_later,0.8229,True,1343.12,0.25,89.0
TXN_008822,True,stop,0.7591,False,0.0,0.0,
TXN_008824,True,send_reminder,0.5766,False,0.0,0.1,
TXN_008825,True,retry_later,0.594,False,0.0,0.25,
TXN_008827,False,stop,0.1039,False,0.0,0.0,
TXN_008829,True,retry_now,0.9601,True,5050.03,0.5,137.0
TXN_008837,True,retry_later,0.6372,True,886.05,0.25,163.0
TXN_008840,True,retry_later,0.627,True,5153.59,0.25,49.0
TXN_008843,True,send_reminder,0.6709,True,2565.59,0.1,19.0
TXN_008849,True,retry_later,0.5323,True,1273.47,0.25,105.0
TXN_008850,True,escalate,0.4003,True,2730.86,10.0,19.0
TXN_008852,True,retry_later,0.7945,False,0.0,0.25,
TXN_008853,True,stop,0.5944,False,0.0,0.0,
TXN_008856,True,escalate,0.4181,True,1785.21,10.0,8.0
TXN_008857,True,escalate,0.3524,False,0.0,10.0,
TXN_008859,True,escalate,0.2688,True,7002.57,10.0,6.0
TXN_008860,True,retry_later,0.5456,False,0.0,0.25,
TXN_008861,True,retry_now,0.97,False,0.0,0.5,
TXN_008862,True,retry_later,0.6765,True,483.4,0.25,149.0
TXN_008871,True,retry_later,0.6751,True,1480.52,0.25,106.0
TXN_008872,True,send_reminder,0.6411,False,0.0,0.1,
TXN_008874,True,retry_later,0.6223,True,3837.56,0.25,164.0
TXN_008875,False,stop,0.1517,False,0.0,0.0,
TXN_008877,True,retry_later,0.8005,True,4480.79,0.25,112.0
TXN_008879,True,stop,0.4181,False,0.0,0.0,
TXN_008884,True,alternate_payment,0.3954,False,0.0,0.3,
TXN_008893,True,retry_later,0.5937,False,0.0,0.25,
TXN_008895,True,retry_later,0.8312,True,3199.59,0.25,168.0
TXN_008897,True,escalate,0.3834,False,0.0,10.0,
TXN_008900,True,retry_later,0.7011,True,1723.04,0.25,83.0
TXN_008905,True,send_reminder,0.5143,False,0.0,0.1,
TXN_008909,True,retry_now,0.97,True,4895.38,0.5,115.0
TXN_008911,True,retry_later,0.5762,True,3469.4,0.25,146.0
TXN_008912,True,stop,0.6949,False,0.0,0.0,
TXN_008914,True,retry_later,0.5976,False,0.0,0.25,
TXN_008921,True,stop,0.716,False,0.0,0.0,
TXN_008927,True,retry_later,0.6154,True,731.53,0.25,44.0
TXN_008929,True,retry_later,0.7062,True,1390.02,0.25,96.0
TXN_008930,True,escalate,0.3804,True,3656.69,10.0,20.0
TXN_008931,True,retry_later,0.674,True,2797.05,0.25,179.0
TXN_008934,True,retry_now,0.8661,True,1440.51,0.5,50.0
TXN_008940,True,escalate,0.4183,False,0.0,10.0,
TXN_008943,True,escalate,0.212,True,9298.73,10.0,107.0
TXN_008945,True,stop,0.4622,False,0.0,0.0,
TXN_008946,True,stop,0.2888,False,0.0,0.0,
TXN_008947,True,retry_later,0.6131,False,0.0,0.25,
TXN_008949,True,retry_later,0.6771,True,1501.38,0.25,146.0
TXN_008950,True,retry_later,0.4807,False,0.0,0.25,
TXN_008951,True,stop,0.8207,False,0.0,0.0,
TXN_008953,True,retry_later,0.6827,False,0.0,0.25,
TXN_008955,True,retry_now,0.9168,True,2789.46,0.5,47.0
TXN_008957,True,retry_later,0.7387,False,0.0,0.25,
TXN_008968,True,retry_later,0.7766,True,1268.94,0.25,88.0
TXN_008969,True,retry_later,0.4894,True,1371.66,0.25,54.0
TXN_008970,True,escalate,0.431,True,2721.39,10.0,27.0
TXN_008977,True,retry_later,0.812,False,0.0,0.25,
TXN_008978,True,alternate_payment,0.4222,True,7408.42,0.3,114.0
TXN_008991,False,alternate_payment,0.1942,False,0.0,0.3,
TXN_008994,True,retry_now,0.9264,True,859.51,0.5,129.0
TXN_008997,False,alternate_payment,0.1839,False,0.0,0.3,
TXN_009000,False,alternate_payment,0.1725,False,0.0,0.3,
TXN_009006,True,escalate,0.2309,False,0.0,10.0,
TXN_009007,True,escalate,0.3889,True,7753.35,10.0,154.0
TXN_009010,True,escalate,0.385,False,0.0,10.0,
TXN_009012,False,alternate_payment,0.1479,False,0.0,0.3,
TXN_009013,True,retry_later,0.6486,False,0.0,0.25,
TXN_009018,True,retry_later,0.5658,True,4879.01,0.25,131.0
TXN_009019,True,send_reminder,0.5128,True,2613.05,0.1,6.0
TXN_009029,True,retry_later,0.7986,False,0.0,0.25,
TXN_009030,True,escalate,0.361,True,11787.1,10.0,7.0
TXN_009032,False,stop,0.0976,False,0.0,0.0,
TXN_009034,True,retry_later,0.7692,True,4327.43,0.25,15.0
TXN_009036,True,retry_later,0.7583,False,0.0,0.25,
TXN_009037,True,stop,0.6412,False,0.0,0.0,
TXN_009039,True,retry_later,0.4618,False,0.0,0.25,
TXN_009046,True,retry_later,0.5971,False,0.0,0.25,
TXN_009048,True,send_reminder,0.6179,True,413.23,0.1,65.0
TXN_009059,True,retry_later,0.512,False,0.0,0.25,
TXN_009066,True,retry_later,0.6113,True,4712.03,0.25,104.0
TXN_009069,True,stop,0.2471,False,0.0,0.0,
TXN_009071,True,escalate,0.4082,False,0.0,10.0,
TXN_009072,True,send_reminder,0.4692,True,1665.91,0.1,171.0
TXN_009074,True,retry_later,0.7855,True,4273.45,0.25,132.0
TXN_009077,True,retry_later,0.8491,True,2336.02,0.25,52.0
TXN_009078,True,escalate,0.2531,False,0.0,10.0,
TXN_009079,True,stop,0.5273,False,0.0,0.0,
TXN_009084,False,stop,0.03,False,0.0,0.0,
TXN_009085,True,retry_later,0.8349,True,2001.86,0.25,88.0
TXN_009100,True,retry_now,0.9227,False,0.0,0.5,
TXN_009101,True,retry_now,0.8762,True,1346.2,0.5,4.0
TXN_009102,True,escalate,0.3739,True,2341.72,10.0,125.0
TXN_009106,True,retry_later,0.6495,True,4696.87,0.25,157.0
TXN_009107,True,retry_later,0.5542,True,1265.63,0.25,105.0
TXN_009109,True,retry_later,0.7327,False,0.0,0.25,
TXN_009114,True,retry_later,0.5333,False,0.0,0.25,
TXN_009116,False,alternate_payment,0.0713,False,0.0,0.3,
TXN_009120,True,send_reminder,0.4683,True,1167.19,0.1,89.0
TXN_009123,True,escalate,0.2315,False,0.0,10.0,
TXN_009127,True,stop,0.6533,False,0.0,0.0,
TXN_009139,True,retry_now,0.9494,True,850.12,0.5,48.0
TXN_009140,True,send_reminder,0.5555,True,3039.86,0.1,44.0
TXN_009141,True,retry_later,0.4737,True,5551.12,0.25,124.0
TXN_009142,True,retry_later,0.7818,True,9026.23,0.25,29.0
TXN_009145,True,retry_now,0.8685,True,3584.91,0.5,175.0
TXN_009147,True,send_reminder,0.6682,True,2738.66,0.1,80.0
TXN_009151,True,retry_later,0.6227,True,7869.49,0.25,137.0
TXN_009156,True,retry_later,0.8336,True,1420.73,0.25,105.0
TXN_009164,True,retry_now,0.97,False,0.0,0.5,
TXN_009169,True,retry_later,0.5285,False,0.0,0.25,
TXN_009179,True,escalate,0.4484,True,1619.71,10.0,15.0
TXN_009188,True,send_reminder,0.5716,False,0.0,0.1,
TXN_009190,True,retry_now,0.9119,True,2256.51,0.5,136.0
TXN_009193,True,retry_later,0.7327,True,6254.03,0.25,84.0
TXN_009195,True,retry_later,0.8063,True,1038.55,0.25,132.0
TXN_009196,True,retry_later,0.4569,False,0.0,0.25,
TXN_009197,True,escalate,0.3374,True,1287.18,10.0,98.0
TXN_009200,True,retry_later,0.8361,True,1728.83,0.25,77.0
TXN_009204,True,retry_later,0.7005,True,8947.01,0.25,93.0
TXN_009208,True,escalate,0.391,True,768.38,10.0,50.0
TXN_009209,True,retry_later,0.7361,True,12275.48,0.25,114.0
TXN_009211,True,retry_later,0.8418,False,0.0,0.25,
TXN_009214,True,retry_later,0.4916,False,0.0,0.25,
TXN_009215,True,retry_later,0.803,True,7026.93,0.25,65.0
TXN_009217,False,stop,0.161,False,0.0,0.0,
TXN_009218,False,stop,0.1299,False,0.0,0.0,
TXN_009221,True,send_reminder,0.4717,True,1302.9,0.1,79.0
TXN_009222,True,send_reminder,0.5124,False,0.0,0.1,
TXN_009225,True,retry_later,0.5184,True,1606.02,0.25,116.0
TXN_009230,True,retry_later,0.7563,True,3846.87,0.25,77.0
TXN_009231,True,retry_now,0.8646,True,3223.85,0.5,51.0
TXN_009237,True,retry_later,0.6849,True,8456.44,0.25,64.0
TXN_009243,True,retry_later,0.5958,True,2123.77,0.25,153.0
TXN_009244,True,retry_now,0.9607,True,4398.34,0.5,159.0
TXN_009245,True,send_reminder,0.577,True,1087.38,0.1,127.0
TXN_009249,False,stop,0.03,False,0.0,0.0,
TXN_009251,True,retry_later,0.6811,True,3185.76,0.25,170.0
TXN_009253,True,send_reminder,0.4541,False,0.0,0.1,
TXN_009261,True,retry_later,0.6683,True,842.59,0.25,61.0
TXN_009267,True,retry_later,0.7941,False,0.0,0.25,
TXN_009269,True,retry_now,0.8549,True,2659.03,0.5,109.0
TXN_009273,True,retry_later,0.7136,True,17756.75,0.25,173.0
TXN_009280,True,alternate_payment,0.388,False,0.0,0.3,
TXN_009282,False,stop,0.0336,False,0.0,0.0,
TXN_009288,True,retry_later,0.6627,True,1199.46,0.25,161.0
TXN_009292,True,retry_now,0.8693,True,1315.53,0.5,110.0
TXN_009296,True,send_reminder,0.4595,True,5822.53,0.1,145.0
TXN_009298,True,retry_later,0.8359,True,1177.4,0.25,133.0
TXN_009306,True,escalate,0.3972,False,0.0,10.0,
TXN_009312,True,retry_now,0.9676,True,1241.67,0.5,175.0
TXN_009314,True,send_reminder,0.7477,True,2293.13,0.1,87.0
TXN_009315,True,retry_later,0.4613,False,0.0,0.25,
TXN_009316,True,retry_later,0.7132,True,13633.0,0.25,79.0
TXN_009318,True,retry_later,0.6532,True,1370.11,0.25,80.0
TXN_009322,True,retry_later,0.5416,True,4170.93,0.25,178.0
TXN_009335,True,send_reminder,0.4559,False,0.0,0.1,
TXN_009353,True,stop,0.2411,False,0.0,0.0,
TXN_009357,True,retry_now,0.97,True,1353.15,0.5,53.0
TXN_009358,True,send_reminder,0.4879,False,0.0,0.1,
TXN_009359,True,escalate,0.4228,False,0.0,10.0,
TXN_009360,True,alternate_payment,0.2225,False,0.0,0.3,
TXN_009364,True,retry_now,0.9251,False,0.0,0.5,
TXN_009365,True,escalate,0.3736,False,0.0,10.0,
TXN_009367,True,escalate,0.4483,True,286.01,10.0,144.0
TXN_009384,True,escalate,0.4239,True,360.11,10.0,147.0
TXN_009385,True,alternate_payment,0.388,False,0.0,0.3,
TXN_009387,True,retry_now,0.9297,True,2354.45,0.5,33.0
TXN_009391,False,stop,0.03,False,0.0,0.0,
TXN_009392,True,retry_later,0.4869,True,2110.48,0.25,2.0
TXN_009396,True,retry_now,0.9101,True,1846.89,0.5,109.0
TXN_009398,True,retry_later,0.6433,False,0.0,0.25,
TXN_009399,True,retry_later,0.7908,True,5690.25,0.25,61.0
TXN_009401,True,send_reminder,0.6545,False,0.0,0.1,
TXN_009402,True,escalate,0.348,True,2871.52,10.0,144.0
TXN_009406,True,retry_later,0.6246,False,0.0,0.25,
TXN_009407,True,send_reminder,0.806,True,6451.4,0.1,80.0
TXN_009408,True,retry_later,0.676,True,685.0,0.25,57.0
TXN_009414,True,send_reminder,0.5449,True,8723.54,0.1,122.0
TXN_009420,True,alternate_payment,0.2415,False,0.0,0.3,
TXN_009421,True,retry_later,0.4532,False,0.0,0.25,
TXN_009423,True,stop,0.2855,False,0.0,0.0,
TXN_009438,True,retry_later,0.7268,True,3926.91,0.25,144.0
TXN_009439,True,escalate,0.3988,True,9583.62,10.0,141.0
TXN_009444,True,retry_now,0.8643,True,1827.77,0.5,93.0
TXN_009445,True,alternate_payment,0.4062,False,0.0,0.3,
TXN_009446,True,escalate,0.4341,False,0.0,10.0,
TXN_009459,True,retry_later,0.7063,True,4361.87,0.25,146.0
TXN_009460,True,retry_later,0.7855,False,0.0,0.25,
TXN_009469,True,retry_later,0.7551,True,1977.56,0.25,61.0
TXN_009473,True,send_reminder,0.5082,True,1058.54,0.1,68.0
TXN_009474,True,retry_later,0.8204,True,10857.18,0.25,63.0
TXN_009476,True,escalate,0.3814,False,0.0,10.0,
TXN_009481,True,retry_later,0.5819,True,5047.15,0.25,101.0
TXN_009483,True,retry_later,0.4744,False,0.0,0.25,
TXN_009488,False,stop,0.1029,False,0.0,0.0,
TXN_009489,True,retry_later,0.6292,True,8155.65,0.25,1.0
TXN_009492,True,retry_now,0.9318,True,4402.92,0.5,42.0
TXN_009493,True,escalate,0.327,False,0.0,10.0,
TXN_009494,False,stop,0.1986,False,0.0,0.0,
TXN_009495,True,retry_now,0.874,True,1803.72,0.5,26.0
TXN_009496,False,alternate_payment,0.1916,True,3923.22,0.3,38.0
TXN_009498,True,send_reminder,0.5619,True,6787.16,0.1,180.0
TXN_009501,True,escalate,0.3167,False,0.0,10.0,
TXN_009502,True,retry_later,0.7464,True,3442.7,0.25,99.0
TXN_009509,True,retry_now,0.8866,True,767.08,0.5,107.0
TXN_009517,True,retry_later,0.6232,True,1814.54,0.25,56.0
TXN_009519,True,retry_later,0.4787,False,0.0,0.25,
TXN_009531,True,retry_now,0.9561,True,7095.02,0.5,14.0
TXN_009535,True,retry_later,0.6857,True,1036.49,0.25,56.0
TXN_009536,True,retry_later,0.5574,True,5816.99,0.25,61.0
TXN_009542,True,escalate,0.3221,False,0.0,10.0,
TXN_009543,True,alternate_payment,0.3438,False,0.0,0.3,
TXN_009548,True,alternate_payment,0.3792,False,0.0,0.3,
TXN_009550,True,stop,0.3463,False,0.0,0.0,
TXN_009552,True,send_reminder,0.5105,True,2526.27,0.1,57.0
TXN_009553,True,retry_later,0.564,True,1452.06,0.25,151.0
TXN_009558,True,escalate,0.4386,False,0.0,10.0,
TXN_009559,True,retry_now,0.9601,False,0.0,0.5,
TXN_009562,True,retry_later,0.7604,True,1364.31,0.25,14.0
TXN_009564,True,send_reminder,0.6632,True,12024.56,0.1,155.0
TXN_009569,True,retry_later,0.8365,True,4829.45,0.25,142.0
TXN_009571,True,retry_later,0.6959,True,9232.03,0.25,116.0
TXN_009572,True,alternate_payment,0.248,False,0.0,0.3,
TXN_009576,True,retry_now,0.8807,True,1478.52,0.5,130.0
TXN_009578,True,retry_later,0.6043,True,1578.3,0.25,152.0
TXN_009582,True,retry_later,0.7705,True,998.53,0.25,38.0
TXN_009586,True,retry_later,0.7234,True,4898.35,0.25,63.0
TXN_009589,True,retry_later,0.6474,True,3294.22,0.25,173.0
TXN_009590,True,alternate_payment,0.5055,False,0.0,0.3,
TXN_009593,True,escalate,0.376,True,1228.09,10.0,120.0
TXN_009595,True,send_reminder,0.6403,True,1240.45,0.1,144.0
TXN_009596,True,retry_later,0.8106,False,0.0,0.25,
TXN_009598,True,retry_now,0.9155,True,2721.8,0.5,40.0
TXN_009603,True,retry_later,0.6343,False,0.0,0.25,
TXN_009606,True,send_reminder,0.4849,True,650.88,0.1,36.0
TXN_009608,True,retry_now,0.8608,True,2966.65,0.5,128.0
TXN_009614,True,escalate,0.2866,True,6665.83,10.0,104.0
TXN_009615,True,retry_later,0.7085,False,0.0,0.25,
TXN_009616,False,stop,0.0953,False,0.0,0.0,
TXN_009621,True,retry_later,0.7993,True,2133.43,0.25,175.0
TXN_009622,True,retry_now,0.9621,True,2264.08,0.5,164.0
TXN_009628,True,retry_later,0.4594,True,1462.37,0.25,39.0
TXN_009631,True,escalate,0.3973,False,0.0,10.0,
TXN_009633,True,retry_later,0.8072,True,10097.36,0.25,43.0
TXN_009634,True,retry_later,0.5614,False,0.0,0.25,
TXN_009636,True,retry_later,0.6544,True,1822.48,0.25,83.0
TXN_009637,True,escalate,0.3964,True,2139.63,10.0,92.0
TXN_009642,True,escalate,0.2351,True,4470.76,10.0,20.0
TXN_009645,True,retry_now,0.9559,True,3234.5,0.5,47.0
TXN_009647,True,send_reminder,0.5411,True,2450.55,0.1,154.0
TXN_009649,True,escalate,0.3032,True,512.14,10.0,103.0
TXN_009661,True,alternate_payment,0.2918,False,0.0,0.3,
TXN_009662,False,alternate_payment,0.03,False,0.0,0.3,
TXN_009680,True,retry_later,0.7989,True,6308.42,0.25,121.0
TXN_009681,True,retry_later,0.789,True,7100.76,0.25,28.0
TXN_009685,True,retry_later,0.7106,False,0.0,0.25,
TXN_009687,True,retry_later,0.6208,True,5075.28,0.25,42.0
TXN_009689,True,retry_later,0.6037,True,2971.87,0.25,179.0
TXN_009691,True,alternate_payment,0.4516,True,887.94,0.3,162.0
TXN_009693,True,escalate,0.2412,False,0.0,10.0,
TXN_009696,True,retry_later,0.4935,True,3700.2,0.25,123.0
TXN_009697,True,retry_later,0.694,True,3838.53,0.25,73.0
TXN_009703,True,retry_later,0.6179,False,0.0,0.25,
TXN_009704,True,retry_later,0.6156,True,6994.5,0.25,41.0
TXN_009709,True,retry_later,0.5764,True,1992.38,0.25,127.0
TXN_009715,True,escalate,0.3475,True,2045.81,10.0,67.0
TXN_009717,True,retry_now,0.9211,False,0.0,0.5,
TXN_009718,True,retry_later,0.6887,True,2824.45,0.25,62.0
TXN_009721,True,retry_later,0.8263,True,966.47,0.25,79.0
TXN_009722,True,escalate,0.3444,False,0.0,10.0,
TXN_009723,False,alternate_payment,0.1518,False,0.0,0.3,
TXN_009729,True,escalate,0.3507,False,0.0,10.0,
TXN_009730,True,escalate,0.3091,True,6489.38,10.0,103.0
TXN_009732,True,escalate,0.4119,False,0.0,10.0,
TXN_009736,True,stop,0.6181,False,0.0,0.0,
TXN_009737,True,send_reminder,0.4623,False,0.0,0.1,
TXN_009740,True,escalate,0.2658,False,0.0,10.0,
TXN_009741,True,send_reminder,0.7705,False,0.0,0.1,
TXN_009747,True,retry_later,0.7151,False,0.0,0.25,
TXN_009752,True,retry_later,0.6599,True,14557.72,0.25,88.0
TXN_009753,True,escalate,0.2619,False,0.0,10.0,
TXN_009757,True,send_reminder,0.7645,False,0.0,0.1,
TXN_009758,True,retry_later,0.4878,True,1393.96,0.25,142.0
TXN_009759,True,retry_later,0.4787,False,0.0,0.25,
TXN_009762,True,send_reminder,0.5984,False,0.0,0.1,
TXN_009771,True,retry_now,0.8998,True,5557.81,0.5,43.0
TXN_009772,True,alternate_payment,0.24,False,0.0,0.3,
TXN_009773,True,retry_now,0.8823,False,0.0,0.5,
TXN_009774,True,escalate,0.44,True,358.34,10.0,47.0
TXN_009777,True,send_reminder,0.693,True,2897.57,0.1,77.0
TXN_009780,True,send_reminder,0.7257,True,4010.8,0.1,59.0
TXN_009790,False,stop,0.1987,False,0.0,0.0,
TXN_009791,True,escalate,0.4027,True,1253.37,10.0,32.0
TXN_009795,True,escalate,0.3707,False,0.0,10.0,
TXN_009800,True,retry_later,0.5349,False,0.0,0.25,
TXN_009801,True,retry_later,0.5558,True,1680.95,0.25,161.0
TXN_009802,True,retry_later,0.6598,False,0.0,0.25,
TXN_009807,True,retry_later,0.693,True,3820.84,0.25,144.0
TXN_009812,True,retry_later,0.8045,True,1835.03,0.25,108.0
TXN_009814,True,retry_later,0.8048,True,4493.41,0.25,12.0
TXN_009815,True,retry_now,0.871,False,0.0,0.5,
TXN_009817,True,retry_later,0.7811,False,0.0,0.25,
TXN_009823,True,escalate,0.3626,False,0.0,10.0,
TXN_009829,True,stop,0.4515,False,0.0,0.0,
TXN_009831,True,escalate,0.3675,False,0.0,10.0,
TXN_009832,True,retry_later,0.6251,False,0.0,0.25,
TXN_009835,True,retry_later,0.8258,True,2015.01,0.25,17.0
TXN_009838,True,retry_later,0.7586,True,653.79,0.25,99.0
TXN_009841,True,retry_later,0.8332,False,0.0,0.25,
TXN_009845,True,send_reminder,0.48,False,0.0,0.1,
TXN_009848,True,send_reminder,0.5319,True,2667.43,0.1,56.0
TXN_009849,True,retry_now,0.9335,True,6187.72,0.5,129.0
TXN_009850,True,retry_later,0.5829,False,0.0,0.25,
TXN_009853,True,retry_later,0.4982,False,0.0,0.25,
TXN_009854,True,retry_later,0.8356,False,0.0,0.25,
TXN_009857,True,alternate_payment,0.3647,True,433.23,0.3,13.0
TXN_009860,True,retry_later,0.6321,False,0.0,0.25,
TXN_009861,True,escalate,0.4399,True,376.62,10.0,51.0
TXN_009863,True,escalate,0.3025,False,0.0,10.0,
TXN_009865,True,retry_later,0.4839,False,0.0,0.25,
TXN_009866,True,escalate,0.3424,False,0.0,10.0,
TXN_009871,True,retry_later,0.7816,True,2359.11,0.25,63.0
TXN_009873,True,retry_now,0.8878,False,0.0,0.5,
TXN_009874,True,send_reminder,0.5342,False,0.0,0.1,
TXN_009877,True,retry_later,0.5382,True,2169.52,0.25,67.0
TXN_009878,True,escalate,0.3254,False,0.0,10.0,
TXN_009880,True,escalate,0.38,True,5439.79,10.0,1.0
TXN_009882,True,retry_later,0.7181,True,1832.15,0.25,17.0
TXN_009895,True,retry_now,0.97,True,1185.21,0.5,86.0
TXN_009897,True,escalate,0.3968,True,550.48,10.0,71.0
TXN_009898,True,retry_later,0.8375,True,2963.04,0.25,119.0
TXN_009899,True,retry_later,0.6849,True,740.71,0.25,147.0
TXN_009902,True,alternate_payment,0.3984,False,0.0,0.3,
TXN_009910,True,retry_later,0.6347,True,3573.46,0.25,169.0
TXN_009912,True,send_reminder,0.4699,False,0.0,0.1,
TXN_009915,True,retry_now,0.9021,True,2381.59,0.5,42.0
TXN_009917,True,retry_now,0.9243,True,3563.71,0.5,23.0
TXN_009919,True,escalate,0.2332,False,0.0,10.0,
TXN_009921,True,retry_later,0.7257,True,2533.87,0.25,10.0
TXN_009922,True,stop,0.7459,False,0.0,0.0,
TXN_009924,True,retry_now,0.9442,True,3461.35,0.5,23.0
TXN_009926,True,send_reminder,0.6374,True,2259.53,0.1,13.0
TXN_009931,True,retry_later,0.6398,True,2035.8,0.25,7.0
TXN_009941,False,alternate_payment,0.1158,False,0.0,0.3,
TXN_009942,True,escalate,0.4494,False,0.0,10.0,
TXN_009943,True,retry_now,0.8847,False,0.0,0.5,
TXN_009947,True,retry_later,0.6688,False,0.0,0.25,
TXN_009950,True,escalate,0.392,False,0.0,10.0,
TXN_009955,True,send_reminder,0.5842,False,0.0,0.1,
TXN_009956,True,retry_now,0.97,True,3907.25,0.5,12.0
TXN_009962,True,escalate,0.3709,False,0.0,10.0,
TXN_009963,True,send_reminder,0.4553,False,0.0,0.1,
TXN_009966,True,retry_now,0.8714,True,6852.3,0.5,5.0
TXN_009967,True,escalate,0.2642,False,0.0,10.0,
TXN_009970,True,escalate,0.25,False,0.0,10.0,
TXN_009973,True,escalate,0.21,True,2325.7,10.0,120.0
TXN_009975,True,escalate,0.2212,True,411.0,10.0,10.0
TXN_009981,True,escalate,0.2965,True,646.82,10.0,103.0
TXN_009983,True,retry_later,0.7566,False,0.0,0.25,
TXN_009987,True,escalate,0.3599,False,0.0,10.0,
TXN_009988,True,escalate,0.4402,True,1341.5,10.0,30.0
TXN_009994,True,escalate,0.3151,False,0.0,10.0,
TXN_009995,True,retry_later,0.7145,False,0.0,0.25,
TXN_009997,True,retry_later,0.6314,False,0.0,0.25,
