transaction_id,customer_id,merchant_id,amount,currency,payment_method,bank,transaction_time,status,failure_reason,checkout_completed,subscription_flag
TXN_000001,CUST_00601,MER_0032,1422.05,INR,Wallet,AXIS,2026-07-09 03:03:00,success,,True,False
TXN_000002,CUST_00828,MER_0017,2174.13,INR,UPI,HDFC,2026-07-09 17:02:00,success,,True,False
TXN_000003,CUST_00012,MER_0024,1294.74,INR,Wallet,SBI,2026-08-26 08:59:00,success,,True,False
TXN_000004,CUST_00258,MER_0034,1907.66,INR,UPI,ICICI,2026-07-21 16:46:00,success,,True,True
TXN_000005,CUST_01020,MER_0043,536.52,INR,Card,AXIS,2026-07-04 06:26:00,failed,insufficient_funds,True,False
TXN_000006,CUST_00789,MER_0036,2442.96,INR,UPI,AXIS,2026-07-08 05:03:00,failed,bank_timeout,False,True
TXN_000007,CUST_00084,MER_0014,4135.64,INR,Card,HDFC,2026-08-03 19:28:00,failed,network_error,True,False
TXN_000008,CUST_00747,MER_0007,674.49,INR,NetBanking,ICICI,2026-07-02 02:46:00,success,,True,False
TXN_000009,CUST_01113,MER_0030,1325.86,INR,Card,SBI,2026-08-08 22:27:00,failed,network_error,True,False
TXN_000010,CUST_00214,MER_0042,1150.64,INR,UPI,HDFC,2026-08-17 02:24:00,success,,True,False
TXN_000011,CUST_00712,MER_0026,4738.99,INR,UPI,ICICI,2026-08-19 13:36:00,failed,authentication_failure,True,False
TXN_000012,CUST_01855,MER_0028,1975.13,INR,Card,SBI,2026-08-13 20:35:00,failed,bank_declined,True,False
TXN_000013,CUST_00404,MER_0039,4057.55,INR,UPI,AXIS,2026-08-21 12:34:00,success,,True,False
TXN_000014,CUST_00688,MER_0006,905.6,INR,UPI,SBI,2026-07-30 23:05:00,failed,bank_declined,True,False
TXN_000015,CUST_00880,MER_0031,3046.97,INR,UPI,ICICI,2026-08-13 10:15:00,success,,True,False
TXN_000016,CUST_00851,MER_0037,7248.33,INR,UPI,HDFC,2026-07-03 17:31:00,failed,network_error,True,False
TXN_000017,CUST_01520,MER_0033,217.98,INR,UPI,YES,2026-08-12 15:47:00,failed,bank_timeout,True,True
TXN_000018,CUST_00403,MER_0017,10305.25,INR,UPI,ICICI,2026-07-14 06:19:00,failed,authentication_failure,True,False
TXN_000019,CUST_00295,MER_0042,2886.29,INR,UPI,YES,2026-07-26 22:27:00,success,,True,False
TXN_000020,CUST_00325,MER_0020,1646.97,INR,Card,KOTAK,2026-07-24 23:34:00,success,,True,False
TXN_000021,CUST_01518,MER_0020,4655.0,INR,UPI,ICICI,2026-07-01 06:30:00,failed,bank_timeout,False,False
TXN_000022,CUST_01426,MER_0041,3572.73,INR,NetBanking,KOTAK,2026-07-13 02:56:00,success,,True,False
TXN_000023,CUST_00827,MER_0028,3656.92,INR,UPI,ICICI,2026-07-10 23:58:00,success,,True,False
TXN_000024,CUST_00457,MER_0029,5699.69,INR,Card,ICICI,2026-07-19 19:26:00,success,,True,False
TXN_000025,CUST_01858,MER_0001,22197.35,INR,UPI,YES,2026-07-28 14:11:00,success,,True,False
TXN_000026,CUST_00423,MER_0047,3340.69,INR,Card,SBI,2026-07-03 16:38:00,success,,True,False
TXN_000027,CUST_01014,MER_0040,1624.29,INR,Wallet,AXIS,2026-07-15 02:04:00,success,,True,False
TXN_000028,CUST_00298,MER_0036,2391.18,INR,UPI,YES,2026-07-27 16:09:00,failed,bank_declined,True,False
TXN_000029,CUST_01076,MER_0023,1400.0,INR,UPI,KOTAK,2026-07-15 20:03:00,success,,True,False
TXN_000030,CUST_01703,MER_0046,1759.13,INR,Card,ICICI,2026-08-26 10:00:00,success,,True,False
TXN_000031,CUST_00449,MER_0044,1604.76,INR,Card,SBI,2026-08-20 16:07:00,success,,True,False
TXN_000032,CUST_00781,MER_0014,2756.96,INR,UPI,YES,2026-07-06 22:46:00,success,,True,True
TXN_000033,CUST_00537,MER_0039,1264.03,INR,UPI,AXIS,2026-08-01 10:21:00,failed,network_error,False,False
TXN_000034,CUST_01452,MER_0005,2441.01,INR,UPI,HDFC,2026-08-09 07:44:00,failed,bank_timeout,True,False
TXN_000035,CUST_01087,MER_0045,1877.48,INR,NetBanking,KOTAK,2026-08-12 03:33:00,success,,True,False
TXN_000036,CUST_01172,MER_0030,2763.22,INR,Wallet,HDFC,2026-07-07 20:50:00,success,,True,False
TXN_000037,CUST_00773,MER_0036,4722.43,INR,UPI,HDFC,2026-07-11 21:30:00,failed,bank_timeout,True,False
TXN_000038,CUST_01296,MER_0013,1441.6,INR,UPI,AXIS,2026-08-19 00:13:00,failed,bank_declined,True,False
TXN_000039,CUST_01004,MER_0010,831.56,INR,Card,KOTAK,2026-07-27 07:47:00,failed,insufficient_funds,False,False
TXN_000040,CUST_01118,MER_0005,1667.4,INR,UPI,SBI,2026-07-26 05:36:00,success,,True,False
TXN_000041,CUST_01695,MER_0043,4912.37,INR,Wallet,ICICI,2026-08-06 01:58:00,success,,True,False
TXN_000042,CUST_01680,MER_0043,3011.06,INR,NetBanking,SBI,2026-07-27 13:43:00,success,,True,False
TXN_000043,CUST_01247,MER_0020,2849.42,INR,Card,SBI,2026-07-23 00:16:00,success,,True,False
TXN_000044,CUST_00873,MER_0010,4820.91,INR,Card,AXIS,2026-08-11 07:00:00,success,,True,False
TXN_000045,CUST_00521,MER_0042,2186.6,INR,UPI,SBI,2026-08-26 22:08:00,success,,True,True
TXN_000046,CUST_00259,MER_0006,3335.48,INR,UPI,SBI,2026-07-25 04:18:00,success,,True,False
TXN_000047,CUST_00451,MER_0006,2247.16,INR,Card,SBI,2026-08-03 11:37:00,success,,True,True
TXN_000048,CUST_01917,MER_0035,3017.82,INR,Card,ICICI,2026-08-23 10:22:00,success,,True,False
TXN_000049,CUST_01444,MER_0047,1531.18,INR,UPI,SBI,2026-07-17 21:24:00,success,,True,True
TXN_000050,CUST_01760,MER_0042,346.87,INR,Wallet,AXIS,2026-07-20 19:32:00,success,,True,False
TXN_000051,CUST_00614,MER_0048,2192.02,INR,Wallet,KOTAK,2026-08-15 21:25:00,success,,True,False
TXN_000052,CUST_00552,MER_0023,7617.46,INR,UPI,YES,2026-08-20 19:33:00,success,,True,False
TXN_000053,CUST_00626,MER_0048,5120.32,INR,UPI,SBI,2026-08-03 19:52:00,failed,bank_declined,True,True
TXN_000054,CUST_00244,MER_0009,6561.04,INR,UPI,AXIS,2026-07-05 12:36:00,success,,True,False
TXN_000055,CUST_01535,MER_0034,2619.99,INR,Card,SBI,2026-08-07 17:01:00,success,,True,False
TXN_000056,CUST_01714,MER_0032,2857.93,INR,Card,AXIS,2026-08-22 05:33:00,failed,authentication_failure,True,True
TXN_000057,CUST_00397,MER_0048,1895.32,INR,UPI,KOTAK,2026-07-24 04:03:00,success,,True,False
TXN_000058,CUST_00174,MER_0024,3994.27,INR,Card,HDFC,2026-08-03 05:13:00,failed,insufficient_funds,True,False
TXN_000059,CUST_00417,MER_0004,2182.97,INR,Wallet,SBI,2026-08-26 09:40:00,failed,insufficient_funds,True,True
TXN_000060,CUST_01490,MER_0020,2441.63,INR,Card,SBI,2026-08-20 12:52:00,success,,True,False
TXN_000061,CUST_00536,MER_0009,3948.0,INR,Card,KOTAK,2026-08-10 15:43:00,success,,True,False
TXN_000062,CUST_01533,MER_0047,768.87,INR,UPI,KOTAK,2026-08-12 21:17:00,success,,True,False
TXN_000063,CUST_01592,MER_0022,388.8,INR,Card,YES,2026-08-26 15:07:00,success,,True,False
TXN_000064,CUST_00385,MER_0011,1571.16,INR,Card,KOTAK,2026-08-10 10:32:00,success,,True,True
TXN_000065,CUST_00240,MER_0006,919.13,INR,UPI,KOTAK,2026-08-04 19:41:00,success,,True,False
TXN_000066,CUST_00955,MER_0013,1625.37,INR,Card,KOTAK,2026-07-02 04:06:00,success,,True,False
TXN_000067,CUST_01591,MER_0018,2168.47,INR,Card,ICICI,2026-08-23 19:46:00,success,,True,False
TXN_000068,CUST_00467,MER_0021,1698.33,INR,UPI,HDFC,2026-08-01 00:47:00,success,,True,True
TXN_000069,CUST_01851,MER_0034,7800.74,INR,UPI,SBI,2026-07-06 03:54:00,success,,True,False
TXN_000070,CUST_01711,MER_0010,3169.71,INR,UPI,HDFC,2026-07-10 10:28:00,success,,True,False
TXN_000071,CUST_01913,MER_0040,3103.79,INR,Wallet,ICICI,2026-07-02 01:59:00,failed,bank_timeout,True,False
TXN_000072,CUST_00209,MER_0039,981.35,INR,Card,AXIS,2026-08-02 17:13:00,success,,True,True
TXN_000073,CUST_00315,MER_0021,5604.3,INR,UPI,AXIS,2026-07-05 16:31:00,failed,bank_declined,False,True
TXN_000074,CUST_00940,MER_0009,4172.98,INR,UPI,AXIS,2026-07-29 02:51:00,success,,True,False
TXN_000075,CUST_00459,MER_0010,1035.37,INR,UPI,ICICI,2026-08-20 08:22:00,success,,True,False
TXN_000076,CUST_00581,MER_0036,704.15,INR,UPI,HDFC,2026-08-22 15:51:00,success,,True,False
TXN_000077,CUST_00249,MER_0011,4695.27,INR,UPI,AXIS,2026-07-18 20:24:00,failed,bank_declined,False,False
TXN_000078,CUST_00575,MER_0035,1186.02,INR,Card,SBI,2026-07-06 13:29:00,success,,True,False
TXN_000079,CUST_00078,MER_0036,1217.15,INR,Wallet,AXIS,2026-07-14 20:50:00,success,,True,False
TXN_000080,CUST_00421,MER_0044,6005.0,INR,Wallet,YES,2026-07-17 15:27:00,failed,bank_declined,True,False
TXN_000081,CUST_01747,MER_0001,9082.81,INR,Card,AXIS,2026-08-05 23:46:00,success,,True,False
TXN_000082,CUST_00465,MER_0006,1187.38,INR,Card,YES,2026-08-11 02:38:00,success,,True,False
TXN_000083,CUST_00905,MER_0043,4067.21,INR,UPI,HDFC,2026-07-23 12:50:00,success,,True,False
TXN_000084,CUST_01143,MER_0050,1876.39,INR,NetBanking,HDFC,2026-07-08 15:47:00,success,,True,True
TXN_000085,CUST_01802,MER_0015,3954.26,INR,Card,SBI,2026-08-13 12:12:00,failed,bank_declined,True,False
TXN_000086,CUST_01197,MER_0046,2142.58,INR,Card,ICICI,2026-07-01 06:41:00,success,,True,False
TXN_000087,CUST_01730,MER_0018,2521.82,INR,Card,AXIS,2026-07-11 18:50:00,failed,bank_declined,True,False
TXN_000088,CUST_00343,MER_0017,4414.54,INR,Wallet,ICICI,2026-08-26 17:51:00,success,,True,False
TXN_000089,CUST_00710,MER_0044,1618.78,INR,UPI,YES,2026-08-13 18:11:00,success,,True,False
TXN_000090,CUST_01831,MER_0030,2032.7,INR,UPI,AXIS,2026-08-11 22:58:00,success,,True,True
TXN_000091,CUST_01567,MER_0021,1101.6,INR,UPI,AXIS,2026-07-18 04:09:00,success,,True,False
TXN_000092,CUST_01570,MER_0034,314.23,INR,Card,YES,2026-07-15 01:36:00,failed,insufficient_funds,True,True
TXN_000093,CUST_00943,MER_0015,16816.11,INR,Wallet,AXIS,2026-07-05 08:31:00,failed,network_error,True,False
TXN_000094,CUST_00042,MER_0022,2403.28,INR,NetBanking,ICICI,2026-07-07 16:09:00,failed,bank_timeout,True,False
TXN_000095,CUST_01797,MER_0006,2484.86,INR,Wallet,HDFC,2026-07-25 10:41:00,success,,True,False
TXN_000096,CUST_01325,MER_0009,3780.82,INR,UPI,AXIS,2026-07-04 10:17:00,success,,True,False
TXN_000097,CUST_01002,MER_0044,948.94,INR,UPI,HDFC,2026-07-19 13:01:00,success,,True,False
TXN_000098,CUST_01775,MER_0015,5951.85,INR,NetBanking,YES,2026-08-09 00:21:00,success,,True,False
TXN_000099,CUST_00424,MER_0040,4325.6,INR,Card,SBI,2026-08-11 23:03:00,success,,True,False
TXN_000100,CUST_01188,MER_0038,4335.31,INR,UPI,HDFC,2026-07-01 20:18:00,success,,True,False
TXN_000101,CUST_01389,MER_0013,3466.08,INR,NetBanking,ICICI,2026-08-10 17:22:00,failed,network_error,True,False
TXN_000102,CUST_01752,MER_0028,4180.93,INR,Card,YES,2026-08-18 12:12:00,success,,True,False
TXN_000103,CUST_00673,MER_0010,3918.45,INR,UPI,SBI,2026-08-08 11:42:00,failed,authentication_failure,True,False
TXN_000104,CUST_00619,MER_0004,1542.44,INR,UPI,ICICI,2026-07-13 21:51:00,success,,True,False
TXN_000105,CUST_01301,MER_0013,2647.8,INR,Card,YES,2026-08-14 15:57:00,success,,True,False
TXN_000106,CUST_01436,MER_0037,8427.17,INR,Wallet,KOTAK,2026-07-20 14:17:00,success,,True,True
TXN_000107,CUST_01946,MER_0003,905.71,INR,UPI,HDFC,2026-08-10 07:36:00,success,,True,False
TXN_000108,CUST_01697,MER_0016,754.44,INR,UPI,SBI,2026-08-21 12:49:00,failed,bank_timeout,False,False
TXN_000109,CUST_01183,MER_0013,2542.01,INR,Card,SBI,2026-07-03 01:00:00,failed,insufficient_funds,True,False
TXN_000110,CUST_00981,MER_0012,2966.57,INR,NetBanking,HDFC,2026-07-02 23:07:00,failed,bank_declined,False,False
TXN_000111,CUST_00232,MER_0011,8037.64,INR,Wallet,KOTAK,2026-08-26 14:48:00,success,,True,True
TXN_000112,CUST_01756,MER_0009,678.09,INR,Card,ICICI,2026-08-04 12:54:00,success,,True,False
TXN_000113,CUST_00732,MER_0041,1257.9,INR,UPI,HDFC,2026-08-18 21:01:00,success,,True,False
TXN_000114,CUST_01735,MER_0010,2247.1,INR,UPI,HDFC,2026-08-10 09:33:00,success,,True,False
TXN_000115,CUST_00198,MER_0032,655.53,INR,UPI,HDFC,2026-08-20 16:03:00,success,,True,False
TXN_000116,CUST_01956,MER_0033,2120.31,INR,UPI,YES,2026-08-18 17:22:00,success,,True,False
TXN_000117,CUST_01846,MER_0021,9220.42,INR,Card,KOTAK,2026-08-14 16:29:00,success,,True,False
TXN_000118,CUST_01982,MER_0038,2481.73,INR,UPI,KOTAK,2026-08-11 01:14:00,failed,authentication_failure,True,False
TXN_000119,CUST_01136,MER_0024,890.58,INR,UPI,HDFC,2026-07-09 02:52:00,failed,network_error,True,True
TXN_000120,CUST_01428,MER_0024,1807.76,INR,NetBanking,SBI,2026-07-18 13:03:00,failed,network_error,True,True
TXN_000121,CUST_01241,MER_0015,6804.33,INR,UPI,HDFC,2026-07-24 01:18:00,success,,True,False
TXN_000122,CUST_00647,MER_0022,3812.93,INR,UPI,YES,2026-08-22 23:19:00,success,,True,True
TXN_000123,CUST_00044,MER_0009,1003.08,INR,Wallet,YES,2026-08-17 18:32:00,success,,True,True
TXN_000124,CUST_01297,MER_0019,2972.63,INR,NetBanking,AXIS,2026-07-26 19:47:00,success,,True,True
TXN_000125,CUST_00328,MER_0033,3635.77,INR,Wallet,ICICI,2026-08-25 13:34:00,failed,bank_declined,True,False
TXN_000126,CUST_01505,MER_0022,8642.37,INR,Card,SBI,2026-08-24 06:24:00,success,,True,False
TXN_000127,CUST_00938,MER_0014,1083.47,INR,UPI,KOTAK,2026-07-02 12:47:00,failed,authentication_failure,True,False
TXN_000128,CUST_00426,MER_0044,892.42,INR,Card,YES,2026-08-04 10:13:00,success,,True,True
TXN_000129,CUST_00695,MER_0003,2023.91,INR,Wallet,ICICI,2026-07-22 19:23:00,success,,True,False
TXN_000130,CUST_01149,MER_0037,3544.27,INR,NetBanking,AXIS,2026-07-14 13:20:00,failed,network_error,True,False
TXN_000131,CUST_00708,MER_0045,2296.72,INR,Card,HDFC,2026-07-12 06:47:00,failed,network_error,True,False
TXN_000132,CUST_01458,MER_0011,2755.64,INR,UPI,AXIS,2026-07-26 05:21:00,success,,True,True
TXN_000133,CUST_01439,MER_0031,1251.23,INR,Card,AXIS,2026-08-25 07:02:00,failed,insufficient_funds,True,False
TXN_000134,CUST_01931,MER_0013,674.43,INR,Card,YES,2026-07-30 09:24:00,failed,network_error,True,False
TXN_000135,CUST_01747,MER_0032,12318.84,INR,UPI,KOTAK,2026-07-03 03:06:00,failed,authentication_failure,True,False
TXN_000136,CUST_00449,MER_0040,2096.38,INR,Card,AXIS,2026-07-25 22:29:00,failed,expired_card,True,False
TXN_000137,CUST_01425,MER_0035,2112.63,INR,UPI,HDFC,2026-08-14 07:24:00,success,,True,False
TXN_000138,CUST_01578,MER_0036,7319.36,INR,UPI,SBI,2026-07-05 03:35:00,success,,True,False
TXN_000139,CUST_01328,MER_0029,415.93,INR,UPI,ICICI,2026-08-02 01:31:00,success,,True,True
TXN_000140,CUST_01203,MER_0044,8322.74,INR,Card,AXIS,2026-07-22 13:37:00,success,,True,False
TXN_000141,CUST_01819,MER_0017,781.2,INR,UPI,ICICI,2026-07-21 22:52:00,success,,True,False
TXN_000142,CUST_01168,MER_0006,1971.75,INR,Card,ICICI,2026-08-15 14:56:00,failed,bank_declined,True,True
TXN_000143,CUST_02000,MER_0026,3908.24,INR,UPI,YES,2026-08-18 00:22:00,success,,True,True
TXN_000144,CUST_01710,MER_0012,679.6,INR,UPI,HDFC,2026-08-13 18:10:00,failed,bank_declined,True,False
TXN_000145,CUST_01683,MER_0004,12325.77,INR,Card,HDFC,2026-08-19 12:52:00,success,,True,False
TXN_000146,CUST_01211,MER_0016,820.13,INR,UPI,HDFC,2026-07-27 00:57:00,success,,True,False
TXN_000147,CUST_00431,MER_0044,2840.58,INR,Card,ICICI,2026-08-26 03:17:00,success,,True,False
TXN_000148,CUST_00886,MER_0047,1437.15,INR,UPI,AXIS,2026-08-02 03:40:00,success,,True,False
TXN_000149,CUST_01242,MER_0013,3431.35,INR,Card,KOTAK,2026-07-26 14:36:00,failed,insufficient_funds,True,True
TXN_000150,CUST_00788,MER_0005,1460.9,INR,Card,SBI,2026-08-11 21:17:00,success,,True,True
TXN_000151,CUST_00717,MER_0027,3605.8,INR,UPI,KOTAK,2026-08-01 03:28:00,success,,True,False
TXN_000152,CUST_01903,MER_0037,10336.93,INR,UPI,HDFC,2026-08-08 11:04:00,success,,True,False
TXN_000153,CUST_01606,MER_0050,2094.93,INR,Card,SBI,2026-07-12 21:41:00,success,,True,False
TXN_000154,CUST_00663,MER_0043,4340.77,INR,UPI,SBI,2026-07-02 20:46:00,success,,True,False
TXN_000155,CUST_01970,MER_0041,867.3,INR,Card,KOTAK,2026-08-07 00:27:00,failed,bank_declined,False,False
TXN_000156,CUST_01780,MER_0019,3561.46,INR,UPI,AXIS,2026-07-14 21:54:00,failed,authentication_failure,True,False
TXN_000157,CUST_00288,MER_0003,3243.77,INR,Card,AXIS,2026-08-11 09:50:00,success,,True,False
TXN_000158,CUST_00131,MER_0022,1899.89,INR,UPI,ICICI,2026-08-04 01:50:00,success,,True,False
TXN_000159,CUST_00326,MER_0044,2439.22,INR,Card,ICICI,2026-08-08 13:01:00,success,,True,True
TXN_000160,CUST_01700,MER_0001,897.55,INR,UPI,AXIS,2026-07-05 06:34:00,failed,authentication_failure,False,True
TXN_000161,CUST_01162,MER_0047,4943.69,INR,UPI,ICICI,2026-08-16 06:44:00,failed,bank_timeout,True,False
TXN_000162,CUST_01966,MER_0024,1675.67,INR,UPI,ICICI,2026-07-31 15:03:00,success,,True,False
TXN_000163,CUST_01403,MER_0049,3019.07,INR,UPI,AXIS,2026-07-02 13:01:00,success,,True,True
TXN_000164,CUST_00339,MER_0020,1720.94,INR,Card,ICICI,2026-08-05 05:59:00,failed,expired_card,True,False
TXN_000165,CUST_01334,MER_0010,13092.27,INR,NetBanking,HDFC,2026-07-01 17:05:00,success,,True,False
TXN_000166,CUST_00957,MER_0027,2002.96,INR,Wallet,YES,2026-07-24 13:06:00,success,,True,False
TXN_000167,CUST_00992,MER_0005,1832.3,INR,UPI,HDFC,2026-07-08 13:08:00,success,,True,True
TXN_000168,CUST_00590,MER_0028,1453.84,INR,Wallet,YES,2026-07-23 17:23:00,success,,True,False
TXN_000169,CUST_00697,MER_0045,4426.45,INR,UPI,AXIS,2026-07-28 08:25:00,failed,bank_timeout,True,False
TXN_000170,CUST_00017,MER_0044,1451.72,INR,UPI,ICICI,2026-08-08 19:44:00,success,,True,False
TXN_000171,CUST_00171,MER_0008,7023.68,INR,Card,YES,2026-08-15 13:07:00,success,,True,False
TXN_000172,CUST_00466,MER_0006,7598.32,INR,Card,ICICI,2026-08-26 14:26:00,failed,insufficient_funds,True,False
TXN_000173,CUST_01766,MER_0027,548.27,INR,Card,YES,2026-08-25 03:02:00,failed,expired_card,True,False
TXN_000174,CUST_01945,MER_0011,1411.34,INR,NetBanking,HDFC,2026-07-07 02:23:00,success,,True,False
TXN_000175,CUST_00319,MER_0042,4593.97,INR,UPI,AXIS,2026-07-11 06:01:00,success,,True,False
TXN_000176,CUST_00757,MER_0032,504.68,INR,UPI,HDFC,2026-07-29 19:21:00,success,,True,True
TXN_000177,CUST_00999,MER_0048,4984.45,INR,UPI,ICICI,2026-07-17 13:57:00,success,,True,False
TXN_000178,CUST_00049,MER_0041,926.17,INR,UPI,SBI,2026-07-06 12:53:00,failed,bank_timeout,True,False
TXN_000179,CUST_01658,MER_0001,2468.63,INR,Card,HDFC,2026-07-07 07:12:00,success,,True,True
TXN_000180,CUST_01923,MER_0034,1137.8,INR,Wallet,SBI,2026-08-01 16:09:00,success,,True,False
TXN_000181,CUST_01895,MER_0024,1762.29,INR,Card,SBI,2026-07-21 08:10:00,success,,True,False
TXN_000182,CUST_01745,MER_0040,4226.18,INR,UPI,SBI,2026-08-25 11:16:00,success,,True,True
TXN_000183,CUST_01510,MER_0045,2656.37,INR,UPI,ICICI,2026-07-02 20:32:00,failed,network_error,False,False
TXN_000184,CUST_01447,MER_0001,11862.68,INR,Wallet,SBI,2026-07-02 21:37:00,success,,True,True
TXN_000185,CUST_01011,MER_0048,698.27,INR,UPI,AXIS,2026-07-15 20:42:00,success,,True,False
TXN_000186,CUST_00209,MER_0006,8899.68,INR,UPI,AXIS,2026-08-12 23:52:00,success,,True,False
TXN_000187,CUST_01355,MER_0039,2653.1,INR,UPI,ICICI,2026-08-25 17:45:00,success,,True,False
TXN_000188,CUST_01408,MER_0033,1189.12,INR,UPI,AXIS,2026-08-20 02:58:00,success,,True,False
TXN_000189,CUST_01800,MER_0030,841.97,INR,UPI,AXIS,2026-07-08 16:27:00,success,,True,False
TXN_000190,CUST_01443,MER_0011,2097.92,INR,Card,YES,2026-08-14 03:03:00,failed,network_error,True,False
TXN_000191,CUST_01259,MER_0031,2203.85,INR,Wallet,YES,2026-07-08 22:42:00,failed,network_error,True,True
TXN_000192,CUST_01067,MER_0039,764.38,INR,UPI,SBI,2026-07-25 13:01:00,success,,True,False
TXN_000193,CUST_01620,MER_0028,2417.11,INR,NetBanking,ICICI,2026-07-17 03:56:00,failed,bank_timeout,True,False
TXN_000194,CUST_01822,MER_0037,3264.64,INR,Card,SBI,2026-07-04 20:08:00,success,,True,False
TXN_000195,CUST_00268,MER_0021,4961.73,INR,Card,YES,2026-08-20 04:18:00,success,,True,False
TXN_000196,CUST_01548,MER_0007,1743.05,INR,UPI,KOTAK,2026-08-24 15:43:00,success,,True,False
TXN_000197,CUST_01818,MER_0015,303.88,INR,UPI,AXIS,2026-07-10 20:31:00,failed,bank_declined,True,False
TXN_000198,CUST_00982,MER_0018,3461.27,INR,Wallet,YES,2026-08-06 16:19:00,success,,True,False
TXN_000199,CUST_00658,MER_0046,3372.59,INR,Wallet,HDFC,2026-08-21 11:22:00,failed,bank_declined,True,False
TXN_000200,CUST_01073,MER_0012,1036.04,INR,NetBanking,YES,2026-07-26 10:12:00,success,,True,False
TXN_000201,CUST_00422,MER_0011,4205.6,INR,Wallet,KOTAK,2026-07-26 11:31:00,success,,True,False
TXN_000202,CUST_01719,MER_0049,6336.02,INR,UPI,HDFC,2026-08-03 09:39:00,failed,authentication_failure,True,False
TXN_000203,CUST_00332,MER_0046,3151.78,INR,UPI,YES,2026-07-11 19:42:00,failed,bank_declined,True,True
TXN_000204,CUST_01124,MER_0024,2286.51,INR,Card,KOTAK,2026-07-07 23:09:00,success,,True,False
TXN_000205,CUST_00175,MER_0028,3223.24,INR,Card,ICICI,2026-07-04 03:16:00,success,,True,False
TXN_000206,CUST_01671,MER_0004,1652.79,INR,UPI,KOTAK,2026-08-11 11:33:00,success,,True,False
TXN_000207,CUST_01332,MER_0047,1421.45,INR,UPI,HDFC,2026-07-08 08:13:00,success,,True,False
TXN_000208,CUST_01154,MER_0012,2508.2,INR,Card,AXIS,2026-08-19 23:36:00,success,,True,False
TXN_000209,CUST_01145,MER_0050,1022.7,INR,UPI,YES,2026-07-25 09:23:00,success,,True,False
TXN_000210,CUST_01515,MER_0008,1023.86,INR,UPI,HDFC,2026-08-01 21:53:00,success,,True,False
TXN_000211,CUST_01123,MER_0038,4202.77,INR,Card,KOTAK,2026-07-31 09:20:00,success,,True,True
TXN_000212,CUST_01930,MER_0012,973.57,INR,UPI,YES,2026-08-14 14:48:00,failed,bank_timeout,True,False
TXN_000213,CUST_01975,MER_0034,3533.6,INR,UPI,KOTAK,2026-08-23 19:57:00,success,,True,False
TXN_000214,CUST_00204,MER_0008,613.61,INR,Card,ICICI,2026-08-12 04:00:00,failed,expired_card,True,False
TXN_000215,CUST_01248,MER_0006,6344.14,INR,Card,HDFC,2026-07-06 04:15:00,success,,True,False
TXN_000216,CUST_00329,MER_0011,1113.28,INR,UPI,YES,2026-07-01 08:28:00,success,,True,False
TXN_000217,CUST_01726,MER_0019,1683.24,INR,Card,AXIS,2026-07-09 19:41:00,success,,True,False
TXN_000218,CUST_01271,MER_0023,3532.1,INR,Card,KOTAK,2026-07-14 23:28:00,failed,bank_declined,True,True
TXN_000219,CUST_01800,MER_0036,1995.74,INR,UPI,SBI,2026-07-18 04:23:00,success,,True,False
TXN_000220,CUST_01886,MER_0017,1513.22,INR,UPI,YES,2026-07-11 13:39:00,success,,True,False
TXN_000221,CUST_01814,MER_0028,7615.16,INR,Wallet,ICICI,2026-08-04 06:57:00,failed,bank_declined,False,False
TXN_000222,CUST_01135,MER_0011,5340.56,INR,UPI,ICICI,2026-07-21 14:48:00,success,,True,False
TXN_000223,CUST_01487,MER_0005,2613.0,INR,UPI,KOTAK,2026-07-08 23:20:00,success,,True,True
TXN_000224,CUST_00746,MER_0006,1278.43,INR,UPI,SBI,2026-08-19 09:19:00,failed,bank_declined,True,True
TXN_000225,CUST_00002,MER_0038,3707.12,INR,NetBanking,AXIS,2026-07-07 18:03:00,success,,True,False
TXN_000226,CUST_00821,MER_0036,3410.86,INR,UPI,HDFC,2026-07-04 05:49:00,success,,True,False
TXN_000227,CUST_00290,MER_0023,7489.66,INR,NetBanking,YES,2026-08-20 18:08:00,success,,True,False
TXN_000228,CUST_01132,MER_0031,4106.64,INR,Card,SBI,2026-07-01 23:26:00,success,,True,True
TXN_000229,CUST_01524,MER_0010,733.29,INR,UPI,YES,2026-07-18 01:48:00,success,,True,False
TXN_000230,CUST_00147,MER_0046,5662.15,INR,Card,YES,2026-08-08 14:16:00,success,,True,True
TXN_000231,CUST_01879,MER_0030,1098.34,INR,Card,SBI,2026-07-28 17:46:00,success,,True,False
TXN_000232,CUST_01985,MER_0015,1795.11,INR,UPI,HDFC,2026-07-20 13:52:00,success,,True,False
TXN_000233,CUST_01607,MER_0006,2981.44,INR,UPI,ICICI,2026-07-06 05:38:00,success,,True,True
TXN_000234,CUST_00613,MER_0036,12046.55,INR,Wallet,HDFC,2026-07-28 23:06:00,success,,True,False
TXN_000235,CUST_01214,MER_0032,29376.05,INR,Card,YES,2026-08-26 18:10:00,success,,True,False
TXN_000236,CUST_00060,MER_0013,3965.47,INR,NetBanking,YES,2026-07-01 14:30:00,success,,True,False
TXN_000237,CUST_00661,MER_0048,2107.89,INR,Card,KOTAK,2026-08-13 20:47:00,failed,insufficient_funds,True,False
TXN_000238,CUST_00815,MER_0033,4964.78,INR,UPI,HDFC,2026-07-28 16:54:00,success,,True,False
TXN_000239,CUST_01880,MER_0022,1888.36,INR,NetBanking,ICICI,2026-08-23 18:24:00,success,,True,False
TXN_000240,CUST_00668,MER_0020,10261.65,INR,UPI,SBI,2026-07-14 00:04:00,success,,True,False
TXN_000241,CUST_00357,MER_0020,2933.81,INR,Wallet,YES,2026-08-02 01:12:00,success,,True,False
TXN_000242,CUST_00018,MER_0032,3634.38,INR,UPI,HDFC,2026-08-09 15:42:00,success,,True,False
TXN_000243,CUST_00952,MER_0023,4157.79,INR,NetBanking,ICICI,2026-07-26 12:06:00,failed,network_error,True,False
TXN_000244,CUST_00596,MER_0015,4775.02,INR,UPI,SBI,2026-07-20 12:26:00,success,,True,True
TXN_000245,CUST_00970,MER_0018,1489.5,INR,UPI,AXIS,2026-08-12 14:59:00,failed,network_error,True,False
TXN_000246,CUST_01202,MER_0048,1012.2,INR,UPI,HDFC,2026-07-11 22:44:00,failed,network_error,True,False
TXN_000247,CUST_01389,MER_0049,4551.21,INR,Card,AXIS,2026-08-02 13:16:00,failed,network_error,True,True
TXN_000248,CUST_00471,MER_0039,9316.98,INR,Card,AXIS,2026-07-31 09:52:00,failed,authentication_failure,True,False
TXN_000249,CUST_00838,MER_0016,4167.17,INR,Card,AXIS,2026-07-13 16:10:00,success,,True,False
TXN_000250,CUST_00222,MER_0047,1019.06,INR,Card,ICICI,2026-07-13 20:10:00,success,,True,True
TXN_000251,CUST_00760,MER_0009,1790.63,INR,UPI,SBI,2026-07-13 04:59:00,success,,True,False
TXN_000252,CUST_01608,MER_0004,4257.47,INR,UPI,KOTAK,2026-07-20 23:53:00,success,,True,False
TXN_000253,CUST_00682,MER_0028,4813.99,INR,UPI,KOTAK,2026-07-28 21:58:00,failed,bank_timeout,True,False
TXN_000254,CUST_00143,MER_0043,2304.73,INR,Card,ICICI,2026-07-19 16:06:00,failed,bank_declined,True,False
TXN_000255,CUST_00800,MER_0044,1834.22,INR,Card,ICICI,2026-07-22 12:18:00,success,,True,False
TXN_000256,CUST_00468,MER_0038,4975.63,INR,Card,SBI,2026-07-16 22:11:00,failed,expired_card,True,True
TXN_000257,CUST_01541,MER_0013,3642.89,INR,UPI,AXIS,2026-07-07 02:33:00,success,,True,False
TXN_000258,CUST_01261,MER_0047,2539.74,INR,UPI,ICICI,2026-08-04 05:14:00,failed,bank_timeout,True,False
TXN_000259,CUST_00858,MER_0028,1439.06,INR,UPI,AXIS,2026-08-03 17:11:00,success,,True,True
TXN_000260,CUST_00968,MER_0045,4268.69,INR,Wallet,SBI,2026-07-03 19:19:00,failed,insufficient_funds,True,False
TXN_000261,CUST_01269,MER_0029,3617.78,INR,Card,AXIS,2026-08-05 13:19:00,success,,True,False
TXN_000262,CUST_00055,MER_0001,1602.26,INR,UPI,ICICI,2026-08-07 23:46:00,failed,authentication_failure,True,False
TXN_000263,CUST_01546,MER_0008,5870.66,INR,UPI,HDFC,2026-08-04 08:07:00,failed,bank_declined,False,False
TXN_000264,CUST_01199,MER_0014,1223.88,INR,Card,HDFC,2026-08-11 11:51:00,success,,True,False
TXN_000265,CUST_01608,MER_0006,4250.46,INR,Wallet,KOTAK,2026-07-17 04:33:00,success,,True,False
TXN_000266,CUST_01998,MER_0004,1783.6,INR,Card,HDFC,2026-08-22 12:08:00,failed,network_error,True,False
TXN_000267,CUST_00939,MER_0042,3998.22,INR,UPI,YES,2026-08-10 20:37:00,success,,True,False
TXN_000268,CUST_00249,MER_0021,4216.9,INR,UPI,KOTAK,2026-08-10 13:29:00,failed,bank_timeout,True,False
TXN_000269,CUST_00308,MER_0037,6435.31,INR,UPI,YES,2026-07-12 22:06:00,failed,bank_timeout,False,False
TXN_000270,CUST_00516,MER_0030,1816.34,INR,NetBanking,AXIS,2026-07-07 17:58:00,failed,bank_declined,True,True
TXN_000271,CUST_01411,MER_0003,589.35,INR,UPI,HDFC,2026-07-18 04:52:00,success,,True,False
TXN_000272,CUST_00370,MER_0001,3384.37,INR,Wallet,HDFC,2026-08-04 11:33:00,success,,True,True
TXN_000273,CUST_00912,MER_0031,1071.17,INR,Card,AXIS,2026-08-22 05:34:00,success,,True,False
TXN_000274,CUST_00538,MER_0004,827.05,INR,Card,SBI,2026-08-10 18:33:00,failed,bank_declined,True,False
TXN_000275,CUST_00348,MER_0015,5944.08,INR,UPI,ICICI,2026-07-23 22:22:00,failed,authentication_failure,True,False
TXN_000276,CUST_01892,MER_0007,8324.7,INR,Wallet,SBI,2026-07-23 02:36:00,success,,True,True
TXN_000277,CUST_00515,MER_0006,1589.79,INR,NetBanking,KOTAK,2026-07-10 06:04:00,success,,True,False
TXN_000278,CUST_01871,MER_0044,622.73,INR,UPI,YES,2026-08-13 10:17:00,success,,True,False
TXN_000279,CUST_01759,MER_0007,999.03,INR,UPI,AXIS,2026-08-12 12:35:00,success,,True,False
TXN_000280,CUST_01322,MER_0005,6559.37,INR,Card,ICICI,2026-08-19 22:23:00,failed,authentication_failure,True,False
TXN_000281,CUST_01255,MER_0009,1573.99,INR,UPI,AXIS,2026-07-23 10:53:00,success,,True,False
TXN_000282,CUST_00120,MER_0039,2773.91,INR,Card,SBI,2026-07-09 22:19:00,success,,True,False
TXN_000283,CUST_00612,MER_0032,3646.15,INR,Card,AXIS,2026-08-04 18:18:00,success,,True,False
TXN_000284,CUST_01084,MER_0046,5966.52,INR,UPI,KOTAK,2026-08-19 23:40:00,success,,True,False
TXN_000285,CUST_01385,MER_0016,7776.02,INR,UPI,ICICI,2026-08-24 00:35:00,success,,True,False
TXN_000286,CUST_00229,MER_0008,1830.21,INR,UPI,SBI,2026-07-24 04:45:00,failed,bank_timeout,False,False
TXN_000287,CUST_00679,MER_0045,1753.25,INR,Card,AXIS,2026-08-16 00:53:00,success,,True,False
TXN_000288,CUST_01444,MER_0045,3005.58,INR,UPI,KOTAK,2026-07-05 16:16:00,success,,True,False
TXN_000289,CUST_00122,MER_0010,1128.89,INR,UPI,HDFC,2026-07-16 02:37:00,failed,bank_declined,True,False
TXN_000290,CUST_01812,MER_0031,3213.22,INR,UPI,SBI,2026-07-29 22:00:00,success,,True,False
TXN_000291,CUST_01074,MER_0004,2347.43,INR,NetBanking,HDFC,2026-08-08 05:55:00,success,,True,True
TXN_000292,CUST_01333,MER_0028,2505.48,INR,Card,AXIS,2026-08-05 08:48:00,success,,True,False
TXN_000293,CUST_01186,MER_0015,1330.36,INR,UPI,ICICI,2026-07-18 03:08:00,success,,True,False
TXN_000294,CUST_00480,MER_0048,2029.77,INR,UPI,KOTAK,2026-07-04 07:28:00,success,,True,False
TXN_000295,CUST_00092,MER_0039,1165.16,INR,NetBanking,YES,2026-07-30 16:17:00,success,,True,False
TXN_000296,CUST_00075,MER_0025,4974.89,INR,UPI,SBI,2026-08-11 14:28:00,failed,bank_timeout,True,False
TXN_000297,CUST_00358,MER_0039,557.27,INR,UPI,SBI,2026-07-13 18:49:00,failed,authentication_failure,True,True
TXN_000298,CUST_00444,MER_0003,737.14,INR,UPI,HDFC,2026-07-20 00:17:00,success,,True,False
TXN_000299,CUST_01749,MER_0033,1450.96,INR,UPI,AXIS,2026-08-16 12:08:00,success,,True,False
TXN_000300,CUST_00618,MER_0022,2283.01,INR,UPI,YES,2026-08-02 03:26:00,success,,True,False
TXN_000301,CUST_01480,MER_0038,765.31,INR,Card,AXIS,2026-08-07 01:16:00,failed,authentication_failure,True,False
TXN_000302,CUST_01521,MER_0044,1093.17,INR,Card,YES,2026-07-11 17:07:00,success,,True,False
TXN_000303,CUST_00618,MER_0034,2880.77,INR,Wallet,SBI,2026-07-29 04:28:00,success,,True,False
TXN_000304,CUST_00247,MER_0028,2579.82,INR,UPI,YES,2026-08-19 23:18:00,success,,True,False
TXN_000305,CUST_00973,MER_0039,1370.06,INR,UPI,ICICI,2026-08-06 21:25:00,success,,True,True
TXN_000306,CUST_00313,MER_0010,2811.45,INR,Card,SBI,2026-08-05 02:58:00,success,,True,False
TXN_000307,CUST_01800,MER_0019,1576.02,INR,UPI,SBI,2026-08-06 12:24:00,success,,True,True
TXN_000308,CUST_01335,MER_0050,1963.88,INR,UPI,AXIS,2026-07-17 15:05:00,success,,True,True
TXN_000309,CUST_00532,MER_0037,9309.23,INR,UPI,SBI,2026-08-24 09:47:00,success,,True,False
TXN_000310,CUST_01414,MER_0044,7132.16,INR,UPI,SBI,2026-08-02 21:19:00,success,,True,False
TXN_000311,CUST_00483,MER_0027,862.93,INR,Card,SBI,2026-08-26 23:17:00,failed,network_error,True,False
TXN_000312,CUST_01866,MER_0025,4670.95,INR,UPI,AXIS,2026-08-24 02:29:00,failed,authentication_failure,True,False
TXN_000313,CUST_01442,MER_0007,4698.61,INR,NetBanking,AXIS,2026-08-19 14:47:00,failed,bank_timeout,True,False
TXN_000314,CUST_01918,MER_0035,994.23,INR,UPI,AXIS,2026-07-10 21:51:00,failed,network_error,False,False
TXN_000315,CUST_00869,MER_0049,5508.95,INR,Card,SBI,2026-07-17 21:41:00,failed,authentication_failure,True,True
TXN_000316,CUST_01335,MER_0012,3794.02,INR,NetBanking,HDFC,2026-07-28 11:40:00,success,,True,False
TXN_000317,CUST_00569,MER_0023,3205.01,INR,Wallet,AXIS,2026-07-31 18:16:00,success,,True,True
TXN_000318,CUST_00901,MER_0028,3336.1,INR,UPI,YES,2026-08-06 13:16:00,success,,True,False
TXN_000319,CUST_00732,MER_0039,844.57,INR,UPI,YES,2026-08-12 19:44:00,success,,True,False
TXN_000320,CUST_00894,MER_0047,5641.21,INR,Card,YES,2026-08-16 10:48:00,failed,network_error,False,False
TXN_000321,CUST_01817,MER_0009,2031.41,INR,Card,YES,2026-08-07 03:19:00,failed,bank_declined,True,False
TXN_000322,CUST_01372,MER_0044,717.03,INR,Card,HDFC,2026-07-24 12:25:00,failed,network_error,True,False
TXN_000323,CUST_00959,MER_0035,3857.0,INR,UPI,SBI,2026-07-08 06:00:00,success,,True,False
TXN_000324,CUST_01370,MER_0039,2322.15,INR,UPI,AXIS,2026-07-25 09:43:00,success,,True,False
TXN_000325,CUST_01607,MER_0041,5999.81,INR,UPI,KOTAK,2026-08-24 03:23:00,success,,True,False
TXN_000326,CUST_00873,MER_0006,1868.21,INR,Card,KOTAK,2026-07-27 03:32:00,success,,True,False
TXN_000327,CUST_00744,MER_0035,3834.08,INR,UPI,AXIS,2026-08-02 19:50:00,success,,True,False
TXN_000328,CUST_01157,MER_0027,1079.52,INR,UPI,AXIS,2026-08-05 13:00:00,failed,authentication_failure,False,False
TXN_000329,CUST_01990,MER_0015,2122.85,INR,Card,SBI,2026-08-26 22:28:00,failed,bank_declined,True,False
TXN_000330,CUST_01610,MER_0024,1815.98,INR,NetBanking,KOTAK,2026-08-22 20:28:00,success,,True,True
TXN_000331,CUST_00274,MER_0028,2196.94,INR,UPI,AXIS,2026-07-13 21:02:00,success,,True,False
TXN_000332,CUST_01398,MER_0037,4726.02,INR,UPI,YES,2026-07-25 05:55:00,success,,True,False
TXN_000333,CUST_00714,MER_0028,1720.88,INR,UPI,YES,2026-08-21 04:18:00,success,,True,False
TXN_000334,CUST_00476,MER_0026,675.02,INR,NetBanking,YES,2026-07-17 18:52:00,failed,bank_timeout,True,True
TXN_000335,CUST_00081,MER_0006,7369.93,INR,Card,HDFC,2026-08-17 04:27:00,success,,True,False
TXN_000336,CUST_00947,MER_0023,868.0,INR,UPI,YES,2026-07-15 10:08:00,failed,bank_declined,True,False
TXN_000337,CUST_00976,MER_0002,1632.1,INR,Card,KOTAK,2026-08-25 03:31:00,failed,network_error,True,True
TXN_000338,CUST_00645,MER_0014,3088.31,INR,UPI,AXIS,2026-08-20 00:44:00,success,,True,False
TXN_000339,CUST_00461,MER_0005,2023.28,INR,UPI,AXIS,2026-07-25 10:42:00,success,,True,False
TXN_000340,CUST_01671,MER_0012,1303.73,INR,UPI,ICICI,2026-08-12 19:21:00,success,,True,False
TXN_000341,CUST_00548,MER_0022,1404.68,INR,Wallet,AXIS,2026-08-09 20:28:00,success,,True,True
TXN_000342,CUST_00626,MER_0017,1172.68,INR,Wallet,ICICI,2026-08-08 01:00:00,success,,True,False
TXN_000343,CUST_00249,MER_0010,1254.56,INR,UPI,SBI,2026-07-08 07:24:00,failed,bank_timeout,True,False
TXN_000344,CUST_01012,MER_0046,1376.63,INR,Card,SBI,2026-07-30 16:55:00,success,,True,False
TXN_000345,CUST_01765,MER_0013,4211.78,INR,UPI,ICICI,2026-08-13 09:35:00,success,,True,True
TXN_000346,CUST_01053,MER_0050,8020.83,INR,Card,ICICI,2026-08-20 07:01:00,success,,True,False
TXN_000347,CUST_00425,MER_0029,1534.5,INR,UPI,YES,2026-07-18 10:52:00,success,,True,False
TXN_000348,CUST_01797,MER_0013,2955.8,INR,Card,SBI,2026-08-10 02:11:00,success,,True,False
TXN_000349,CUST_00913,MER_0017,3640.03,INR,Card,SBI,2026-08-08 22:01:00,success,,True,False
TXN_000350,CUST_01062,MER_0002,3560.31,INR,UPI,SBI,2026-07-28 06:20:00,success,,True,True
TXN_000351,CUST_00385,MER_0024,2593.5,INR,UPI,SBI,2026-07-08 00:19:00,success,,True,True
TXN_000352,CUST_00452,MER_0014,4421.11,INR,UPI,SBI,2026-07-15 19:10:00,failed,bank_timeout,True,False
TXN_000353,CUST_00279,MER_0021,906.75,INR,UPI,HDFC,2026-08-21 16:51:00,success,,True,False
TXN_000354,CUST_00389,MER_0008,4891.85,INR,UPI,ICICI,2026-08-08 11:09:00,success,,True,False
TXN_000355,CUST_01879,MER_0019,4963.33,INR,UPI,KOTAK,2026-07-01 15:45:00,failed,bank_declined,True,False
TXN_000356,CUST_00371,MER_0027,2515.81,INR,Card,SBI,2026-07-21 11:48:00,success,,True,False
TXN_000357,CUST_01162,MER_0032,4216.09,INR,Card,AXIS,2026-07-20 23:46:00,success,,True,False
TXN_000358,CUST_00639,MER_0008,2064.31,INR,NetBanking,KOTAK,2026-07-07 00:59:00,failed,bank_declined,True,False
TXN_000359,CUST_00610,MER_0035,16172.99,INR,Wallet,YES,2026-08-25 01:47:00,failed,bank_declined,True,False
TXN_000360,CUST_01594,MER_0009,808.49,INR,Card,HDFC,2026-07-09 10:53:00,success,,True,False
TXN_000361,CUST_01567,MER_0027,3112.11,INR,Card,YES,2026-07-08 17:48:00,success,,True,False
TXN_000362,CUST_00385,MER_0032,4347.04,INR,Wallet,SBI,2026-08-19 16:28:00,failed,bank_timeout,True,True
TXN_000363,CUST_01986,MER_0005,7805.69,INR,UPI,AXIS,2026-07-04 07:15:00,failed,bank_timeout,True,True
TXN_000364,CUST_00582,MER_0021,4248.56,INR,Card,SBI,2026-08-15 15:29:00,success,,True,False
TXN_000365,CUST_00393,MER_0009,1503.14,INR,UPI,SBI,2026-07-25 15:26:00,success,,True,False
TXN_000366,CUST_00569,MER_0026,9657.62,INR,UPI,SBI,2026-07-28 05:36:00,success,,True,False
TXN_000367,CUST_00073,MER_0042,12016.22,INR,UPI,AXIS,2026-08-26 03:39:00,success,,True,False
TXN_000368,CUST_01369,MER_0030,1321.7,INR,UPI,HDFC,2026-07-31 22:35:00,success,,True,False
TXN_000369,CUST_00200,MER_0036,1572.39,INR,UPI,AXIS,2026-07-14 05:08:00,success,,True,False
TXN_000370,CUST_01560,MER_0004,4854.54,INR,UPI,SBI,2026-07-07 01:40:00,success,,True,False
TXN_000371,CUST_01129,MER_0013,1790.58,INR,UPI,AXIS,2026-07-12 20:16:00,failed,bank_declined,True,True
TXN_000372,CUST_00165,MER_0003,2490.68,INR,Card,ICICI,2026-07-05 18:09:00,failed,insufficient_funds,True,False
TXN_000373,CUST_01143,MER_0045,2413.73,INR,UPI,ICICI,2026-07-11 06:56:00,success,,True,False
TXN_000374,CUST_00382,MER_0019,1405.6,INR,Card,HDFC,2026-07-12 17:10:00,success,,True,False
TXN_000375,CUST_00480,MER_0020,1645.01,INR,NetBanking,YES,2026-07-16 05:48:00,success,,True,True
TXN_000376,CUST_00297,MER_0022,7745.8,INR,NetBanking,ICICI,2026-07-01 22:44:00,success,,True,False
TXN_000377,CUST_00780,MER_0017,893.19,INR,NetBanking,ICICI,2026-08-13 00:19:00,success,,True,False
TXN_000378,CUST_01912,MER_0001,4677.71,INR,UPI,ICICI,2026-07-31 03:44:00,failed,bank_timeout,True,False
TXN_000379,CUST_01744,MER_0020,1951.18,INR,NetBanking,SBI,2026-07-29 16:44:00,success,,True,False
TXN_000380,CUST_01689,MER_0043,4593.04,INR,UPI,SBI,2026-07-30 00:27:00,success,,True,False
TXN_000381,CUST_00035,MER_0034,3203.63,INR,Card,KOTAK,2026-07-31 03:50:00,failed,expired_card,True,True
TXN_000382,CUST_01033,MER_0016,5295.16,INR,Card,YES,2026-07-28 12:16:00,failed,authentication_failure,False,False
TXN_000383,CUST_00071,MER_0034,1495.49,INR,UPI,YES,2026-07-23 11:18:00,success,,True,False
TXN_000384,CUST_00456,MER_0020,1024.42,INR,UPI,KOTAK,2026-08-03 23:57:00,success,,True,False
TXN_000385,CUST_00548,MER_0030,1261.01,INR,Card,SBI,2026-07-19 03:45:00,success,,True,False
TXN_000386,CUST_01103,MER_0010,25829.58,INR,UPI,ICICI,2026-08-03 09:53:00,success,,True,False
TXN_000387,CUST_00194,MER_0032,6606.07,INR,UPI,SBI,2026-07-01 15:29:00,failed,bank_timeout,True,True
TXN_000388,CUST_00511,MER_0017,847.28,INR,UPI,SBI,2026-08-20 17:08:00,success,,True,False
TXN_000389,CUST_00078,MER_0006,3588.51,INR,Card,ICICI,2026-08-16 06:42:00,success,,True,False
TXN_000390,CUST_00983,MER_0015,3781.26,INR,UPI,SBI,2026-07-16 23:09:00,success,,True,False
TXN_000391,CUST_00911,MER_0007,3786.16,INR,NetBanking,SBI,2026-08-08 10:36:00,failed,network_error,False,False
TXN_000392,CUST_00751,MER_0013,2207.55,INR,UPI,HDFC,2026-07-20 19:20:00,success,,True,False
TXN_000393,CUST_00852,MER_0025,3172.59,INR,Card,AXIS,2026-07-07 04:43:00,success,,True,False
TXN_000394,CUST_00374,MER_0044,2614.2,INR,Card,AXIS,2026-07-23 14:35:00,success,,True,False
TXN_000395,CUST_00596,MER_0002,413.46,INR,NetBanking,HDFC,2026-08-19 14:22:00,failed,bank_timeout,False,False
TXN_000396,CUST_00099,MER_0019,1235.06,INR,UPI,AXIS,2026-07-09 13:45:00,success,,True,False
TXN_000397,CUST_00198,MER_0034,2807.84,INR,UPI,HDFC,2026-07-06 01:52:00,failed,authentication_failure,True,False
TXN_000398,CUST_01654,MER_0048,3274.71,INR,Card,KOTAK,2026-08-17 01:48:00,success,,True,False
TXN_000399,CUST_00507,MER_0048,1899.18,INR,Wallet,ICICI,2026-07-15 23:03:00,success,,True,True
TXN_000400,CUST_01884,MER_0020,5102.27,INR,Card,HDFC,2026-08-21 16:33:00,success,,True,False
TXN_000401,CUST_00908,MER_0001,3590.87,INR,UPI,HDFC,2026-08-03 03:18:00,failed,bank_timeout,True,False
TXN_000402,CUST_01994,MER_0016,3965.87,INR,NetBanking,KOTAK,2026-07-17 20:54:00,success,,True,False
TXN_000403,CUST_00692,MER_0008,12647.75,INR,UPI,YES,2026-07-02 06:18:00,failed,bank_declined,True,False
TXN_000404,CUST_00004,MER_0043,3564.95,INR,UPI,KOTAK,2026-08-01 12:32:00,success,,True,False
TXN_000405,CUST_00643,MER_0007,1163.16,INR,UPI,AXIS,2026-07-10 00:57:00,failed,bank_timeout,True,False
TXN_000406,CUST_00397,MER_0030,1170.34,INR,NetBanking,AXIS,2026-07-18 00:18:00,success,,True,False
TXN_000407,CUST_01411,MER_0033,1747.79,INR,UPI,YES,2026-08-03 13:19:00,success,,True,True
TXN_000408,CUST_01633,MER_0023,1927.4,INR,Card,KOTAK,2026-07-22 15:41:00,success,,True,False
TXN_000409,CUST_01171,MER_0049,5327.59,INR,Card,AXIS,2026-07-05 22:01:00,success,,True,False
TXN_000410,CUST_01212,MER_0043,5088.63,INR,UPI,YES,2026-08-02 22:29:00,success,,True,True
TXN_000411,CUST_01157,MER_0038,900.93,INR,Wallet,SBI,2026-08-07 21:04:00,success,,True,True
TXN_000412,CUST_00716,MER_0047,2550.25,INR,UPI,HDFC,2026-08-12 03:37:00,success,,True,False
TXN_000413,CUST_01842,MER_0049,1383.45,INR,UPI,YES,2026-08-20 08:04:00,failed,authentication_failure,True,False
TXN_000414,CUST_01375,MER_0029,2051.62,INR,Card,KOTAK,2026-08-10 01:00:00,success,,True,False
TXN_000415,CUST_01211,MER_0029,1906.86,INR,UPI,YES,2026-08-06 18:59:00,failed,bank_timeout,True,False
TXN_000416,CUST_01615,MER_0038,3450.82,INR,UPI,YES,2026-07-07 06:56:00,failed,bank_timeout,True,False
TXN_000417,CUST_01552,MER_0047,1553.37,INR,Card,AXIS,2026-07-13 07:04:00,success,,True,False
TXN_000418,CUST_00881,MER_0023,5525.38,INR,Card,KOTAK,2026-08-24 04:42:00,success,,True,False
TXN_000419,CUST_01916,MER_0025,12974.67,INR,NetBanking,KOTAK,2026-07-06 04:20:00,success,,True,False
TXN_000420,CUST_00599,MER_0032,686.23,INR,UPI,KOTAK,2026-08-04 11:17:00,failed,bank_declined,True,False
TXN_000421,CUST_01189,MER_0019,10902.77,INR,UPI,KOTAK,2026-07-16 17:40:00,success,,True,False
TXN_000422,CUST_00586,MER_0040,3333.21,INR,UPI,YES,2026-07-08 19:53:00,success,,True,False
TXN_000423,CUST_00662,MER_0042,1218.49,INR,UPI,SBI,2026-07-27 08:54:00,failed,authentication_failure,True,False
TXN_000424,CUST_00060,MER_0040,296.31,INR,Card,HDFC,2026-07-23 02:24:00,success,,True,False
TXN_000425,CUST_00893,MER_0006,2447.2,INR,NetBanking,AXIS,2026-07-09 09:14:00,success,,True,True
TXN_000426,CUST_00409,MER_0033,3172.44,INR,UPI,SBI,2026-07-28 16:18:00,success,,True,False
TXN_000427,CUST_00018,MER_0002,5112.36,INR,Wallet,HDFC,2026-08-19 06:41:00,success,,True,False
TXN_000428,CUST_01414,MER_0044,1084.51,INR,Card,KOTAK,2026-07-31 01:46:00,success,,True,False
TXN_000429,CUST_00904,MER_0028,2613.77,INR,Card,KOTAK,2026-07-09 03:56:00,success,,True,False
TXN_000430,CUST_00025,MER_0024,1164.05,INR,UPI,SBI,2026-07-28 01:58:00,failed,bank_timeout,True,False
TXN_000431,CUST_01472,MER_0047,1192.4,INR,UPI,HDFC,2026-07-05 01:56:00,failed,bank_timeout,True,False
TXN_000432,CUST_00404,MER_0043,1100.31,INR,UPI,HDFC,2026-07-05 08:32:00,success,,True,False
TXN_000433,CUST_00956,MER_0048,4108.89,INR,NetBanking,ICICI,2026-07-29 10:19:00,success,,True,False
TXN_000434,CUST_01881,MER_0042,4850.13,INR,UPI,SBI,2026-07-21 23:49:00,success,,True,True
TXN_000435,CUST_00157,MER_0027,2022.93,INR,Card,KOTAK,2026-08-01 09:32:00,failed,network_error,True,False
TXN_000436,CUST_01306,MER_0016,765.96,INR,Card,YES,2026-08-18 15:29:00,success,,True,True
TXN_000437,CUST_01903,MER_0003,1920.34,INR,UPI,KOTAK,2026-07-25 10:15:00,success,,True,True
TXN_000438,CUST_01419,MER_0040,2344.52,INR,UPI,HDFC,2026-08-25 13:03:00,success,,True,True
TXN_000439,CUST_01891,MER_0025,19863.41,INR,UPI,AXIS,2026-08-04 01:47:00,success,,True,True
TXN_000440,CUST_01072,MER_0023,1002.67,INR,Wallet,KOTAK,2026-08-18 11:28:00,success,,True,False
TXN_000441,CUST_00214,MER_0049,7874.16,INR,Card,HDFC,2026-07-22 21:12:00,success,,True,False
TXN_000442,CUST_00629,MER_0048,5418.03,INR,Card,HDFC,2026-08-05 13:14:00,success,,True,False
TXN_000443,CUST_00881,MER_0035,3054.92,INR,UPI,KOTAK,2026-08-16 19:23:00,success,,True,False
TXN_000444,CUST_01316,MER_0030,9965.62,INR,Card,ICICI,2026-07-09 00:31:00,failed,bank_declined,True,False
TXN_000445,CUST_01688,MER_0018,3332.0,INR,Card,YES,2026-08-21 20:45:00,failed,insufficient_funds,True,False
TXN_000446,CUST_00763,MER_0031,6495.44,INR,Card,KOTAK,2026-07-14 13:56:00,failed,network_error,True,False
TXN_000447,CUST_01762,MER_0032,1479.5,INR,UPI,YES,2026-07-12 05:00:00,success,,True,False
TXN_000448,CUST_00204,MER_0008,849.46,INR,Card,ICICI,2026-08-13 17:17:00,success,,True,False
TXN_000449,CUST_01685,MER_0036,2074.79,INR,Card,HDFC,2026-08-15 08:50:00,success,,True,True
TXN_000450,CUST_00836,MER_0023,1286.87,INR,Card,HDFC,2026-08-08 08:00:00,success,,True,True
TXN_000451,CUST_01020,MER_0008,2319.67,INR,Card,ICICI,2026-07-14 11:07:00,success,,True,False
TXN_000452,CUST_00435,MER_0027,6567.91,INR,UPI,AXIS,2026-08-26 09:39:00,failed,bank_timeout,True,False
TXN_000453,CUST_01802,MER_0002,2358.41,INR,UPI,HDFC,2026-07-19 05:07:00,success,,True,True
TXN_000454,CUST_00321,MER_0014,2556.56,INR,NetBanking,KOTAK,2026-08-15 17:20:00,success,,True,False
TXN_000455,CUST_01180,MER_0014,4811.41,INR,UPI,KOTAK,2026-07-03 22:25:00,success,,True,False
TXN_000456,CUST_00296,MER_0006,404.43,INR,Wallet,ICICI,2026-08-06 17:11:00,success,,True,False
TXN_000457,CUST_01055,MER_0027,1502.13,INR,Card,HDFC,2026-08-24 18:00:00,success,,True,False
TXN_000458,CUST_01499,MER_0034,2890.04,INR,Card,SBI,2026-07-18 06:39:00,success,,True,False
TXN_000459,CUST_00674,MER_0022,6374.51,INR,UPI,SBI,2026-07-15 15:33:00,success,,True,False
TXN_000460,CUST_01485,MER_0016,1646.62,INR,UPI,AXIS,2026-07-24 02:43:00,success,,True,False
TXN_000461,CUST_01428,MER_0024,543.9,INR,Card,KOTAK,2026-07-15 15:19:00,success,,True,False
TXN_000462,CUST_01252,MER_0009,4006.88,INR,Wallet,ICICI,2026-08-19 13:54:00,success,,True,False
TXN_000463,CUST_00147,MER_0017,1468.08,INR,Card,SBI,2026-07-21 04:01:00,failed,insufficient_funds,False,False
TXN_000464,CUST_01721,MER_0030,1481.08,INR,UPI,HDFC,2026-07-27 08:59:00,success,,True,False
TXN_000465,CUST_00905,MER_0048,2105.65,INR,UPI,HDFC,2026-08-23 14:43:00,failed,bank_timeout,True,False
TXN_000466,CUST_01618,MER_0036,418.03,INR,UPI,SBI,2026-07-08 11:29:00,success,,True,False
TXN_000467,CUST_01240,MER_0039,5002.3,INR,Card,YES,2026-07-03 02:31:00,success,,True,False
TXN_000468,CUST_01249,MER_0027,6767.59,INR,Card,YES,2026-08-23 14:52:00,failed,expired_card,True,True
TXN_000469,CUST_01969,MER_0038,982.26,INR,UPI,YES,2026-07-30 12:56:00,success,,True,True
TXN_000470,CUST_01614,MER_0038,2077.26,INR,UPI,HDFC,2026-07-15 10:08:00,success,,True,True
TXN_000471,CUST_01504,MER_0034,2427.9,INR,Card,AXIS,2026-07-19 11:01:00,success,,True,False
TXN_000472,CUST_00439,MER_0010,3940.39,INR,UPI,YES,2026-08-26 07:11:00,success,,True,False
TXN_000473,CUST_00329,MER_0040,4165.84,INR,UPI,SBI,2026-07-19 05:39:00,failed,bank_timeout,True,False
TXN_000474,CUST_00581,MER_0007,2606.06,INR,Wallet,YES,2026-07-18 04:48:00,failed,bank_declined,True,True
TXN_000475,CUST_01238,MER_0001,7821.71,INR,UPI,HDFC,2026-07-24 06:56:00,failed,authentication_failure,True,False
TXN_000476,CUST_01355,MER_0046,4588.21,INR,NetBanking,HDFC,2026-07-29 14:45:00,success,,True,True
TXN_000477,CUST_01381,MER_0018,2609.88,INR,Card,HDFC,2026-07-23 02:41:00,success,,True,False
TXN_000478,CUST_00178,MER_0021,7542.94,INR,UPI,SBI,2026-07-18 15:28:00,success,,True,False
TXN_000479,CUST_01499,MER_0005,3387.37,INR,Card,SBI,2026-07-03 14:47:00,failed,bank_declined,True,True
TXN_000480,CUST_01519,MER_0001,7500.28,INR,UPI,KOTAK,2026-07-25 07:30:00,success,,True,False
TXN_000481,CUST_01519,MER_0032,4265.53,INR,NetBanking,YES,2026-08-01 09:38:00,failed,bank_declined,True,False
TXN_000482,CUST_01070,MER_0014,1663.05,INR,Card,HDFC,2026-07-27 23:28:00,failed,insufficient_funds,True,False
TXN_000483,CUST_00397,MER_0015,3535.28,INR,NetBanking,YES,2026-08-01 16:43:00,success,,True,False
TXN_000484,CUST_01004,MER_0035,2857.88,INR,UPI,HDFC,2026-07-15 03:50:00,success,,True,False
TXN_000485,CUST_00479,MER_0019,3130.81,INR,UPI,AXIS,2026-07-21 08:26:00,success,,True,True
TXN_000486,CUST_01367,MER_0021,9508.73,INR,Card,SBI,2026-08-14 13:35:00,success,,True,False
TXN_000487,CUST_01488,MER_0032,5751.61,INR,Card,YES,2026-07-16 00:59:00,failed,expired_card,False,False
TXN_000488,CUST_00747,MER_0027,5182.53,INR,UPI,AXIS,2026-07-28 13:36:00,failed,bank_timeout,True,False
TXN_000489,CUST_01288,MER_0011,3355.45,INR,Card,YES,2026-07-08 20:56:00,success,,True,True
TXN_000490,CUST_01073,MER_0002,10378.02,INR,Wallet,HDFC,2026-08-21 12:56:00,failed,bank_declined,False,False
TXN_000491,CUST_00372,MER_0013,1238.79,INR,Wallet,KOTAK,2026-07-26 07:49:00,failed,bank_timeout,True,False
TXN_000492,CUST_01503,MER_0034,1020.75,INR,UPI,AXIS,2026-08-20 16:33:00,failed,bank_timeout,True,False
TXN_000493,CUST_00936,MER_0026,1814.55,INR,UPI,YES,2026-08-26 09:12:00,success,,True,True
TXN_000494,CUST_00209,MER_0047,792.78,INR,Card,YES,2026-07-27 00:41:00,failed,bank_declined,True,True
TXN_000495,CUST_01821,MER_0033,5023.2,INR,Card,SBI,2026-07-18 15:39:00,failed,insufficient_funds,True,False
TXN_000496,CUST_01068,MER_0018,8229.06,INR,UPI,YES,2026-08-04 17:17:00,failed,bank_timeout,True,False
TXN_000497,CUST_00302,MER_0026,5566.18,INR,Card,AXIS,2026-07-24 16:16:00,success,,True,False
TXN_000498,CUST_01776,MER_0010,1441.92,INR,NetBanking,HDFC,2026-07-07 19:08:00,failed,authentication_failure,True,False
TXN_000499,CUST_00875,MER_0037,1018.87,INR,Card,HDFC,2026-08-19 16:50:00,failed,insufficient_funds,True,True
TXN_000500,CUST_01332,MER_0045,2800.27,INR,UPI,KOTAK,2026-08-20 16:40:00,success,,True,False
TXN_000501,CUST_00521,MER_0016,3799.41,INR,UPI,YES,2026-07-31 17:33:00,success,,True,False
TXN_000502,CUST_01829,MER_0006,952.91,INR,Wallet,AXIS,2026-08-14 02:38:00,success,,True,False
TXN_000503,CUST_00966,MER_0034,1192.66,INR,Card,ICICI,2026-07-13 14:56:00,success,,True,True
TXN_000504,CUST_01664,MER_0028,3935.46,INR,UPI,YES,2026-08-21 17:54:00,success,,True,False
TXN_000505,CUST_01747,MER_0027,1142.9,INR,UPI,SBI,2026-07-08 14:51:00,success,,True,False
TXN_000506,CUST_00689,MER_0044,3535.34,INR,UPI,SBI,2026-08-09 12:41:00,success,,True,True
TXN_000507,CUST_00034,MER_0034,817.53,INR,Card,KOTAK,2026-08-15 12:40:00,success,,True,False
TXN_000508,CUST_01156,MER_0014,4810.42,INR,Wallet,YES,2026-08-16 04:37:00,failed,bank_declined,True,False
TXN_000509,CUST_00082,MER_0020,3796.52,INR,Card,ICICI,2026-08-14 03:12:00,success,,True,False
TXN_000510,CUST_00766,MER_0040,4025.9,INR,UPI,ICICI,2026-07-05 11:57:00,success,,True,False
TXN_000511,CUST_01648,MER_0041,1397.7,INR,UPI,ICICI,2026-07-18 09:42:00,success,,True,False
TXN_000512,CUST_00179,MER_0047,3887.89,INR,UPI,KOTAK,2026-08-19 13:45:00,success,,True,False
TXN_000513,CUST_00808,MER_0043,3005.96,INR,UPI,KOTAK,2026-07-10 03:30:00,success,,True,False
TXN_000514,CUST_00278,MER_0037,1585.93,INR,UPI,KOTAK,2026-08-07 22:00:00,success,,True,False
TXN_000515,CUST_01595,MER_0038,1089.15,INR,Card,YES,2026-08-25 21:01:00,success,,True,False
TXN_000516,CUST_00500,MER_0001,507.7,INR,Card,ICICI,2026-07-06 20:59:00,failed,authentication_failure,False,False
TXN_000517,CUST_01335,MER_0021,697.96,INR,UPI,HDFC,2026-07-16 19:07:00,success,,True,False
TXN_000518,CUST_00972,MER_0031,2634.04,INR,UPI,KOTAK,2026-07-21 18:06:00,failed,bank_declined,True,True
TXN_000519,CUST_01243,MER_0029,4201.99,INR,UPI,SBI,2026-08-13 04:06:00,success,,True,False
TXN_000520,CUST_00286,MER_0012,1916.71,INR,UPI,SBI,2026-08-24 15:54:00,success,,True,False
TXN_000521,CUST_01387,MER_0014,1875.15,INR,Card,ICICI,2026-07-25 12:46:00,failed,bank_declined,True,False
TXN_000522,CUST_01923,MER_0024,3190.86,INR,NetBanking,KOTAK,2026-07-01 20:42:00,failed,bank_declined,True,False
TXN_000523,CUST_01656,MER_0031,3552.53,INR,Wallet,YES,2026-07-30 16:44:00,failed,bank_declined,True,False
TXN_000524,CUST_01476,MER_0010,4471.28,INR,Card,ICICI,2026-08-25 04:29:00,failed,bank_declined,True,False
TXN_000525,CUST_00441,MER_0040,1082.09,INR,Card,SBI,2026-08-23 22:56:00,success,,True,False
TXN_000526,CUST_00985,MER_0011,2007.68,INR,NetBanking,KOTAK,2026-08-16 12:30:00,success,,True,False
TXN_000527,CUST_01674,MER_0027,2365.05,INR,NetBanking,YES,2026-07-04 02:13:00,failed,bank_declined,True,False
TXN_000528,CUST_00076,MER_0033,3187.81,INR,UPI,YES,2026-08-17 00:06:00,success,,True,False
TXN_000529,CUST_01781,MER_0022,7670.17,INR,UPI,YES,2026-07-06 19:19:00,success,,True,True
TXN_000530,CUST_01031,MER_0006,5798.84,INR,UPI,HDFC,2026-07-12 10:50:00,success,,True,False
TXN_000531,CUST_00413,MER_0011,854.25,INR,Card,ICICI,2026-08-10 12:47:00,success,,True,False
TXN_000532,CUST_01368,MER_0016,4014.45,INR,UPI,YES,2026-08-11 06:31:00,success,,True,False
TXN_000533,CUST_01785,MER_0004,7066.68,INR,UPI,SBI,2026-07-12 09:31:00,failed,bank_timeout,True,True
TXN_000534,CUST_00475,MER_0038,5841.74,INR,UPI,YES,2026-08-03 15:20:00,success,,True,False
TXN_000535,CUST_00458,MER_0003,12207.63,INR,Wallet,KOTAK,2026-07-25 05:18:00,success,,True,False
TXN_000536,CUST_00932,MER_0028,5535.67,INR,UPI,YES,2026-08-20 09:51:00,failed,bank_declined,True,False
TXN_000537,CUST_00809,MER_0017,5631.16,INR,UPI,HDFC,2026-08-03 22:28:00,success,,True,False
TXN_000538,CUST_00199,MER_0038,2740.54,INR,UPI,KOTAK,2026-07-25 22:28:00,success,,True,True
TXN_000539,CUST_01298,MER_0007,2487.72,INR,Card,HDFC,2026-07-11 14:23:00,success,,True,False
TXN_000540,CUST_00087,MER_0007,1842.48,INR,UPI,SBI,2026-07-20 05:33:00,success,,True,True
TXN_000541,CUST_00735,MER_0029,8524.76,INR,NetBanking,AXIS,2026-08-07 19:39:00,success,,True,False
TXN_000542,CUST_00599,MER_0016,1268.08,INR,UPI,SBI,2026-08-08 11:31:00,success,,True,False
TXN_000543,CUST_01420,MER_0015,8315.65,INR,Card,KOTAK,2026-07-07 14:22:00,success,,True,False
TXN_000544,CUST_00005,MER_0026,3640.55,INR,Card,ICICI,2026-08-02 05:40:00,success,,True,False
TXN_000545,CUST_00893,MER_0034,796.76,INR,UPI,KOTAK,2026-08-18 04:45:00,failed,bank_timeout,False,False
TXN_000546,CUST_00476,MER_0011,454.86,INR,UPI,YES,2026-07-10 06:50:00,success,,True,False
TXN_000547,CUST_01858,MER_0012,4025.51,INR,UPI,ICICI,2026-07-28 03:04:00,success,,True,True
TXN_000548,CUST_01422,MER_0050,4955.16,INR,UPI,AXIS,2026-07-11 11:45:00,failed,network_error,True,False
TXN_000549,CUST_01856,MER_0009,2694.15,INR,UPI,ICICI,2026-07-26 11:09:00,success,,True,False
TXN_000550,CUST_01011,MER_0028,11653.08,INR,Card,KOTAK,2026-07-05 11:50:00,success,,True,False
TXN_000551,CUST_00646,MER_0002,1628.48,INR,UPI,KOTAK,2026-07-12 08:01:00,success,,True,False
TXN_000552,CUST_01901,MER_0001,1046.15,INR,Card,AXIS,2026-07-05 22:02:00,failed,expired_card,True,False
TXN_000553,CUST_01031,MER_0020,11731.93,INR,UPI,AXIS,2026-07-03 08:54:00,success,,True,False
TXN_000554,CUST_01516,MER_0026,2447.83,INR,Card,HDFC,2026-07-30 02:49:00,success,,True,False
TXN_000555,CUST_01345,MER_0026,5481.7,INR,NetBanking,HDFC,2026-07-11 10:53:00,failed,network_error,True,True
TXN_000556,CUST_01961,MER_0028,1347.51,INR,UPI,YES,2026-07-08 20:36:00,success,,True,False
TXN_000557,CUST_01935,MER_0024,1655.33,INR,Card,YES,2026-07-22 18:15:00,success,,True,True
TXN_000558,CUST_01772,MER_0028,6533.51,INR,Card,AXIS,2026-08-25 23:01:00,failed,authentication_failure,False,False
TXN_000559,CUST_00524,MER_0019,3828.79,INR,UPI,AXIS,2026-07-30 12:31:00,failed,network_error,True,False
TXN_000560,CUST_00913,MER_0023,11963.9,INR,UPI,AXIS,2026-07-21 10:09:00,success,,True,False
TXN_000561,CUST_01589,MER_0047,1595.95,INR,UPI,YES,2026-07-26 08:29:00,failed,network_error,True,True
TXN_000562,CUST_00897,MER_0040,3209.5,INR,UPI,YES,2026-08-22 17:52:00,success,,True,True
TXN_000563,CUST_00123,MER_0024,8461.89,INR,UPI,KOTAK,2026-08-16 21:46:00,success,,True,True
TXN_000564,CUST_00142,MER_0047,4832.8,INR,UPI,YES,2026-08-17 10:18:00,success,,True,True
TXN_000565,CUST_00074,MER_0048,3401.23,INR,UPI,YES,2026-08-17 02:42:00,success,,True,False
TXN_000566,CUST_01092,MER_0013,3535.57,INR,Card,SBI,2026-08-09 17:32:00,success,,True,False
TXN_000567,CUST_01614,MER_0004,2527.06,INR,UPI,AXIS,2026-07-14 14:54:00,failed,bank_declined,True,False
TXN_000568,CUST_00456,MER_0001,322.58,INR,UPI,HDFC,2026-08-20 14:08:00,success,,True,False
TXN_000569,CUST_00972,MER_0039,1925.06,INR,Card,YES,2026-07-21 03:18:00,failed,authentication_failure,True,True
TXN_000570,CUST_01980,MER_0039,971.84,INR,UPI,AXIS,2026-07-31 19:02:00,failed,bank_timeout,True,False
TXN_000571,CUST_00165,MER_0003,2072.32,INR,Card,KOTAK,2026-07-06 21:33:00,success,,True,False
TXN_000572,CUST_00787,MER_0014,9940.58,INR,Card,KOTAK,2026-07-24 10:22:00,failed,insufficient_funds,True,True
TXN_000573,CUST_01267,MER_0049,1681.36,INR,UPI,SBI,2026-08-05 16:45:00,success,,True,False
TXN_000574,CUST_01267,MER_0009,2163.17,INR,UPI,HDFC,2026-07-07 13:30:00,failed,authentication_failure,True,True
TXN_000575,CUST_00508,MER_0049,1700.49,INR,UPI,KOTAK,2026-07-18 10:54:00,success,,True,False
TXN_000576,CUST_00778,MER_0044,2852.7,INR,Wallet,YES,2026-07-21 17:08:00,success,,True,False
TXN_000577,CUST_01533,MER_0026,1330.59,INR,UPI,AXIS,2026-07-19 15:20:00,failed,authentication_failure,True,True
TXN_000578,CUST_01363,MER_0025,4016.51,INR,Card,AXIS,2026-07-27 14:00:00,failed,authentication_failure,True,False
TXN_000579,CUST_00263,MER_0002,1282.48,INR,UPI,ICICI,2026-07-11 19:25:00,success,,True,False
TXN_000580,CUST_01716,MER_0024,4995.46,INR,UPI,KOTAK,2026-08-26 22:19:00,success,,True,False
TXN_000581,CUST_00427,MER_0011,1472.53,INR,UPI,YES,2026-08-25 08:10:00,failed,authentication_failure,False,False
TXN_000582,CUST_01241,MER_0016,4704.5,INR,Card,AXIS,2026-07-16 06:02:00,success,,True,False
TXN_000583,CUST_00239,MER_0039,2375.85,INR,NetBanking,ICICI,2026-07-16 15:46:00,success,,True,True
TXN_000584,CUST_00975,MER_0003,3511.48,INR,Card,AXIS,2026-08-25 17:44:00,success,,True,False
TXN_000585,CUST_00818,MER_0027,1614.62,INR,Wallet,YES,2026-08-04 04:07:00,success,,True,False
TXN_000586,CUST_00739,MER_0046,2085.63,INR,UPI,AXIS,2026-08-22 02:02:00,failed,network_error,True,False
TXN_000587,CUST_00707,MER_0008,1343.1,INR,UPI,SBI,2026-08-18 19:47:00,success,,True,True
TXN_000588,CUST_01423,MER_0024,2118.75,INR,UPI,SBI,2026-07-10 08:17:00,success,,True,False
TXN_000589,CUST_01912,MER_0022,707.05,INR,Card,HDFC,2026-07-30 16:46:00,success,,True,False
TXN_000590,CUST_00545,MER_0019,1647.6,INR,Card,SBI,2026-08-20 15:22:00,success,,True,False
TXN_000591,CUST_01704,MER_0003,1943.22,INR,Card,ICICI,2026-08-03 09:50:00,failed,network_error,True,False
TXN_000592,CUST_01710,MER_0046,2011.83,INR,UPI,SBI,2026-07-10 23:43:00,failed,bank_declined,False,False
TXN_000593,CUST_01205,MER_0001,3581.56,INR,UPI,YES,2026-08-02 17:38:00,success,,True,False
TXN_000594,CUST_01197,MER_0023,4912.87,INR,Card,KOTAK,2026-08-24 17:06:00,success,,True,False
TXN_000595,CUST_01316,MER_0032,1451.26,INR,Card,KOTAK,2026-07-31 05:59:00,success,,True,False
TXN_000596,CUST_00464,MER_0005,932.1,INR,UPI,SBI,2026-07-14 07:39:00,failed,bank_declined,True,True
TXN_000597,CUST_00961,MER_0001,1652.82,INR,NetBanking,KOTAK,2026-07-15 06:54:00,success,,True,True
TXN_000598,CUST_01181,MER_0007,1841.73,INR,Wallet,KOTAK,2026-07-05 09:15:00,success,,True,False
TXN_000599,CUST_01860,MER_0035,1318.17,INR,NetBanking,HDFC,2026-07-29 19:20:00,success,,True,False
TXN_000600,CUST_01828,MER_0048,865.33,INR,UPI,YES,2026-08-24 08:21:00,failed,bank_declined,True,False
TXN_000601,CUST_01983,MER_0005,2821.83,INR,NetBanking,ICICI,2026-08-03 10:20:00,failed,bank_timeout,True,False
TXN_000602,CUST_01538,MER_0013,1562.53,INR,UPI,AXIS,2026-07-06 16:14:00,failed,network_error,True,False
TXN_000603,CUST_01696,MER_0047,1162.86,INR,NetBanking,YES,2026-07-13 20:06:00,success,,True,False
TXN_000604,CUST_01680,MER_0001,2379.98,INR,UPI,AXIS,2026-08-08 09:14:00,success,,True,True
TXN_000605,CUST_00685,MER_0031,1238.01,INR,Card,YES,2026-07-20 09:01:00,success,,True,False
TXN_000606,CUST_01417,MER_0044,3860.31,INR,Card,SBI,2026-08-10 15:01:00,failed,bank_declined,True,True
TXN_000607,CUST_01339,MER_0020,1830.41,INR,UPI,AXIS,2026-07-22 21:46:00,success,,True,False
TXN_000608,CUST_01971,MER_0050,3105.36,INR,UPI,ICICI,2026-07-14 10:29:00,success,,True,False
TXN_000609,CUST_01258,MER_0031,2827.27,INR,UPI,SBI,2026-08-09 07:10:00,success,,True,True
TXN_000610,CUST_01595,MER_0013,21045.18,INR,Card,ICICI,2026-08-24 05:23:00,success,,True,True
TXN_000611,CUST_00516,MER_0031,3228.72,INR,Card,AXIS,2026-08-19 09:11:00,failed,insufficient_funds,False,False
TXN_000612,CUST_01700,MER_0048,2261.15,INR,UPI,SBI,2026-07-28 19:13:00,success,,True,False
TXN_000613,CUST_01070,MER_0026,589.34,INR,UPI,AXIS,2026-07-23 22:02:00,success,,True,False
TXN_000614,CUST_01475,MER_0018,2288.2,INR,UPI,YES,2026-07-13 07:07:00,success,,True,False
TXN_000615,CUST_00603,MER_0024,1253.32,INR,UPI,AXIS,2026-08-20 13:03:00,success,,True,False
TXN_000616,CUST_00659,MER_0014,5076.17,INR,Card,AXIS,2026-08-24 09:21:00,failed,insufficient_funds,True,False
TXN_000617,CUST_00886,MER_0046,2222.94,INR,UPI,SBI,2026-08-08 20:00:00,success,,True,True
TXN_000618,CUST_00429,MER_0022,1467.85,INR,UPI,SBI,2026-07-29 09:42:00,failed,bank_timeout,True,False
TXN_000619,CUST_00264,MER_0036,1887.49,INR,UPI,ICICI,2026-07-21 19:32:00,success,,True,False
TXN_000620,CUST_01681,MER_0034,10572.86,INR,NetBanking,YES,2026-07-02 04:47:00,success,,True,True
TXN_000621,CUST_01629,MER_0045,4681.25,INR,Card,SBI,2026-08-24 12:19:00,success,,True,False
TXN_000622,CUST_01990,MER_0014,3589.09,INR,UPI,AXIS,2026-07-15 15:43:00,success,,True,True
TXN_000623,CUST_00069,MER_0017,3277.99,INR,UPI,YES,2026-07-02 04:47:00,failed,network_error,True,False
TXN_000624,CUST_00989,MER_0024,522.1,INR,UPI,AXIS,2026-07-03 17:12:00,success,,True,False
TXN_000625,CUST_01222,MER_0032,1952.55,INR,UPI,SBI,2026-08-10 02:17:00,success,,True,False
TXN_000626,CUST_00474,MER_0050,4798.83,INR,UPI,ICICI,2026-08-21 17:31:00,success,,True,True
TXN_000627,CUST_01514,MER_0030,2346.97,INR,Card,ICICI,2026-08-18 02:29:00,success,,True,False
TXN_000628,CUST_01460,MER_0030,793.02,INR,UPI,YES,2026-07-10 22:12:00,success,,True,True
TXN_000629,CUST_00616,MER_0022,2340.4,INR,UPI,YES,2026-08-17 14:45:00,success,,True,False
TXN_000630,CUST_00382,MER_0001,9540.34,INR,Card,AXIS,2026-07-02 00:17:00,failed,insufficient_funds,True,False
TXN_000631,CUST_01985,MER_0013,2322.49,INR,Card,KOTAK,2026-07-23 19:41:00,failed,bank_declined,True,True
TXN_000632,CUST_00798,MER_0023,1820.37,INR,Wallet,SBI,2026-08-25 10:45:00,success,,True,False
TXN_000633,CUST_01841,MER_0020,624.47,INR,UPI,SBI,2026-07-15 07:24:00,success,,True,True
TXN_000634,CUST_00121,MER_0029,1164.94,INR,UPI,AXIS,2026-07-02 15:09:00,success,,True,False
TXN_000635,CUST_01789,MER_0025,8521.19,INR,UPI,AXIS,2026-07-26 06:46:00,failed,network_error,True,True
TXN_000636,CUST_01879,MER_0049,2008.8,INR,UPI,AXIS,2026-08-17 20:38:00,success,,True,False
TXN_000637,CUST_00825,MER_0013,1920.09,INR,UPI,HDFC,2026-08-21 17:18:00,success,,True,False
TXN_000638,CUST_01609,MER_0030,11195.97,INR,UPI,AXIS,2026-08-21 14:20:00,success,,True,False
TXN_000639,CUST_01759,MER_0024,8962.17,INR,Wallet,HDFC,2026-07-28 22:15:00,success,,True,False
TXN_000640,CUST_00861,MER_0042,14400.59,INR,Card,AXIS,2026-08-26 16:05:00,failed,network_error,True,False
TXN_000641,CUST_01575,MER_0034,3091.77,INR,UPI,YES,2026-07-31 01:19:00,failed,bank_declined,False,False
TXN_000642,CUST_00639,MER_0034,7954.93,INR,Wallet,YES,2026-08-21 22:49:00,failed,insufficient_funds,True,True
TXN_000643,CUST_00898,MER_0017,2902.77,INR,Card,HDFC,2026-08-20 00:52:00,success,,True,False
TXN_000644,CUST_00202,MER_0048,1014.51,INR,NetBanking,AXIS,2026-07-03 18:24:00,success,,True,False
TXN_000645,CUST_00170,MER_0011,1523.71,INR,UPI,HDFC,2026-07-23 07:36:00,failed,authentication_failure,True,False
TXN_000646,CUST_01016,MER_0017,1500.72,INR,UPI,YES,2026-08-04 12:28:00,success,,True,False
TXN_000647,CUST_00578,MER_0031,1585.57,INR,UPI,KOTAK,2026-07-13 04:17:00,failed,bank_timeout,False,False
TXN_000648,CUST_00307,MER_0016,4753.65,INR,UPI,ICICI,2026-08-16 22:30:00,success,,True,False
TXN_000649,CUST_01844,MER_0043,1008.39,INR,Card,KOTAK,2026-08-06 09:06:00,success,,True,True
TXN_000650,CUST_00959,MER_0024,2911.53,INR,Card,KOTAK,2026-08-17 01:10:00,success,,True,False
TXN_000651,CUST_01133,MER_0004,6466.35,INR,Card,ICICI,2026-07-01 04:52:00,success,,True,False
TXN_000652,CUST_00843,MER_0011,1618.8,INR,UPI,HDFC,2026-08-06 16:24:00,success,,True,False
TXN_000653,CUST_01400,MER_0037,1374.25,INR,UPI,ICICI,2026-07-30 21:12:00,failed,network_error,True,False
TXN_000654,CUST_00204,MER_0036,6271.56,INR,UPI,HDFC,2026-08-12 11:41:00,success,,True,False
TXN_000655,CUST_00583,MER_0024,2850.6,INR,UPI,HDFC,2026-08-04 04:18:00,failed,authentication_failure,True,True
TXN_000656,CUST_00850,MER_0006,3594.29,INR,Wallet,KOTAK,2026-07-12 13:34:00,success,,True,False
TXN_000657,CUST_01331,MER_0013,1010.47,INR,UPI,YES,2026-07-15 00:34:00,failed,bank_declined,True,False
TXN_000658,CUST_01113,MER_0035,3384.24,INR,UPI,KOTAK,2026-07-11 12:46:00,failed,bank_declined,True,False
TXN_000659,CUST_01476,MER_0028,1247.79,INR,NetBanking,SBI,2026-07-04 13:40:00,failed,authentication_failure,False,False
TXN_000660,CUST_01674,MER_0036,3743.79,INR,Card,ICICI,2026-08-16 20:55:00,success,,True,True
TXN_000661,CUST_01372,MER_0027,6523.62,INR,UPI,AXIS,2026-08-22 05:28:00,success,,True,False
TXN_000662,CUST_01209,MER_0016,1465.8,INR,UPI,ICICI,2026-08-11 14:18:00,success,,True,True
TXN_000663,CUST_00228,MER_0023,3521.74,INR,UPI,SBI,2026-07-09 13:42:00,failed,bank_declined,False,True
TXN_000664,CUST_00792,MER_0041,1528.9,INR,UPI,SBI,2026-08-03 03:30:00,success,,True,False
TXN_000665,CUST_01229,MER_0043,2380.71,INR,UPI,HDFC,2026-08-04 20:49:00,success,,True,True
TXN_000666,CUST_00678,MER_0047,1178.8,INR,UPI,SBI,2026-07-03 13:01:00,success,,True,False
TXN_000667,CUST_01818,MER_0030,1153.78,INR,UPI,ICICI,2026-08-26 23:36:00,success,,True,False
TXN_000668,CUST_00149,MER_0015,1430.5,INR,Card,HDFC,2026-08-16 20:35:00,success,,True,False
TXN_000669,CUST_00868,MER_0043,3083.3,INR,UPI,YES,2026-07-28 14:23:00,failed,bank_timeout,True,False
TXN_000670,CUST_01438,MER_0017,407.25,INR,Wallet,HDFC,2026-07-01 03:27:00,success,,True,False
TXN_000671,CUST_00337,MER_0032,447.39,INR,UPI,AXIS,2026-08-12 09:04:00,failed,bank_declined,True,False
TXN_000672,CUST_00830,MER_0042,3519.76,INR,Wallet,KOTAK,2026-07-07 04:00:00,success,,True,False
TXN_000673,CUST_01842,MER_0044,270.97,INR,Card,KOTAK,2026-07-27 13:26:00,success,,True,True
TXN_000674,CUST_00103,MER_0029,1636.34,INR,NetBanking,KOTAK,2026-08-25 17:50:00,failed,network_error,True,False
TXN_000675,CUST_01577,MER_0041,7410.63,INR,Wallet,HDFC,2026-07-19 14:04:00,success,,True,False
TXN_000676,CUST_01094,MER_0017,1793.6,INR,UPI,YES,2026-07-23 12:01:00,success,,True,False
TXN_000677,CUST_01289,MER_0004,3315.59,INR,UPI,YES,2026-08-10 08:58:00,success,,True,True
TXN_000678,CUST_00393,MER_0050,2732.59,INR,NetBanking,YES,2026-07-21 13:41:00,success,,True,False
TXN_000679,CUST_00550,MER_0032,443.88,INR,NetBanking,SBI,2026-07-23 21:02:00,success,,True,False
TXN_000680,CUST_01247,MER_0021,4512.32,INR,NetBanking,HDFC,2026-08-16 03:05:00,success,,True,False
TXN_000681,CUST_00021,MER_0041,2899.57,INR,UPI,AXIS,2026-07-13 09:02:00,success,,True,False
TXN_000682,CUST_00205,MER_0029,3665.11,INR,NetBanking,ICICI,2026-07-11 11:01:00,failed,bank_timeout,True,False
TXN_000683,CUST_01706,MER_0045,460.68,INR,UPI,HDFC,2026-07-06 20:24:00,success,,True,False
TXN_000684,CUST_01347,MER_0017,9698.8,INR,UPI,SBI,2026-08-04 12:04:00,success,,True,False
TXN_000685,CUST_01411,MER_0048,1939.22,INR,NetBanking,SBI,2026-08-09 19:27:00,success,,True,False
TXN_000686,CUST_00684,MER_0029,3071.32,INR,NetBanking,ICICI,2026-08-05 05:17:00,success,,True,False
TXN_000687,CUST_00560,MER_0015,2353.34,INR,NetBanking,ICICI,2026-07-16 07:42:00,success,,True,False
TXN_000688,CUST_01863,MER_0001,1738.21,INR,UPI,HDFC,2026-08-24 20:53:00,success,,True,False
TXN_000689,CUST_00653,MER_0036,1547.09,INR,Wallet,ICICI,2026-07-27 06:21:00,success,,True,False
TXN_000690,CUST_01078,MER_0037,3176.73,INR,NetBanking,AXIS,2026-08-17 08:55:00,success,,True,False
TXN_000691,CUST_00358,MER_0017,725.06,INR,UPI,SBI,2026-07-16 10:55:00,success,,True,True
TXN_000692,CUST_01460,MER_0009,4449.13,INR,UPI,YES,2026-07-16 18:22:00,success,,True,True
TXN_000693,CUST_01962,MER_0033,1749.43,INR,Card,KOTAK,2026-07-21 03:34:00,success,,True,False
TXN_000694,CUST_00195,MER_0023,988.26,INR,Card,YES,2026-08-05 07:38:00,success,,True,False
TXN_000695,CUST_01820,MER_0030,1702.73,INR,Card,AXIS,2026-08-07 14:53:00,failed,network_error,True,False
TXN_000696,CUST_01382,MER_0044,1590.39,INR,UPI,YES,2026-07-18 19:26:00,failed,authentication_failure,True,False
TXN_000697,CUST_00175,MER_0043,1359.99,INR,UPI,KOTAK,2026-08-14 23:01:00,success,,True,False
TXN_000698,CUST_00115,MER_0033,4475.34,INR,Wallet,ICICI,2026-08-19 18:25:00,success,,True,False
TXN_000699,CUST_01686,MER_0001,4223.44,INR,Wallet,HDFC,2026-08-15 12:13:00,success,,True,False
TXN_000700,CUST_01239,MER_0040,10709.51,INR,UPI,AXIS,2026-08-16 05:30:00,success,,True,False
TXN_000701,CUST_00149,MER_0050,2120.8,INR,Card,ICICI,2026-08-23 06:11:00,failed,network_error,True,False
TXN_000702,CUST_01162,MER_0027,2639.79,INR,UPI,AXIS,2026-07-09 11:43:00,failed,bank_timeout,True,False
TXN_000703,CUST_01323,MER_0023,1373.25,INR,Wallet,YES,2026-07-06 11:35:00,success,,True,True
TXN_000704,CUST_00620,MER_0002,4429.33,INR,NetBanking,HDFC,2026-08-05 02:01:00,success,,True,True
TXN_000705,CUST_00118,MER_0034,2088.59,INR,UPI,SBI,2026-07-25 10:27:00,failed,authentication_failure,True,False
TXN_000706,CUST_01193,MER_0010,2626.49,INR,Card,KOTAK,2026-07-12 15:02:00,success,,True,False
TXN_000707,CUST_01621,MER_0033,2986.31,INR,UPI,AXIS,2026-07-02 21:14:00,failed,network_error,False,False
TXN_000708,CUST_00983,MER_0034,2897.98,INR,UPI,HDFC,2026-08-01 06:35:00,success,,True,False
TXN_000709,CUST_01635,MER_0022,8625.64,INR,Wallet,YES,2026-08-05 13:16:00,success,,True,False
TXN_000710,CUST_00740,MER_0036,5368.8,INR,UPI,ICICI,2026-07-24 04:49:00,failed,bank_declined,True,False
TXN_000711,CUST_00208,MER_0043,1695.22,INR,Card,KOTAK,2026-07-07 17:44:00,failed,bank_declined,False,False
TXN_000712,CUST_01843,MER_0021,5240.86,INR,UPI,ICICI,2026-07-19 21:22:00,success,,True,False
TXN_000713,CUST_01092,MER_0032,4918.89,INR,UPI,HDFC,2026-07-21 19:09:00,success,,True,False
TXN_000714,CUST_00064,MER_0050,7927.85,INR,UPI,YES,2026-08-14 01:52:00,success,,True,True
TXN_000715,CUST_01013,MER_0006,1505.4,INR,UPI,KOTAK,2026-08-17 19:29:00,success,,True,False
TXN_000716,CUST_01224,MER_0004,2031.16,INR,Card,HDFC,2026-07-20 13:08:00,failed,network_error,True,False
TXN_000717,CUST_00856,MER_0003,1782.95,INR,NetBanking,HDFC,2026-07-30 06:20:00,success,,True,False
TXN_000718,CUST_01977,MER_0046,5416.78,INR,UPI,ICICI,2026-08-06 21:51:00,success,,True,True
TXN_000719,CUST_01013,MER_0014,1680.43,INR,NetBanking,HDFC,2026-07-19 00:09:00,success,,True,False
TXN_000720,CUST_01897,MER_0022,4074.01,INR,Wallet,AXIS,2026-08-22 07:47:00,success,,True,False
TXN_000721,CUST_01209,MER_0010,2095.6,INR,UPI,ICICI,2026-08-09 22:49:00,failed,authentication_failure,True,False
TXN_000722,CUST_01093,MER_0027,974.42,INR,NetBanking,AXIS,2026-07-18 06:28:00,success,,True,False
TXN_000723,CUST_01085,MER_0001,2612.77,INR,Card,AXIS,2026-07-03 23:45:00,success,,True,True
TXN_000724,CUST_01087,MER_0015,222.98,INR,UPI,HDFC,2026-07-08 05:25:00,success,,True,False
TXN_000725,CUST_01532,MER_0035,2101.66,INR,UPI,YES,2026-07-17 23:14:00,success,,True,False
TXN_000726,CUST_00743,MER_0035,662.24,INR,UPI,KOTAK,2026-07-17 03:42:00,success,,True,False
TXN_000727,CUST_01841,MER_0013,6404.75,INR,Wallet,KOTAK,2026-08-24 16:59:00,failed,network_error,True,False
TXN_000728,CUST_00001,MER_0005,3545.15,INR,UPI,KOTAK,2026-07-24 14:57:00,success,,True,False
TXN_000729,CUST_01601,MER_0003,8240.41,INR,Card,KOTAK,2026-08-19 06:27:00,success,,True,False
TXN_000730,CUST_01208,MER_0037,1142.38,INR,UPI,ICICI,2026-07-22 08:33:00,success,,True,False
TXN_000731,CUST_00065,MER_0042,9876.27,INR,UPI,AXIS,2026-07-10 09:57:00,success,,True,False
TXN_000732,CUST_00360,MER_0013,5144.86,INR,UPI,YES,2026-07-29 00:51:00,success,,True,True
TXN_000733,CUST_01254,MER_0039,2019.8,INR,Card,KOTAK,2026-07-11 04:53:00,success,,True,False
TXN_000734,CUST_01763,MER_0044,6054.13,INR,UPI,KOTAK,2026-08-04 00:35:00,success,,True,True
TXN_000735,CUST_00785,MER_0021,1007.24,INR,UPI,ICICI,2026-07-07 23:21:00,failed,network_error,True,False
TXN_000736,CUST_00817,MER_0002,1499.86,INR,Card,AXIS,2026-08-06 22:00:00,success,,True,False
TXN_000737,CUST_01227,MER_0029,1598.49,INR,NetBanking,ICICI,2026-08-13 16:44:00,success,,True,False
TXN_000738,CUST_00633,MER_0030,1048.12,INR,UPI,ICICI,2026-07-30 18:18:00,success,,True,False
TXN_000739,CUST_01912,MER_0041,6492.91,INR,Card,AXIS,2026-07-17 05:28:00,success,,True,True
TXN_000740,CUST_00338,MER_0020,1984.09,INR,UPI,AXIS,2026-07-27 18:28:00,success,,True,False
TXN_000741,CUST_00395,MER_0041,3235.71,INR,UPI,AXIS,2026-07-27 14:15:00,success,,True,False
TXN_000742,CUST_01268,MER_0025,1546.45,INR,UPI,SBI,2026-07-21 22:42:00,success,,True,False
TXN_000743,CUST_01810,MER_0016,568.79,INR,UPI,ICICI,2026-08-06 06:38:00,success,,True,False
TXN_000744,CUST_01761,MER_0040,3029.18,INR,UPI,AXIS,2026-08-05 13:56:00,success,,True,False
TXN_000745,CUST_00161,MER_0010,528.58,INR,UPI,KOTAK,2026-08-11 15:26:00,success,,True,False
TXN_000746,CUST_00359,MER_0040,2310.21,INR,UPI,ICICI,2026-07-14 11:31:00,success,,True,True
TXN_000747,CUST_00638,MER_0034,816.76,INR,UPI,AXIS,2026-07-02 23:41:00,failed,network_error,True,False
TXN_000748,CUST_01747,MER_0013,5059.84,INR,UPI,SBI,2026-07-30 08:23:00,success,,True,True
TXN_000749,CUST_00537,MER_0032,2656.07,INR,UPI,KOTAK,2026-08-03 21:26:00,success,,True,False
TXN_000750,CUST_00615,MER_0005,6707.39,INR,UPI,HDFC,2026-08-25 01:48:00,success,,True,True
TXN_000751,CUST_00192,MER_0023,1240.1,INR,UPI,ICICI,2026-07-14 10:29:00,success,,True,False
TXN_000752,CUST_00929,MER_0021,3769.82,INR,Card,AXIS,2026-07-31 11:33:00,success,,True,False
TXN_000753,CUST_00434,MER_0036,2863.64,INR,UPI,ICICI,2026-07-11 14:10:00,failed,authentication_failure,True,False
TXN_000754,CUST_01053,MER_0016,6753.95,INR,Wallet,YES,2026-07-10 15:11:00,failed,bank_timeout,False,False
TXN_000755,CUST_00364,MER_0029,3074.75,INR,Card,ICICI,2026-07-29 00:40:00,success,,True,False
TXN_000756,CUST_01550,MER_0023,649.43,INR,NetBanking,HDFC,2026-08-26 12:37:00,failed,bank_timeout,True,False
TXN_000757,CUST_00090,MER_0019,2212.4,INR,Card,HDFC,2026-07-23 20:34:00,success,,True,False
TXN_000758,CUST_01479,MER_0038,2629.89,INR,UPI,ICICI,2026-07-24 08:37:00,failed,bank_timeout,True,False
TXN_000759,CUST_01698,MER_0020,16803.48,INR,UPI,AXIS,2026-07-22 01:22:00,failed,authentication_failure,True,False
TXN_000760,CUST_01990,MER_0040,3950.88,INR,UPI,KOTAK,2026-07-02 10:19:00,success,,True,False
TXN_000761,CUST_00106,MER_0025,2585.38,INR,UPI,YES,2026-07-18 23:47:00,success,,True,False
TXN_000762,CUST_01793,MER_0028,2059.53,INR,UPI,SBI,2026-07-09 11:49:00,success,,True,False
TXN_000763,CUST_00520,MER_0019,1139.64,INR,UPI,AXIS,2026-08-12 02:53:00,success,,True,False
TXN_000764,CUST_01305,MER_0033,2596.67,INR,NetBanking,HDFC,2026-08-21 04:23:00,success,,True,True
TXN_000765,CUST_00174,MER_0012,2999.5,INR,UPI,ICICI,2026-08-06 08:05:00,success,,True,False
TXN_000766,CUST_01224,MER_0047,903.79,INR,UPI,SBI,2026-08-25 21:04:00,failed,network_error,False,False
TXN_000767,CUST_01497,MER_0009,2155.53,INR,UPI,YES,2026-07-06 06:20:00,failed,authentication_failure,True,False
TXN_000768,CUST_01473,MER_0013,1226.22,INR,UPI,ICICI,2026-08-15 16:54:00,success,,True,True
TXN_000769,CUST_00217,MER_0047,1753.06,INR,Card,HDFC,2026-07-29 06:18:00,success,,True,True
TXN_000770,CUST_01072,MER_0017,11049.61,INR,UPI,KOTAK,2026-08-06 06:27:00,success,,True,False
TXN_000771,CUST_01322,MER_0013,3809.46,INR,UPI,SBI,2026-08-18 07:46:00,failed,bank_declined,True,False
TXN_000772,CUST_01852,MER_0016,3600.5,INR,Card,YES,2026-08-26 23:19:00,failed,bank_declined,True,True
TXN_000773,CUST_00137,MER_0028,5803.13,INR,UPI,YES,2026-07-29 00:24:00,success,,True,False
TXN_000774,CUST_01963,MER_0038,1674.22,INR,Card,SBI,2026-08-14 23:14:00,success,,True,False
TXN_000775,CUST_00525,MER_0017,2264.46,INR,Card,SBI,2026-07-29 12:13:00,success,,True,False
TXN_000776,CUST_00667,MER_0020,7048.97,INR,Card,SBI,2026-08-04 06:29:00,failed,authentication_failure,True,False
TXN_000777,CUST_00416,MER_0048,798.16,INR,Card,AXIS,2026-07-02 04:45:00,success,,True,False
TXN_000778,CUST_00009,MER_0041,1530.15,INR,UPI,SBI,2026-07-01 14:49:00,success,,True,False
TXN_000779,CUST_00050,MER_0010,5601.01,INR,Card,ICICI,2026-07-14 03:14:00,failed,expired_card,True,True
TXN_000780,CUST_01780,MER_0036,253.22,INR,UPI,ICICI,2026-08-01 20:42:00,success,,True,False
TXN_000781,CUST_00015,MER_0011,1701.17,INR,UPI,YES,2026-07-04 12:03:00,success,,True,True
TXN_000782,CUST_00213,MER_0046,3794.82,INR,UPI,SBI,2026-07-10 08:01:00,success,,True,False
TXN_000783,CUST_01192,MER_0027,6375.45,INR,UPI,SBI,2026-08-10 05:24:00,success,,True,False
TXN_000784,CUST_00706,MER_0028,1684.92,INR,Card,KOTAK,2026-07-09 18:04:00,failed,bank_declined,True,False
TXN_000785,CUST_01932,MER_0016,6143.32,INR,UPI,SBI,2026-08-14 07:58:00,success,,True,False
TXN_000786,CUST_01559,MER_0031,546.87,INR,Card,KOTAK,2026-07-22 19:42:00,success,,True,False
TXN_000787,CUST_00853,MER_0009,1788.59,INR,Wallet,YES,2026-08-06 07:48:00,success,,True,False
TXN_000788,CUST_00357,MER_0016,2842.22,INR,UPI,AXIS,2026-08-26 00:39:00,success,,True,False
TXN_000789,CUST_00220,MER_0049,3496.0,INR,UPI,SBI,2026-07-06 18:03:00,success,,True,False
TXN_000790,CUST_00088,MER_0047,1623.2,INR,UPI,AXIS,2026-07-25 06:35:00,success,,True,False
TXN_000791,CUST_01646,MER_0024,2508.78,INR,NetBanking,HDFC,2026-07-31 08:25:00,failed,bank_timeout,True,False
TXN_000792,CUST_00547,MER_0021,1441.44,INR,Card,KOTAK,2026-07-13 22:02:00,failed,network_error,True,False
TXN_000793,CUST_00931,MER_0016,1112.28,INR,Card,AXIS,2026-08-14 00:22:00,failed,insufficient_funds,True,True
TXN_000794,CUST_00819,MER_0010,3489.45,INR,UPI,AXIS,2026-08-05 05:21:00,success,,True,False
TXN_000795,CUST_01499,MER_0018,1855.59,INR,UPI,ICICI,2026-08-15 20:42:00,success,,True,True
TXN_000796,CUST_00259,MER_0021,2797.19,INR,Wallet,HDFC,2026-07-04 11:08:00,success,,True,False
TXN_000797,CUST_00494,MER_0047,1129.82,INR,UPI,HDFC,2026-08-10 14:49:00,success,,True,False
TXN_000798,CUST_01795,MER_0040,2068.77,INR,NetBanking,HDFC,2026-08-11 09:39:00,success,,True,False
TXN_000799,CUST_00836,MER_0033,3976.56,INR,UPI,YES,2026-08-15 04:30:00,success,,True,False
TXN_000800,CUST_01893,MER_0010,2767.16,INR,UPI,ICICI,2026-08-15 08:01:00,failed,network_error,True,True
TXN_000801,CUST_01668,MER_0027,2920.1,INR,Card,AXIS,2026-08-14 05:17:00,success,,True,True
TXN_000802,CUST_01241,MER_0029,4322.93,INR,UPI,SBI,2026-07-15 08:10:00,failed,bank_declined,True,False
TXN_000803,CUST_00477,MER_0010,6168.8,INR,Wallet,ICICI,2026-08-02 10:54:00,success,,True,False
TXN_000804,CUST_01932,MER_0026,1864.96,INR,UPI,SBI,2026-08-01 00:48:00,success,,True,False
TXN_000805,CUST_00745,MER_0005,3430.26,INR,UPI,KOTAK,2026-07-03 07:07:00,failed,network_error,True,True
TXN_000806,CUST_00077,MER_0041,814.57,INR,Card,SBI,2026-07-18 18:59:00,success,,True,False
TXN_000807,CUST_01689,MER_0013,1383.6,INR,Card,SBI,2026-07-22 06:40:00,success,,True,False
TXN_000808,CUST_00975,MER_0042,1937.51,INR,UPI,HDFC,2026-07-29 20:35:00,success,,True,False
TXN_000809,CUST_01026,MER_0026,1303.75,INR,UPI,HDFC,2026-07-03 13:13:00,success,,True,False
TXN_000810,CUST_01101,MER_0014,9778.58,INR,UPI,KOTAK,2026-08-17 10:11:00,success,,True,False
TXN_000811,CUST_00783,MER_0038,1229.77,INR,NetBanking,SBI,2026-07-30 01:51:00,success,,True,False
TXN_000812,CUST_00016,MER_0017,1564.88,INR,UPI,HDFC,2026-07-20 00:25:00,failed,bank_timeout,True,False
TXN_000813,CUST_00559,MER_0032,932.88,INR,UPI,KOTAK,2026-07-19 22:46:00,success,,True,False
TXN_000814,CUST_01509,MER_0007,1778.38,INR,NetBanking,HDFC,2026-08-09 01:42:00,success,,True,False
TXN_000815,CUST_01824,MER_0001,3146.24,INR,UPI,AXIS,2026-08-16 19:23:00,success,,True,True
TXN_000816,CUST_01230,MER_0014,1870.03,INR,Card,AXIS,2026-08-17 12:43:00,failed,insufficient_funds,True,False
TXN_000817,CUST_01090,MER_0014,1598.04,INR,UPI,YES,2026-08-17 23:16:00,success,,True,False
TXN_000818,CUST_00277,MER_0031,726.63,INR,UPI,HDFC,2026-07-06 08:00:00,success,,True,False
TXN_000819,CUST_00575,MER_0036,3156.68,INR,UPI,HDFC,2026-08-14 19:13:00,success,,True,False
TXN_000820,CUST_01361,MER_0014,9936.26,INR,UPI,YES,2026-07-25 01:01:00,failed,network_error,True,True
TXN_000821,CUST_00424,MER_0019,2922.55,INR,Card,ICICI,2026-08-21 09:07:00,failed,insufficient_funds,False,False
TXN_000822,CUST_01845,MER_0028,884.07,INR,Card,YES,2026-08-01 07:54:00,success,,True,False
TXN_000823,CUST_01876,MER_0024,9528.21,INR,UPI,SBI,2026-07-30 16:07:00,success,,True,False
TXN_000824,CUST_00419,MER_0024,2869.41,INR,Card,KOTAK,2026-07-10 10:56:00,success,,True,False
TXN_000825,CUST_00404,MER_0038,9004.55,INR,UPI,AXIS,2026-07-23 09:58:00,failed,bank_declined,False,False
TXN_000826,CUST_01062,MER_0009,10450.96,INR,UPI,SBI,2026-08-11 15:55:00,success,,True,False
TXN_000827,CUST_00810,MER_0011,4537.47,INR,NetBanking,SBI,2026-08-02 21:20:00,failed,bank_timeout,True,False
TXN_000828,CUST_01215,MER_0006,2943.1,INR,NetBanking,HDFC,2026-08-02 18:34:00,failed,bank_timeout,True,False
TXN_000829,CUST_01460,MER_0008,6376.82,INR,UPI,SBI,2026-08-05 13:28:00,success,,True,False
TXN_000830,CUST_00372,MER_0037,2730.63,INR,UPI,AXIS,2026-08-14 03:37:00,failed,bank_declined,True,False
TXN_000831,CUST_01139,MER_0010,998.5,INR,NetBanking,YES,2026-07-20 08:15:00,success,,True,False
TXN_000832,CUST_01342,MER_0035,2103.43,INR,Card,ICICI,2026-07-02 00:33:00,failed,authentication_failure,True,False
TXN_000833,CUST_00163,MER_0023,2332.58,INR,Card,HDFC,2026-08-14 20:23:00,success,,True,False
TXN_000834,CUST_01030,MER_0020,6471.59,INR,UPI,KOTAK,2026-07-31 21:40:00,success,,True,True
TXN_000835,CUST_00298,MER_0003,512.41,INR,UPI,SBI,2026-07-02 08:43:00,success,,True,False
TXN_000836,CUST_01737,MER_0049,2737.69,INR,Card,HDFC,2026-07-28 23:30:00,success,,True,False
TXN_000837,CUST_00177,MER_0044,569.99,INR,UPI,HDFC,2026-07-25 01:19:00,success,,True,False
TXN_000838,CUST_01088,MER_0031,4481.75,INR,UPI,HDFC,2026-07-06 08:22:00,success,,True,False
TXN_000839,CUST_01898,MER_0007,2262.97,INR,UPI,YES,2026-07-22 08:14:00,success,,True,False
TXN_000840,CUST_01500,MER_0020,3414.16,INR,Card,YES,2026-08-24 15:24:00,failed,insufficient_funds,True,True
TXN_000841,CUST_01950,MER_0018,6792.48,INR,Card,AXIS,2026-08-21 18:17:00,success,,True,True
TXN_000842,CUST_01352,MER_0008,5616.03,INR,Card,AXIS,2026-07-12 15:25:00,failed,authentication_failure,True,False
TXN_000843,CUST_01741,MER_0001,2200.38,INR,UPI,YES,2026-08-21 22:19:00,success,,True,False
TXN_000844,CUST_01439,MER_0020,3881.15,INR,UPI,SBI,2026-08-25 23:18:00,success,,True,False
TXN_000845,CUST_01138,MER_0029,1386.43,INR,NetBanking,HDFC,2026-07-07 05:36:00,failed,bank_declined,False,False
TXN_000846,CUST_01682,MER_0045,9132.41,INR,UPI,KOTAK,2026-07-07 14:17:00,success,,True,False
TXN_000847,CUST_00501,MER_0045,5747.32,INR,UPI,HDFC,2026-07-06 08:58:00,success,,True,False
TXN_000848,CUST_00557,MER_0026,1361.47,INR,Card,ICICI,2026-08-26 04:41:00,failed,authentication_failure,True,False
TXN_000849,CUST_00134,MER_0005,867.39,INR,Wallet,YES,2026-07-12 19:52:00,success,,True,False
TXN_000850,CUST_01104,MER_0013,3858.03,INR,UPI,ICICI,2026-08-17 23:56:00,success,,True,False
TXN_000851,CUST_00867,MER_0001,3499.88,INR,UPI,YES,2026-07-18 19:59:00,success,,True,False
TXN_000852,CUST_00528,MER_0009,546.83,INR,UPI,ICICI,2026-08-25 16:23:00,success,,True,True
TXN_000853,CUST_00570,MER_0031,963.5,INR,UPI,HDFC,2026-07-12 13:14:00,success,,True,False
TXN_000854,CUST_01138,MER_0005,1945.92,INR,UPI,ICICI,2026-08-24 17:24:00,failed,bank_declined,True,False
TXN_000855,CUST_00014,MER_0041,927.43,INR,UPI,ICICI,2026-08-22 08:57:00,success,,True,False
TXN_000856,CUST_01937,MER_0021,3331.52,INR,Card,HDFC,2026-07-13 22:55:00,success,,True,False
TXN_000857,CUST_01194,MER_0039,2984.47,INR,NetBanking,ICICI,2026-08-17 04:20:00,success,,True,False
TXN_000858,CUST_01819,MER_0027,2089.3,INR,Card,YES,2026-07-11 08:14:00,success,,True,False
TXN_000859,CUST_01456,MER_0005,1333.24,INR,UPI,HDFC,2026-07-27 02:15:00,success,,True,False
TXN_000860,CUST_00573,MER_0010,5647.49,INR,Card,HDFC,2026-07-24 09:28:00,success,,True,False
TXN_000861,CUST_00881,MER_0022,9175.81,INR,UPI,KOTAK,2026-08-08 11:09:00,success,,True,False
TXN_000862,CUST_01496,MER_0033,1657.64,INR,UPI,YES,2026-08-07 23:43:00,success,,True,False
TXN_000863,CUST_00373,MER_0043,1495.58,INR,Card,ICICI,2026-07-31 11:30:00,failed,expired_card,True,False
TXN_000864,CUST_00066,MER_0019,1832.76,INR,Card,ICICI,2026-07-21 11:03:00,success,,True,False
TXN_000865,CUST_01248,MER_0020,2183.06,INR,UPI,SBI,2026-08-03 23:04:00,success,,True,False
TXN_000866,CUST_01330,MER_0043,4410.41,INR,Card,KOTAK,2026-08-26 04:45:00,success,,True,False
TXN_000867,CUST_01555,MER_0044,529.81,INR,Card,YES,2026-08-04 18:52:00,success,,True,False
TXN_000868,CUST_01300,MER_0034,7006.84,INR,UPI,YES,2026-08-16 09:56:00,success,,True,False
TXN_000869,CUST_01441,MER_0041,2586.72,INR,NetBanking,ICICI,2026-08-26 22:06:00,success,,True,False
TXN_000870,CUST_00937,MER_0031,1756.02,INR,Card,KOTAK,2026-07-30 18:20:00,success,,True,False
TXN_000871,CUST_00976,MER_0017,2272.45,INR,UPI,AXIS,2026-08-22 18:47:00,success,,True,True
TXN_000872,CUST_01363,MER_0017,2368.34,INR,Wallet,AXIS,2026-08-05 19:55:00,success,,True,False
TXN_000873,CUST_00510,MER_0013,610.96,INR,UPI,AXIS,2026-08-10 16:42:00,success,,True,False
TXN_000874,CUST_01080,MER_0021,8070.34,INR,UPI,ICICI,2026-07-08 12:20:00,success,,True,False
TXN_000875,CUST_01571,MER_0005,2522.64,INR,UPI,KOTAK,2026-08-04 09:09:00,failed,bank_timeout,True,False
TXN_000876,CUST_01913,MER_0040,5225.16,INR,Card,SBI,2026-07-28 08:12:00,failed,bank_declined,True,False
TXN_000877,CUST_01446,MER_0021,3564.49,INR,Card,ICICI,2026-08-21 13:04:00,failed,bank_declined,False,True
TXN_000878,CUST_00784,MER_0015,4805.02,INR,UPI,KOTAK,2026-07-11 05:55:00,success,,True,False
TXN_000879,CUST_00997,MER_0016,445.06,INR,Card,AXIS,2026-08-07 20:28:00,success,,True,False
TXN_000880,CUST_01229,MER_0007,2254.59,INR,NetBanking,AXIS,2026-08-15 15:09:00,success,,True,False
TXN_000881,CUST_01041,MER_0040,1506.8,INR,Card,HDFC,2026-08-04 09:16:00,failed,bank_declined,True,False
TXN_000882,CUST_01388,MER_0029,3554.73,INR,Card,SBI,2026-07-10 02:38:00,success,,True,False
TXN_000883,CUST_01578,MER_0011,1385.61,INR,Card,ICICI,2026-07-14 10:43:00,success,,True,False
TXN_000884,CUST_00994,MER_0019,1380.58,INR,NetBanking,AXIS,2026-08-08 16:01:00,success,,True,False
TXN_000885,CUST_01255,MER_0016,2233.82,INR,Card,HDFC,2026-07-29 00:44:00,success,,True,False
TXN_000886,CUST_00375,MER_0002,1191.16,INR,UPI,YES,2026-07-29 14:28:00,failed,bank_timeout,True,False
TXN_000887,CUST_01371,MER_0034,1816.44,INR,NetBanking,HDFC,2026-07-25 12:26:00,failed,bank_timeout,True,True
TXN_000888,CUST_01127,MER_0017,1808.3,INR,UPI,SBI,2026-07-10 14:52:00,failed,authentication_failure,True,False
TXN_000889,CUST_01535,MER_0042,661.81,INR,Card,YES,2026-07-12 09:50:00,success,,True,False
TXN_000890,CUST_00642,MER_0011,906.92,INR,UPI,ICICI,2026-08-08 02:37:00,failed,bank_timeout,True,True
TXN_000891,CUST_01840,MER_0035,7065.03,INR,Wallet,ICICI,2026-08-20 00:17:00,success,,True,True
TXN_000892,CUST_00645,MER_0033,3135.51,INR,NetBanking,KOTAK,2026-08-02 01:56:00,success,,True,True
TXN_000893,CUST_01492,MER_0010,1502.37,INR,NetBanking,ICICI,2026-08-25 20:47:00,success,,True,False
TXN_000894,CUST_00143,MER_0030,3514.75,INR,UPI,ICICI,2026-08-15 03:45:00,success,,True,True
TXN_000895,CUST_01152,MER_0049,1690.41,INR,UPI,AXIS,2026-07-09 00:01:00,failed,network_error,True,False
TXN_000896,CUST_01671,MER_0042,969.24,INR,Wallet,SBI,2026-08-20 20:40:00,success,,True,False
TXN_000897,CUST_01069,MER_0049,600.97,INR,UPI,AXIS,2026-07-11 17:10:00,success,,True,True
TXN_000898,CUST_01330,MER_0014,1786.58,INR,UPI,SBI,2026-08-23 10:11:00,failed,authentication_failure,True,False
TXN_000899,CUST_00306,MER_0028,2259.05,INR,Card,ICICI,2026-07-29 20:09:00,success,,True,False
TXN_000900,CUST_01621,MER_0020,1749.75,INR,UPI,ICICI,2026-07-02 07:45:00,success,,True,False
TXN_000901,CUST_01305,MER_0030,1145.28,INR,Card,SBI,2026-08-26 06:59:00,success,,True,False
TXN_000902,CUST_01405,MER_0016,3970.3,INR,Wallet,YES,2026-07-07 10:05:00,success,,True,False
TXN_000903,CUST_01274,MER_0025,850.9,INR,NetBanking,AXIS,2026-07-05 20:25:00,failed,bank_declined,True,True
TXN_000904,CUST_00663,MER_0011,1094.69,INR,UPI,HDFC,2026-07-10 19:10:00,failed,bank_timeout,True,False
TXN_000905,CUST_01511,MER_0024,754.89,INR,UPI,KOTAK,2026-08-07 04:12:00,success,,True,False
TXN_000906,CUST_00127,MER_0049,1634.15,INR,Card,YES,2026-08-19 18:42:00,success,,True,False
TXN_000907,CUST_01057,MER_0010,5325.44,INR,Wallet,AXIS,2026-07-22 22:32:00,success,,True,False
TXN_000908,CUST_01519,MER_0018,3686.76,INR,UPI,ICICI,2026-07-06 21:03:00,success,,True,False
TXN_000909,CUST_00838,MER_0003,5338.7,INR,UPI,ICICI,2026-07-13 14:16:00,success,,True,False
TXN_000910,CUST_00275,MER_0010,3706.02,INR,UPI,KOTAK,2026-07-17 07:11:00,failed,bank_timeout,False,False
TXN_000911,CUST_01555,MER_0044,1873.13,INR,UPI,HDFC,2026-08-12 15:41:00,success,,True,False
TXN_000912,CUST_00002,MER_0024,1307.46,INR,NetBanking,SBI,2026-08-06 19:03:00,success,,True,False
TXN_000913,CUST_00326,MER_0022,7075.97,INR,Card,SBI,2026-08-03 05:18:00,success,,True,False
TXN_000914,CUST_01082,MER_0034,936.89,INR,Card,KOTAK,2026-08-19 08:22:00,failed,authentication_failure,True,False
TXN_000915,CUST_01275,MER_0017,4985.87,INR,UPI,ICICI,2026-08-05 07:37:00,success,,True,False
TXN_000916,CUST_00132,MER_0030,10548.05,INR,NetBanking,HDFC,2026-08-14 18:30:00,success,,True,False
TXN_000917,CUST_01229,MER_0027,1758.56,INR,Card,SBI,2026-07-06 08:16:00,failed,expired_card,False,True
TXN_000918,CUST_01233,MER_0028,15143.42,INR,UPI,AXIS,2026-07-02 11:23:00,success,,True,True
TXN_000919,CUST_01838,MER_0032,1489.04,INR,NetBanking,AXIS,2026-07-26 20:05:00,failed,network_error,True,False
TXN_000920,CUST_01530,MER_0006,542.39,INR,UPI,YES,2026-07-01 05:07:00,success,,True,False
TXN_000921,CUST_01088,MER_0045,4316.37,INR,Card,HDFC,2026-07-01 16:05:00,failed,authentication_failure,False,False
TXN_000922,CUST_00046,MER_0003,1811.92,INR,UPI,SBI,2026-07-22 03:24:00,failed,network_error,False,False
TXN_000923,CUST_01002,MER_0040,2830.31,INR,NetBanking,HDFC,2026-08-23 20:54:00,failed,bank_timeout,True,False
TXN_000924,CUST_01433,MER_0003,2915.6,INR,UPI,SBI,2026-08-12 05:33:00,success,,True,False
TXN_000925,CUST_01705,MER_0033,6789.23,INR,UPI,YES,2026-08-15 13:41:00,success,,True,False
TXN_000926,CUST_01817,MER_0020,1139.27,INR,Card,ICICI,2026-07-16 15:44:00,failed,authentication_failure,True,False
TXN_000927,CUST_00543,MER_0050,1315.37,INR,UPI,SBI,2026-08-07 08:09:00,success,,True,False
TXN_000928,CUST_00174,MER_0042,4741.71,INR,Card,YES,2026-08-05 20:03:00,success,,True,False
TXN_000929,CUST_01006,MER_0031,5015.65,INR,Card,SBI,2026-07-11 13:20:00,failed,authentication_failure,True,False
TXN_000930,CUST_01974,MER_0046,6290.49,INR,NetBanking,AXIS,2026-07-09 11:09:00,success,,True,False
TXN_000931,CUST_00028,MER_0021,951.05,INR,Wallet,KOTAK,2026-08-25 23:53:00,failed,insufficient_funds,True,False
TXN_000932,CUST_01427,MER_0033,8255.14,INR,Card,SBI,2026-07-13 06:09:00,success,,True,False
TXN_000933,CUST_01904,MER_0024,4396.21,INR,Card,KOTAK,2026-07-24 11:30:00,failed,expired_card,True,False
TXN_000934,CUST_00040,MER_0034,648.53,INR,Wallet,KOTAK,2026-08-09 06:42:00,success,,True,False
TXN_000935,CUST_01095,MER_0003,1604.3,INR,UPI,YES,2026-08-07 18:40:00,failed,authentication_failure,True,False
TXN_000936,CUST_01419,MER_0030,4346.75,INR,NetBanking,KOTAK,2026-08-06 07:52:00,success,,True,False
TXN_000937,CUST_01964,MER_0029,1053.51,INR,UPI,YES,2026-08-24 01:19:00,success,,True,False
TXN_000938,CUST_01524,MER_0017,4473.81,INR,UPI,HDFC,2026-08-03 07:49:00,failed,authentication_failure,True,False
TXN_000939,CUST_01459,MER_0035,4256.33,INR,Wallet,HDFC,2026-08-02 21:50:00,success,,True,False
TXN_000940,CUST_01308,MER_0004,3062.54,INR,UPI,KOTAK,2026-07-14 18:13:00,success,,True,False
TXN_000941,CUST_00151,MER_0016,1107.32,INR,Wallet,AXIS,2026-08-05 11:12:00,failed,bank_declined,True,False
TXN_000942,CUST_00951,MER_0048,6632.22,INR,Card,ICICI,2026-08-12 09:58:00,success,,True,False
TXN_000943,CUST_01524,MER_0028,4552.72,INR,UPI,ICICI,2026-07-24 03:19:00,success,,True,False
TXN_000944,CUST_01095,MER_0045,2365.59,INR,Card,HDFC,2026-07-05 05:18:00,success,,True,False
TXN_000945,CUST_01070,MER_0016,1747.03,INR,UPI,SBI,2026-07-12 03:52:00,success,,True,False
TXN_000946,CUST_00599,MER_0050,482.68,INR,NetBanking,KOTAK,2026-07-30 17:26:00,failed,bank_declined,True,True
TXN_000947,CUST_01623,MER_0047,11261.39,INR,UPI,KOTAK,2026-08-21 02:56:00,success,,True,True
TXN_000948,CUST_01417,MER_0011,876.24,INR,Card,YES,2026-08-04 06:37:00,success,,True,False
TXN_000949,CUST_01657,MER_0023,2840.07,INR,UPI,AXIS,2026-08-20 14:45:00,failed,network_error,True,False
TXN_000950,CUST_01264,MER_0048,894.32,INR,UPI,YES,2026-08-19 16:52:00,success,,True,False
TXN_000951,CUST_00468,MER_0042,2829.25,INR,UPI,HDFC,2026-07-03 15:27:00,failed,network_error,True,False
TXN_000952,CUST_00359,MER_0021,2465.13,INR,NetBanking,HDFC,2026-07-09 03:16:00,success,,True,False
TXN_000953,CUST_00284,MER_0038,24214.88,INR,UPI,AXIS,2026-08-05 18:49:00,success,,True,False
TXN_000954,CUST_01896,MER_0003,642.34,INR,Card,YES,2026-07-21 08:23:00,success,,True,False
TXN_000955,CUST_00282,MER_0003,5692.94,INR,NetBanking,HDFC,2026-07-20 22:41:00,success,,True,True
TXN_000956,CUST_00996,MER_0025,2125.49,INR,Wallet,SBI,2026-07-22 14:03:00,success,,True,False
TXN_000957,CUST_01310,MER_0005,4525.74,INR,UPI,YES,2026-07-20 13:53:00,failed,authentication_failure,True,False
TXN_000958,CUST_01800,MER_0050,1357.6,INR,UPI,HDFC,2026-07-12 19:40:00,failed,bank_declined,True,False
TXN_000959,CUST_00209,MER_0037,552.07,INR,NetBanking,KOTAK,2026-07-20 18:51:00,success,,True,True
TXN_000960,CUST_00819,MER_0049,3954.45,INR,Wallet,SBI,2026-08-26 14:20:00,failed,network_error,True,True
TXN_000961,CUST_01391,MER_0031,4068.09,INR,NetBanking,AXIS,2026-08-04 03:38:00,failed,network_error,True,False
TXN_000962,CUST_00081,MER_0007,3275.07,INR,Card,HDFC,2026-07-31 07:27:00,success,,True,True
TXN_000963,CUST_00576,MER_0044,2747.57,INR,Card,AXIS,2026-07-01 23:15:00,success,,True,False
TXN_000964,CUST_00876,MER_0047,1206.1,INR,Card,ICICI,2026-08-01 18:41:00,failed,insufficient_funds,True,False
TXN_000965,CUST_01365,MER_0038,6306.83,INR,UPI,ICICI,2026-08-09 04:15:00,success,,True,False
TXN_000966,CUST_00742,MER_0032,7700.71,INR,UPI,HDFC,2026-07-26 20:09:00,failed,bank_timeout,True,True
TXN_000967,CUST_01757,MER_0016,2532.09,INR,Card,YES,2026-07-05 23:20:00,success,,True,False
TXN_000968,CUST_01939,MER_0008,1183.59,INR,Card,YES,2026-07-14 03:46:00,success,,True,True
TXN_000969,CUST_00388,MER_0022,6236.69,INR,UPI,ICICI,2026-07-10 22:07:00,success,,True,False
TXN_000970,CUST_01513,MER_0027,4156.1,INR,UPI,KOTAK,2026-08-13 09:23:00,success,,True,False
TXN_000971,CUST_00411,MER_0010,11533.07,INR,UPI,SBI,2026-07-13 22:43:00,success,,True,False
TXN_000972,CUST_00817,MER_0032,1208.75,INR,Wallet,AXIS,2026-07-04 08:36:00,failed,network_error,True,False
TXN_000973,CUST_00038,MER_0019,2937.04,INR,UPI,SBI,2026-07-12 14:32:00,success,,True,False
TXN_000974,CUST_00428,MER_0034,4093.65,INR,UPI,AXIS,2026-07-23 10:20:00,success,,True,False
TXN_000975,CUST_01808,MER_0018,2053.84,INR,NetBanking,AXIS,2026-07-18 05:28:00,success,,True,False
TXN_000976,CUST_01585,MER_0002,1213.95,INR,Card,YES,2026-08-01 13:07:00,failed,network_error,True,False
TXN_000977,CUST_00186,MER_0018,4345.55,INR,NetBanking,KOTAK,2026-08-21 10:35:00,success,,True,True
TXN_000978,CUST_01709,MER_0007,1172.6,INR,UPI,SBI,2026-07-17 08:20:00,success,,True,False
TXN_000979,CUST_00935,MER_0040,7218.15,INR,Card,KOTAK,2026-07-12 21:25:00,success,,True,False
TXN_000980,CUST_00622,MER_0002,6223.94,INR,UPI,YES,2026-08-19 18:54:00,success,,True,False
TXN_000981,CUST_00568,MER_0013,2717.42,INR,UPI,YES,2026-07-20 14:30:00,failed,bank_declined,True,False
TXN_000982,CUST_01522,MER_0025,3801.86,INR,UPI,ICICI,2026-08-26 08:21:00,success,,True,False
TXN_000983,CUST_01241,MER_0031,1224.93,INR,Card,KOTAK,2026-07-22 16:49:00,failed,network_error,True,True
TXN_000984,CUST_00624,MER_0030,436.2,INR,UPI,YES,2026-07-05 03:30:00,success,,True,False
TXN_000985,CUST_00768,MER_0046,4920.5,INR,UPI,YES,2026-07-14 07:27:00,success,,True,True
TXN_000986,CUST_01636,MER_0038,699.81,INR,UPI,SBI,2026-08-11 20:05:00,success,,True,False
TXN_000987,CUST_00162,MER_0022,8125.28,INR,Wallet,KOTAK,2026-07-08 03:11:00,success,,True,False
TXN_000988,CUST_00640,MER_0048,1874.14,INR,Card,ICICI,2026-07-03 16:14:00,success,,True,False
TXN_000989,CUST_00718,MER_0049,2060.42,INR,Card,HDFC,2026-08-23 16:42:00,success,,True,False
TXN_000990,CUST_01641,MER_0022,1477.07,INR,UPI,KOTAK,2026-08-07 07:49:00,success,,True,False
TXN_000991,CUST_00935,MER_0045,1938.3,INR,UPI,SBI,2026-08-18 15:26:00,success,,True,True
TXN_000992,CUST_00120,MER_0007,7591.81,INR,Wallet,KOTAK,2026-07-02 22:46:00,failed,bank_timeout,True,False
TXN_000993,CUST_00960,MER_0029,6778.91,INR,UPI,ICICI,2026-07-03 04:01:00,success,,True,False
TXN_000994,CUST_00124,MER_0041,3198.44,INR,Card,SBI,2026-08-23 23:26:00,success,,True,False
TXN_000995,CUST_00420,MER_0011,929.25,INR,UPI,HDFC,2026-07-11 12:47:00,failed,bank_timeout,True,False
TXN_000996,CUST_01593,MER_0028,9331.16,INR,UPI,ICICI,2026-07-18 17:45:00,success,,True,False
TXN_000997,CUST_01047,MER_0038,1145.5,INR,NetBanking,KOTAK,2026-07-22 15:27:00,failed,authentication_failure,True,False
TXN_000998,CUST_00277,MER_0047,6062.34,INR,Card,HDFC,2026-07-13 13:51:00,failed,bank_declined,True,True
TXN_000999,CUST_00652,MER_0048,1152.47,INR,Card,HDFC,2026-08-05 16:21:00,success,,True,False
TXN_001000,CUST_00266,MER_0048,2902.42,INR,NetBanking,HDFC,2026-08-03 06:08:00,success,,True,False
TXN_001001,CUST_01074,MER_0016,1074.27,INR,NetBanking,KOTAK,2026-08-24 20:42:00,success,,True,True
TXN_001002,CUST_01733,MER_0036,5887.91,INR,UPI,KOTAK,2026-08-04 03:11:00,failed,bank_timeout,True,True
TXN_001003,CUST_00415,MER_0041,3735.38,INR,UPI,ICICI,2026-08-09 15:05:00,failed,bank_declined,True,False
TXN_001004,CUST_00812,MER_0002,9986.11,INR,UPI,HDFC,2026-08-19 00:55:00,success,,True,False
TXN_001005,CUST_00011,MER_0047,2439.99,INR,UPI,SBI,2026-07-11 21:44:00,success,,True,True
TXN_001006,CUST_01814,MER_0031,948.14,INR,Wallet,HDFC,2026-07-29 18:23:00,success,,True,True
TXN_001007,CUST_01012,MER_0048,3496.71,INR,Wallet,HDFC,2026-08-16 05:06:00,success,,True,False
TXN_001008,CUST_00657,MER_0008,12949.83,INR,Card,KOTAK,2026-08-11 09:53:00,success,,True,False
TXN_001009,CUST_00222,MER_0035,1083.76,INR,NetBanking,KOTAK,2026-08-12 19:40:00,success,,True,False
TXN_001010,CUST_00572,MER_0050,1827.73,INR,UPI,ICICI,2026-08-22 09:51:00,success,,True,False
TXN_001011,CUST_01196,MER_0025,3405.53,INR,UPI,KOTAK,2026-07-28 15:57:00,failed,network_error,True,False
TXN_001012,CUST_01079,MER_0034,1112.27,INR,UPI,AXIS,2026-08-06 04:11:00,failed,bank_timeout,True,False
TXN_001013,CUST_00622,MER_0037,15615.71,INR,UPI,HDFC,2026-08-05 01:20:00,success,,True,True
TXN_001014,CUST_01115,MER_0016,2855.22,INR,UPI,KOTAK,2026-08-05 15:42:00,success,,True,False
TXN_001015,CUST_01575,MER_0050,1184.11,INR,Card,YES,2026-08-24 17:56:00,failed,authentication_failure,True,True
TXN_001016,CUST_01206,MER_0036,3000.04,INR,NetBanking,YES,2026-07-01 08:55:00,success,,True,False
TXN_001017,CUST_00867,MER_0042,5902.33,INR,UPI,AXIS,2026-08-01 08:29:00,success,,True,False
TXN_001018,CUST_01799,MER_0013,3569.33,INR,Card,HDFC,2026-07-26 09:08:00,failed,bank_declined,True,False
TXN_001019,CUST_00927,MER_0043,1523.22,INR,Card,SBI,2026-07-27 10:09:00,failed,insufficient_funds,True,False
TXN_001020,CUST_00223,MER_0020,4759.04,INR,Wallet,SBI,2026-07-06 15:46:00,success,,True,False
TXN_001021,CUST_00469,MER_0041,5069.6,INR,UPI,SBI,2026-08-18 12:45:00,success,,True,False
TXN_001022,CUST_00385,MER_0012,708.69,INR,UPI,ICICI,2026-08-16 23:03:00,success,,True,False
TXN_001023,CUST_01853,MER_0019,8706.9,INR,UPI,YES,2026-07-02 22:49:00,failed,network_error,True,False
TXN_001024,CUST_01716,MER_0015,7477.66,INR,Card,SBI,2026-07-16 18:58:00,success,,True,False
TXN_001025,CUST_01951,MER_0018,834.05,INR,UPI,ICICI,2026-07-30 20:49:00,success,,True,True
TXN_001026,CUST_01062,MER_0022,818.39,INR,UPI,YES,2026-08-10 01:57:00,success,,True,False
TXN_001027,CUST_00272,MER_0014,2166.41,INR,UPI,SBI,2026-07-13 17:57:00,failed,bank_timeout,True,False
TXN_001028,CUST_01236,MER_0034,10271.09,INR,UPI,HDFC,2026-08-04 01:38:00,success,,True,True
TXN_001029,CUST_01058,MER_0006,4293.52,INR,Card,ICICI,2026-08-01 07:23:00,failed,bank_declined,False,True
TXN_001030,CUST_01986,MER_0049,1073.74,INR,Card,KOTAK,2026-08-01 11:10:00,success,,True,True
TXN_001031,CUST_00622,MER_0027,6528.94,INR,Card,YES,2026-08-25 17:54:00,success,,True,True
TXN_001032,CUST_00899,MER_0014,1128.04,INR,NetBanking,HDFC,2026-08-07 03:38:00,success,,True,False
TXN_001033,CUST_01034,MER_0009,8980.18,INR,NetBanking,KOTAK,2026-07-01 08:20:00,success,,True,False
TXN_001034,CUST_00893,MER_0045,1943.98,INR,UPI,YES,2026-07-19 20:20:00,failed,bank_declined,True,True
TXN_001035,CUST_00499,MER_0004,4201.28,INR,UPI,KOTAK,2026-07-05 04:12:00,success,,True,False
TXN_001036,CUST_01865,MER_0019,2187.26,INR,UPI,SBI,2026-07-15 07:53:00,success,,True,False
TXN_001037,CUST_01997,MER_0002,1610.79,INR,Card,AXIS,2026-07-13 05:49:00,success,,True,True
TXN_001038,CUST_00221,MER_0039,1858.03,INR,Card,ICICI,2026-07-05 08:11:00,success,,True,False
TXN_001039,CUST_01214,MER_0005,3438.03,INR,UPI,HDFC,2026-08-14 10:02:00,failed,network_error,False,True
TXN_001040,CUST_01346,MER_0028,1517.7,INR,Wallet,YES,2026-07-03 17:43:00,success,,True,True
TXN_001041,CUST_01724,MER_0028,2137.72,INR,Card,HDFC,2026-07-03 06:35:00,success,,True,True
TXN_001042,CUST_02000,MER_0014,2598.95,INR,UPI,AXIS,2026-08-26 20:44:00,failed,authentication_failure,True,True
TXN_001043,CUST_01222,MER_0014,3521.12,INR,UPI,SBI,2026-07-23 01:46:00,success,,True,False
TXN_001044,CUST_00465,MER_0028,1114.57,INR,Card,AXIS,2026-08-10 16:33:00,success,,True,False
TXN_001045,CUST_01180,MER_0010,970.04,INR,Card,KOTAK,2026-08-23 09:00:00,failed,network_error,True,False
TXN_001046,CUST_01294,MER_0013,581.08,INR,UPI,ICICI,2026-07-31 22:46:00,success,,True,False
TXN_001047,CUST_00090,MER_0009,825.21,INR,UPI,ICICI,2026-07-15 22:01:00,success,,True,False
TXN_001048,CUST_01363,MER_0007,1384.07,INR,Card,AXIS,2026-08-14 23:41:00,failed,bank_declined,True,False
TXN_001049,CUST_01757,MER_0002,1602.46,INR,Card,AXIS,2026-07-17 19:53:00,success,,True,False
TXN_001050,CUST_00118,MER_0046,2813.54,INR,Card,YES,2026-07-27 21:18:00,success,,True,False
TXN_001051,CUST_00614,MER_0043,3362.32,INR,UPI,KOTAK,2026-08-11 20:38:00,success,,True,False
TXN_001052,CUST_01645,MER_0044,2710.4,INR,Card,AXIS,2026-07-06 17:49:00,failed,expired_card,True,False
TXN_001053,CUST_01803,MER_0020,938.01,INR,Card,ICICI,2026-07-12 06:29:00,failed,bank_declined,True,False
TXN_001054,CUST_00978,MER_0004,10360.52,INR,UPI,YES,2026-07-02 19:02:00,success,,True,False
TXN_001055,CUST_01360,MER_0030,635.16,INR,Card,HDFC,2026-08-11 15:05:00,failed,insufficient_funds,True,False
TXN_001056,CUST_00145,MER_0024,1951.11,INR,Card,KOTAK,2026-07-09 22:26:00,success,,True,False
TXN_001057,CUST_01862,MER_0019,1128.19,INR,NetBanking,SBI,2026-07-27 22:39:00,failed,bank_timeout,True,False
TXN_001058,CUST_01554,MER_0044,1362.92,INR,UPI,YES,2026-07-18 03:11:00,success,,True,False
TXN_001059,CUST_01597,MER_0023,13794.77,INR,UPI,HDFC,2026-08-23 07:23:00,failed,network_error,True,False
TXN_001060,CUST_01039,MER_0022,2893.03,INR,Wallet,HDFC,2026-07-17 06:33:00,success,,True,False
TXN_001061,CUST_01323,MER_0016,5550.2,INR,Card,SBI,2026-08-24 17:22:00,failed,network_error,False,False
TXN_001062,CUST_01977,MER_0033,1554.4,INR,UPI,AXIS,2026-08-26 13:17:00,failed,bank_timeout,True,False
TXN_001063,CUST_01621,MER_0040,2598.04,INR,UPI,HDFC,2026-07-04 02:15:00,success,,True,True
TXN_001064,CUST_00694,MER_0018,4862.5,INR,UPI,YES,2026-08-08 02:29:00,success,,True,False
TXN_001065,CUST_00365,MER_0027,2727.79,INR,Card,YES,2026-08-03 06:41:00,success,,True,False
TXN_001066,CUST_01276,MER_0027,691.18,INR,Card,HDFC,2026-08-16 12:34:00,failed,insufficient_funds,True,False
TXN_001067,CUST_00079,MER_0009,2300.36,INR,Card,AXIS,2026-08-12 04:26:00,success,,True,False
TXN_001068,CUST_01213,MER_0006,2297.25,INR,Card,AXIS,2026-08-16 21:20:00,success,,True,False
TXN_001069,CUST_00939,MER_0004,11825.74,INR,Wallet,KOTAK,2026-08-14 20:32:00,failed,bank_declined,True,False
TXN_001070,CUST_00518,MER_0013,3657.27,INR,UPI,HDFC,2026-07-09 10:43:00,success,,True,False
TXN_001071,CUST_00314,MER_0023,8032.82,INR,NetBanking,AXIS,2026-07-07 15:56:00,success,,True,True
TXN_001072,CUST_00999,MER_0014,15020.33,INR,NetBanking,ICICI,2026-08-13 03:28:00,failed,bank_timeout,True,False
TXN_001073,CUST_00065,MER_0009,3616.07,INR,UPI,KOTAK,2026-08-06 11:46:00,success,,True,True
TXN_001074,CUST_01902,MER_0005,3849.92,INR,NetBanking,KOTAK,2026-07-19 10:28:00,failed,bank_timeout,False,False
TXN_001075,CUST_01366,MER_0007,2255.04,INR,UPI,SBI,2026-07-04 08:04:00,success,,True,False
TXN_001076,CUST_00540,MER_0007,3459.16,INR,UPI,KOTAK,2026-07-07 04:50:00,success,,True,False
TXN_001077,CUST_00326,MER_0043,321.89,INR,Card,ICICI,2026-07-05 00:28:00,success,,True,False
TXN_001078,CUST_00506,MER_0032,4211.84,INR,NetBanking,KOTAK,2026-08-04 06:13:00,failed,bank_timeout,True,False
TXN_001079,CUST_01622,MER_0047,2042.68,INR,Card,AXIS,2026-07-15 14:32:00,success,,True,False
TXN_001080,CUST_01188,MER_0035,12550.17,INR,UPI,HDFC,2026-08-24 17:35:00,failed,bank_declined,True,True
TXN_001081,CUST_00025,MER_0032,1767.89,INR,Card,KOTAK,2026-08-04 21:43:00,success,,True,False
TXN_001082,CUST_01522,MER_0030,12006.97,INR,UPI,HDFC,2026-07-26 16:56:00,failed,network_error,True,True
TXN_001083,CUST_01470,MER_0011,1571.69,INR,UPI,YES,2026-07-23 11:11:00,success,,True,True
TXN_001084,CUST_01285,MER_0044,2169.78,INR,NetBanking,SBI,2026-07-01 11:26:00,success,,True,False
TXN_001085,CUST_00046,MER_0044,4781.87,INR,UPI,KOTAK,2026-07-10 02:29:00,success,,True,False
TXN_001086,CUST_01695,MER_0005,2882.01,INR,Wallet,ICICI,2026-07-21 19:22:00,success,,True,False
TXN_001087,CUST_01266,MER_0003,867.75,INR,Card,KOTAK,2026-08-19 23:16:00,failed,insufficient_funds,True,False
TXN_001088,CUST_01661,MER_0022,1501.34,INR,Card,KOTAK,2026-08-14 07:50:00,success,,True,False
TXN_001089,CUST_01920,MER_0039,2294.39,INR,Card,SBI,2026-08-02 09:57:00,success,,True,False
TXN_001090,CUST_01316,MER_0022,3431.23,INR,NetBanking,KOTAK,2026-08-02 18:53:00,success,,True,False
TXN_001091,CUST_01293,MER_0023,3410.33,INR,UPI,KOTAK,2026-08-02 15:37:00,success,,True,False
TXN_001092,CUST_00809,MER_0045,589.45,INR,Card,HDFC,2026-07-23 06:06:00,failed,expired_card,True,False
TXN_001093,CUST_01054,MER_0018,2987.09,INR,UPI,HDFC,2026-08-09 02:10:00,success,,True,False
TXN_001094,CUST_00421,MER_0032,7388.1,INR,Card,AXIS,2026-07-25 18:29:00,failed,bank_declined,False,False
TXN_001095,CUST_01906,MER_0048,5890.28,INR,UPI,YES,2026-08-04 10:51:00,success,,True,True
TXN_001096,CUST_01443,MER_0012,3544.8,INR,Card,ICICI,2026-07-24 01:46:00,success,,True,False
TXN_001097,CUST_01930,MER_0024,7165.12,INR,Card,AXIS,2026-07-25 21:08:00,success,,True,False
TXN_001098,CUST_01472,MER_0002,3706.34,INR,Card,ICICI,2026-07-18 18:29:00,failed,bank_declined,False,False
TXN_001099,CUST_01231,MER_0013,15032.17,INR,UPI,KOTAK,2026-07-19 06:20:00,success,,True,False
TXN_001100,CUST_01798,MER_0044,4970.27,INR,Card,KOTAK,2026-08-24 09:11:00,success,,True,False
TXN_001101,CUST_01762,MER_0013,3862.21,INR,Card,KOTAK,2026-07-07 11:36:00,success,,True,False
TXN_001102,CUST_01510,MER_0044,879.15,INR,NetBanking,ICICI,2026-08-04 11:31:00,success,,True,False
TXN_001103,CUST_00019,MER_0022,870.75,INR,UPI,KOTAK,2026-07-11 13:46:00,success,,True,False
TXN_001104,CUST_01179,MER_0015,3084.58,INR,UPI,KOTAK,2026-08-20 23:25:00,success,,True,False
TXN_001105,CUST_00089,MER_0033,2741.93,INR,UPI,YES,2026-07-26 12:36:00,success,,True,False
TXN_001106,CUST_00433,MER_0034,1493.24,INR,UPI,AXIS,2026-08-24 19:04:00,success,,True,False
TXN_001107,CUST_00334,MER_0032,2731.99,INR,Card,SBI,2026-08-22 08:55:00,failed,authentication_failure,True,True
TXN_001108,CUST_01279,MER_0031,4257.01,INR,Card,ICICI,2026-07-04 06:47:00,success,,True,False
TXN_001109,CUST_00146,MER_0016,979.65,INR,UPI,HDFC,2026-07-06 12:25:00,failed,bank_timeout,True,False
TXN_001110,CUST_01427,MER_0040,1281.81,INR,NetBanking,AXIS,2026-07-31 17:54:00,failed,bank_declined,True,False
TXN_001111,CUST_00492,MER_0045,1753.04,INR,NetBanking,HDFC,2026-07-19 02:58:00,failed,network_error,True,False
TXN_001112,CUST_00658,MER_0009,894.17,INR,Card,HDFC,2026-07-18 12:19:00,failed,bank_declined,True,False
TXN_001113,CUST_00050,MER_0050,1558.55,INR,UPI,HDFC,2026-07-21 19:55:00,success,,True,False
TXN_001114,CUST_01718,MER_0035,234.26,INR,UPI,SBI,2026-08-25 05:43:00,failed,bank_declined,True,False
TXN_001115,CUST_01775,MER_0024,5831.42,INR,Card,SBI,2026-08-20 20:56:00,failed,expired_card,True,False
TXN_001116,CUST_00147,MER_0009,2477.62,INR,Wallet,HDFC,2026-08-26 01:20:00,failed,insufficient_funds,True,False
TXN_001117,CUST_00905,MER_0042,9476.58,INR,NetBanking,HDFC,2026-08-21 11:07:00,success,,True,True
TXN_001118,CUST_01314,MER_0021,11134.8,INR,UPI,HDFC,2026-08-03 06:57:00,success,,True,False
TXN_001119,CUST_01132,MER_0012,2766.55,INR,Card,SBI,2026-07-20 09:42:00,success,,True,False
TXN_001120,CUST_00816,MER_0025,5534.88,INR,Card,YES,2026-08-01 04:55:00,success,,True,False
TXN_001121,CUST_00736,MER_0015,2808.0,INR,UPI,YES,2026-08-20 15:03:00,success,,True,False
TXN_001122,CUST_01007,MER_0010,837.67,INR,Card,ICICI,2026-07-24 17:35:00,success,,True,False
TXN_001123,CUST_01125,MER_0024,1755.56,INR,UPI,HDFC,2026-08-03 07:27:00,success,,True,True
TXN_001124,CUST_01014,MER_0007,2712.27,INR,Card,ICICI,2026-08-23 02:08:00,failed,bank_declined,False,False
TXN_001125,CUST_00915,MER_0006,2048.94,INR,Card,AXIS,2026-07-17 16:42:00,failed,bank_declined,True,True
TXN_001126,CUST_00332,MER_0043,2287.69,INR,UPI,ICICI,2026-07-23 16:23:00,success,,True,False
TXN_001127,CUST_00664,MER_0036,2544.8,INR,Card,AXIS,2026-07-09 12:56:00,failed,expired_card,True,True
TXN_001128,CUST_00980,MER_0036,1375.24,INR,UPI,HDFC,2026-07-26 01:48:00,success,,True,True
TXN_001129,CUST_01818,MER_0008,873.35,INR,Card,ICICI,2026-07-05 15:36:00,success,,True,True
TXN_001130,CUST_01799,MER_0046,5336.11,INR,Card,KOTAK,2026-08-11 19:53:00,success,,True,False
TXN_001131,CUST_00614,MER_0002,452.81,INR,UPI,ICICI,2026-07-10 19:40:00,success,,True,False
TXN_001132,CUST_00126,MER_0048,6141.79,INR,UPI,ICICI,2026-07-07 14:34:00,success,,True,False
TXN_001133,CUST_01728,MER_0005,7398.85,INR,Card,ICICI,2026-08-05 18:47:00,failed,network_error,True,False
TXN_001134,CUST_01763,MER_0018,304.14,INR,UPI,AXIS,2026-08-16 22:00:00,success,,True,False
TXN_001135,CUST_00756,MER_0015,1827.95,INR,UPI,AXIS,2026-07-19 08:26:00,success,,True,False
TXN_001136,CUST_00709,MER_0017,2318.45,INR,Card,AXIS,2026-08-09 03:58:00,failed,insufficient_funds,True,False
TXN_001137,CUST_01277,MER_0004,1616.19,INR,UPI,YES,2026-08-08 15:59:00,success,,True,False
TXN_001138,CUST_00655,MER_0008,8301.21,INR,UPI,YES,2026-08-22 11:09:00,failed,authentication_failure,False,False
TXN_001139,CUST_00876,MER_0047,1164.85,INR,Card,HDFC,2026-08-05 06:25:00,failed,network_error,True,False
TXN_001140,CUST_01635,MER_0037,1878.8,INR,UPI,YES,2026-07-14 23:39:00,success,,True,False
TXN_001141,CUST_00335,MER_0043,2057.47,INR,Card,ICICI,2026-07-16 21:45:00,success,,True,False
TXN_001142,CUST_00053,MER_0049,3629.9,INR,Card,HDFC,2026-07-13 00:35:00,failed,insufficient_funds,False,False
TXN_001143,CUST_00247,MER_0011,3674.6,INR,Wallet,YES,2026-08-06 03:11:00,failed,bank_timeout,True,False
TXN_001144,CUST_00641,MER_0018,4686.31,INR,Card,YES,2026-08-02 06:34:00,failed,bank_declined,False,False
TXN_001145,CUST_01130,MER_0041,2107.97,INR,UPI,ICICI,2026-07-08 07:04:00,failed,authentication_failure,False,False
TXN_001146,CUST_00698,MER_0048,6276.15,INR,Card,HDFC,2026-07-08 13:03:00,success,,True,True
TXN_001147,CUST_00204,MER_0003,1477.56,INR,UPI,YES,2026-07-03 15:14:00,failed,bank_timeout,True,False
TXN_001148,CUST_00218,MER_0047,2542.64,INR,UPI,SBI,2026-08-06 06:34:00,success,,True,False
TXN_001149,CUST_01215,MER_0001,1633.65,INR,Card,AXIS,2026-08-11 22:42:00,success,,True,False
TXN_001150,CUST_00253,MER_0010,814.05,INR,Card,SBI,2026-07-12 03:25:00,failed,authentication_failure,True,False
TXN_001151,CUST_00667,MER_0043,2324.35,INR,UPI,ICICI,2026-07-10 20:21:00,failed,bank_timeout,True,False
TXN_001152,CUST_01134,MER_0048,1592.59,INR,Card,HDFC,2026-08-21 07:19:00,success,,True,False
TXN_001153,CUST_00818,MER_0009,6481.17,INR,Card,KOTAK,2026-08-01 00:34:00,success,,True,False
TXN_001154,CUST_00563,MER_0008,1210.25,INR,UPI,ICICI,2026-07-28 12:15:00,success,,True,False
TXN_001155,CUST_00740,MER_0020,9601.09,INR,Card,ICICI,2026-07-14 00:55:00,failed,authentication_failure,True,True
TXN_001156,CUST_01150,MER_0040,3455.82,INR,UPI,ICICI,2026-08-05 16:53:00,failed,bank_timeout,True,False
TXN_001157,CUST_00056,MER_0009,1291.49,INR,NetBanking,KOTAK,2026-08-11 03:39:00,success,,True,False
TXN_001158,CUST_00571,MER_0011,3427.26,INR,NetBanking,YES,2026-08-10 21:54:00,failed,bank_declined,False,True
TXN_001159,CUST_00353,MER_0032,414.28,INR,Card,YES,2026-07-29 12:34:00,success,,True,False
TXN_001160,CUST_00420,MER_0005,3648.95,INR,UPI,KOTAK,2026-08-13 11:52:00,success,,True,False
TXN_001161,CUST_00009,MER_0016,332.08,INR,UPI,HDFC,2026-07-09 08:34:00,success,,True,True
TXN_001162,CUST_01790,MER_0036,1127.17,INR,UPI,HDFC,2026-08-21 17:33:00,failed,bank_timeout,True,False
TXN_001163,CUST_01753,MER_0006,1532.38,INR,UPI,AXIS,2026-08-03 01:27:00,success,,True,False
TXN_001164,CUST_00025,MER_0047,954.22,INR,Card,AXIS,2026-07-07 05:03:00,success,,True,False
TXN_001165,CUST_01358,MER_0022,2083.18,INR,Card,AXIS,2026-07-06 06:40:00,success,,True,False
TXN_001166,CUST_01078,MER_0016,12763.25,INR,UPI,YES,2026-07-15 11:20:00,failed,bank_timeout,False,False
TXN_001167,CUST_01178,MER_0008,1052.53,INR,Card,HDFC,2026-07-02 19:17:00,success,,True,False
TXN_001168,CUST_00781,MER_0034,8086.45,INR,Card,AXIS,2026-07-28 14:39:00,success,,True,False
TXN_001169,CUST_00995,MER_0008,10787.7,INR,Card,SBI,2026-07-13 22:54:00,success,,True,False
TXN_001170,CUST_00031,MER_0026,2246.78,INR,UPI,AXIS,2026-07-17 14:55:00,success,,True,False
TXN_001171,CUST_01208,MER_0006,905.75,INR,UPI,HDFC,2026-08-03 08:12:00,success,,True,False
TXN_001172,CUST_00005,MER_0002,13051.71,INR,UPI,SBI,2026-07-26 14:09:00,success,,True,False
TXN_001173,CUST_01076,MER_0041,8739.03,INR,Card,HDFC,2026-08-20 03:58:00,failed,expired_card,True,True
TXN_001174,CUST_01506,MER_0050,1274.21,INR,Wallet,HDFC,2026-08-22 19:12:00,success,,True,False
TXN_001175,CUST_00428,MER_0045,2346.73,INR,UPI,HDFC,2026-07-21 08:30:00,success,,True,False
TXN_001176,CUST_00452,MER_0012,2146.75,INR,UPI,KOTAK,2026-08-08 17:07:00,failed,network_error,True,False
TXN_001177,CUST_01585,MER_0041,7791.6,INR,UPI,HDFC,2026-07-13 15:48:00,success,,True,False
TXN_001178,CUST_00237,MER_0027,4932.17,INR,UPI,KOTAK,2026-08-17 09:59:00,failed,authentication_failure,False,True
TXN_001179,CUST_01880,MER_0016,7340.76,INR,UPI,ICICI,2026-08-18 11:00:00,success,,True,False
TXN_001180,CUST_01339,MER_0033,3135.38,INR,Card,KOTAK,2026-07-19 19:53:00,success,,True,True
TXN_001181,CUST_00344,MER_0029,4228.71,INR,NetBanking,HDFC,2026-08-15 09:00:00,failed,network_error,False,False
TXN_001182,CUST_01838,MER_0011,1002.98,INR,UPI,AXIS,2026-07-04 05:24:00,success,,True,False
TXN_001183,CUST_01883,MER_0043,2371.65,INR,Card,HDFC,2026-08-24 18:37:00,success,,True,False
TXN_001184,CUST_00262,MER_0024,1595.33,INR,Card,KOTAK,2026-08-06 17:30:00,success,,True,False
TXN_001185,CUST_00227,MER_0038,696.25,INR,UPI,ICICI,2026-07-08 02:51:00,success,,True,False
TXN_001186,CUST_01741,MER_0035,3220.75,INR,Card,KOTAK,2026-07-19 22:34:00,success,,True,False
TXN_001187,CUST_00077,MER_0005,18201.24,INR,Wallet,AXIS,2026-07-17 10:22:00,success,,True,True
TXN_001188,CUST_00123,MER_0029,560.0,INR,Wallet,SBI,2026-08-03 17:30:00,success,,True,False
TXN_001189,CUST_01406,MER_0033,2378.38,INR,UPI,HDFC,2026-08-04 05:53:00,failed,bank_timeout,True,False
TXN_001190,CUST_01700,MER_0013,2693.14,INR,UPI,HDFC,2026-07-20 20:19:00,success,,True,False
TXN_001191,CUST_01301,MER_0006,2229.42,INR,Wallet,KOTAK,2026-08-01 23:01:00,success,,True,False
TXN_001192,CUST_00052,MER_0039,863.18,INR,Card,KOTAK,2026-08-02 05:08:00,success,,True,False
TXN_001193,CUST_01150,MER_0043,2940.19,INR,Wallet,AXIS,2026-08-12 21:41:00,failed,bank_timeout,True,False
TXN_001194,CUST_00250,MER_0036,423.29,INR,Card,ICICI,2026-08-01 09:41:00,success,,True,False
TXN_001195,CUST_01422,MER_0036,6346.6,INR,UPI,YES,2026-07-25 12:05:00,failed,authentication_failure,True,False
TXN_001196,CUST_00108,MER_0039,2543.58,INR,Wallet,YES,2026-08-10 09:39:00,success,,True,False
TXN_001197,CUST_01129,MER_0016,2931.47,INR,Card,KOTAK,2026-07-28 00:52:00,failed,expired_card,True,False
TXN_001198,CUST_01119,MER_0023,2920.39,INR,Card,ICICI,2026-08-22 21:30:00,success,,True,False
TXN_001199,CUST_01049,MER_0001,5030.2,INR,Card,KOTAK,2026-08-20 07:34:00,failed,insufficient_funds,True,False
TXN_001200,CUST_00535,MER_0031,6971.51,INR,UPI,KOTAK,2026-07-29 20:32:00,success,,True,False
TXN_001201,CUST_00093,MER_0005,3154.64,INR,UPI,HDFC,2026-07-14 03:51:00,success,,True,False
TXN_001202,CUST_01924,MER_0016,2850.48,INR,UPI,KOTAK,2026-08-10 05:34:00,success,,True,False
TXN_001203,CUST_01084,MER_0027,883.55,INR,UPI,ICICI,2026-07-31 13:54:00,success,,True,False
TXN_001204,CUST_01399,MER_0003,3070.4,INR,NetBanking,SBI,2026-08-05 17:26:00,failed,bank_timeout,True,True
TXN_001205,CUST_01976,MER_0017,1464.65,INR,UPI,HDFC,2026-07-28 10:51:00,success,,True,False
TXN_001206,CUST_00985,MER_0019,1271.18,INR,UPI,KOTAK,2026-07-27 13:43:00,success,,True,False
TXN_001207,CUST_00918,MER_0031,1040.04,INR,NetBanking,YES,2026-07-05 17:36:00,failed,bank_timeout,True,False
TXN_001208,CUST_00579,MER_0001,7080.3,INR,NetBanking,AXIS,2026-08-23 18:48:00,failed,bank_timeout,True,False
TXN_001209,CUST_00570,MER_0025,917.53,INR,Wallet,KOTAK,2026-07-28 21:02:00,success,,True,False
TXN_001210,CUST_00189,MER_0016,2583.77,INR,Card,KOTAK,2026-07-26 23:46:00,success,,True,False
TXN_001211,CUST_01902,MER_0033,867.13,INR,UPI,SBI,2026-08-14 03:04:00,success,,True,False
TXN_001212,CUST_00510,MER_0043,1398.9,INR,UPI,HDFC,2026-08-09 04:36:00,success,,True,False
TXN_001213,CUST_00491,MER_0044,1170.87,INR,Card,SBI,2026-07-16 23:47:00,success,,True,False
TXN_001214,CUST_01108,MER_0023,6579.19,INR,UPI,AXIS,2026-07-06 14:25:00,success,,True,True
TXN_001215,CUST_00683,MER_0039,1777.59,INR,Card,KOTAK,2026-08-21 13:28:00,failed,insufficient_funds,True,False
TXN_001216,CUST_00786,MER_0004,3957.22,INR,UPI,HDFC,2026-07-04 00:50:00,success,,True,False
TXN_001217,CUST_00218,MER_0009,15412.14,INR,UPI,KOTAK,2026-07-17 06:06:00,failed,authentication_failure,False,False
TXN_001218,CUST_01450,MER_0032,6683.43,INR,UPI,SBI,2026-08-20 14:52:00,failed,bank_timeout,True,False
TXN_001219,CUST_00240,MER_0002,1120.24,INR,Card,SBI,2026-08-19 10:53:00,success,,True,True
TXN_001220,CUST_01133,MER_0039,5462.74,INR,UPI,ICICI,2026-07-16 12:36:00,failed,network_error,True,True
TXN_001221,CUST_00631,MER_0007,2034.53,INR,UPI,SBI,2026-08-08 20:45:00,success,,True,False
TXN_001222,CUST_01390,MER_0045,1262.5,INR,Wallet,AXIS,2026-07-11 06:22:00,failed,bank_timeout,True,False
TXN_001223,CUST_00381,MER_0026,12579.83,INR,UPI,SBI,2026-08-09 02:17:00,success,,True,True
TXN_001224,CUST_00589,MER_0018,2441.94,INR,Card,HDFC,2026-07-06 12:42:00,success,,True,False
TXN_001225,CUST_00083,MER_0017,4562.86,INR,Card,KOTAK,2026-08-10 13:15:00,success,,True,True
TXN_001226,CUST_01169,MER_0035,1296.31,INR,UPI,AXIS,2026-08-07 17:37:00,success,,True,False
TXN_001227,CUST_00157,MER_0036,1307.82,INR,UPI,HDFC,2026-07-12 19:43:00,success,,True,False
TXN_001228,CUST_00318,MER_0001,5799.85,INR,Wallet,SBI,2026-07-29 04:36:00,success,,True,False
TXN_001229,CUST_01295,MER_0011,829.1,INR,Card,AXIS,2026-07-05 05:01:00,success,,True,False
TXN_001230,CUST_01718,MER_0014,1750.8,INR,Card,ICICI,2026-08-17 16:20:00,success,,True,False
TXN_001231,CUST_00158,MER_0038,2507.95,INR,Card,KOTAK,2026-07-04 15:44:00,success,,True,False
TXN_001232,CUST_01164,MER_0011,2668.04,INR,UPI,SBI,2026-08-02 05:58:00,success,,True,True
TXN_001233,CUST_01859,MER_0045,2114.82,INR,Card,KOTAK,2026-07-21 08:38:00,success,,True,False
TXN_001234,CUST_01139,MER_0018,3349.8,INR,UPI,YES,2026-07-28 08:41:00,success,,True,False
TXN_001235,CUST_00582,MER_0030,4248.34,INR,UPI,ICICI,2026-08-25 06:43:00,success,,True,True
TXN_001236,CUST_00605,MER_0013,4392.75,INR,UPI,YES,2026-07-29 09:44:00,success,,True,False
TXN_001237,CUST_01408,MER_0047,1109.16,INR,Wallet,YES,2026-08-09 02:53:00,success,,True,False
TXN_001238,CUST_01770,MER_0049,1944.34,INR,UPI,YES,2026-07-19 22:01:00,success,,True,False
TXN_001239,CUST_01529,MER_0011,6347.46,INR,UPI,KOTAK,2026-08-04 12:57:00,success,,True,False
TXN_001240,CUST_00189,MER_0031,4992.63,INR,UPI,HDFC,2026-08-11 18:31:00,failed,bank_declined,True,False
TXN_001241,CUST_00171,MER_0003,3233.06,INR,UPI,ICICI,2026-07-21 18:36:00,success,,True,True
TXN_001242,CUST_01704,MER_0015,501.41,INR,UPI,ICICI,2026-08-26 10:25:00,failed,authentication_failure,False,False
TXN_001243,CUST_00397,MER_0019,11139.07,INR,Card,HDFC,2026-08-23 14:30:00,success,,True,True
TXN_001244,CUST_01763,MER_0017,1143.31,INR,NetBanking,SBI,2026-07-17 08:56:00,success,,True,False
TXN_001245,CUST_00946,MER_0035,1252.06,INR,NetBanking,YES,2026-07-05 16:13:00,success,,True,False
TXN_001246,CUST_01039,MER_0036,4497.26,INR,UPI,YES,2026-08-13 22:13:00,success,,True,False
TXN_001247,CUST_00061,MER_0021,710.35,INR,UPI,KOTAK,2026-07-08 05:01:00,success,,True,False
TXN_001248,CUST_01399,MER_0043,1471.14,INR,UPI,KOTAK,2026-08-17 13:10:00,success,,True,False
TXN_001249,CUST_01280,MER_0038,3932.98,INR,Card,ICICI,2026-08-26 23:34:00,success,,True,False
TXN_001250,CUST_00883,MER_0031,1469.34,INR,Card,ICICI,2026-08-23 16:21:00,failed,bank_declined,True,False
TXN_001251,CUST_00941,MER_0035,4426.43,INR,Card,AXIS,2026-08-15 08:37:00,failed,authentication_failure,True,False
TXN_001252,CUST_01207,MER_0037,3021.34,INR,Card,ICICI,2026-07-08 22:03:00,success,,True,False
TXN_001253,CUST_00662,MER_0011,1860.69,INR,Wallet,KOTAK,2026-07-14 05:53:00,success,,True,False
TXN_001254,CUST_00811,MER_0046,3281.48,INR,Card,ICICI,2026-07-11 04:58:00,failed,bank_declined,True,False
TXN_001255,CUST_01637,MER_0025,3520.1,INR,UPI,HDFC,2026-08-02 21:33:00,success,,True,False
TXN_001256,CUST_00493,MER_0044,1640.0,INR,UPI,AXIS,2026-07-08 00:22:00,success,,True,False
TXN_001257,CUST_00141,MER_0024,2108.95,INR,UPI,HDFC,2026-07-19 02:06:00,success,,True,False
TXN_001258,CUST_01704,MER_0019,1105.48,INR,Wallet,YES,2026-07-16 21:53:00,success,,True,False
TXN_001259,CUST_01979,MER_0004,2373.2,INR,Card,SBI,2026-07-27 18:47:00,success,,True,True
TXN_001260,CUST_00461,MER_0027,1275.63,INR,NetBanking,KOTAK,2026-07-21 23:05:00,success,,True,True
TXN_001261,CUST_01785,MER_0047,1001.01,INR,Card,HDFC,2026-07-30 13:47:00,success,,True,True
TXN_001262,CUST_01616,MER_0018,3001.68,INR,Wallet,YES,2026-08-07 12:56:00,success,,True,True
TXN_001263,CUST_00092,MER_0045,2893.41,INR,UPI,AXIS,2026-08-12 13:18:00,success,,True,True
TXN_001264,CUST_00739,MER_0042,4565.57,INR,UPI,SBI,2026-07-20 02:57:00,success,,True,False
TXN_001265,CUST_01334,MER_0015,1728.66,INR,Wallet,HDFC,2026-08-21 15:15:00,success,,True,True
TXN_001266,CUST_01026,MER_0038,3382.74,INR,UPI,KOTAK,2026-07-31 01:25:00,success,,True,True
TXN_001267,CUST_00397,MER_0036,3791.96,INR,Card,AXIS,2026-07-27 18:42:00,failed,expired_card,True,False
TXN_001268,CUST_00693,MER_0001,1260.77,INR,Card,KOTAK,2026-07-28 19:02:00,success,,True,False
TXN_001269,CUST_01234,MER_0008,2750.37,INR,UPI,YES,2026-08-12 21:52:00,success,,True,False
TXN_001270,CUST_00041,MER_0002,3265.97,INR,UPI,KOTAK,2026-07-28 06:09:00,success,,True,False
TXN_001271,CUST_01394,MER_0030,2454.66,INR,NetBanking,HDFC,2026-08-14 20:17:00,failed,bank_timeout,True,False
TXN_001272,CUST_00151,MER_0006,2774.96,INR,Card,HDFC,2026-08-18 19:30:00,success,,True,True
TXN_001273,CUST_00127,MER_0030,14328.77,INR,UPI,KOTAK,2026-07-21 04:01:00,success,,True,False
TXN_001274,CUST_01938,MER_0006,1829.81,INR,Card,ICICI,2026-08-01 10:07:00,success,,True,True
TXN_001275,CUST_00506,MER_0007,1363.13,INR,Card,YES,2026-08-05 04:56:00,failed,bank_declined,True,False
TXN_001276,CUST_00219,MER_0033,3133.49,INR,Card,AXIS,2026-07-04 09:01:00,success,,True,False
TXN_001277,CUST_01274,MER_0009,6337.17,INR,UPI,KOTAK,2026-07-23 23:14:00,failed,network_error,True,False
TXN_001278,CUST_01521,MER_0001,4381.32,INR,Card,HDFC,2026-08-16 01:41:00,failed,insufficient_funds,False,False
TXN_001279,CUST_01051,MER_0031,2178.26,INR,Wallet,KOTAK,2026-07-11 19:06:00,success,,True,False
TXN_001280,CUST_01771,MER_0018,3200.14,INR,UPI,HDFC,2026-08-01 17:45:00,success,,True,False
TXN_001281,CUST_00484,MER_0012,5561.18,INR,UPI,SBI,2026-08-15 15:26:00,failed,bank_timeout,True,False
TXN_001282,CUST_01352,MER_0036,978.07,INR,Card,HDFC,2026-07-06 03:57:00,success,,True,False
TXN_001283,CUST_00113,MER_0012,4703.8,INR,NetBanking,HDFC,2026-08-22 22:25:00,failed,bank_timeout,True,False
TXN_001284,CUST_00272,MER_0030,2587.12,INR,UPI,AXIS,2026-08-07 10:42:00,success,,True,True
TXN_001285,CUST_00848,MER_0017,2587.79,INR,NetBanking,YES,2026-07-06 17:12:00,success,,True,False
TXN_001286,CUST_00377,MER_0021,2164.2,INR,Card,ICICI,2026-08-21 22:02:00,failed,expired_card,True,False
TXN_001287,CUST_01591,MER_0017,2282.5,INR,UPI,AXIS,2026-08-19 03:56:00,success,,True,False
TXN_001288,CUST_00191,MER_0047,996.61,INR,Card,ICICI,2026-07-31 06:54:00,success,,True,False
TXN_001289,CUST_01703,MER_0014,1781.44,INR,NetBanking,YES,2026-08-19 02:24:00,failed,bank_timeout,True,False
TXN_001290,CUST_00066,MER_0019,6524.84,INR,UPI,YES,2026-07-24 14:56:00,failed,bank_declined,True,False
TXN_001291,CUST_01133,MER_0028,1235.92,INR,UPI,AXIS,2026-07-29 06:36:00,success,,True,False
TXN_001292,CUST_01188,MER_0017,17821.34,INR,NetBanking,KOTAK,2026-08-02 06:39:00,success,,True,False
TXN_001293,CUST_01350,MER_0015,3016.4,INR,UPI,YES,2026-08-24 10:10:00,success,,True,True
TXN_001294,CUST_00114,MER_0022,6770.38,INR,UPI,AXIS,2026-08-22 15:09:00,success,,True,False
TXN_001295,CUST_01851,MER_0024,2161.65,INR,UPI,SBI,2026-07-23 02:43:00,success,,True,False
TXN_001296,CUST_00297,MER_0037,3739.43,INR,UPI,HDFC,2026-08-08 01:09:00,success,,True,False
TXN_001297,CUST_00280,MER_0021,4777.03,INR,UPI,AXIS,2026-08-10 23:53:00,success,,True,True
TXN_001298,CUST_01395,MER_0007,6467.57,INR,NetBanking,HDFC,2026-07-06 03:25:00,success,,True,False
TXN_001299,CUST_01619,MER_0007,5686.75,INR,Card,YES,2026-07-02 04:51:00,success,,True,False
TXN_001300,CUST_01987,MER_0029,4903.76,INR,Card,HDFC,2026-08-13 23:59:00,failed,bank_declined,True,False
TXN_001301,CUST_01706,MER_0006,1544.73,INR,Card,ICICI,2026-07-29 10:42:00,success,,True,False
TXN_001302,CUST_01660,MER_0004,3184.61,INR,UPI,AXIS,2026-08-18 23:52:00,success,,True,True
TXN_001303,CUST_01331,MER_0022,5148.72,INR,UPI,YES,2026-07-12 11:50:00,success,,True,False
TXN_001304,CUST_00642,MER_0038,2042.28,INR,UPI,YES,2026-08-26 21:04:00,success,,True,False
TXN_001305,CUST_01878,MER_0032,5722.37,INR,UPI,AXIS,2026-08-15 06:31:00,success,,True,False
TXN_001306,CUST_00581,MER_0004,7801.67,INR,Wallet,YES,2026-08-17 20:08:00,success,,True,False
TXN_001307,CUST_00442,MER_0015,1172.56,INR,Card,HDFC,2026-07-04 00:19:00,success,,True,False
TXN_001308,CUST_00653,MER_0040,1249.46,INR,UPI,SBI,2026-08-19 00:24:00,failed,authentication_failure,True,False
TXN_001309,CUST_00040,MER_0045,3121.57,INR,Wallet,SBI,2026-07-05 02:27:00,success,,True,False
TXN_001310,CUST_01440,MER_0007,1604.15,INR,Wallet,YES,2026-07-22 21:00:00,success,,True,True
TXN_001311,CUST_00379,MER_0023,7199.47,INR,UPI,ICICI,2026-07-24 23:24:00,success,,True,True
TXN_001312,CUST_00442,MER_0025,3426.36,INR,UPI,HDFC,2026-07-27 16:37:00,success,,True,False
TXN_001313,CUST_01913,MER_0002,2518.85,INR,UPI,AXIS,2026-08-22 18:41:00,failed,network_error,True,False
TXN_001314,CUST_01994,MER_0018,851.8,INR,Card,ICICI,2026-08-15 07:26:00,success,,True,False
TXN_001315,CUST_01358,MER_0020,3055.83,INR,Card,SBI,2026-08-25 07:40:00,failed,insufficient_funds,True,False
TXN_001316,CUST_01622,MER_0001,5486.85,INR,UPI,ICICI,2026-07-25 10:41:00,failed,authentication_failure,True,True
TXN_001317,CUST_01848,MER_0037,32678.56,INR,Card,ICICI,2026-07-15 07:33:00,success,,True,False
TXN_001318,CUST_00457,MER_0001,15464.97,INR,Card,HDFC,2026-08-06 01:21:00,success,,True,False
TXN_001319,CUST_00802,MER_0044,2110.84,INR,UPI,ICICI,2026-07-01 21:44:00,success,,True,False
TXN_001320,CUST_01149,MER_0027,2241.57,INR,Card,ICICI,2026-07-01 05:10:00,success,,True,True
TXN_001321,CUST_00704,MER_0026,5412.49,INR,UPI,ICICI,2026-08-09 00:13:00,failed,bank_declined,False,False
TXN_001322,CUST_01606,MER_0021,658.24,INR,NetBanking,ICICI,2026-07-06 05:50:00,success,,True,False
TXN_001323,CUST_00703,MER_0020,584.58,INR,UPI,HDFC,2026-07-15 08:12:00,success,,True,False
TXN_001324,CUST_01789,MER_0001,1483.82,INR,NetBanking,ICICI,2026-07-30 12:37:00,success,,True,True
TXN_001325,CUST_00731,MER_0030,3890.1,INR,Wallet,HDFC,2026-08-14 20:20:00,failed,insufficient_funds,True,False
TXN_001326,CUST_00354,MER_0007,5743.46,INR,Card,KOTAK,2026-08-16 22:32:00,failed,insufficient_funds,False,False
TXN_001327,CUST_00544,MER_0024,382.64,INR,Card,AXIS,2026-07-07 03:49:00,success,,True,False
TXN_001328,CUST_00266,MER_0022,4848.44,INR,Card,HDFC,2026-08-16 20:05:00,success,,True,False
TXN_001329,CUST_01126,MER_0045,1258.21,INR,Wallet,ICICI,2026-08-15 23:34:00,failed,bank_declined,True,True
TXN_001330,CUST_01647,MER_0039,2740.93,INR,Wallet,KOTAK,2026-08-07 16:22:00,success,,True,False
TXN_001331,CUST_01183,MER_0022,4603.35,INR,Wallet,SBI,2026-08-25 01:49:00,success,,True,False
TXN_001332,CUST_01990,MER_0011,2213.55,INR,Card,AXIS,2026-07-11 00:02:00,failed,expired_card,True,False
TXN_001333,CUST_01274,MER_0017,2148.47,INR,UPI,SBI,2026-08-01 09:30:00,success,,True,False
TXN_001334,CUST_00614,MER_0048,1814.44,INR,NetBanking,YES,2026-07-08 02:15:00,success,,True,False
TXN_001335,CUST_00600,MER_0037,830.11,INR,Card,ICICI,2026-08-14 00:20:00,success,,True,False
TXN_001336,CUST_01165,MER_0001,1377.82,INR,UPI,YES,2026-07-14 01:43:00,failed,bank_declined,True,False
TXN_001337,CUST_01194,MER_0007,3156.89,INR,UPI,YES,2026-07-13 01:24:00,success,,True,False
TXN_001338,CUST_01027,MER_0006,2791.82,INR,UPI,HDFC,2026-07-27 08:39:00,success,,True,True
TXN_001339,CUST_00958,MER_0004,1100.9,INR,UPI,KOTAK,2026-07-15 15:01:00,success,,True,False
TXN_001340,CUST_00514,MER_0038,2110.75,INR,UPI,KOTAK,2026-07-15 04:30:00,success,,True,False
TXN_001341,CUST_01543,MER_0011,427.67,INR,Wallet,HDFC,2026-07-27 23:18:00,success,,True,False
TXN_001342,CUST_00650,MER_0005,2815.18,INR,UPI,AXIS,2026-08-25 20:45:00,failed,authentication_failure,True,False
TXN_001343,CUST_00631,MER_0018,750.47,INR,UPI,AXIS,2026-07-26 05:32:00,failed,bank_timeout,False,False
TXN_001344,CUST_00041,MER_0024,3175.71,INR,Wallet,AXIS,2026-08-23 13:25:00,success,,True,False
TXN_001345,CUST_01720,MER_0003,6649.35,INR,UPI,YES,2026-07-26 05:13:00,failed,network_error,True,False
TXN_001346,CUST_00181,MER_0028,1402.76,INR,UPI,ICICI,2026-08-13 10:27:00,success,,True,True
TXN_001347,CUST_01616,MER_0037,505.15,INR,UPI,HDFC,2026-07-20 22:05:00,success,,True,True
TXN_001348,CUST_00854,MER_0009,2651.15,INR,NetBanking,AXIS,2026-07-09 14:48:00,success,,True,True
TXN_001349,CUST_00309,MER_0010,12502.21,INR,UPI,AXIS,2026-08-12 04:41:00,success,,True,False
TXN_001350,CUST_01704,MER_0042,3046.92,INR,Card,SBI,2026-07-18 22:59:00,failed,bank_declined,False,False
TXN_001351,CUST_00055,MER_0047,3157.91,INR,UPI,YES,2026-07-06 22:27:00,success,,True,False
TXN_001352,CUST_01071,MER_0015,2419.04,INR,UPI,SBI,2026-08-21 08:10:00,success,,True,False
TXN_001353,CUST_01685,MER_0030,1273.58,INR,Wallet,ICICI,2026-08-26 12:28:00,success,,True,False
TXN_001354,CUST_01320,MER_0015,4715.56,INR,UPI,ICICI,2026-08-22 01:11:00,success,,True,False
TXN_001355,CUST_01531,MER_0046,2923.71,INR,NetBanking,YES,2026-08-03 17:02:00,success,,True,False
TXN_001356,CUST_01008,MER_0018,2475.23,INR,UPI,AXIS,2026-08-19 13:19:00,success,,True,False
TXN_001357,CUST_00759,MER_0032,1118.46,INR,UPI,AXIS,2026-07-26 20:01:00,success,,True,False
TXN_001358,CUST_00318,MER_0047,6924.4,INR,Card,YES,2026-07-22 06:48:00,success,,True,False
TXN_001359,CUST_01816,MER_0037,4153.73,INR,UPI,SBI,2026-07-26 13:11:00,success,,True,False
TXN_001360,CUST_01572,MER_0025,1568.17,INR,Wallet,HDFC,2026-07-28 07:07:00,success,,True,True
TXN_001361,CUST_01732,MER_0022,5439.59,INR,UPI,HDFC,2026-08-04 23:48:00,success,,True,False
TXN_001362,CUST_01711,MER_0040,1639.17,INR,NetBanking,SBI,2026-08-02 02:59:00,success,,True,True
TXN_001363,CUST_00730,MER_0039,1305.57,INR,UPI,SBI,2026-08-06 13:00:00,success,,True,False
TXN_001364,CUST_00659,MER_0008,1329.07,INR,NetBanking,ICICI,2026-07-01 15:28:00,success,,True,False
TXN_001365,CUST_00203,MER_0024,591.79,INR,Card,KOTAK,2026-07-08 09:04:00,failed,authentication_failure,True,True
TXN_001366,CUST_01500,MER_0011,564.02,INR,Wallet,HDFC,2026-07-20 10:48:00,success,,True,False
TXN_001367,CUST_01579,MER_0004,913.46,INR,UPI,AXIS,2026-07-15 22:27:00,success,,True,False
TXN_001368,CUST_01789,MER_0044,463.84,INR,NetBanking,HDFC,2026-08-04 22:02:00,success,,True,True
TXN_001369,CUST_00248,MER_0034,2278.21,INR,NetBanking,ICICI,2026-07-10 04:06:00,failed,bank_declined,True,False
TXN_001370,CUST_00129,MER_0048,1879.28,INR,NetBanking,AXIS,2026-08-26 17:15:00,success,,True,False
TXN_001371,CUST_01426,MER_0044,1059.91,INR,Card,YES,2026-08-01 01:39:00,failed,authentication_failure,False,False
TXN_001372,CUST_01647,MER_0010,3538.63,INR,UPI,AXIS,2026-07-30 15:27:00,failed,network_error,True,False
TXN_001373,CUST_00242,MER_0003,3143.48,INR,Wallet,YES,2026-08-14 12:11:00,success,,True,False
TXN_001374,CUST_01707,MER_0035,1202.07,INR,UPI,SBI,2026-07-21 22:09:00,success,,True,False
TXN_001375,CUST_01701,MER_0002,2821.01,INR,Wallet,AXIS,2026-08-24 23:17:00,failed,bank_timeout,True,False
TXN_001376,CUST_00122,MER_0015,3900.78,INR,Wallet,YES,2026-08-20 04:12:00,success,,True,False
TXN_001377,CUST_01069,MER_0034,1754.73,INR,NetBanking,YES,2026-07-06 16:52:00,success,,True,False
TXN_001378,CUST_00983,MER_0008,2998.18,INR,UPI,KOTAK,2026-07-23 11:58:00,success,,True,False
TXN_001379,CUST_00145,MER_0012,2013.17,INR,NetBanking,HDFC,2026-08-08 22:00:00,failed,bank_declined,False,False
TXN_001380,CUST_01414,MER_0043,1880.91,INR,Card,ICICI,2026-07-10 05:46:00,failed,bank_declined,True,False
TXN_001381,CUST_01915,MER_0001,2891.92,INR,UPI,AXIS,2026-08-14 23:40:00,success,,True,False
TXN_001382,CUST_01480,MER_0023,1102.48,INR,UPI,ICICI,2026-07-28 14:34:00,failed,network_error,True,False
TXN_001383,CUST_01587,MER_0008,803.65,INR,Card,ICICI,2026-08-23 06:49:00,success,,True,True
TXN_001384,CUST_01203,MER_0008,678.43,INR,UPI,HDFC,2026-07-23 22:00:00,success,,True,False
TXN_001385,CUST_00072,MER_0015,921.66,INR,NetBanking,KOTAK,2026-08-13 19:07:00,success,,True,True
TXN_001386,CUST_00659,MER_0032,2772.68,INR,Card,YES,2026-07-28 08:56:00,success,,True,False
TXN_001387,CUST_00337,MER_0031,1194.84,INR,UPI,AXIS,2026-08-18 08:57:00,failed,bank_timeout,False,False
TXN_001388,CUST_01628,MER_0046,2509.33,INR,Card,YES,2026-07-07 20:44:00,failed,network_error,True,False
TXN_001389,CUST_00212,MER_0004,4121.53,INR,UPI,KOTAK,2026-07-22 07:12:00,success,,True,True
TXN_001390,CUST_01578,MER_0016,4668.71,INR,NetBanking,YES,2026-08-20 16:20:00,success,,True,False
TXN_001391,CUST_01741,MER_0042,1102.03,INR,UPI,HDFC,2026-07-18 13:32:00,success,,True,False
TXN_001392,CUST_00756,MER_0016,3415.75,INR,UPI,YES,2026-07-21 07:49:00,success,,True,False
TXN_001393,CUST_00284,MER_0008,1230.04,INR,Card,SBI,2026-07-10 00:27:00,success,,True,True
TXN_001394,CUST_00449,MER_0025,2638.95,INR,UPI,YES,2026-07-04 17:21:00,success,,True,False
TXN_001395,CUST_01515,MER_0037,887.49,INR,NetBanking,AXIS,2026-08-12 12:28:00,success,,True,False
TXN_001396,CUST_00937,MER_0031,581.44,INR,UPI,SBI,2026-07-17 19:24:00,failed,bank_timeout,True,True
TXN_001397,CUST_00862,MER_0002,2210.59,INR,Card,YES,2026-07-06 19:40:00,success,,True,False
TXN_001398,CUST_01264,MER_0038,1775.53,INR,UPI,KOTAK,2026-08-01 12:12:00,success,,True,True
TXN_001399,CUST_01483,MER_0001,946.5,INR,NetBanking,HDFC,2026-07-17 05:45:00,success,,True,True
TXN_001400,CUST_01857,MER_0005,1772.38,INR,Card,YES,2026-08-01 03:16:00,failed,bank_declined,True,True
TXN_001401,CUST_01790,MER_0026,2354.5,INR,UPI,KOTAK,2026-08-11 15:29:00,success,,True,False
TXN_001402,CUST_00908,MER_0031,2824.26,INR,UPI,ICICI,2026-07-28 16:44:00,success,,True,False
TXN_001403,CUST_00144,MER_0039,1427.83,INR,Wallet,ICICI,2026-07-09 14:56:00,success,,True,False
TXN_001404,CUST_00485,MER_0030,6231.51,INR,Wallet,YES,2026-08-06 18:06:00,success,,True,False
TXN_001405,CUST_00699,MER_0027,952.47,INR,UPI,YES,2026-07-14 21:32:00,success,,True,False
TXN_001406,CUST_00014,MER_0045,3604.9,INR,UPI,HDFC,2026-08-08 03:07:00,success,,True,False
TXN_001407,CUST_01442,MER_0013,6282.43,INR,UPI,KOTAK,2026-08-13 19:44:00,success,,True,True
TXN_001408,CUST_01236,MER_0010,3585.76,INR,UPI,HDFC,2026-08-07 02:21:00,success,,True,True
TXN_001409,CUST_01696,MER_0032,2075.55,INR,NetBanking,SBI,2026-07-19 19:13:00,success,,True,False
TXN_001410,CUST_00429,MER_0031,1599.37,INR,UPI,HDFC,2026-07-01 04:47:00,success,,True,False
TXN_001411,CUST_00892,MER_0020,5590.76,INR,UPI,YES,2026-08-18 14:51:00,success,,True,False
TXN_001412,CUST_01317,MER_0038,781.82,INR,UPI,SBI,2026-08-26 03:02:00,success,,True,False
TXN_001413,CUST_00267,MER_0023,1123.16,INR,UPI,HDFC,2026-07-17 11:17:00,failed,network_error,True,False
TXN_001414,CUST_01714,MER_0028,6569.04,INR,Card,AXIS,2026-07-29 02:41:00,failed,bank_declined,True,True
TXN_001415,CUST_01385,MER_0038,1125.03,INR,UPI,HDFC,2026-07-12 12:33:00,success,,True,True
TXN_001416,CUST_01927,MER_0030,1904.08,INR,UPI,ICICI,2026-07-28 10:13:00,failed,bank_timeout,True,False
TXN_001417,CUST_00777,MER_0022,1383.22,INR,Card,SBI,2026-07-19 14:07:00,success,,True,False
TXN_001418,CUST_01104,MER_0049,5340.7,INR,UPI,SBI,2026-08-17 07:33:00,success,,True,False
TXN_001419,CUST_00293,MER_0020,814.53,INR,Card,AXIS,2026-08-06 20:35:00,success,,True,False
TXN_001420,CUST_00609,MER_0046,8839.85,INR,Wallet,SBI,2026-07-18 19:44:00,success,,True,False
TXN_001421,CUST_01330,MER_0018,4734.27,INR,NetBanking,SBI,2026-07-02 17:56:00,success,,True,False
TXN_001422,CUST_00079,MER_0036,5841.19,INR,UPI,ICICI,2026-07-04 20:15:00,success,,True,False
TXN_001423,CUST_00218,MER_0047,1685.21,INR,UPI,ICICI,2026-08-06 22:50:00,success,,True,False
TXN_001424,CUST_01464,MER_0034,2164.72,INR,Card,SBI,2026-07-07 08:30:00,failed,network_error,False,False
TXN_001425,CUST_01119,MER_0003,1604.02,INR,UPI,SBI,2026-08-24 17:42:00,success,,True,False
TXN_001426,CUST_00343,MER_0027,3622.52,INR,UPI,AXIS,2026-08-21 19:59:00,failed,bank_declined,True,True
TXN_001427,CUST_00667,MER_0005,1006.54,INR,UPI,KOTAK,2026-07-15 19:20:00,failed,bank_timeout,False,False
TXN_001428,CUST_01442,MER_0046,2162.37,INR,Card,ICICI,2026-07-22 19:52:00,success,,True,False
TXN_001429,CUST_00055,MER_0001,799.01,INR,Card,AXIS,2026-08-21 02:41:00,success,,True,False
TXN_001430,CUST_01393,MER_0005,3916.99,INR,UPI,SBI,2026-08-05 10:11:00,failed,bank_declined,True,False
TXN_001431,CUST_01123,MER_0014,2087.43,INR,UPI,ICICI,2026-07-13 13:54:00,failed,bank_declined,True,False
TXN_001432,CUST_00409,MER_0042,1297.93,INR,UPI,SBI,2026-07-15 22:38:00,success,,True,False
TXN_001433,CUST_01902,MER_0048,2426.89,INR,Card,YES,2026-07-26 18:26:00,success,,True,True
TXN_001434,CUST_01977,MER_0042,2053.93,INR,UPI,YES,2026-07-10 19:25:00,success,,True,False
TXN_001435,CUST_00945,MER_0004,1812.59,INR,UPI,YES,2026-07-06 22:04:00,success,,True,False
TXN_001436,CUST_00960,MER_0019,1362.71,INR,UPI,SBI,2026-07-13 01:16:00,success,,True,False
TXN_001437,CUST_00376,MER_0010,3151.46,INR,UPI,SBI,2026-07-04 05:34:00,failed,network_error,False,False
TXN_001438,CUST_01517,MER_0013,2729.6,INR,UPI,ICICI,2026-08-09 07:58:00,failed,bank_timeout,True,False
TXN_001439,CUST_01069,MER_0017,802.57,INR,UPI,AXIS,2026-07-05 23:37:00,failed,authentication_failure,True,False
TXN_001440,CUST_01852,MER_0049,1014.45,INR,NetBanking,ICICI,2026-08-17 01:56:00,failed,bank_declined,True,True
TXN_001441,CUST_00198,MER_0032,1350.87,INR,UPI,HDFC,2026-07-14 09:14:00,success,,True,False
TXN_001442,CUST_00950,MER_0003,6332.94,INR,UPI,SBI,2026-07-30 02:19:00,success,,True,False
TXN_001443,CUST_00089,MER_0048,5218.75,INR,Card,HDFC,2026-07-06 15:30:00,success,,True,False
TXN_001444,CUST_01133,MER_0009,2964.32,INR,UPI,SBI,2026-07-04 14:59:00,success,,True,False
TXN_001445,CUST_01706,MER_0017,716.11,INR,Card,KOTAK,2026-07-30 03:28:00,success,,True,False
TXN_001446,CUST_01288,MER_0045,2085.94,INR,UPI,SBI,2026-07-27 03:36:00,success,,True,False
TXN_001447,CUST_00429,MER_0012,3106.84,INR,Wallet,HDFC,2026-07-25 12:16:00,success,,True,False
TXN_001448,CUST_00618,MER_0029,2808.57,INR,UPI,YES,2026-07-31 21:28:00,failed,network_error,False,True
TXN_001449,CUST_00429,MER_0046,1197.21,INR,UPI,KOTAK,2026-08-16 05:01:00,success,,True,False
TXN_001450,CUST_01469,MER_0013,2318.64,INR,UPI,HDFC,2026-08-20 06:21:00,failed,bank_timeout,False,True
TXN_001451,CUST_01792,MER_0036,421.2,INR,UPI,YES,2026-08-09 01:42:00,success,,True,False
TXN_001452,CUST_00047,MER_0005,2143.73,INR,UPI,HDFC,2026-08-25 16:32:00,failed,bank_timeout,True,False
TXN_001453,CUST_01565,MER_0017,4815.95,INR,Card,ICICI,2026-08-08 10:51:00,success,,True,False
TXN_001454,CUST_01094,MER_0032,4248.35,INR,UPI,ICICI,2026-07-10 16:48:00,success,,True,False
TXN_001455,CUST_01640,MER_0015,3889.58,INR,Card,ICICI,2026-07-11 00:43:00,success,,True,False
TXN_001456,CUST_00128,MER_0008,1286.97,INR,UPI,AXIS,2026-08-13 10:56:00,success,,True,False
TXN_001457,CUST_00375,MER_0042,530.38,INR,UPI,ICICI,2026-07-13 00:03:00,success,,True,False
TXN_001458,CUST_00241,MER_0019,1782.12,INR,UPI,AXIS,2026-08-26 00:37:00,success,,True,False
TXN_001459,CUST_00712,MER_0033,5438.76,INR,Card,SBI,2026-07-01 09:14:00,success,,True,False
TXN_001460,CUST_00368,MER_0024,7441.02,INR,Card,AXIS,2026-08-19 17:19:00,success,,True,True
TXN_001461,CUST_00654,MER_0021,4308.91,INR,UPI,YES,2026-07-29 16:57:00,failed,bank_declined,True,False
TXN_001462,CUST_00067,MER_0029,3306.72,INR,Wallet,AXIS,2026-07-21 05:49:00,failed,network_error,True,False
TXN_001463,CUST_00384,MER_0002,2199.43,INR,Card,KOTAK,2026-08-16 05:22:00,failed,insufficient_funds,True,False
TXN_001464,CUST_00376,MER_0043,1148.2,INR,Card,AXIS,2026-07-15 14:52:00,failed,bank_declined,True,False
TXN_001465,CUST_01144,MER_0003,1886.31,INR,UPI,HDFC,2026-07-22 22:38:00,failed,network_error,True,False
TXN_001466,CUST_01218,MER_0003,791.99,INR,UPI,KOTAK,2026-08-04 07:39:00,success,,True,True
TXN_001467,CUST_01832,MER_0042,3899.97,INR,UPI,ICICI,2026-07-07 05:54:00,success,,True,False
TXN_001468,CUST_00109,MER_0033,1353.68,INR,Card,HDFC,2026-08-15 12:42:00,success,,True,False
TXN_001469,CUST_01160,MER_0027,786.65,INR,Card,AXIS,2026-07-20 00:17:00,failed,expired_card,True,False
TXN_001470,CUST_01871,MER_0009,5472.97,INR,NetBanking,YES,2026-07-01 01:27:00,success,,True,True
TXN_001471,CUST_00274,MER_0033,1241.46,INR,NetBanking,AXIS,2026-07-29 21:47:00,success,,True,False
TXN_001472,CUST_00667,MER_0034,735.67,INR,UPI,YES,2026-07-25 21:46:00,success,,True,False
TXN_001473,CUST_01069,MER_0048,2267.71,INR,UPI,YES,2026-07-08 20:20:00,success,,True,True
TXN_001474,CUST_01086,MER_0043,2275.72,INR,UPI,KOTAK,2026-07-10 14:53:00,success,,True,True
TXN_001475,CUST_00536,MER_0012,3784.45,INR,UPI,YES,2026-07-05 01:33:00,failed,bank_declined,True,False
TXN_001476,CUST_00880,MER_0037,2327.31,INR,Card,YES,2026-08-25 03:49:00,failed,network_error,True,False
TXN_001477,CUST_00293,MER_0042,2920.14,INR,UPI,YES,2026-07-13 03:47:00,success,,True,True
TXN_001478,CUST_00315,MER_0028,1849.85,INR,UPI,HDFC,2026-08-17 23:29:00,success,,True,False
TXN_001479,CUST_00435,MER_0001,672.33,INR,UPI,ICICI,2026-08-17 05:30:00,success,,True,True
TXN_001480,CUST_01913,MER_0013,1978.06,INR,NetBanking,HDFC,2026-07-21 21:33:00,failed,bank_declined,True,False
TXN_001481,CUST_00750,MER_0027,5261.88,INR,NetBanking,KOTAK,2026-07-11 22:31:00,success,,True,False
TXN_001482,CUST_00344,MER_0004,3533.3,INR,UPI,KOTAK,2026-08-14 14:45:00,failed,network_error,True,False
TXN_001483,CUST_01655,MER_0033,2801.2,INR,Card,AXIS,2026-08-13 06:57:00,failed,expired_card,False,True
TXN_001484,CUST_01745,MER_0050,8286.85,INR,UPI,AXIS,2026-07-30 03:34:00,failed,network_error,False,True
TXN_001485,CUST_01188,MER_0046,4485.82,INR,Card,HDFC,2026-08-13 18:27:00,success,,True,False
TXN_001486,CUST_00295,MER_0023,2560.78,INR,NetBanking,AXIS,2026-08-17 20:28:00,success,,True,True
TXN_001487,CUST_00672,MER_0021,3329.74,INR,Card,YES,2026-08-14 00:40:00,success,,True,False
TXN_001488,CUST_01035,MER_0025,6631.62,INR,UPI,HDFC,2026-07-28 21:28:00,success,,True,False
TXN_001489,CUST_00532,MER_0001,840.32,INR,Card,KOTAK,2026-08-03 03:25:00,success,,True,False
TXN_001490,CUST_00898,MER_0050,1845.39,INR,UPI,ICICI,2026-07-30 20:42:00,success,,True,False
TXN_001491,CUST_01754,MER_0033,1315.46,INR,Card,SBI,2026-08-07 14:18:00,success,,True,False
TXN_001492,CUST_01274,MER_0035,3305.43,INR,Card,SBI,2026-08-12 16:58:00,failed,bank_declined,False,False
TXN_001493,CUST_01230,MER_0025,1513.86,INR,Card,KOTAK,2026-08-25 12:04:00,success,,True,True
TXN_001494,CUST_02000,MER_0029,360.6,INR,UPI,KOTAK,2026-08-02 20:14:00,success,,True,False
TXN_001495,CUST_01875,MER_0021,1755.0,INR,UPI,SBI,2026-08-12 14:51:00,success,,True,True
TXN_001496,CUST_00080,MER_0048,5068.39,INR,UPI,ICICI,2026-08-07 20:44:00,failed,bank_timeout,True,False
TXN_001497,CUST_00668,MER_0026,3437.67,INR,UPI,KOTAK,2026-07-01 18:53:00,success,,True,False
TXN_001498,CUST_01800,MER_0044,1950.82,INR,UPI,KOTAK,2026-07-23 23:24:00,success,,True,False
TXN_001499,CUST_01926,MER_0018,877.24,INR,UPI,KOTAK,2026-07-13 20:45:00,success,,True,False
TXN_001500,CUST_01207,MER_0027,3685.77,INR,UPI,SBI,2026-08-23 15:38:00,success,,True,False
TXN_001501,CUST_01903,MER_0026,1252.1,INR,Card,KOTAK,2026-08-21 18:12:00,failed,insufficient_funds,True,False
TXN_001502,CUST_00115,MER_0043,3852.22,INR,Card,AXIS,2026-08-26 00:20:00,success,,True,True
TXN_001503,CUST_01255,MER_0003,1533.77,INR,UPI,ICICI,2026-07-30 01:20:00,success,,True,False
TXN_001504,CUST_00659,MER_0004,1496.51,INR,UPI,KOTAK,2026-07-12 09:14:00,success,,True,False
TXN_001505,CUST_00618,MER_0007,2265.71,INR,Card,HDFC,2026-08-05 18:25:00,success,,True,True
TXN_001506,CUST_00675,MER_0003,2015.05,INR,UPI,SBI,2026-08-12 18:27:00,success,,True,False
TXN_001507,CUST_00201,MER_0031,5963.82,INR,UPI,YES,2026-07-07 18:53:00,success,,True,False
TXN_001508,CUST_01222,MER_0001,2833.12,INR,UPI,AXIS,2026-08-20 12:38:00,success,,True,True
TXN_001509,CUST_00384,MER_0003,1359.26,INR,Card,YES,2026-07-25 23:10:00,success,,True,False
TXN_001510,CUST_01519,MER_0050,11073.97,INR,Card,YES,2026-07-14 00:35:00,success,,True,False
TXN_001511,CUST_00810,MER_0019,2538.8,INR,UPI,SBI,2026-08-19 19:17:00,failed,network_error,True,False
TXN_001512,CUST_01148,MER_0047,1500.3,INR,NetBanking,YES,2026-07-08 18:07:00,success,,True,False
TXN_001513,CUST_01942,MER_0003,3263.29,INR,UPI,YES,2026-08-18 06:57:00,success,,True,False
TXN_001514,CUST_00685,MER_0004,3130.31,INR,UPI,SBI,2026-07-20 08:36:00,failed,network_error,True,False
TXN_001515,CUST_01658,MER_0024,12237.01,INR,UPI,HDFC,2026-07-25 04:50:00,success,,True,True
TXN_001516,CUST_01035,MER_0023,6853.51,INR,Card,AXIS,2026-08-25 16:18:00,failed,network_error,True,True
TXN_001517,CUST_01145,MER_0043,1010.48,INR,UPI,HDFC,2026-07-17 17:01:00,success,,True,False
TXN_001518,CUST_00254,MER_0035,3222.94,INR,UPI,SBI,2026-07-24 20:23:00,failed,network_error,True,False
TXN_001519,CUST_01365,MER_0019,3243.91,INR,UPI,SBI,2026-07-14 03:28:00,failed,bank_declined,False,True
TXN_001520,CUST_01610,MER_0005,3659.17,INR,Wallet,AXIS,2026-07-16 21:50:00,failed,insufficient_funds,True,False
TXN_001521,CUST_01646,MER_0023,3844.82,INR,Card,YES,2026-08-13 10:57:00,success,,True,True
TXN_001522,CUST_00885,MER_0043,1053.92,INR,UPI,YES,2026-08-23 11:49:00,failed,authentication_failure,True,True
TXN_001523,CUST_00770,MER_0005,9067.86,INR,UPI,HDFC,2026-08-03 21:44:00,failed,bank_timeout,True,False
TXN_001524,CUST_00580,MER_0010,993.47,INR,UPI,KOTAK,2026-08-16 10:05:00,failed,bank_declined,True,False
TXN_001525,CUST_00027,MER_0039,461.43,INR,UPI,SBI,2026-07-15 16:40:00,success,,True,True
TXN_001526,CUST_01183,MER_0008,3799.1,INR,Card,AXIS,2026-07-06 02:20:00,success,,True,False
TXN_001527,CUST_00239,MER_0034,1574.1,INR,NetBanking,ICICI,2026-07-28 01:16:00,success,,True,False
TXN_001528,CUST_01098,MER_0012,11370.26,INR,NetBanking,KOTAK,2026-07-05 12:02:00,success,,True,False
TXN_001529,CUST_01487,MER_0013,1313.31,INR,UPI,KOTAK,2026-07-28 06:16:00,success,,True,True
TXN_001530,CUST_00846,MER_0008,631.85,INR,UPI,SBI,2026-07-27 11:09:00,success,,True,False
TXN_001531,CUST_00394,MER_0047,1674.03,INR,UPI,KOTAK,2026-07-04 03:27:00,success,,True,False
TXN_001532,CUST_00163,MER_0028,502.51,INR,Card,ICICI,2026-07-19 09:31:00,success,,True,False
TXN_001533,CUST_00312,MER_0031,4450.98,INR,UPI,AXIS,2026-07-11 20:13:00,success,,True,False
TXN_001534,CUST_00242,MER_0020,467.75,INR,UPI,AXIS,2026-07-09 20:03:00,success,,True,False
TXN_001535,CUST_00611,MER_0041,2496.8,INR,Card,SBI,2026-07-22 01:47:00,success,,True,False
TXN_001536,CUST_01489,MER_0002,463.01,INR,Card,HDFC,2026-07-04 18:10:00,success,,True,False
TXN_001537,CUST_00230,MER_0037,1888.92,INR,UPI,ICICI,2026-08-23 23:20:00,success,,True,True
TXN_001538,CUST_00243,MER_0006,9087.93,INR,Card,AXIS,2026-08-12 17:49:00,failed,insufficient_funds,True,False
TXN_001539,CUST_00240,MER_0011,1223.17,INR,Card,SBI,2026-08-22 16:44:00,success,,True,False
TXN_001540,CUST_00515,MER_0049,2380.43,INR,Card,KOTAK,2026-08-17 03:47:00,success,,True,True
TXN_001541,CUST_00709,MER_0005,2476.03,INR,UPI,KOTAK,2026-07-30 18:23:00,success,,True,False
TXN_001542,CUST_00019,MER_0041,3562.1,INR,NetBanking,ICICI,2026-07-20 18:03:00,success,,True,False
TXN_001543,CUST_01816,MER_0029,817.71,INR,NetBanking,AXIS,2026-07-01 11:12:00,success,,True,False
TXN_001544,CUST_00833,MER_0017,3920.81,INR,Wallet,HDFC,2026-08-20 09:04:00,success,,True,False
TXN_001545,CUST_01453,MER_0049,280.48,INR,NetBanking,KOTAK,2026-07-26 17:51:00,failed,bank_timeout,True,True
TXN_001546,CUST_01072,MER_0050,1651.4,INR,UPI,ICICI,2026-08-09 16:46:00,success,,True,True
TXN_001547,CUST_00875,MER_0022,4050.77,INR,Card,HDFC,2026-08-17 21:04:00,success,,True,False
TXN_001548,CUST_01924,MER_0047,2485.19,INR,Card,ICICI,2026-08-23 03:35:00,success,,True,False
TXN_001549,CUST_01437,MER_0021,792.78,INR,UPI,AXIS,2026-07-28 19:58:00,failed,bank_declined,True,False
TXN_001550,CUST_01039,MER_0049,2861.05,INR,Card,YES,2026-07-01 22:49:00,success,,True,True
TXN_001551,CUST_00224,MER_0002,2291.01,INR,Card,HDFC,2026-07-08 19:38:00,failed,expired_card,True,False
TXN_001552,CUST_01587,MER_0009,1661.26,INR,Card,SBI,2026-07-23 04:08:00,failed,insufficient_funds,True,False
TXN_001553,CUST_00865,MER_0008,1612.99,INR,UPI,SBI,2026-07-04 04:37:00,failed,bank_declined,True,True
TXN_001554,CUST_00468,MER_0026,13848.74,INR,UPI,AXIS,2026-07-06 07:24:00,success,,True,False
TXN_001555,CUST_00835,MER_0026,781.37,INR,Card,ICICI,2026-07-23 08:15:00,success,,True,True
TXN_001556,CUST_01315,MER_0041,554.75,INR,UPI,SBI,2026-08-25 14:41:00,failed,bank_declined,True,False
TXN_001557,CUST_01841,MER_0038,1418.12,INR,UPI,ICICI,2026-07-23 11:50:00,success,,True,True
TXN_001558,CUST_00617,MER_0019,1892.04,INR,UPI,YES,2026-08-09 01:27:00,success,,True,False
TXN_001559,CUST_00025,MER_0016,1306.46,INR,UPI,ICICI,2026-07-30 00:57:00,success,,True,False
TXN_001560,CUST_00189,MER_0050,1982.59,INR,Card,AXIS,2026-07-01 11:42:00,success,,True,False
TXN_001561,CUST_01705,MER_0006,8767.71,INR,UPI,SBI,2026-07-17 02:20:00,success,,True,False
TXN_001562,CUST_00135,MER_0003,4636.44,INR,NetBanking,KOTAK,2026-08-14 15:45:00,success,,True,False
TXN_001563,CUST_01137,MER_0014,4864.79,INR,UPI,YES,2026-07-20 13:58:00,success,,True,True
TXN_001564,CUST_00053,MER_0008,786.05,INR,UPI,YES,2026-08-05 18:39:00,failed,network_error,True,False
TXN_001565,CUST_00534,MER_0007,251.83,INR,UPI,SBI,2026-08-13 09:14:00,success,,True,False
TXN_001566,CUST_01186,MER_0015,1277.29,INR,Card,ICICI,2026-07-02 19:38:00,success,,True,False
TXN_001567,CUST_00292,MER_0032,5246.74,INR,UPI,YES,2026-08-18 22:30:00,success,,True,False
TXN_001568,CUST_00200,MER_0001,3690.65,INR,Card,ICICI,2026-08-02 18:18:00,success,,True,False
TXN_001569,CUST_01191,MER_0033,2044.26,INR,UPI,SBI,2026-08-25 10:55:00,success,,True,False
TXN_001570,CUST_00402,MER_0046,2397.45,INR,UPI,SBI,2026-08-04 15:29:00,failed,network_error,True,False
TXN_001571,CUST_01465,MER_0007,2875.0,INR,Card,SBI,2026-08-19 01:11:00,failed,network_error,True,False
TXN_001572,CUST_01507,MER_0023,670.01,INR,Wallet,ICICI,2026-08-16 07:59:00,failed,bank_timeout,True,True
TXN_001573,CUST_00353,MER_0008,5145.86,INR,Wallet,SBI,2026-07-13 17:29:00,success,,True,False
TXN_001574,CUST_00070,MER_0012,1750.96,INR,Card,AXIS,2026-07-09 11:54:00,failed,authentication_failure,True,False
TXN_001575,CUST_00427,MER_0003,23195.73,INR,Card,SBI,2026-07-29 15:45:00,failed,insufficient_funds,True,True
TXN_001576,CUST_01391,MER_0018,3343.07,INR,UPI,ICICI,2026-08-23 18:48:00,success,,True,True
TXN_001577,CUST_00171,MER_0046,1352.29,INR,Card,HDFC,2026-08-10 04:55:00,failed,insufficient_funds,False,True
TXN_001578,CUST_00294,MER_0037,3527.05,INR,UPI,ICICI,2026-07-12 12:44:00,failed,network_error,True,True
TXN_001579,CUST_01788,MER_0035,1079.49,INR,NetBanking,HDFC,2026-07-03 06:34:00,success,,True,False
TXN_001580,CUST_00905,MER_0045,2878.69,INR,UPI,HDFC,2026-07-31 00:24:00,failed,network_error,True,True
TXN_001581,CUST_01674,MER_0027,3494.37,INR,Card,HDFC,2026-08-06 12:18:00,failed,network_error,True,True
TXN_001582,CUST_00744,MER_0016,2019.07,INR,UPI,KOTAK,2026-07-01 00:53:00,success,,True,False
TXN_001583,CUST_00239,MER_0006,4446.71,INR,UPI,HDFC,2026-08-11 15:24:00,failed,bank_timeout,True,False
TXN_001584,CUST_01318,MER_0025,1140.56,INR,UPI,ICICI,2026-07-08 00:51:00,success,,True,False
TXN_001585,CUST_00401,MER_0046,3148.93,INR,Card,YES,2026-07-27 03:49:00,success,,True,True
TXN_001586,CUST_01938,MER_0036,1103.94,INR,NetBanking,HDFC,2026-07-31 00:12:00,success,,True,False
TXN_001587,CUST_00127,MER_0004,1471.0,INR,Wallet,ICICI,2026-08-22 07:41:00,success,,True,False
TXN_001588,CUST_00936,MER_0009,2839.73,INR,UPI,ICICI,2026-07-06 22:06:00,success,,True,True
TXN_001589,CUST_00210,MER_0014,3095.78,INR,NetBanking,SBI,2026-08-18 02:48:00,failed,bank_declined,False,False
TXN_001590,CUST_01699,MER_0012,5671.38,INR,UPI,HDFC,2026-07-14 23:01:00,failed,bank_declined,True,True
TXN_001591,CUST_00302,MER_0047,1388.83,INR,Card,YES,2026-07-09 09:13:00,success,,True,False
TXN_001592,CUST_00872,MER_0038,713.32,INR,Card,HDFC,2026-07-25 01:15:00,failed,authentication_failure,True,False
TXN_001593,CUST_01301,MER_0019,1708.28,INR,Card,KOTAK,2026-08-26 14:07:00,failed,expired_card,True,False
TXN_001594,CUST_01483,MER_0001,1825.31,INR,Card,SBI,2026-07-20 15:34:00,failed,expired_card,True,False
TXN_001595,CUST_01163,MER_0019,1788.84,INR,Card,KOTAK,2026-07-09 02:55:00,success,,True,True
TXN_001596,CUST_01308,MER_0037,1911.23,INR,Card,KOTAK,2026-08-22 06:52:00,success,,True,False
TXN_001597,CUST_01134,MER_0009,4051.85,INR,NetBanking,SBI,2026-07-15 09:30:00,success,,True,False
TXN_001598,CUST_01863,MER_0029,1396.1,INR,Wallet,HDFC,2026-08-02 05:23:00,failed,bank_declined,True,False
TXN_001599,CUST_01713,MER_0048,528.84,INR,Card,YES,2026-08-17 05:03:00,success,,True,False
TXN_001600,CUST_00874,MER_0001,6966.96,INR,NetBanking,ICICI,2026-07-01 02:04:00,failed,network_error,True,False
TXN_001601,CUST_00769,MER_0034,4854.53,INR,Card,KOTAK,2026-07-06 04:08:00,failed,insufficient_funds,True,False
TXN_001602,CUST_01714,MER_0044,6073.22,INR,UPI,AXIS,2026-08-17 19:51:00,success,,True,False
TXN_001603,CUST_00436,MER_0047,1790.25,INR,UPI,YES,2026-08-09 01:31:00,success,,True,False
TXN_001604,CUST_00472,MER_0022,1013.44,INR,UPI,HDFC,2026-08-24 18:41:00,success,,True,False
TXN_001605,CUST_00669,MER_0016,7603.8,INR,UPI,HDFC,2026-08-08 20:07:00,success,,True,False
TXN_001606,CUST_00155,MER_0028,2228.79,INR,UPI,HDFC,2026-08-16 08:20:00,success,,True,True
TXN_001607,CUST_01693,MER_0034,2913.9,INR,NetBanking,SBI,2026-07-06 22:36:00,success,,True,False
TXN_001608,CUST_00298,MER_0017,6553.81,INR,UPI,ICICI,2026-08-18 19:34:00,success,,True,False
TXN_001609,CUST_01649,MER_0013,1068.95,INR,Card,YES,2026-07-01 02:20:00,success,,True,False
TXN_001610,CUST_00371,MER_0018,3929.99,INR,UPI,HDFC,2026-07-29 10:58:00,success,,True,False
TXN_001611,CUST_00566,MER_0017,1522.46,INR,UPI,YES,2026-07-18 13:48:00,success,,True,True
TXN_001612,CUST_01161,MER_0007,2195.72,INR,UPI,ICICI,2026-07-18 21:58:00,success,,True,False
TXN_001613,CUST_01827,MER_0050,2585.89,INR,Card,HDFC,2026-08-14 17:18:00,failed,authentication_failure,True,False
TXN_001614,CUST_00267,MER_0033,1308.88,INR,NetBanking,AXIS,2026-07-17 23:30:00,success,,True,True
TXN_001615,CUST_01310,MER_0023,7192.96,INR,Card,ICICI,2026-07-27 10:38:00,failed,network_error,True,False
TXN_001616,CUST_00669,MER_0009,2321.31,INR,Card,SBI,2026-07-07 18:44:00,failed,insufficient_funds,True,True
TXN_001617,CUST_00833,MER_0043,1928.71,INR,NetBanking,AXIS,2026-07-08 01:04:00,failed,bank_declined,True,False
TXN_001618,CUST_01648,MER_0010,2079.16,INR,UPI,HDFC,2026-07-06 05:59:00,failed,authentication_failure,True,False
TXN_001619,CUST_01899,MER_0017,6104.76,INR,Wallet,YES,2026-07-24 00:23:00,success,,True,False
TXN_001620,CUST_01151,MER_0021,1310.42,INR,UPI,YES,2026-08-18 08:49:00,success,,True,False
TXN_001621,CUST_01423,MER_0020,8493.29,INR,Card,ICICI,2026-07-29 14:18:00,success,,True,False
TXN_001622,CUST_00974,MER_0025,717.4,INR,NetBanking,HDFC,2026-07-07 21:13:00,failed,bank_timeout,True,False
TXN_001623,CUST_00235,MER_0006,1811.41,INR,UPI,AXIS,2026-08-04 05:46:00,failed,bank_timeout,True,False
TXN_001624,CUST_00071,MER_0026,538.07,INR,NetBanking,YES,2026-08-21 13:13:00,success,,True,False
TXN_001625,CUST_01909,MER_0026,1696.23,INR,Wallet,ICICI,2026-07-18 02:36:00,success,,True,False
TXN_001626,CUST_01479,MER_0027,1062.26,INR,NetBanking,AXIS,2026-08-02 09:12:00,success,,True,False
TXN_001627,CUST_01654,MER_0006,1500.99,INR,Card,KOTAK,2026-07-04 21:48:00,failed,authentication_failure,True,False
TXN_001628,CUST_01158,MER_0009,5251.31,INR,UPI,SBI,2026-08-21 07:09:00,success,,True,False
TXN_001629,CUST_01478,MER_0048,2881.55,INR,Card,KOTAK,2026-07-10 03:46:00,failed,insufficient_funds,True,False
TXN_001630,CUST_01137,MER_0012,1015.96,INR,UPI,AXIS,2026-08-12 23:35:00,failed,bank_timeout,True,False
TXN_001631,CUST_00981,MER_0036,10290.54,INR,UPI,ICICI,2026-07-30 08:30:00,failed,bank_declined,True,False
TXN_001632,CUST_01240,MER_0033,9181.69,INR,NetBanking,YES,2026-07-05 18:01:00,success,,True,False
TXN_001633,CUST_01264,MER_0035,2009.32,INR,UPI,AXIS,2026-07-26 08:51:00,success,,True,True
TXN_001634,CUST_00742,MER_0007,2445.07,INR,NetBanking,HDFC,2026-07-12 03:06:00,failed,authentication_failure,True,False
TXN_001635,CUST_00825,MER_0046,6751.46,INR,UPI,SBI,2026-08-09 18:01:00,success,,True,False
TXN_001636,CUST_00582,MER_0032,2233.56,INR,UPI,YES,2026-08-16 21:54:00,success,,True,False
TXN_001637,CUST_01776,MER_0013,1788.99,INR,UPI,YES,2026-07-13 03:35:00,success,,True,False
TXN_001638,CUST_01082,MER_0040,2333.82,INR,Card,HDFC,2026-07-06 03:03:00,success,,True,True
TXN_001639,CUST_01591,MER_0014,3198.27,INR,UPI,AXIS,2026-08-22 03:59:00,failed,bank_declined,True,True
TXN_001640,CUST_01545,MER_0041,2448.87,INR,Card,ICICI,2026-08-18 12:06:00,success,,True,False
TXN_001641,CUST_01794,MER_0004,4004.24,INR,Card,SBI,2026-07-07 19:51:00,success,,True,False
TXN_001642,CUST_01212,MER_0030,9051.52,INR,NetBanking,SBI,2026-08-25 12:26:00,success,,True,False
TXN_001643,CUST_01354,MER_0014,3311.14,INR,Wallet,SBI,2026-07-15 11:31:00,success,,True,False
TXN_001644,CUST_00503,MER_0031,3131.67,INR,Wallet,KOTAK,2026-08-03 23:04:00,success,,True,False
TXN_001645,CUST_01566,MER_0001,724.06,INR,UPI,AXIS,2026-08-08 01:55:00,success,,True,False
TXN_001646,CUST_01167,MER_0027,297.5,INR,UPI,HDFC,2026-08-05 23:33:00,success,,True,False
TXN_001647,CUST_00261,MER_0010,3329.91,INR,UPI,ICICI,2026-08-13 20:20:00,success,,True,False
TXN_001648,CUST_01882,MER_0017,2262.31,INR,UPI,HDFC,2026-08-04 06:45:00,success,,True,False
TXN_001649,CUST_01561,MER_0029,1616.75,INR,NetBanking,KOTAK,2026-08-25 03:37:00,success,,True,True
TXN_001650,CUST_01610,MER_0019,2965.57,INR,Card,YES,2026-08-16 18:44:00,success,,True,False
TXN_001651,CUST_01021,MER_0033,2325.47,INR,UPI,ICICI,2026-08-11 08:46:00,success,,True,False
TXN_001652,CUST_00740,MER_0050,6016.28,INR,UPI,AXIS,2026-07-12 05:32:00,success,,True,True
TXN_001653,CUST_00531,MER_0003,2614.66,INR,Card,AXIS,2026-08-08 22:49:00,success,,True,False
TXN_001654,CUST_00621,MER_0030,1342.73,INR,UPI,YES,2026-07-31 00:40:00,success,,True,False
TXN_001655,CUST_00730,MER_0023,5389.1,INR,UPI,KOTAK,2026-08-14 04:02:00,failed,bank_declined,False,False
TXN_001656,CUST_00568,MER_0027,3719.07,INR,NetBanking,ICICI,2026-07-25 02:28:00,failed,authentication_failure,True,False
TXN_001657,CUST_00747,MER_0045,1451.19,INR,Card,HDFC,2026-08-09 18:22:00,success,,True,False
TXN_001658,CUST_00373,MER_0035,2610.6,INR,NetBanking,KOTAK,2026-07-05 07:31:00,failed,bank_timeout,True,False
TXN_001659,CUST_00295,MER_0005,3582.66,INR,UPI,YES,2026-07-24 18:46:00,success,,True,False
TXN_001660,CUST_01529,MER_0046,1968.61,INR,Card,ICICI,2026-08-12 20:58:00,success,,True,False
TXN_001661,CUST_01924,MER_0006,561.67,INR,UPI,SBI,2026-07-02 04:02:00,success,,True,False
TXN_001662,CUST_00046,MER_0027,1726.38,INR,UPI,ICICI,2026-08-01 17:15:00,success,,True,False
TXN_001663,CUST_01250,MER_0008,4605.72,INR,UPI,ICICI,2026-08-05 11:30:00,success,,True,False
TXN_001664,CUST_01186,MER_0008,1923.88,INR,UPI,HDFC,2026-07-29 16:49:00,success,,True,True
TXN_001665,CUST_01329,MER_0038,2003.99,INR,UPI,KOTAK,2026-08-01 17:17:00,failed,network_error,True,False
TXN_001666,CUST_01018,MER_0010,1380.8,INR,UPI,SBI,2026-07-28 12:37:00,success,,True,False
TXN_001667,CUST_01033,MER_0030,710.35,INR,UPI,SBI,2026-07-05 15:04:00,failed,network_error,True,False
TXN_001668,CUST_01002,MER_0035,1656.83,INR,Wallet,ICICI,2026-07-31 22:41:00,success,,True,False
TXN_001669,CUST_00512,MER_0021,1126.65,INR,UPI,ICICI,2026-08-03 00:32:00,success,,True,False
TXN_001670,CUST_00615,MER_0005,2121.12,INR,NetBanking,KOTAK,2026-08-24 11:04:00,success,,True,False
TXN_001671,CUST_00932,MER_0004,3616.29,INR,UPI,ICICI,2026-07-22 08:51:00,success,,True,False
TXN_001672,CUST_00829,MER_0026,2422.53,INR,Wallet,AXIS,2026-07-12 18:56:00,success,,True,False
TXN_001673,CUST_01125,MER_0029,3119.99,INR,UPI,SBI,2026-07-09 00:21:00,success,,True,False
TXN_001674,CUST_01226,MER_0014,10412.12,INR,UPI,HDFC,2026-08-25 07:02:00,success,,True,False
TXN_001675,CUST_00823,MER_0026,1855.11,INR,UPI,YES,2026-07-09 12:13:00,success,,True,False
TXN_001676,CUST_00513,MER_0028,3049.34,INR,Card,AXIS,2026-08-08 01:46:00,success,,True,False
TXN_001677,CUST_01064,MER_0017,1623.97,INR,Card,KOTAK,2026-07-26 20:11:00,success,,True,True
TXN_001678,CUST_01664,MER_0022,1240.06,INR,Card,ICICI,2026-07-17 00:12:00,success,,True,True
TXN_001679,CUST_00185,MER_0039,1528.55,INR,Card,AXIS,2026-07-13 19:43:00,success,,True,True
TXN_001680,CUST_00483,MER_0021,1664.02,INR,Card,AXIS,2026-07-28 08:47:00,success,,True,False
TXN_001681,CUST_01153,MER_0042,3253.81,INR,Card,AXIS,2026-07-29 01:58:00,success,,True,False
TXN_001682,CUST_00675,MER_0030,15982.68,INR,UPI,SBI,2026-07-23 08:41:00,failed,authentication_failure,True,False
TXN_001683,CUST_00763,MER_0014,1748.83,INR,NetBanking,YES,2026-08-23 04:26:00,success,,True,False
TXN_001684,CUST_00758,MER_0046,2320.42,INR,UPI,YES,2026-07-10 16:27:00,failed,bank_declined,True,False
TXN_001685,CUST_00155,MER_0007,3013.45,INR,UPI,HDFC,2026-08-19 10:03:00,failed,authentication_failure,True,False
TXN_001686,CUST_00360,MER_0007,350.33,INR,NetBanking,KOTAK,2026-07-01 07:04:00,success,,True,False
TXN_001687,CUST_00728,MER_0002,361.57,INR,NetBanking,YES,2026-07-27 19:24:00,success,,True,True
TXN_001688,CUST_00596,MER_0018,1641.39,INR,UPI,AXIS,2026-07-18 16:54:00,success,,True,True
TXN_001689,CUST_00315,MER_0002,5871.35,INR,NetBanking,AXIS,2026-07-30 00:39:00,success,,True,False
TXN_001690,CUST_01395,MER_0026,697.49,INR,Wallet,AXIS,2026-08-26 01:20:00,success,,True,False
TXN_001691,CUST_01449,MER_0003,220.06,INR,UPI,ICICI,2026-07-14 06:18:00,success,,True,False
TXN_001692,CUST_01507,MER_0018,3854.3,INR,UPI,ICICI,2026-08-24 03:51:00,success,,True,False
TXN_001693,CUST_01353,MER_0018,2965.87,INR,Card,AXIS,2026-07-16 18:57:00,failed,insufficient_funds,True,False
TXN_001694,CUST_01938,MER_0047,1109.39,INR,Card,KOTAK,2026-07-21 03:42:00,success,,True,False
TXN_001695,CUST_00831,MER_0015,1123.5,INR,UPI,YES,2026-07-11 16:50:00,failed,authentication_failure,True,False
TXN_001696,CUST_01042,MER_0028,1478.74,INR,UPI,AXIS,2026-08-15 14:19:00,success,,True,False
TXN_001697,CUST_00663,MER_0011,3623.7,INR,UPI,ICICI,2026-08-05 21:59:00,success,,True,False
TXN_001698,CUST_01589,MER_0032,248.71,INR,UPI,YES,2026-08-10 20:00:00,success,,True,False
TXN_001699,CUST_00150,MER_0033,1229.69,INR,NetBanking,AXIS,2026-07-20 00:05:00,success,,True,False
TXN_001700,CUST_01770,MER_0049,991.44,INR,UPI,HDFC,2026-07-11 01:31:00,success,,True,False
TXN_001701,CUST_01482,MER_0007,1988.09,INR,Card,ICICI,2026-08-08 01:35:00,failed,bank_declined,False,False
TXN_001702,CUST_01010,MER_0003,4620.58,INR,Card,ICICI,2026-07-11 11:53:00,success,,True,False
TXN_001703,CUST_01211,MER_0001,551.44,INR,Wallet,ICICI,2026-07-23 02:17:00,failed,insufficient_funds,False,False
TXN_001704,CUST_00372,MER_0015,3814.9,INR,Wallet,SBI,2026-07-22 23:18:00,success,,True,False
TXN_001705,CUST_00715,MER_0038,10778.6,INR,Card,KOTAK,2026-08-21 19:07:00,failed,bank_declined,True,False
TXN_001706,CUST_00826,MER_0011,3163.92,INR,Card,ICICI,2026-07-01 18:20:00,failed,expired_card,True,False
TXN_001707,CUST_01572,MER_0011,360.12,INR,NetBanking,HDFC,2026-07-29 11:22:00,success,,True,False
TXN_001708,CUST_01722,MER_0040,4797.35,INR,Card,ICICI,2026-07-04 04:01:00,failed,network_error,True,True
TXN_001709,CUST_00584,MER_0001,6265.48,INR,UPI,KOTAK,2026-08-19 09:09:00,success,,True,False
TXN_001710,CUST_00636,MER_0029,813.44,INR,UPI,HDFC,2026-08-07 04:31:00,failed,network_error,True,True
TXN_001711,CUST_01891,MER_0018,10884.06,INR,UPI,ICICI,2026-08-12 17:21:00,success,,True,False
TXN_001712,CUST_00805,MER_0007,3414.43,INR,NetBanking,ICICI,2026-08-14 00:52:00,success,,True,False
TXN_001713,CUST_01123,MER_0050,3045.03,INR,UPI,HDFC,2026-08-06 20:14:00,failed,bank_declined,True,False
TXN_001714,CUST_01400,MER_0023,694.57,INR,Card,SBI,2026-07-23 00:20:00,success,,True,False
TXN_001715,CUST_00766,MER_0050,7218.9,INR,UPI,KOTAK,2026-08-10 03:35:00,failed,bank_declined,True,False
TXN_001716,CUST_01346,MER_0030,3654.03,INR,Card,ICICI,2026-07-24 23:38:00,success,,True,False
TXN_001717,CUST_01939,MER_0006,698.95,INR,Card,ICICI,2026-08-15 08:40:00,success,,True,False
TXN_001718,CUST_00120,MER_0035,949.97,INR,Card,KOTAK,2026-07-12 00:15:00,success,,True,False
TXN_001719,CUST_00263,MER_0003,7693.03,INR,UPI,YES,2026-07-25 19:36:00,failed,bank_timeout,True,True
TXN_001720,CUST_00979,MER_0004,7805.78,INR,UPI,AXIS,2026-08-15 18:31:00,success,,True,False
TXN_001721,CUST_01421,MER_0004,2292.54,INR,NetBanking,SBI,2026-08-10 17:11:00,success,,True,False
TXN_001722,CUST_00330,MER_0034,559.19,INR,UPI,YES,2026-08-04 05:51:00,success,,True,False
TXN_001723,CUST_01032,MER_0046,4982.34,INR,Card,ICICI,2026-07-26 05:52:00,failed,expired_card,True,True
TXN_001724,CUST_00469,MER_0050,4268.22,INR,Card,SBI,2026-08-17 12:44:00,failed,expired_card,True,True
TXN_001725,CUST_00697,MER_0012,710.17,INR,UPI,YES,2026-08-10 13:50:00,failed,authentication_failure,True,True
TXN_001726,CUST_00702,MER_0001,14143.05,INR,UPI,ICICI,2026-08-20 05:32:00,failed,bank_timeout,True,False
TXN_001727,CUST_01329,MER_0026,2330.84,INR,UPI,YES,2026-07-29 01:21:00,failed,network_error,True,False
TXN_001728,CUST_00764,MER_0028,2888.62,INR,UPI,HDFC,2026-07-31 09:43:00,success,,True,True
TXN_001729,CUST_00441,MER_0040,2886.0,INR,UPI,YES,2026-08-18 02:52:00,success,,True,False
TXN_001730,CUST_00362,MER_0013,1019.13,INR,Card,ICICI,2026-07-09 05:28:00,failed,expired_card,True,False
TXN_001731,CUST_01142,MER_0034,5587.88,INR,UPI,AXIS,2026-08-12 01:16:00,success,,True,False
TXN_001732,CUST_00023,MER_0044,1250.31,INR,Card,HDFC,2026-07-31 14:52:00,success,,True,False
TXN_001733,CUST_01471,MER_0046,7628.12,INR,Card,SBI,2026-07-01 00:30:00,success,,True,False
TXN_001734,CUST_01776,MER_0013,2267.96,INR,UPI,HDFC,2026-07-29 14:31:00,success,,True,False
TXN_001735,CUST_00239,MER_0008,1199.65,INR,UPI,ICICI,2026-08-20 14:00:00,failed,bank_declined,True,False
TXN_001736,CUST_00611,MER_0023,1940.24,INR,UPI,SBI,2026-07-08 06:42:00,success,,True,False
TXN_001737,CUST_00235,MER_0025,4481.05,INR,Card,AXIS,2026-07-27 01:04:00,success,,True,False
TXN_001738,CUST_01197,MER_0017,1932.55,INR,Card,ICICI,2026-08-09 01:32:00,success,,True,False
TXN_001739,CUST_01378,MER_0005,2326.54,INR,UPI,SBI,2026-07-07 17:27:00,success,,True,True
TXN_001740,CUST_00597,MER_0032,3622.24,INR,Card,KOTAK,2026-07-13 05:53:00,failed,authentication_failure,False,False
TXN_001741,CUST_00217,MER_0050,494.51,INR,UPI,ICICI,2026-07-18 11:47:00,success,,True,False
TXN_001742,CUST_01035,MER_0033,995.26,INR,NetBanking,KOTAK,2026-07-17 15:18:00,success,,True,False
TXN_001743,CUST_00817,MER_0023,5133.42,INR,NetBanking,KOTAK,2026-07-24 07:41:00,success,,True,False
TXN_001744,CUST_01828,MER_0036,2195.78,INR,Card,SBI,2026-08-14 15:57:00,failed,expired_card,True,False
TXN_001745,CUST_00539,MER_0021,823.15,INR,UPI,SBI,2026-07-12 03:07:00,success,,True,False
TXN_001746,CUST_00663,MER_0050,1028.86,INR,Card,HDFC,2026-08-23 01:06:00,success,,True,False
TXN_001747,CUST_01085,MER_0005,484.23,INR,UPI,AXIS,2026-07-04 10:24:00,success,,True,False
TXN_001748,CUST_01344,MER_0048,2250.65,INR,UPI,ICICI,2026-07-30 17:14:00,success,,True,False
TXN_001749,CUST_00312,MER_0014,1512.09,INR,UPI,AXIS,2026-08-16 12:48:00,failed,bank_declined,True,False
TXN_001750,CUST_00019,MER_0030,2311.15,INR,UPI,AXIS,2026-08-18 07:58:00,success,,True,False
TXN_001751,CUST_01512,MER_0005,3265.53,INR,UPI,SBI,2026-08-26 23:41:00,failed,network_error,True,False
TXN_001752,CUST_01725,MER_0037,728.14,INR,NetBanking,HDFC,2026-08-19 17:38:00,success,,True,True
TXN_001753,CUST_01357,MER_0042,6170.31,INR,NetBanking,KOTAK,2026-07-25 00:41:00,failed,bank_timeout,True,False
TXN_001754,CUST_00364,MER_0018,1308.62,INR,NetBanking,KOTAK,2026-08-02 08:23:00,failed,network_error,True,False
TXN_001755,CUST_00543,MER_0008,1692.38,INR,Card,ICICI,2026-07-12 06:15:00,success,,True,False
TXN_001756,CUST_01464,MER_0037,2831.47,INR,Card,HDFC,2026-08-09 00:33:00,success,,True,False
TXN_001757,CUST_01561,MER_0033,8162.49,INR,UPI,ICICI,2026-08-02 11:14:00,success,,True,False
TXN_001758,CUST_00441,MER_0025,3961.92,INR,UPI,ICICI,2026-08-06 14:09:00,failed,bank_declined,True,False
TXN_001759,CUST_01468,MER_0002,1729.79,INR,Card,SBI,2026-08-21 21:45:00,success,,True,True
TXN_001760,CUST_01482,MER_0041,744.53,INR,UPI,ICICI,2026-07-09 04:01:00,success,,True,True
TXN_001761,CUST_01564,MER_0036,2065.7,INR,UPI,YES,2026-08-18 02:39:00,success,,True,False
TXN_001762,CUST_00712,MER_0029,6407.9,INR,UPI,AXIS,2026-07-14 06:22:00,success,,True,False
TXN_001763,CUST_00861,MER_0049,719.29,INR,UPI,YES,2026-08-26 00:30:00,success,,True,False
TXN_001764,CUST_01411,MER_0038,1049.35,INR,UPI,KOTAK,2026-08-23 21:00:00,failed,authentication_failure,True,False
TXN_001765,CUST_01680,MER_0050,1110.18,INR,UPI,ICICI,2026-07-30 03:05:00,success,,True,False
TXN_001766,CUST_01759,MER_0035,1294.63,INR,UPI,SBI,2026-08-09 08:57:00,failed,network_error,True,False
TXN_001767,CUST_01856,MER_0044,818.53,INR,Card,SBI,2026-07-20 23:27:00,success,,True,False
TXN_001768,CUST_00438,MER_0008,1119.57,INR,UPI,KOTAK,2026-08-09 14:17:00,success,,True,False
TXN_001769,CUST_01637,MER_0012,4284.43,INR,UPI,SBI,2026-08-22 18:23:00,success,,True,True
TXN_001770,CUST_01427,MER_0039,857.57,INR,Card,SBI,2026-07-15 19:09:00,success,,True,False
TXN_001771,CUST_01406,MER_0043,679.73,INR,Card,HDFC,2026-08-14 05:00:00,success,,True,False
TXN_001772,CUST_00764,MER_0048,1474.36,INR,UPI,YES,2026-08-04 03:48:00,success,,True,False
TXN_001773,CUST_00863,MER_0001,4383.33,INR,UPI,AXIS,2026-08-11 09:15:00,success,,True,False
TXN_001774,CUST_00668,MER_0042,2084.87,INR,Card,HDFC,2026-07-07 12:57:00,success,,True,False
TXN_001775,CUST_01212,MER_0038,1683.0,INR,Wallet,YES,2026-07-10 22:19:00,success,,True,False
TXN_001776,CUST_00658,MER_0029,2528.77,INR,Card,HDFC,2026-07-31 01:51:00,success,,True,False
TXN_001777,CUST_01395,MER_0041,603.92,INR,UPI,AXIS,2026-08-26 01:38:00,failed,network_error,True,False
TXN_001778,CUST_01291,MER_0039,3316.77,INR,Wallet,KOTAK,2026-07-12 22:13:00,success,,True,False
TXN_001779,CUST_00824,MER_0034,1759.09,INR,UPI,HDFC,2026-08-12 00:39:00,success,,True,False
TXN_001780,CUST_00313,MER_0038,5457.46,INR,Wallet,KOTAK,2026-07-12 21:53:00,success,,True,False
TXN_001781,CUST_01356,MER_0005,990.3,INR,UPI,HDFC,2026-07-28 20:13:00,success,,True,False
TXN_001782,CUST_00679,MER_0025,6016.9,INR,NetBanking,ICICI,2026-08-21 16:07:00,success,,True,True
TXN_001783,CUST_01787,MER_0003,2761.68,INR,Card,HDFC,2026-07-16 21:19:00,failed,authentication_failure,True,True
TXN_001784,CUST_00251,MER_0041,2402.11,INR,Card,YES,2026-07-17 11:24:00,success,,True,False
TXN_001785,CUST_00395,MER_0032,2239.9,INR,NetBanking,HDFC,2026-07-12 00:22:00,success,,True,False
TXN_001786,CUST_01390,MER_0043,6478.38,INR,UPI,ICICI,2026-08-12 12:45:00,failed,network_error,True,False
TXN_001787,CUST_01022,MER_0036,1326.08,INR,NetBanking,KOTAK,2026-07-29 13:49:00,success,,True,False
TXN_001788,CUST_01271,MER_0016,5591.72,INR,Card,YES,2026-08-18 15:19:00,failed,network_error,True,False
TXN_001789,CUST_01041,MER_0045,5016.19,INR,Card,SBI,2026-08-02 02:42:00,success,,True,False
TXN_001790,CUST_00837,MER_0024,9504.77,INR,Card,SBI,2026-08-13 00:33:00,success,,True,False
TXN_001791,CUST_01234,MER_0045,1769.7,INR,UPI,KOTAK,2026-08-04 05:00:00,failed,authentication_failure,True,False
TXN_001792,CUST_00397,MER_0027,969.76,INR,UPI,ICICI,2026-07-09 07:52:00,success,,True,False
TXN_001793,CUST_00953,MER_0030,4463.94,INR,Card,KOTAK,2026-08-03 13:55:00,failed,authentication_failure,True,False
TXN_001794,CUST_00949,MER_0039,3563.26,INR,Card,ICICI,2026-07-11 14:01:00,success,,True,True
TXN_001795,CUST_01936,MER_0027,1456.14,INR,UPI,AXIS,2026-08-06 19:54:00,success,,True,True
TXN_001796,CUST_00557,MER_0025,646.22,INR,Card,KOTAK,2026-08-26 20:30:00,success,,True,True
TXN_001797,CUST_00445,MER_0048,3650.44,INR,Card,YES,2026-08-05 08:27:00,failed,bank_declined,True,False
TXN_001798,CUST_01196,MER_0040,1893.38,INR,UPI,AXIS,2026-07-01 10:16:00,failed,bank_timeout,True,False
TXN_001799,CUST_00977,MER_0013,2845.57,INR,Wallet,KOTAK,2026-07-06 05:16:00,success,,True,False
TXN_001800,CUST_00261,MER_0001,11599.0,INR,NetBanking,SBI,2026-07-20 01:41:00,success,,True,False
TXN_001801,CUST_01313,MER_0026,5541.87,INR,UPI,KOTAK,2026-08-16 02:17:00,success,,True,False
TXN_001802,CUST_01978,MER_0043,1446.47,INR,UPI,HDFC,2026-08-25 09:42:00,success,,True,False
TXN_001803,CUST_01211,MER_0020,2494.52,INR,UPI,ICICI,2026-08-03 19:37:00,success,,True,True
TXN_001804,CUST_01703,MER_0035,2349.84,INR,UPI,HDFC,2026-08-07 20:55:00,success,,True,False
TXN_001805,CUST_01182,MER_0043,688.32,INR,UPI,ICICI,2026-08-17 22:46:00,success,,True,True
TXN_001806,CUST_01255,MER_0001,1150.19,INR,UPI,YES,2026-08-11 05:09:00,failed,bank_timeout,True,False
TXN_001807,CUST_00188,MER_0017,478.68,INR,Card,KOTAK,2026-07-26 04:16:00,success,,True,False
TXN_001808,CUST_01183,MER_0050,2535.12,INR,Card,HDFC,2026-08-11 12:37:00,success,,True,True
TXN_001809,CUST_00133,MER_0006,1999.68,INR,UPI,SBI,2026-07-16 21:26:00,success,,True,False
TXN_001810,CUST_01371,MER_0027,640.14,INR,UPI,KOTAK,2026-07-28 19:31:00,success,,True,False
TXN_001811,CUST_00985,MER_0049,3372.37,INR,Card,YES,2026-08-11 09:54:00,success,,True,True
TXN_001812,CUST_00908,MER_0020,4327.3,INR,UPI,HDFC,2026-08-15 05:34:00,success,,True,False
TXN_001813,CUST_01069,MER_0013,2926.69,INR,UPI,KOTAK,2026-07-21 13:48:00,failed,bank_timeout,True,True
TXN_001814,CUST_00119,MER_0049,3917.28,INR,Card,YES,2026-07-12 01:32:00,failed,insufficient_funds,True,False
TXN_001815,CUST_01286,MER_0014,3121.04,INR,UPI,ICICI,2026-07-20 06:16:00,success,,True,False
TXN_001816,CUST_00010,MER_0018,1261.82,INR,NetBanking,SBI,2026-08-05 20:47:00,failed,bank_timeout,True,False
TXN_001817,CUST_01378,MER_0001,6351.11,INR,Card,AXIS,2026-07-27 10:58:00,failed,bank_declined,True,False
TXN_001818,CUST_01085,MER_0006,13073.62,INR,UPI,ICICI,2026-08-12 05:40:00,success,,True,False
TXN_001819,CUST_01903,MER_0018,1602.78,INR,UPI,ICICI,2026-07-17 01:15:00,success,,True,True
TXN_001820,CUST_00828,MER_0023,2504.7,INR,Card,SBI,2026-07-23 18:35:00,success,,True,False
TXN_001821,CUST_00401,MER_0007,1425.12,INR,UPI,AXIS,2026-07-17 09:15:00,success,,True,False
TXN_001822,CUST_00909,MER_0024,2917.89,INR,UPI,YES,2026-07-08 13:35:00,failed,network_error,True,True
TXN_001823,CUST_01676,MER_0020,1576.82,INR,UPI,SBI,2026-07-02 08:29:00,success,,True,False
TXN_001824,CUST_01118,MER_0010,1018.72,INR,UPI,KOTAK,2026-07-02 23:14:00,failed,network_error,True,False
TXN_001825,CUST_00157,MER_0036,5407.59,INR,UPI,SBI,2026-08-10 23:40:00,success,,True,False
TXN_001826,CUST_01531,MER_0035,4092.06,INR,UPI,AXIS,2026-07-21 05:22:00,success,,True,False
TXN_001827,CUST_01465,MER_0025,366.01,INR,UPI,AXIS,2026-08-15 20:29:00,failed,bank_timeout,True,False
TXN_001828,CUST_00751,MER_0033,3090.92,INR,NetBanking,AXIS,2026-08-01 01:27:00,success,,True,False
TXN_001829,CUST_01971,MER_0031,1311.33,INR,Wallet,HDFC,2026-08-08 05:44:00,failed,bank_declined,True,False
TXN_001830,CUST_00500,MER_0006,2810.03,INR,UPI,ICICI,2026-08-21 13:18:00,success,,True,True
TXN_001831,CUST_01782,MER_0018,1431.56,INR,Card,KOTAK,2026-07-04 11:42:00,failed,insufficient_funds,True,True
TXN_001832,CUST_01880,MER_0044,1501.2,INR,Card,ICICI,2026-07-10 00:37:00,success,,True,False
TXN_001833,CUST_00022,MER_0044,1766.07,INR,UPI,AXIS,2026-07-18 12:24:00,success,,True,False
TXN_001834,CUST_00529,MER_0045,1409.48,INR,Wallet,HDFC,2026-08-25 18:09:00,success,,True,False
TXN_001835,CUST_00616,MER_0041,775.78,INR,NetBanking,HDFC,2026-07-29 02:10:00,failed,bank_declined,True,False
TXN_001836,CUST_00414,MER_0009,3898.08,INR,NetBanking,ICICI,2026-07-16 11:09:00,success,,True,False
TXN_001837,CUST_01586,MER_0001,3684.56,INR,UPI,HDFC,2026-07-09 13:07:00,failed,network_error,True,False
TXN_001838,CUST_00361,MER_0026,3163.62,INR,UPI,HDFC,2026-07-26 08:04:00,failed,network_error,True,True
TXN_001839,CUST_00721,MER_0042,4777.78,INR,Card,SBI,2026-08-23 00:16:00,success,,True,False
TXN_001840,CUST_00897,MER_0014,823.85,INR,Card,KOTAK,2026-07-08 05:37:00,failed,bank_declined,True,True
TXN_001841,CUST_00099,MER_0050,1128.49,INR,Wallet,SBI,2026-08-06 15:57:00,success,,True,False
TXN_001842,CUST_01922,MER_0008,5790.91,INR,Card,ICICI,2026-07-26 01:25:00,failed,bank_declined,True,True
TXN_001843,CUST_01354,MER_0009,3604.16,INR,UPI,SBI,2026-08-17 19:00:00,success,,True,False
TXN_001844,CUST_00121,MER_0022,5753.39,INR,UPI,HDFC,2026-07-08 19:01:00,failed,network_error,True,False
TXN_001845,CUST_00643,MER_0019,3225.61,INR,Card,AXIS,2026-07-26 05:21:00,success,,True,False
TXN_001846,CUST_00766,MER_0024,2208.04,INR,UPI,AXIS,2026-08-09 16:53:00,failed,bank_declined,True,False
TXN_001847,CUST_01560,MER_0002,2225.69,INR,UPI,SBI,2026-07-29 21:51:00,failed,network_error,False,True
TXN_001848,CUST_01556,MER_0044,3762.08,INR,UPI,AXIS,2026-07-15 23:11:00,success,,True,False
TXN_001849,CUST_01118,MER_0032,4919.37,INR,NetBanking,SBI,2026-07-28 01:50:00,success,,True,False
TXN_001850,CUST_01874,MER_0024,1429.85,INR,UPI,SBI,2026-07-20 02:33:00,failed,network_error,True,False
TXN_001851,CUST_00416,MER_0007,1046.54,INR,Card,SBI,2026-08-14 15:57:00,success,,True,False
TXN_001852,CUST_01442,MER_0008,330.81,INR,Card,YES,2026-07-06 21:56:00,success,,True,False
TXN_001853,CUST_00741,MER_0026,2865.13,INR,UPI,YES,2026-07-20 13:48:00,success,,True,False
TXN_001854,CUST_01478,MER_0008,3972.39,INR,Card,ICICI,2026-08-26 11:00:00,success,,True,False
TXN_001855,CUST_01675,MER_0043,3009.87,INR,Card,AXIS,2026-08-05 00:14:00,success,,True,False
TXN_001856,CUST_00607,MER_0012,513.04,INR,Wallet,YES,2026-08-14 16:19:00,success,,True,False
TXN_001857,CUST_01736,MER_0035,1843.31,INR,UPI,HDFC,2026-08-21 21:55:00,failed,bank_timeout,True,False
TXN_001858,CUST_01338,MER_0031,7300.96,INR,UPI,YES,2026-07-09 07:10:00,success,,True,False
TXN_001859,CUST_01236,MER_0017,1023.68,INR,UPI,KOTAK,2026-07-09 10:59:00,failed,bank_timeout,True,False
TXN_001860,CUST_01564,MER_0046,5201.47,INR,UPI,YES,2026-08-04 11:32:00,success,,True,True
TXN_001861,CUST_00981,MER_0044,1187.41,INR,UPI,KOTAK,2026-07-07 08:34:00,success,,True,True
TXN_001862,CUST_00038,MER_0040,986.11,INR,UPI,ICICI,2026-08-03 09:31:00,failed,bank_timeout,True,False
TXN_001863,CUST_01620,MER_0044,1242.08,INR,UPI,SBI,2026-08-25 02:52:00,success,,True,False
TXN_001864,CUST_01848,MER_0009,2649.13,INR,NetBanking,HDFC,2026-07-29 11:02:00,success,,True,False
TXN_001865,CUST_01948,MER_0005,1658.61,INR,UPI,ICICI,2026-07-08 01:00:00,failed,bank_declined,True,False
TXN_001866,CUST_01362,MER_0041,409.78,INR,Card,ICICI,2026-07-09 16:49:00,success,,True,False
TXN_001867,CUST_00151,MER_0005,2925.87,INR,UPI,YES,2026-08-02 23:53:00,success,,True,False
TXN_001868,CUST_00830,MER_0020,1557.37,INR,Card,HDFC,2026-08-21 15:07:00,failed,expired_card,True,False
TXN_001869,CUST_00218,MER_0020,4258.58,INR,UPI,SBI,2026-07-06 01:16:00,success,,True,False
TXN_001870,CUST_00875,MER_0047,6240.11,INR,UPI,AXIS,2026-07-18 00:37:00,success,,True,False
TXN_001871,CUST_00927,MER_0049,1962.48,INR,UPI,ICICI,2026-07-28 15:28:00,success,,True,False
TXN_001872,CUST_00884,MER_0001,1858.49,INR,NetBanking,AXIS,2026-08-23 05:27:00,failed,bank_timeout,True,True
TXN_001873,CUST_00719,MER_0017,824.23,INR,Wallet,YES,2026-07-05 09:39:00,success,,True,False
TXN_001874,CUST_01042,MER_0032,2917.62,INR,Card,ICICI,2026-07-07 17:50:00,success,,True,False
TXN_001875,CUST_00751,MER_0050,3795.26,INR,Card,AXIS,2026-08-17 19:36:00,success,,True,False
TXN_001876,CUST_01671,MER_0039,4205.65,INR,Card,SBI,2026-08-08 17:16:00,success,,True,False
TXN_001877,CUST_01814,MER_0021,518.32,INR,NetBanking,HDFC,2026-08-25 09:37:00,success,,True,False
TXN_001878,CUST_01326,MER_0010,1327.32,INR,NetBanking,AXIS,2026-07-19 07:23:00,failed,bank_declined,False,False
TXN_001879,CUST_00167,MER_0046,2643.63,INR,Wallet,KOTAK,2026-08-21 22:13:00,failed,insufficient_funds,True,False
TXN_001880,CUST_00757,MER_0005,8081.79,INR,UPI,AXIS,2026-07-28 23:51:00,success,,True,False
TXN_001881,CUST_01746,MER_0013,1642.59,INR,NetBanking,KOTAK,2026-08-15 10:22:00,success,,True,False
TXN_001882,CUST_00619,MER_0041,1639.16,INR,UPI,AXIS,2026-08-15 15:44:00,success,,True,False
TXN_001883,CUST_01240,MER_0033,6122.57,INR,Card,KOTAK,2026-07-10 04:23:00,failed,expired_card,True,False
TXN_001884,CUST_00788,MER_0025,6728.59,INR,Card,YES,2026-07-13 23:49:00,success,,True,False
TXN_001885,CUST_01289,MER_0026,3074.76,INR,UPI,YES,2026-08-06 20:27:00,success,,True,False
TXN_001886,CUST_00662,MER_0026,967.1,INR,UPI,YES,2026-07-21 17:35:00,success,,True,False
TXN_001887,CUST_00990,MER_0037,840.08,INR,Card,AXIS,2026-07-13 23:09:00,success,,True,False
TXN_001888,CUST_00650,MER_0040,705.42,INR,NetBanking,AXIS,2026-07-10 06:52:00,success,,True,True
TXN_001889,CUST_00642,MER_0035,4144.93,INR,UPI,ICICI,2026-07-27 02:51:00,success,,True,True
TXN_001890,CUST_00062,MER_0027,6316.23,INR,UPI,SBI,2026-08-16 15:20:00,success,,True,False
TXN_001891,CUST_00851,MER_0022,10715.96,INR,UPI,KOTAK,2026-07-26 11:00:00,success,,True,False
TXN_001892,CUST_01943,MER_0032,4790.95,INR,UPI,ICICI,2026-07-17 16:03:00,success,,True,True
TXN_001893,CUST_01828,MER_0025,6187.4,INR,Card,SBI,2026-08-03 14:09:00,success,,True,False
TXN_001894,CUST_00681,MER_0044,1534.54,INR,UPI,HDFC,2026-07-27 13:03:00,success,,True,False
TXN_001895,CUST_01237,MER_0012,967.65,INR,NetBanking,SBI,2026-07-17 02:20:00,success,,True,False
TXN_001896,CUST_00222,MER_0019,4817.76,INR,UPI,ICICI,2026-07-13 18:03:00,success,,True,False
TXN_001897,CUST_00481,MER_0002,3408.9,INR,Card,ICICI,2026-08-23 10:51:00,success,,True,False
TXN_001898,CUST_00580,MER_0005,2659.67,INR,UPI,ICICI,2026-07-27 06:37:00,failed,bank_declined,True,False
TXN_001899,CUST_01408,MER_0047,3160.7,INR,UPI,KOTAK,2026-08-17 18:15:00,failed,authentication_failure,True,False
TXN_001900,CUST_00604,MER_0005,6877.35,INR,NetBanking,AXIS,2026-08-08 16:32:00,success,,True,False
TXN_001901,CUST_01644,MER_0037,3772.06,INR,NetBanking,ICICI,2026-08-23 09:18:00,success,,True,True
TXN_001902,CUST_00339,MER_0008,4801.3,INR,UPI,AXIS,2026-08-09 09:13:00,success,,True,False
TXN_001903,CUST_00411,MER_0003,3682.14,INR,UPI,SBI,2026-08-18 12:53:00,success,,True,False
TXN_001904,CUST_00679,MER_0001,1687.6,INR,Card,AXIS,2026-08-10 21:48:00,success,,True,False
TXN_001905,CUST_01167,MER_0002,4470.48,INR,NetBanking,KOTAK,2026-08-23 21:26:00,success,,True,True
TXN_001906,CUST_01149,MER_0028,799.83,INR,UPI,YES,2026-08-09 08:33:00,failed,bank_declined,True,True
TXN_001907,CUST_00945,MER_0049,938.59,INR,UPI,KOTAK,2026-07-18 20:50:00,success,,True,True
TXN_001908,CUST_00350,MER_0020,3067.58,INR,UPI,ICICI,2026-07-07 19:14:00,success,,True,False
TXN_001909,CUST_00049,MER_0019,1241.25,INR,Card,AXIS,2026-07-24 20:48:00,success,,True,False
TXN_001910,CUST_01567,MER_0020,3799.83,INR,UPI,AXIS,2026-08-17 09:07:00,success,,True,False
TXN_001911,CUST_00153,MER_0011,2375.25,INR,UPI,KOTAK,2026-08-03 04:24:00,success,,True,False
TXN_001912,CUST_00390,MER_0034,681.43,INR,NetBanking,YES,2026-08-02 09:26:00,failed,network_error,True,False
TXN_001913,CUST_01727,MER_0047,1537.12,INR,Card,YES,2026-08-09 09:33:00,failed,insufficient_funds,True,False
TXN_001914,CUST_01263,MER_0026,2443.19,INR,UPI,KOTAK,2026-07-14 22:25:00,success,,True,False
TXN_001915,CUST_00702,MER_0024,3348.73,INR,UPI,KOTAK,2026-08-21 03:04:00,success,,True,False
TXN_001916,CUST_00177,MER_0050,1134.5,INR,UPI,AXIS,2026-08-22 12:20:00,success,,True,False
TXN_001917,CUST_00927,MER_0040,1523.15,INR,Card,HDFC,2026-07-27 05:12:00,failed,expired_card,True,False
TXN_001918,CUST_01638,MER_0010,4843.35,INR,NetBanking,ICICI,2026-07-31 23:11:00,success,,True,True
TXN_001919,CUST_01742,MER_0049,9338.51,INR,Wallet,SBI,2026-08-22 09:18:00,success,,True,False
TXN_001920,CUST_01088,MER_0041,1281.6,INR,UPI,YES,2026-08-26 18:50:00,failed,network_error,True,False
TXN_001921,CUST_00463,MER_0013,430.2,INR,Card,HDFC,2026-08-22 18:35:00,success,,True,False
TXN_001922,CUST_00645,MER_0029,938.84,INR,Card,AXIS,2026-08-02 02:15:00,success,,True,True
TXN_001923,CUST_00705,MER_0039,1133.4,INR,UPI,KOTAK,2026-07-20 12:36:00,success,,True,False
TXN_001924,CUST_01012,MER_0041,827.16,INR,UPI,AXIS,2026-08-22 18:46:00,failed,bank_timeout,True,False
TXN_001925,CUST_01784,MER_0031,3396.15,INR,UPI,ICICI,2026-07-16 20:15:00,success,,True,True
TXN_001926,CUST_00092,MER_0041,2056.47,INR,Card,KOTAK,2026-07-02 21:34:00,success,,True,False
TXN_001927,CUST_01513,MER_0035,3306.1,INR,UPI,KOTAK,2026-08-11 18:25:00,success,,True,False
TXN_001928,CUST_00692,MER_0049,4240.25,INR,UPI,ICICI,2026-08-22 00:54:00,success,,True,False
TXN_001929,CUST_00107,MER_0026,3018.43,INR,UPI,KOTAK,2026-07-03 04:02:00,failed,network_error,True,False
TXN_001930,CUST_01880,MER_0018,2308.55,INR,NetBanking,KOTAK,2026-08-12 14:54:00,success,,True,False
TXN_001931,CUST_01625,MER_0003,944.26,INR,UPI,SBI,2026-07-03 14:21:00,success,,True,False
TXN_001932,CUST_00638,MER_0027,5688.78,INR,NetBanking,YES,2026-08-25 07:41:00,success,,True,True
TXN_001933,CUST_01499,MER_0045,1523.42,INR,UPI,AXIS,2026-07-29 08:03:00,success,,True,False
TXN_001934,CUST_00884,MER_0043,1154.62,INR,NetBanking,ICICI,2026-07-07 11:01:00,success,,True,False
TXN_001935,CUST_01621,MER_0050,2116.81,INR,UPI,YES,2026-07-03 12:12:00,failed,bank_timeout,True,False
TXN_001936,CUST_01322,MER_0033,1747.7,INR,Card,HDFC,2026-07-05 10:37:00,failed,network_error,False,False
TXN_001937,CUST_01678,MER_0026,3224.95,INR,Card,AXIS,2026-07-08 11:04:00,success,,True,False
TXN_001938,CUST_01146,MER_0050,1190.03,INR,Card,HDFC,2026-08-17 01:16:00,success,,True,False
TXN_001939,CUST_00112,MER_0029,1652.15,INR,Card,KOTAK,2026-07-04 04:51:00,failed,network_error,True,False
TXN_001940,CUST_01609,MER_0019,3630.48,INR,UPI,ICICI,2026-08-22 14:26:00,success,,True,False
TXN_001941,CUST_01418,MER_0002,12836.55,INR,UPI,ICICI,2026-07-09 20:55:00,success,,True,False
TXN_001942,CUST_01406,MER_0033,6273.58,INR,Card,HDFC,2026-07-23 19:52:00,success,,True,False
TXN_001943,CUST_00740,MER_0011,6096.28,INR,Card,YES,2026-08-12 05:01:00,success,,True,False
TXN_001944,CUST_01682,MER_0026,804.09,INR,Wallet,YES,2026-07-14 01:17:00,failed,insufficient_funds,True,False
TXN_001945,CUST_00145,MER_0025,2339.08,INR,NetBanking,YES,2026-07-24 02:21:00,success,,True,False
TXN_001946,CUST_01402,MER_0035,1570.6,INR,UPI,AXIS,2026-08-21 13:16:00,failed,network_error,True,False
TXN_001947,CUST_01124,MER_0048,5198.73,INR,Card,SBI,2026-08-04 09:40:00,success,,True,False
TXN_001948,CUST_01306,MER_0018,3643.37,INR,Card,KOTAK,2026-07-08 14:29:00,failed,authentication_failure,True,True
TXN_001949,CUST_00053,MER_0005,4420.32,INR,Card,SBI,2026-07-07 07:46:00,success,,True,False
TXN_001950,CUST_01159,MER_0043,1465.47,INR,UPI,YES,2026-08-26 01:59:00,success,,True,False
TXN_001951,CUST_00402,MER_0014,2902.55,INR,Card,AXIS,2026-07-19 00:52:00,success,,True,True
TXN_001952,CUST_00051,MER_0047,1914.71,INR,NetBanking,KOTAK,2026-07-26 09:51:00,success,,True,False
TXN_001953,CUST_00388,MER_0050,2048.59,INR,Wallet,ICICI,2026-07-28 21:39:00,success,,True,False
TXN_001954,CUST_00010,MER_0037,4505.23,INR,Card,KOTAK,2026-07-25 06:23:00,failed,network_error,True,False
TXN_001955,CUST_00333,MER_0028,11569.83,INR,Wallet,HDFC,2026-07-09 10:41:00,success,,True,False
TXN_001956,CUST_00280,MER_0012,568.57,INR,NetBanking,HDFC,2026-07-09 04:22:00,failed,bank_declined,True,False
TXN_001957,CUST_01398,MER_0036,3281.87,INR,UPI,AXIS,2026-08-01 12:13:00,success,,True,True
TXN_001958,CUST_00576,MER_0029,3895.01,INR,Card,SBI,2026-07-10 21:41:00,success,,True,False
TXN_001959,CUST_00516,MER_0018,2252.1,INR,UPI,KOTAK,2026-07-11 07:12:00,failed,authentication_failure,True,False
TXN_001960,CUST_01746,MER_0025,3389.51,INR,NetBanking,HDFC,2026-08-05 13:05:00,failed,bank_declined,True,True
TXN_001961,CUST_00701,MER_0025,7439.4,INR,NetBanking,YES,2026-07-22 12:09:00,success,,True,True
TXN_001962,CUST_01630,MER_0032,4776.58,INR,Card,AXIS,2026-08-24 08:58:00,success,,True,False
TXN_001963,CUST_00740,MER_0002,4906.22,INR,UPI,KOTAK,2026-07-21 00:05:00,success,,True,False
TXN_001964,CUST_01340,MER_0022,1126.73,INR,UPI,YES,2026-07-14 09:15:00,success,,True,False
TXN_001965,CUST_00795,MER_0036,2290.42,INR,UPI,ICICI,2026-07-12 18:12:00,success,,True,False
TXN_001966,CUST_00225,MER_0020,1919.13,INR,UPI,ICICI,2026-07-15 02:15:00,failed,network_error,True,False
TXN_001967,CUST_00444,MER_0023,3255.6,INR,UPI,SBI,2026-08-14 20:04:00,success,,True,False
TXN_001968,CUST_01055,MER_0021,1587.45,INR,UPI,ICICI,2026-08-25 23:29:00,failed,bank_timeout,True,False
TXN_001969,CUST_01135,MER_0045,1036.75,INR,Card,SBI,2026-08-02 01:45:00,failed,bank_declined,True,False
TXN_001970,CUST_00853,MER_0005,1191.46,INR,UPI,AXIS,2026-07-31 18:15:00,success,,True,False
TXN_001971,CUST_01455,MER_0001,2908.64,INR,UPI,KOTAK,2026-07-05 18:43:00,success,,True,True
TXN_001972,CUST_01967,MER_0026,4598.51,INR,Card,SBI,2026-07-28 10:16:00,failed,bank_declined,True,False
TXN_001973,CUST_00438,MER_0038,4826.97,INR,Card,ICICI,2026-08-21 02:27:00,success,,True,False
TXN_001974,CUST_01345,MER_0048,912.92,INR,UPI,AXIS,2026-07-03 01:48:00,failed,bank_timeout,False,False
TXN_001975,CUST_01956,MER_0044,2468.39,INR,UPI,ICICI,2026-07-11 09:50:00,success,,True,True
TXN_001976,CUST_00149,MER_0010,1514.55,INR,UPI,AXIS,2026-07-31 01:15:00,failed,bank_timeout,True,False
TXN_001977,CUST_00143,MER_0048,4661.7,INR,Card,ICICI,2026-07-09 04:39:00,failed,authentication_failure,True,False
TXN_001978,CUST_01150,MER_0042,1340.12,INR,UPI,YES,2026-08-17 20:57:00,success,,True,False
TXN_001979,CUST_01426,MER_0049,2044.22,INR,UPI,KOTAK,2026-07-20 07:08:00,failed,bank_timeout,True,True
TXN_001980,CUST_00442,MER_0047,10471.74,INR,Card,SBI,2026-08-23 14:03:00,success,,True,False
TXN_001981,CUST_00741,MER_0020,1551.36,INR,UPI,AXIS,2026-07-20 10:10:00,success,,True,False
TXN_001982,CUST_01532,MER_0012,4747.12,INR,UPI,KOTAK,2026-07-28 14:39:00,failed,bank_timeout,True,False
TXN_001983,CUST_00386,MER_0016,1110.29,INR,UPI,KOTAK,2026-08-05 21:44:00,success,,True,True
TXN_001984,CUST_00339,MER_0015,2429.0,INR,UPI,HDFC,2026-07-22 23:29:00,failed,network_error,False,False
TXN_001985,CUST_00564,MER_0024,2099.37,INR,Card,YES,2026-08-02 02:04:00,success,,True,False
TXN_001986,CUST_01404,MER_0007,6339.09,INR,UPI,SBI,2026-07-15 08:30:00,success,,True,False
TXN_001987,CUST_00771,MER_0011,5525.96,INR,UPI,AXIS,2026-08-19 09:14:00,success,,True,False
TXN_001988,CUST_01067,MER_0021,5090.5,INR,Card,SBI,2026-07-14 19:09:00,success,,True,False
TXN_001989,CUST_01237,MER_0027,1689.65,INR,UPI,YES,2026-08-26 19:40:00,success,,True,False
TXN_001990,CUST_01600,MER_0010,1028.78,INR,UPI,YES,2026-08-18 13:15:00,success,,True,False
TXN_001991,CUST_00173,MER_0007,1493.88,INR,UPI,HDFC,2026-07-11 21:52:00,success,,True,False
TXN_001992,CUST_01604,MER_0027,2855.47,INR,Wallet,YES,2026-08-10 18:40:00,success,,True,False
TXN_001993,CUST_01368,MER_0043,3776.79,INR,UPI,KOTAK,2026-07-22 17:04:00,success,,True,False
TXN_001994,CUST_00024,MER_0002,429.55,INR,UPI,HDFC,2026-07-26 18:22:00,failed,network_error,True,False
TXN_001995,CUST_00656,MER_0027,2769.64,INR,UPI,ICICI,2026-08-13 17:04:00,failed,network_error,True,False
TXN_001996,CUST_01155,MER_0014,6856.96,INR,UPI,AXIS,2026-07-04 16:05:00,success,,True,False
TXN_001997,CUST_00312,MER_0001,3420.1,INR,Wallet,SBI,2026-08-04 20:56:00,success,,True,False
TXN_001998,CUST_01305,MER_0046,6961.52,INR,UPI,ICICI,2026-07-25 09:23:00,success,,True,True
TXN_001999,CUST_00287,MER_0019,2053.36,INR,UPI,ICICI,2026-08-07 10:09:00,success,,True,False
TXN_002000,CUST_00489,MER_0021,5166.66,INR,Card,ICICI,2026-08-17 19:44:00,success,,True,False
TXN_002001,CUST_00199,MER_0045,9027.7,INR,UPI,AXIS,2026-07-14 06:31:00,success,,True,False
TXN_002002,CUST_00671,MER_0038,6969.89,INR,NetBanking,KOTAK,2026-08-10 10:15:00,failed,network_error,True,False
TXN_002003,CUST_01298,MER_0025,1992.33,INR,Card,KOTAK,2026-07-30 03:01:00,success,,True,False
TXN_002004,CUST_01187,MER_0002,1851.72,INR,UPI,KOTAK,2026-07-15 07:27:00,success,,True,False
TXN_002005,CUST_01568,MER_0007,3609.79,INR,Wallet,HDFC,2026-07-11 11:56:00,success,,True,False
TXN_002006,CUST_01893,MER_0026,4226.3,INR,Card,ICICI,2026-08-06 20:32:00,failed,expired_card,True,True
TXN_002007,CUST_01973,MER_0043,2576.72,INR,UPI,AXIS,2026-08-12 07:00:00,success,,True,False
TXN_002008,CUST_00246,MER_0007,484.96,INR,UPI,KOTAK,2026-08-04 23:35:00,failed,bank_declined,False,False
TXN_002009,CUST_01966,MER_0035,1619.87,INR,UPI,AXIS,2026-07-01 09:39:00,success,,True,False
TXN_002010,CUST_01796,MER_0043,2552.15,INR,UPI,HDFC,2026-07-04 10:38:00,success,,True,False
TXN_002011,CUST_01487,MER_0003,1905.08,INR,UPI,KOTAK,2026-08-23 14:14:00,success,,True,False
TXN_002012,CUST_01278,MER_0035,6104.75,INR,Wallet,YES,2026-07-05 21:11:00,success,,True,False
TXN_002013,CUST_00230,MER_0008,252.14,INR,Wallet,ICICI,2026-07-17 17:07:00,success,,True,False
TXN_002014,CUST_00779,MER_0036,2408.39,INR,UPI,ICICI,2026-07-04 07:09:00,success,,True,True
TXN_002015,CUST_01886,MER_0045,2242.5,INR,UPI,YES,2026-07-07 16:34:00,success,,True,False
TXN_002016,CUST_01819,MER_0014,1697.8,INR,Wallet,AXIS,2026-07-04 02:43:00,success,,True,False
TXN_002017,CUST_00578,MER_0045,9710.68,INR,NetBanking,AXIS,2026-07-08 06:56:00,success,,True,False
TXN_002018,CUST_01556,MER_0038,1200.07,INR,Card,HDFC,2026-07-09 10:21:00,success,,True,False
TXN_002019,CUST_01548,MER_0011,4525.29,INR,Wallet,KOTAK,2026-08-05 22:21:00,failed,bank_timeout,True,False
TXN_002020,CUST_01355,MER_0050,6695.66,INR,Wallet,ICICI,2026-07-28 16:15:00,success,,True,False
TXN_002021,CUST_00805,MER_0019,1431.17,INR,NetBanking,ICICI,2026-08-08 02:26:00,failed,bank_declined,True,False
TXN_002022,CUST_01696,MER_0008,5865.58,INR,Card,SBI,2026-07-11 08:30:00,success,,True,True
TXN_002023,CUST_00970,MER_0004,3429.8,INR,UPI,ICICI,2026-07-06 11:27:00,failed,bank_timeout,True,False
TXN_002024,CUST_01852,MER_0023,1585.34,INR,UPI,SBI,2026-07-12 22:23:00,success,,True,False
TXN_002025,CUST_00213,MER_0001,3324.6,INR,UPI,SBI,2026-07-19 16:36:00,success,,True,True
TXN_002026,CUST_01790,MER_0030,4770.52,INR,Card,KOTAK,2026-08-15 20:56:00,failed,expired_card,False,False
TXN_002027,CUST_01452,MER_0015,237.13,INR,Wallet,HDFC,2026-07-24 03:37:00,success,,True,False
TXN_002028,CUST_01131,MER_0022,3709.23,INR,UPI,SBI,2026-08-12 13:43:00,failed,network_error,True,False
TXN_002029,CUST_01903,MER_0009,485.96,INR,Card,SBI,2026-07-26 12:31:00,failed,insufficient_funds,True,True
TXN_002030,CUST_01375,MER_0001,4680.61,INR,Wallet,AXIS,2026-08-02 22:07:00,success,,True,False
TXN_002031,CUST_00028,MER_0017,2705.1,INR,UPI,YES,2026-08-02 15:11:00,success,,True,True
TXN_002032,CUST_01422,MER_0001,2037.49,INR,Wallet,AXIS,2026-07-27 18:28:00,success,,True,False
TXN_002033,CUST_01252,MER_0049,7414.7,INR,UPI,ICICI,2026-08-04 04:48:00,failed,network_error,True,False
TXN_002034,CUST_00558,MER_0010,8893.18,INR,UPI,KOTAK,2026-07-10 09:41:00,failed,bank_timeout,True,True
TXN_002035,CUST_01262,MER_0018,2374.07,INR,UPI,YES,2026-08-18 18:55:00,failed,bank_declined,True,False
TXN_002036,CUST_00652,MER_0050,2031.43,INR,UPI,SBI,2026-08-19 15:07:00,success,,True,True
TXN_002037,CUST_00612,MER_0034,2000.41,INR,Card,HDFC,2026-08-20 14:54:00,failed,bank_declined,False,False
TXN_002038,CUST_00890,MER_0035,2531.21,INR,UPI,HDFC,2026-07-02 10:14:00,failed,bank_timeout,False,False
TXN_002039,CUST_01400,MER_0049,4284.47,INR,Card,HDFC,2026-08-11 08:57:00,failed,expired_card,True,False
TXN_002040,CUST_01534,MER_0036,1896.49,INR,Wallet,ICICI,2026-07-02 13:09:00,failed,network_error,False,False
TXN_002041,CUST_00805,MER_0010,2971.63,INR,UPI,YES,2026-08-09 15:10:00,failed,authentication_failure,True,False
TXN_002042,CUST_01362,MER_0021,7986.98,INR,Wallet,AXIS,2026-08-20 12:42:00,success,,True,False
TXN_002043,CUST_00225,MER_0002,1945.79,INR,Card,SBI,2026-07-12 19:39:00,success,,True,True
TXN_002044,CUST_00635,MER_0039,1552.37,INR,Wallet,KOTAK,2026-08-10 01:40:00,success,,True,False
TXN_002045,CUST_00615,MER_0034,1673.96,INR,Card,KOTAK,2026-07-28 00:30:00,success,,True,False
TXN_002046,CUST_01725,MER_0022,4336.11,INR,UPI,ICICI,2026-07-15 15:26:00,success,,True,False
TXN_002047,CUST_00988,MER_0003,2151.25,INR,UPI,SBI,2026-07-10 15:09:00,success,,True,False
TXN_002048,CUST_01340,MER_0043,1460.69,INR,Card,SBI,2026-08-07 18:50:00,failed,insufficient_funds,True,False
TXN_002049,CUST_01155,MER_0041,1230.36,INR,Card,AXIS,2026-07-19 09:11:00,success,,True,False
TXN_002050,CUST_00909,MER_0012,2511.04,INR,UPI,HDFC,2026-08-04 09:37:00,success,,True,False
TXN_002051,CUST_00399,MER_0017,4112.74,INR,UPI,SBI,2026-08-02 00:09:00,success,,True,False
TXN_002052,CUST_00413,MER_0046,661.78,INR,UPI,HDFC,2026-08-16 11:17:00,success,,True,False
TXN_002053,CUST_00246,MER_0039,3583.91,INR,UPI,KOTAK,2026-07-22 10:45:00,success,,True,False
TXN_002054,CUST_01007,MER_0002,1049.34,INR,UPI,AXIS,2026-08-06 12:55:00,failed,bank_timeout,True,True
TXN_002055,CUST_01424,MER_0023,1129.89,INR,UPI,ICICI,2026-08-24 02:49:00,success,,True,False
TXN_002056,CUST_01947,MER_0009,4248.05,INR,Card,ICICI,2026-07-03 09:32:00,failed,bank_declined,True,False
TXN_002057,CUST_00856,MER_0011,4861.73,INR,Card,ICICI,2026-07-02 10:18:00,failed,expired_card,False,True
TXN_002058,CUST_00866,MER_0026,2028.31,INR,UPI,ICICI,2026-07-31 00:10:00,success,,True,False
TXN_002059,CUST_00996,MER_0023,1538.96,INR,Card,ICICI,2026-07-08 07:52:00,success,,True,False
TXN_002060,CUST_01564,MER_0035,7917.48,INR,Card,SBI,2026-07-01 06:18:00,failed,insufficient_funds,True,True
TXN_002061,CUST_00587,MER_0032,1064.59,INR,Card,HDFC,2026-08-08 02:06:00,failed,bank_declined,True,False
TXN_002062,CUST_01928,MER_0046,1290.89,INR,Card,SBI,2026-08-14 16:48:00,failed,bank_declined,True,False
TXN_002063,CUST_01870,MER_0010,769.02,INR,UPI,SBI,2026-08-20 11:44:00,success,,True,False
TXN_002064,CUST_00813,MER_0048,1658.51,INR,UPI,AXIS,2026-08-11 21:25:00,success,,True,False
TXN_002065,CUST_01663,MER_0050,2284.33,INR,UPI,SBI,2026-07-25 09:53:00,success,,True,False
TXN_002066,CUST_00687,MER_0029,2964.53,INR,UPI,YES,2026-07-08 20:59:00,failed,bank_declined,True,False
TXN_002067,CUST_01002,MER_0027,3720.15,INR,Card,SBI,2026-07-04 11:45:00,failed,expired_card,False,False
TXN_002068,CUST_01469,MER_0045,2082.75,INR,Card,AXIS,2026-08-05 01:52:00,success,,True,True
TXN_002069,CUST_00215,MER_0040,3670.66,INR,UPI,ICICI,2026-07-16 02:21:00,success,,True,False
TXN_002070,CUST_01636,MER_0036,6755.12,INR,Card,AXIS,2026-07-02 13:11:00,success,,True,False
TXN_002071,CUST_00334,MER_0014,2700.12,INR,UPI,ICICI,2026-07-10 06:46:00,success,,True,True
TXN_002072,CUST_01716,MER_0038,1676.89,INR,UPI,ICICI,2026-07-25 21:42:00,success,,True,False
TXN_002073,CUST_01907,MER_0024,1102.91,INR,UPI,AXIS,2026-07-06 02:50:00,failed,bank_timeout,True,True
TXN_002074,CUST_01570,MER_0016,4158.94,INR,Card,KOTAK,2026-08-06 23:47:00,failed,insufficient_funds,True,False
TXN_002075,CUST_00848,MER_0040,3873.41,INR,UPI,AXIS,2026-08-18 18:16:00,success,,True,True
TXN_002076,CUST_00340,MER_0036,2201.89,INR,UPI,YES,2026-08-01 14:05:00,success,,True,True
TXN_002077,CUST_00259,MER_0014,7521.7,INR,NetBanking,ICICI,2026-07-03 03:13:00,failed,bank_timeout,False,False
TXN_002078,CUST_00006,MER_0015,5240.73,INR,NetBanking,SBI,2026-07-05 04:55:00,success,,True,False
TXN_002079,CUST_01663,MER_0023,2366.12,INR,UPI,ICICI,2026-08-01 12:28:00,success,,True,False
TXN_002080,CUST_01556,MER_0025,1500.15,INR,Card,AXIS,2026-07-17 18:03:00,success,,True,False
TXN_002081,CUST_00844,MER_0011,3920.7,INR,UPI,KOTAK,2026-07-19 12:32:00,success,,True,True
TXN_002082,CUST_01372,MER_0041,3387.03,INR,UPI,HDFC,2026-07-27 19:44:00,failed,network_error,True,False
TXN_002083,CUST_01677,MER_0009,2604.57,INR,Card,AXIS,2026-08-15 16:48:00,failed,network_error,True,False
TXN_002084,CUST_00480,MER_0009,16493.1,INR,UPI,KOTAK,2026-07-08 10:16:00,success,,True,False
TXN_002085,CUST_01891,MER_0001,6294.34,INR,UPI,ICICI,2026-07-19 16:50:00,success,,True,False
TXN_002086,CUST_01843,MER_0045,4351.44,INR,Card,YES,2026-07-01 09:47:00,success,,True,False
TXN_002087,CUST_01656,MER_0037,2668.95,INR,UPI,ICICI,2026-07-24 03:58:00,success,,True,False
TXN_002088,CUST_01784,MER_0004,5462.85,INR,UPI,ICICI,2026-07-15 22:10:00,success,,True,True
TXN_002089,CUST_01132,MER_0029,3693.74,INR,Card,ICICI,2026-08-19 08:17:00,failed,bank_declined,False,False
TXN_002090,CUST_00039,MER_0032,1914.38,INR,UPI,YES,2026-07-29 00:24:00,success,,True,False
TXN_002091,CUST_00493,MER_0043,2287.62,INR,UPI,KOTAK,2026-07-28 06:50:00,failed,bank_timeout,True,False
TXN_002092,CUST_00598,MER_0044,2888.47,INR,Card,KOTAK,2026-07-18 04:19:00,success,,True,False
TXN_002093,CUST_01415,MER_0035,1651.14,INR,UPI,ICICI,2026-07-28 15:24:00,success,,True,False
TXN_002094,CUST_00429,MER_0033,8726.64,INR,UPI,YES,2026-08-04 20:39:00,success,,True,False
TXN_002095,CUST_01054,MER_0006,2478.66,INR,Card,AXIS,2026-07-01 11:27:00,success,,True,False
TXN_002096,CUST_01896,MER_0019,942.78,INR,NetBanking,KOTAK,2026-07-09 00:49:00,success,,True,False
TXN_002097,CUST_01138,MER_0018,2345.13,INR,Card,HDFC,2026-07-08 06:24:00,failed,bank_declined,True,True
TXN_002098,CUST_01383,MER_0001,3564.31,INR,UPI,SBI,2026-07-19 13:21:00,failed,bank_timeout,False,False
TXN_002099,CUST_00041,MER_0033,5251.51,INR,Card,YES,2026-08-17 01:13:00,failed,bank_declined,True,True
TXN_002100,CUST_00720,MER_0005,2507.91,INR,Card,SBI,2026-07-13 17:49:00,success,,True,True
TXN_002101,CUST_01744,MER_0042,818.92,INR,UPI,SBI,2026-07-30 10:54:00,success,,True,True
TXN_002102,CUST_00480,MER_0040,4277.81,INR,Card,HDFC,2026-07-26 17:37:00,success,,True,False
TXN_002103,CUST_01757,MER_0008,3696.33,INR,UPI,AXIS,2026-08-05 08:57:00,failed,authentication_failure,True,True
TXN_002104,CUST_00563,MER_0045,2443.77,INR,Card,YES,2026-07-14 16:30:00,success,,True,False
TXN_002105,CUST_01122,MER_0024,3400.98,INR,Card,AXIS,2026-07-28 17:39:00,success,,True,True
TXN_002106,CUST_00758,MER_0037,8808.49,INR,UPI,AXIS,2026-07-29 12:09:00,success,,True,False
TXN_002107,CUST_01317,MER_0043,1942.88,INR,UPI,AXIS,2026-07-05 16:15:00,success,,True,False
TXN_002108,CUST_00208,MER_0002,2726.89,INR,UPI,KOTAK,2026-07-14 12:47:00,failed,network_error,True,False
TXN_002109,CUST_01883,MER_0016,1218.52,INR,Wallet,KOTAK,2026-08-11 20:15:00,success,,True,False
TXN_002110,CUST_00428,MER_0011,2639.25,INR,UPI,YES,2026-07-10 03:13:00,success,,True,False
TXN_002111,CUST_01348,MER_0022,5902.59,INR,Card,HDFC,2026-08-13 11:16:00,success,,True,False
TXN_002112,CUST_01472,MER_0028,1988.18,INR,Card,KOTAK,2026-08-25 07:06:00,failed,network_error,True,True
TXN_002113,CUST_01369,MER_0012,1762.51,INR,UPI,AXIS,2026-07-28 20:13:00,success,,True,False
TXN_002114,CUST_01362,MER_0021,1591.12,INR,UPI,SBI,2026-08-21 02:05:00,failed,bank_timeout,True,False
TXN_002115,CUST_01644,MER_0013,736.71,INR,Wallet,HDFC,2026-08-04 19:15:00,success,,True,True
TXN_002116,CUST_01827,MER_0001,6800.5,INR,Card,ICICI,2026-08-05 05:41:00,success,,True,False
TXN_002117,CUST_01932,MER_0030,1433.2,INR,NetBanking,HDFC,2026-07-08 17:06:00,failed,bank_timeout,True,False
TXN_002118,CUST_00797,MER_0001,883.6,INR,UPI,HDFC,2026-07-10 02:29:00,failed,bank_timeout,False,True
TXN_002119,CUST_01397,MER_0023,4177.87,INR,Card,AXIS,2026-08-24 23:36:00,success,,True,False
TXN_002120,CUST_01114,MER_0049,3318.81,INR,Card,YES,2026-07-28 04:06:00,success,,True,False
TXN_002121,CUST_00621,MER_0007,1101.53,INR,UPI,YES,2026-08-09 14:49:00,success,,True,False
TXN_002122,CUST_00918,MER_0030,2979.88,INR,UPI,HDFC,2026-08-08 20:48:00,success,,True,False
TXN_002123,CUST_00196,MER_0016,947.24,INR,UPI,SBI,2026-07-02 00:35:00,success,,True,False
TXN_002124,CUST_00594,MER_0019,1993.78,INR,Wallet,YES,2026-07-25 23:17:00,success,,True,True
TXN_002125,CUST_00732,MER_0040,5560.98,INR,UPI,YES,2026-07-12 04:20:00,success,,True,False
TXN_002126,CUST_00944,MER_0017,4616.36,INR,UPI,KOTAK,2026-08-15 00:27:00,success,,True,False
TXN_002127,CUST_00408,MER_0031,2470.43,INR,Card,AXIS,2026-07-04 03:53:00,success,,True,False
TXN_002128,CUST_01585,MER_0008,1118.96,INR,UPI,SBI,2026-07-03 23:57:00,failed,bank_timeout,True,False
TXN_002129,CUST_01915,MER_0036,2478.74,INR,Card,ICICI,2026-08-12 08:55:00,success,,True,False
TXN_002130,CUST_01201,MER_0030,381.36,INR,NetBanking,ICICI,2026-07-15 10:52:00,failed,network_error,True,False
TXN_002131,CUST_01124,MER_0037,2393.74,INR,UPI,SBI,2026-07-25 08:16:00,success,,True,False
TXN_002132,CUST_00413,MER_0027,6386.62,INR,Wallet,AXIS,2026-08-24 09:40:00,success,,True,False
TXN_002133,CUST_00831,MER_0002,1016.16,INR,NetBanking,HDFC,2026-08-01 23:38:00,failed,bank_declined,True,True
TXN_002134,CUST_00160,MER_0038,3051.13,INR,NetBanking,YES,2026-08-01 22:51:00,failed,bank_timeout,True,False
TXN_002135,CUST_00805,MER_0020,631.1,INR,Card,AXIS,2026-08-20 00:35:00,success,,True,False
TXN_002136,CUST_00687,MER_0050,1115.66,INR,UPI,ICICI,2026-08-22 04:53:00,success,,True,True
TXN_002137,CUST_00548,MER_0013,22118.6,INR,Card,YES,2026-08-14 06:45:00,success,,True,False
TXN_002138,CUST_00684,MER_0042,1911.25,INR,NetBanking,AXIS,2026-08-08 06:51:00,success,,True,True
TXN_002139,CUST_01383,MER_0004,4379.84,INR,Card,KOTAK,2026-07-04 17:57:00,success,,True,False
TXN_002140,CUST_00009,MER_0036,1450.22,INR,UPI,HDFC,2026-08-16 00:07:00,success,,True,False
TXN_002141,CUST_00653,MER_0035,458.41,INR,Wallet,ICICI,2026-08-03 21:58:00,success,,True,False
TXN_002142,CUST_00820,MER_0018,2129.82,INR,UPI,KOTAK,2026-08-26 20:29:00,success,,True,False
TXN_002143,CUST_00856,MER_0040,1973.41,INR,Card,HDFC,2026-07-17 07:31:00,success,,True,False
TXN_002144,CUST_01201,MER_0016,1772.41,INR,Card,AXIS,2026-07-11 18:13:00,success,,True,True
TXN_002145,CUST_01245,MER_0006,2226.73,INR,UPI,ICICI,2026-08-13 21:40:00,success,,True,True
TXN_002146,CUST_00120,MER_0049,3015.18,INR,Card,AXIS,2026-08-14 08:45:00,success,,True,False
TXN_002147,CUST_00130,MER_0023,2164.42,INR,NetBanking,ICICI,2026-07-05 03:00:00,failed,bank_timeout,True,False
TXN_002148,CUST_01727,MER_0029,3600.93,INR,Card,SBI,2026-07-09 03:13:00,success,,True,False
TXN_002149,CUST_00452,MER_0020,513.12,INR,UPI,AXIS,2026-08-08 07:56:00,success,,True,False
TXN_002150,CUST_00897,MER_0023,473.29,INR,Card,YES,2026-07-07 13:50:00,success,,True,False
TXN_002151,CUST_01480,MER_0007,4408.74,INR,Card,AXIS,2026-07-26 04:16:00,success,,True,False
TXN_002152,CUST_00590,MER_0027,3661.46,INR,Wallet,AXIS,2026-08-04 17:57:00,success,,True,False
TXN_002153,CUST_00775,MER_0006,2331.07,INR,Card,AXIS,2026-08-26 21:50:00,failed,network_error,True,True
TXN_002154,CUST_01081,MER_0013,1385.3,INR,UPI,AXIS,2026-07-06 13:29:00,success,,True,False
TXN_002155,CUST_01136,MER_0036,1977.92,INR,NetBanking,KOTAK,2026-08-13 18:21:00,success,,True,True
TXN_002156,CUST_01860,MER_0038,680.81,INR,Card,SBI,2026-08-06 18:16:00,failed,insufficient_funds,True,False
TXN_002157,CUST_00225,MER_0013,4112.82,INR,NetBanking,SBI,2026-08-17 18:09:00,failed,bank_timeout,True,False
TXN_002158,CUST_00603,MER_0037,1744.9,INR,UPI,ICICI,2026-08-07 12:01:00,success,,True,False
TXN_002159,CUST_00272,MER_0035,4470.21,INR,Card,HDFC,2026-08-11 03:53:00,success,,True,False
TXN_002160,CUST_00224,MER_0003,527.82,INR,UPI,YES,2026-07-24 01:29:00,failed,bank_declined,True,False
TXN_002161,CUST_01721,MER_0032,1282.85,INR,UPI,AXIS,2026-07-04 21:22:00,failed,bank_timeout,True,True
TXN_002162,CUST_00015,MER_0041,2001.79,INR,UPI,SBI,2026-07-11 19:30:00,success,,True,True
TXN_002163,CUST_00086,MER_0042,7018.69,INR,Card,ICICI,2026-07-12 05:31:00,failed,authentication_failure,True,False
TXN_002164,CUST_01096,MER_0032,4032.27,INR,Card,HDFC,2026-07-09 08:55:00,success,,True,False
TXN_002165,CUST_00124,MER_0046,1951.58,INR,UPI,SBI,2026-08-14 19:35:00,success,,True,False
TXN_002166,CUST_00535,MER_0048,2150.28,INR,Card,HDFC,2026-08-14 11:08:00,success,,True,False
TXN_002167,CUST_00971,MER_0042,2106.78,INR,Card,SBI,2026-07-26 22:38:00,success,,True,False
TXN_002168,CUST_01568,MER_0044,1240.74,INR,Card,AXIS,2026-07-17 01:41:00,success,,True,False
TXN_002169,CUST_01654,MER_0014,2413.23,INR,UPI,SBI,2026-07-17 12:43:00,failed,bank_timeout,True,False
TXN_002170,CUST_00249,MER_0033,2960.14,INR,UPI,YES,2026-08-25 09:08:00,success,,True,False
TXN_002171,CUST_01067,MER_0048,2611.3,INR,NetBanking,YES,2026-07-23 22:21:00,success,,True,False
TXN_002172,CUST_01107,MER_0027,4621.14,INR,NetBanking,ICICI,2026-07-28 13:22:00,success,,True,False
TXN_002173,CUST_01767,MER_0010,5109.24,INR,UPI,YES,2026-08-21 15:43:00,success,,True,False
TXN_002174,CUST_01110,MER_0033,1053.11,INR,NetBanking,SBI,2026-07-16 05:25:00,success,,True,False
TXN_002175,CUST_01869,MER_0040,4890.34,INR,Card,YES,2026-08-23 22:08:00,failed,insufficient_funds,False,False
TXN_002176,CUST_00445,MER_0047,3906.06,INR,Card,SBI,2026-08-21 02:02:00,success,,True,False
TXN_002177,CUST_00491,MER_0012,4006.97,INR,Card,AXIS,2026-07-30 05:38:00,success,,True,True
TXN_002178,CUST_00864,MER_0013,528.98,INR,UPI,KOTAK,2026-08-18 06:41:00,success,,True,False
TXN_002179,CUST_01680,MER_0015,2629.06,INR,NetBanking,AXIS,2026-07-10 20:08:00,success,,True,False
TXN_002180,CUST_00002,MER_0023,1677.74,INR,Card,YES,2026-07-01 08:14:00,success,,True,True
TXN_002181,CUST_00129,MER_0009,1330.07,INR,UPI,SBI,2026-07-08 12:05:00,failed,bank_timeout,True,True
TXN_002182,CUST_01601,MER_0005,1446.72,INR,UPI,AXIS,2026-08-08 09:02:00,success,,True,False
TXN_002183,CUST_00400,MER_0015,1280.36,INR,NetBanking,AXIS,2026-08-09 11:17:00,failed,bank_declined,True,True
TXN_002184,CUST_00229,MER_0011,4223.72,INR,UPI,ICICI,2026-08-26 15:43:00,success,,True,True
TXN_002185,CUST_00725,MER_0044,2179.13,INR,UPI,ICICI,2026-08-21 22:47:00,success,,True,False
TXN_002186,CUST_00612,MER_0024,6204.91,INR,UPI,KOTAK,2026-07-13 18:54:00,success,,True,False
TXN_002187,CUST_00897,MER_0022,3732.3,INR,Wallet,SBI,2026-08-10 14:43:00,success,,True,False
TXN_002188,CUST_01329,MER_0041,427.28,INR,UPI,ICICI,2026-07-21 03:12:00,failed,bank_declined,False,False
TXN_002189,CUST_01688,MER_0003,1557.02,INR,Wallet,AXIS,2026-07-09 16:10:00,failed,insufficient_funds,True,True
TXN_002190,CUST_00140,MER_0006,298.91,INR,Card,AXIS,2026-07-24 14:26:00,success,,True,False
TXN_002191,CUST_00676,MER_0011,18754.85,INR,Card,SBI,2026-08-26 03:27:00,failed,insufficient_funds,True,False
TXN_002192,CUST_01324,MER_0038,2749.3,INR,Card,HDFC,2026-07-28 19:29:00,failed,bank_declined,True,True
TXN_002193,CUST_00491,MER_0004,15913.5,INR,UPI,HDFC,2026-08-15 11:15:00,success,,True,False
TXN_002194,CUST_01557,MER_0010,4898.07,INR,NetBanking,ICICI,2026-08-13 14:17:00,success,,True,False
TXN_002195,CUST_00913,MER_0012,5213.73,INR,Wallet,ICICI,2026-07-18 07:49:00,success,,True,False
TXN_002196,CUST_01839,MER_0034,2709.59,INR,Wallet,SBI,2026-08-02 11:44:00,success,,True,True
TXN_002197,CUST_01656,MER_0042,2179.34,INR,UPI,ICICI,2026-07-24 20:44:00,success,,True,False
TXN_002198,CUST_01294,MER_0003,1667.97,INR,NetBanking,ICICI,2026-08-05 05:59:00,success,,True,False
TXN_002199,CUST_00388,MER_0017,1260.31,INR,UPI,SBI,2026-08-19 12:39:00,success,,True,False
TXN_002200,CUST_00014,MER_0040,1408.65,INR,UPI,YES,2026-07-22 09:59:00,success,,True,False
TXN_002201,CUST_00998,MER_0017,828.45,INR,UPI,HDFC,2026-08-03 06:55:00,success,,True,False
TXN_002202,CUST_01562,MER_0040,2296.87,INR,UPI,HDFC,2026-08-26 01:18:00,success,,True,False
TXN_002203,CUST_00797,MER_0038,634.14,INR,UPI,HDFC,2026-08-13 21:55:00,failed,bank_timeout,True,False
TXN_002204,CUST_01650,MER_0011,2370.69,INR,Card,AXIS,2026-07-10 23:23:00,success,,True,False
TXN_002205,CUST_01878,MER_0033,2745.03,INR,UPI,KOTAK,2026-07-10 05:20:00,failed,network_error,True,False
TXN_002206,CUST_01182,MER_0050,28609.33,INR,UPI,ICICI,2026-08-06 17:32:00,success,,True,False
TXN_002207,CUST_00264,MER_0042,7245.19,INR,UPI,KOTAK,2026-08-17 21:07:00,success,,True,True
TXN_002208,CUST_01295,MER_0013,901.78,INR,UPI,SBI,2026-07-21 01:44:00,failed,authentication_failure,True,False
TXN_002209,CUST_00572,MER_0040,1500.56,INR,UPI,ICICI,2026-08-17 10:34:00,success,,True,False
TXN_002210,CUST_01420,MER_0039,1084.0,INR,UPI,AXIS,2026-07-29 13:32:00,failed,bank_declined,True,True
TXN_002211,CUST_01511,MER_0044,3448.77,INR,UPI,YES,2026-07-05 18:18:00,success,,True,True
TXN_002212,CUST_00207,MER_0028,1415.02,INR,Card,HDFC,2026-07-03 02:34:00,success,,True,False
TXN_002213,CUST_00935,MER_0009,5293.64,INR,UPI,HDFC,2026-07-04 10:42:00,failed,bank_timeout,True,True
TXN_002214,CUST_01627,MER_0036,7325.61,INR,UPI,ICICI,2026-07-12 01:04:00,success,,True,False
TXN_002215,CUST_00273,MER_0047,1234.09,INR,UPI,YES,2026-07-25 17:51:00,failed,bank_declined,True,False
TXN_002216,CUST_00048,MER_0006,4047.94,INR,Card,YES,2026-07-31 08:22:00,success,,True,False
TXN_002217,CUST_00514,MER_0048,1670.13,INR,Card,YES,2026-07-20 22:07:00,success,,True,False
TXN_002218,CUST_01940,MER_0003,1316.3,INR,UPI,ICICI,2026-07-06 08:46:00,success,,True,True
TXN_002219,CUST_01841,MER_0031,8845.08,INR,NetBanking,AXIS,2026-07-08 14:48:00,failed,network_error,False,True
TXN_002220,CUST_01755,MER_0001,4059.33,INR,Card,HDFC,2026-08-18 03:45:00,success,,True,False
TXN_002221,CUST_01264,MER_0040,1264.38,INR,UPI,YES,2026-07-20 12:20:00,failed,network_error,True,True
TXN_002222,CUST_00990,MER_0012,1547.57,INR,UPI,AXIS,2026-07-06 08:03:00,success,,True,False
TXN_002223,CUST_01663,MER_0008,2210.08,INR,Card,YES,2026-08-02 17:04:00,success,,True,True
TXN_002224,CUST_00607,MER_0016,1041.72,INR,Card,AXIS,2026-07-07 04:35:00,success,,True,False
TXN_002225,CUST_01222,MER_0050,2421.46,INR,UPI,ICICI,2026-07-02 12:42:00,success,,True,False
TXN_002226,CUST_00847,MER_0013,632.19,INR,Card,KOTAK,2026-07-31 09:46:00,success,,True,True
TXN_002227,CUST_01152,MER_0009,996.21,INR,UPI,YES,2026-08-15 09:51:00,success,,True,False
TXN_002228,CUST_00719,MER_0020,4174.41,INR,Card,AXIS,2026-07-12 16:52:00,success,,True,False
TXN_002229,CUST_00055,MER_0019,3956.17,INR,Wallet,HDFC,2026-07-05 15:36:00,success,,True,True
TXN_002230,CUST_01865,MER_0012,1783.8,INR,Card,HDFC,2026-07-24 06:20:00,failed,insufficient_funds,True,False
TXN_002231,CUST_00631,MER_0021,1072.85,INR,UPI,KOTAK,2026-07-25 20:14:00,success,,True,False
TXN_002232,CUST_00702,MER_0014,1810.55,INR,UPI,KOTAK,2026-08-19 07:53:00,failed,bank_timeout,True,False
TXN_002233,CUST_00319,MER_0023,5128.64,INR,Card,ICICI,2026-08-17 04:56:00,success,,True,False
TXN_002234,CUST_01045,MER_0039,1640.53,INR,UPI,YES,2026-07-11 16:28:00,success,,True,False
TXN_002235,CUST_01715,MER_0015,969.91,INR,UPI,HDFC,2026-07-17 01:42:00,success,,True,False
TXN_002236,CUST_01839,MER_0038,3023.82,INR,UPI,KOTAK,2026-07-29 05:48:00,failed,bank_timeout,True,False
TXN_002237,CUST_00014,MER_0026,1612.27,INR,Card,AXIS,2026-07-22 23:06:00,success,,True,False
TXN_002238,CUST_00762,MER_0047,7046.04,INR,Card,SBI,2026-08-23 19:40:00,success,,True,False
TXN_002239,CUST_00283,MER_0029,4730.06,INR,Card,HDFC,2026-07-21 05:30:00,success,,True,True
TXN_002240,CUST_00127,MER_0008,2769.38,INR,UPI,KOTAK,2026-08-24 13:58:00,success,,True,False
TXN_002241,CUST_01249,MER_0034,882.24,INR,Card,KOTAK,2026-08-09 18:14:00,success,,True,False
TXN_002242,CUST_01390,MER_0001,2890.3,INR,UPI,AXIS,2026-07-14 21:34:00,success,,True,False
TXN_002243,CUST_00302,MER_0046,5710.87,INR,UPI,ICICI,2026-07-07 13:55:00,failed,bank_timeout,True,False
TXN_002244,CUST_01649,MER_0049,7193.2,INR,UPI,AXIS,2026-08-08 10:24:00,success,,True,False
TXN_002245,CUST_00924,MER_0036,6865.03,INR,Card,HDFC,2026-08-06 07:12:00,success,,True,False
TXN_002246,CUST_01090,MER_0042,9237.13,INR,Card,KOTAK,2026-07-04 13:22:00,success,,True,False
TXN_002247,CUST_01387,MER_0004,3115.65,INR,UPI,ICICI,2026-08-11 00:26:00,success,,True,False
TXN_002248,CUST_01823,MER_0023,3904.61,INR,UPI,YES,2026-08-14 05:51:00,failed,bank_timeout,False,True
TXN_002249,CUST_01820,MER_0018,3490.9,INR,Card,HDFC,2026-07-20 23:31:00,success,,True,True
TXN_002250,CUST_00394,MER_0044,1634.37,INR,UPI,SBI,2026-08-17 10:05:00,success,,True,False
TXN_002251,CUST_00089,MER_0015,1704.74,INR,UPI,AXIS,2026-08-22 08:00:00,success,,True,False
TXN_002252,CUST_01637,MER_0049,2953.79,INR,NetBanking,ICICI,2026-07-31 09:30:00,success,,True,False
TXN_002253,CUST_00991,MER_0010,869.18,INR,UPI,SBI,2026-08-19 11:40:00,failed,bank_declined,True,False
TXN_002254,CUST_01199,MER_0027,5867.82,INR,NetBanking,HDFC,2026-08-22 06:13:00,success,,True,False
TXN_002255,CUST_00285,MER_0008,422.84,INR,Card,AXIS,2026-07-15 19:30:00,success,,True,False
TXN_002256,CUST_01200,MER_0014,8329.72,INR,Card,KOTAK,2026-07-17 10:51:00,failed,insufficient_funds,True,True
TXN_002257,CUST_00964,MER_0043,1689.5,INR,Card,KOTAK,2026-07-03 22:12:00,success,,True,False
TXN_002258,CUST_00703,MER_0024,3769.56,INR,NetBanking,KOTAK,2026-08-04 15:51:00,failed,bank_timeout,True,False
TXN_002259,CUST_01304,MER_0013,6528.89,INR,UPI,HDFC,2026-07-27 13:40:00,success,,True,True
TXN_002260,CUST_01554,MER_0014,5356.93,INR,Wallet,AXIS,2026-07-13 14:38:00,success,,True,False
TXN_002261,CUST_01451,MER_0008,796.27,INR,UPI,ICICI,2026-08-15 10:01:00,success,,True,False
TXN_002262,CUST_01116,MER_0020,3904.21,INR,UPI,ICICI,2026-08-11 05:49:00,success,,True,False
TXN_002263,CUST_00711,MER_0045,2070.4,INR,Card,YES,2026-07-15 02:05:00,success,,True,False
TXN_002264,CUST_01772,MER_0047,2607.81,INR,UPI,SBI,2026-07-20 00:29:00,failed,network_error,True,False
TXN_002265,CUST_01233,MER_0010,9882.39,INR,Card,YES,2026-07-02 05:22:00,success,,True,False
TXN_002266,CUST_00437,MER_0049,5608.56,INR,UPI,YES,2026-08-08 10:30:00,success,,True,False
TXN_002267,CUST_01684,MER_0006,1350.44,INR,UPI,YES,2026-08-02 14:32:00,success,,True,False
TXN_002268,CUST_01081,MER_0018,839.08,INR,UPI,KOTAK,2026-07-19 03:31:00,success,,True,False
TXN_002269,CUST_01149,MER_0035,1792.67,INR,Card,HDFC,2026-07-13 15:57:00,failed,insufficient_funds,True,False
TXN_002270,CUST_01937,MER_0012,2957.69,INR,UPI,HDFC,2026-08-12 02:24:00,failed,bank_timeout,True,False
TXN_002271,CUST_01311,MER_0031,4591.38,INR,UPI,AXIS,2026-07-28 19:54:00,success,,True,False
TXN_002272,CUST_01897,MER_0012,5301.02,INR,Card,KOTAK,2026-07-23 07:58:00,failed,insufficient_funds,True,True
TXN_002273,CUST_01441,MER_0039,803.17,INR,Card,KOTAK,2026-08-20 07:52:00,success,,True,False
TXN_002274,CUST_00583,MER_0042,2086.91,INR,Card,ICICI,2026-07-19 00:04:00,success,,True,False
TXN_002275,CUST_00931,MER_0048,5699.15,INR,UPI,AXIS,2026-07-13 06:52:00,success,,True,False
TXN_002276,CUST_00867,MER_0039,2342.05,INR,UPI,ICICI,2026-07-17 07:07:00,success,,True,True
TXN_002277,CUST_01320,MER_0034,3649.96,INR,UPI,KOTAK,2026-07-17 01:16:00,success,,True,False
TXN_002278,CUST_00943,MER_0019,1891.27,INR,UPI,ICICI,2026-08-16 19:11:00,failed,authentication_failure,False,False
TXN_002279,CUST_01286,MER_0023,2211.28,INR,UPI,KOTAK,2026-08-10 17:51:00,success,,True,False
TXN_002280,CUST_01728,MER_0018,3125.15,INR,NetBanking,AXIS,2026-08-23 21:33:00,success,,True,False
TXN_002281,CUST_00085,MER_0039,1444.4,INR,NetBanking,AXIS,2026-07-19 11:09:00,failed,bank_declined,True,False
TXN_002282,CUST_00918,MER_0013,1151.05,INR,UPI,KOTAK,2026-08-21 20:05:00,success,,True,True
TXN_002283,CUST_00943,MER_0030,5975.34,INR,UPI,SBI,2026-07-19 20:50:00,success,,True,False
TXN_002284,CUST_00709,MER_0028,1928.38,INR,UPI,KOTAK,2026-08-04 20:51:00,success,,True,False
TXN_002285,CUST_00774,MER_0045,7802.54,INR,UPI,YES,2026-08-24 21:55:00,failed,authentication_failure,False,False
TXN_002286,CUST_01535,MER_0002,2287.38,INR,Wallet,ICICI,2026-08-21 17:52:00,failed,insufficient_funds,True,False
TXN_002287,CUST_00711,MER_0028,460.03,INR,Card,HDFC,2026-08-11 11:33:00,failed,bank_declined,True,True
TXN_002288,CUST_00993,MER_0014,813.16,INR,UPI,ICICI,2026-07-24 20:50:00,success,,True,False
TXN_002289,CUST_00624,MER_0034,7352.35,INR,UPI,SBI,2026-07-21 00:34:00,success,,True,False
TXN_002290,CUST_01903,MER_0046,2677.56,INR,Card,ICICI,2026-08-01 11:42:00,success,,True,True
TXN_002291,CUST_01881,MER_0048,3333.19,INR,NetBanking,ICICI,2026-08-20 19:08:00,success,,True,False
TXN_002292,CUST_00383,MER_0035,413.09,INR,Card,SBI,2026-08-21 15:12:00,failed,network_error,True,False
TXN_002293,CUST_01327,MER_0049,4962.49,INR,UPI,SBI,2026-08-02 02:26:00,success,,True,False
TXN_002294,CUST_01996,MER_0034,3069.96,INR,Card,KOTAK,2026-07-16 13:53:00,success,,True,False
TXN_002295,CUST_01327,MER_0025,2169.46,INR,UPI,KOTAK,2026-07-23 07:32:00,failed,bank_declined,True,True
TXN_002296,CUST_00642,MER_0040,9032.99,INR,Card,HDFC,2026-08-18 10:02:00,success,,True,False
TXN_002297,CUST_00074,MER_0010,2045.03,INR,NetBanking,YES,2026-08-01 15:41:00,success,,True,False
TXN_002298,CUST_01764,MER_0004,2579.87,INR,NetBanking,AXIS,2026-07-21 14:09:00,failed,authentication_failure,True,False
TXN_002299,CUST_00412,MER_0026,16542.49,INR,Card,KOTAK,2026-07-25 08:20:00,failed,expired_card,True,True
TXN_002300,CUST_00523,MER_0015,4215.73,INR,NetBanking,AXIS,2026-07-20 09:33:00,success,,True,False
TXN_002301,CUST_01823,MER_0028,2226.44,INR,UPI,AXIS,2026-08-26 04:38:00,success,,True,False
TXN_002302,CUST_01816,MER_0035,3840.73,INR,UPI,HDFC,2026-08-02 20:57:00,success,,True,False
TXN_002303,CUST_01944,MER_0039,1442.46,INR,UPI,AXIS,2026-07-17 16:55:00,success,,True,False
TXN_002304,CUST_00258,MER_0018,2346.85,INR,Card,YES,2026-07-16 09:44:00,success,,True,False
TXN_002305,CUST_00212,MER_0038,4311.88,INR,UPI,ICICI,2026-07-29 15:41:00,success,,True,False
TXN_002306,CUST_00147,MER_0002,29446.44,INR,Wallet,ICICI,2026-07-31 13:17:00,success,,True,False
TXN_002307,CUST_00964,MER_0002,4658.41,INR,UPI,ICICI,2026-07-02 16:23:00,success,,True,False
TXN_002308,CUST_00903,MER_0039,1238.37,INR,UPI,ICICI,2026-07-20 03:00:00,failed,bank_declined,True,False
TXN_002309,CUST_01069,MER_0046,1698.11,INR,UPI,SBI,2026-08-17 01:08:00,success,,True,False
TXN_002310,CUST_01819,MER_0047,580.27,INR,Card,ICICI,2026-08-17 09:54:00,success,,True,False
TXN_002311,CUST_01214,MER_0022,1874.18,INR,Card,AXIS,2026-07-24 08:23:00,success,,True,True
TXN_002312,CUST_01030,MER_0044,4386.4,INR,UPI,AXIS,2026-07-28 01:05:00,success,,True,False
TXN_002313,CUST_00231,MER_0049,880.61,INR,UPI,HDFC,2026-07-17 15:55:00,failed,authentication_failure,True,True
TXN_002314,CUST_01110,MER_0006,3605.51,INR,Card,KOTAK,2026-08-02 19:22:00,success,,True,False
TXN_002315,CUST_01470,MER_0006,1356.43,INR,UPI,HDFC,2026-08-13 10:51:00,success,,True,False
TXN_002316,CUST_00044,MER_0018,2179.34,INR,UPI,HDFC,2026-07-20 10:27:00,success,,True,False
TXN_002317,CUST_01984,MER_0033,8766.19,INR,Card,YES,2026-07-27 17:26:00,success,,True,True
TXN_002318,CUST_00301,MER_0030,4388.92,INR,Card,AXIS,2026-07-26 22:54:00,success,,True,False
TXN_002319,CUST_01479,MER_0036,2457.81,INR,NetBanking,YES,2026-08-09 00:32:00,success,,True,False
TXN_002320,CUST_00461,MER_0026,2017.98,INR,UPI,KOTAK,2026-08-07 12:47:00,failed,bank_declined,True,False
TXN_002321,CUST_00727,MER_0032,1620.66,INR,UPI,SBI,2026-08-24 00:35:00,success,,True,False
TXN_002322,CUST_01378,MER_0016,453.14,INR,Card,AXIS,2026-07-12 05:18:00,failed,authentication_failure,True,False
TXN_002323,CUST_00308,MER_0016,2763.52,INR,UPI,KOTAK,2026-08-23 03:04:00,failed,bank_declined,True,True
TXN_002324,CUST_01843,MER_0013,2330.12,INR,UPI,SBI,2026-07-19 03:31:00,failed,authentication_failure,False,True
TXN_002325,CUST_00774,MER_0035,2103.29,INR,NetBanking,YES,2026-08-14 13:52:00,success,,True,False
TXN_002326,CUST_01478,MER_0032,678.91,INR,UPI,HDFC,2026-07-14 03:04:00,success,,True,False
TXN_002327,CUST_01658,MER_0033,15088.21,INR,Card,HDFC,2026-07-10 12:07:00,success,,True,True
TXN_002328,CUST_00513,MER_0027,909.04,INR,Card,KOTAK,2026-08-22 02:40:00,success,,True,False
TXN_002329,CUST_01206,MER_0034,1068.94,INR,Card,SBI,2026-08-10 05:43:00,success,,True,False
TXN_002330,CUST_00556,MER_0021,1716.07,INR,UPI,KOTAK,2026-08-21 21:09:00,failed,network_error,True,False
TXN_002331,CUST_00296,MER_0024,2469.1,INR,NetBanking,HDFC,2026-07-25 15:43:00,success,,True,False
TXN_002332,CUST_01149,MER_0035,907.86,INR,UPI,HDFC,2026-08-07 07:31:00,success,,True,False
TXN_002333,CUST_01279,MER_0006,6657.31,INR,Card,YES,2026-08-18 01:24:00,success,,True,False
TXN_002334,CUST_01512,MER_0005,4379.98,INR,NetBanking,AXIS,2026-07-13 08:50:00,failed,bank_declined,True,False
TXN_002335,CUST_00635,MER_0016,4326.82,INR,Wallet,HDFC,2026-08-23 20:03:00,success,,True,True
TXN_002336,CUST_01533,MER_0033,16572.33,INR,UPI,AXIS,2026-07-13 10:04:00,failed,bank_timeout,True,True
TXN_002337,CUST_00056,MER_0005,1408.99,INR,UPI,HDFC,2026-07-13 02:00:00,success,,True,False
TXN_002338,CUST_01718,MER_0029,8947.31,INR,Card,YES,2026-08-15 03:24:00,success,,True,False
TXN_002339,CUST_01354,MER_0048,3316.07,INR,UPI,KOTAK,2026-08-05 10:20:00,success,,True,False
TXN_002340,CUST_00256,MER_0027,3638.32,INR,Card,YES,2026-07-28 08:06:00,success,,True,False
TXN_002341,CUST_01428,MER_0020,630.29,INR,UPI,KOTAK,2026-08-17 06:16:00,success,,True,True
TXN_002342,CUST_00269,MER_0040,2129.6,INR,NetBanking,KOTAK,2026-07-18 11:38:00,failed,network_error,True,False
TXN_002343,CUST_00712,MER_0045,4733.63,INR,Card,YES,2026-07-25 23:33:00,success,,True,True
TXN_002344,CUST_00245,MER_0049,5749.48,INR,NetBanking,YES,2026-08-16 17:58:00,success,,True,True
TXN_002345,CUST_01371,MER_0009,464.24,INR,NetBanking,HDFC,2026-07-26 18:16:00,failed,bank_declined,False,True
TXN_002346,CUST_00964,MER_0011,5987.86,INR,Card,AXIS,2026-08-23 21:06:00,success,,True,False
TXN_002347,CUST_01920,MER_0002,2102.03,INR,Card,YES,2026-07-18 16:56:00,success,,True,False
TXN_002348,CUST_00262,MER_0048,4373.2,INR,UPI,SBI,2026-08-06 07:51:00,failed,bank_declined,True,False
TXN_002349,CUST_00312,MER_0041,3207.76,INR,UPI,YES,2026-07-13 05:23:00,failed,bank_timeout,True,False
TXN_002350,CUST_01094,MER_0013,922.18,INR,Card,HDFC,2026-07-10 20:49:00,success,,True,False
TXN_002351,CUST_00675,MER_0046,995.03,INR,NetBanking,SBI,2026-08-13 17:28:00,success,,True,False
TXN_002352,CUST_01282,MER_0046,4304.78,INR,Wallet,YES,2026-08-03 13:38:00,failed,network_error,True,True
TXN_002353,CUST_00820,MER_0020,2184.6,INR,NetBanking,SBI,2026-07-29 13:37:00,success,,True,False
TXN_002354,CUST_01320,MER_0003,1738.69,INR,Card,HDFC,2026-07-17 02:50:00,success,,True,False
TXN_002355,CUST_01595,MER_0033,1911.89,INR,UPI,AXIS,2026-08-14 08:51:00,failed,bank_timeout,True,False
TXN_002356,CUST_01115,MER_0034,1866.47,INR,Card,KOTAK,2026-07-29 13:00:00,success,,True,False
TXN_002357,CUST_01616,MER_0040,834.76,INR,Card,ICICI,2026-07-05 07:01:00,success,,True,False
TXN_002358,CUST_00338,MER_0042,4424.54,INR,UPI,ICICI,2026-08-23 20:11:00,failed,bank_timeout,True,False
TXN_002359,CUST_01213,MER_0043,2502.68,INR,Card,HDFC,2026-08-18 19:42:00,success,,True,False
TXN_002360,CUST_01166,MER_0014,8831.35,INR,UPI,YES,2026-08-16 08:45:00,success,,True,False
TXN_002361,CUST_01076,MER_0049,2400.79,INR,UPI,ICICI,2026-08-05 05:45:00,success,,True,False
TXN_002362,CUST_00913,MER_0005,3075.88,INR,Card,HDFC,2026-07-17 15:41:00,success,,True,False
TXN_002363,CUST_01407,MER_0015,950.38,INR,UPI,ICICI,2026-08-05 08:10:00,success,,True,False
TXN_002364,CUST_00277,MER_0027,2047.27,INR,UPI,YES,2026-07-04 19:15:00,success,,True,False
TXN_002365,CUST_01431,MER_0047,3974.37,INR,UPI,HDFC,2026-08-21 18:59:00,failed,network_error,True,False
TXN_002366,CUST_01436,MER_0025,2866.01,INR,Card,ICICI,2026-08-07 05:41:00,success,,True,False
TXN_002367,CUST_01085,MER_0035,2645.55,INR,Card,ICICI,2026-08-03 05:37:00,success,,True,False
TXN_002368,CUST_01140,MER_0049,2522.56,INR,UPI,ICICI,2026-07-10 08:22:00,success,,True,True
TXN_002369,CUST_00468,MER_0033,5595.55,INR,Card,AXIS,2026-08-04 10:10:00,success,,True,False
TXN_002370,CUST_01020,MER_0027,3189.28,INR,Card,KOTAK,2026-07-02 20:50:00,success,,True,False
TXN_002371,CUST_00569,MER_0036,7962.18,INR,UPI,SBI,2026-08-16 09:34:00,success,,True,False
TXN_002372,CUST_01736,MER_0022,1102.27,INR,UPI,ICICI,2026-07-23 21:42:00,failed,authentication_failure,True,False
TXN_002373,CUST_00291,MER_0006,2611.22,INR,Wallet,HDFC,2026-08-15 21:42:00,failed,network_error,True,False
TXN_002374,CUST_01063,MER_0008,5245.03,INR,Card,KOTAK,2026-08-01 14:29:00,failed,insufficient_funds,True,False
TXN_002375,CUST_00629,MER_0020,2407.62,INR,NetBanking,KOTAK,2026-07-26 15:02:00,success,,True,False
TXN_002376,CUST_00047,MER_0047,3655.6,INR,UPI,HDFC,2026-08-06 07:03:00,success,,True,False
TXN_002377,CUST_00838,MER_0004,2611.33,INR,NetBanking,AXIS,2026-08-20 06:32:00,success,,True,True
TXN_002378,CUST_01240,MER_0021,1379.03,INR,Card,YES,2026-08-10 05:17:00,failed,insufficient_funds,True,False
TXN_002379,CUST_00391,MER_0011,1387.67,INR,UPI,AXIS,2026-08-05 01:39:00,success,,True,False
TXN_002380,CUST_00147,MER_0028,801.46,INR,Card,HDFC,2026-07-06 21:37:00,success,,True,False
TXN_002381,CUST_01531,MER_0001,9540.31,INR,Card,ICICI,2026-07-20 18:53:00,failed,bank_declined,True,False
TXN_002382,CUST_00422,MER_0007,1850.6,INR,Wallet,SBI,2026-07-17 09:18:00,success,,True,True
TXN_002383,CUST_00470,MER_0038,4970.74,INR,UPI,AXIS,2026-07-03 20:59:00,success,,True,False
TXN_002384,CUST_01455,MER_0048,994.86,INR,NetBanking,AXIS,2026-08-10 23:54:00,failed,bank_timeout,True,False
TXN_002385,CUST_01277,MER_0039,2577.2,INR,Card,YES,2026-08-03 11:54:00,success,,True,False
TXN_002386,CUST_00985,MER_0044,5558.12,INR,UPI,KOTAK,2026-07-24 01:27:00,failed,bank_timeout,False,False
TXN_002387,CUST_00627,MER_0032,2976.97,INR,UPI,SBI,2026-08-05 04:44:00,failed,bank_timeout,True,False
TXN_002388,CUST_01294,MER_0029,3361.65,INR,Card,HDFC,2026-08-23 16:24:00,success,,True,True
TXN_002389,CUST_00592,MER_0037,2867.86,INR,Card,HDFC,2026-08-08 17:13:00,failed,expired_card,True,True
TXN_002390,CUST_01096,MER_0050,2532.25,INR,UPI,ICICI,2026-08-13 03:25:00,success,,True,False
TXN_002391,CUST_00773,MER_0012,1033.85,INR,Card,YES,2026-08-18 08:20:00,success,,True,False
TXN_002392,CUST_01777,MER_0037,2604.16,INR,UPI,AXIS,2026-07-29 14:49:00,success,,True,False
TXN_002393,CUST_01693,MER_0003,1661.51,INR,UPI,SBI,2026-07-21 10:20:00,success,,True,False
TXN_002394,CUST_01712,MER_0046,18610.95,INR,UPI,SBI,2026-07-15 14:44:00,success,,True,False
TXN_002395,CUST_00850,MER_0022,2363.94,INR,NetBanking,KOTAK,2026-07-12 04:48:00,success,,True,False
TXN_002396,CUST_00207,MER_0050,793.62,INR,Card,HDFC,2026-08-01 13:49:00,success,,True,False
TXN_002397,CUST_01728,MER_0008,2192.19,INR,UPI,SBI,2026-08-07 15:49:00,success,,True,False
TXN_002398,CUST_01118,MER_0004,3697.78,INR,UPI,SBI,2026-08-11 08:36:00,success,,True,False
TXN_002399,CUST_00287,MER_0019,9308.57,INR,Card,SBI,2026-07-16 22:38:00,failed,network_error,True,False
TXN_002400,CUST_00065,MER_0026,688.18,INR,UPI,ICICI,2026-07-22 09:13:00,success,,True,False
TXN_002401,CUST_01192,MER_0020,4691.32,INR,UPI,KOTAK,2026-07-22 22:08:00,success,,True,False
TXN_002402,CUST_01433,MER_0021,808.78,INR,UPI,ICICI,2026-08-04 12:31:00,success,,True,False
TXN_002403,CUST_01237,MER_0050,1721.71,INR,Card,KOTAK,2026-08-20 11:44:00,success,,True,False
TXN_002404,CUST_01633,MER_0032,1986.05,INR,UPI,KOTAK,2026-07-07 22:18:00,success,,True,True
TXN_002405,CUST_01403,MER_0034,2308.36,INR,Card,SBI,2026-08-10 21:51:00,failed,authentication_failure,True,False
TXN_002406,CUST_01499,MER_0017,1412.47,INR,UPI,KOTAK,2026-07-29 21:37:00,success,,True,False
TXN_002407,CUST_01400,MER_0043,1960.62,INR,Card,YES,2026-08-21 23:40:00,failed,insufficient_funds,True,False
TXN_002408,CUST_01216,MER_0019,2750.89,INR,UPI,AXIS,2026-07-03 04:11:00,success,,True,True
TXN_002409,CUST_00279,MER_0025,2639.28,INR,UPI,HDFC,2026-07-30 11:52:00,success,,True,True
TXN_002410,CUST_01426,MER_0003,3459.24,INR,Card,AXIS,2026-08-17 01:12:00,success,,True,False
TXN_002411,CUST_00268,MER_0042,4793.77,INR,UPI,HDFC,2026-08-01 18:32:00,success,,True,False
TXN_002412,CUST_01241,MER_0034,3341.27,INR,UPI,YES,2026-07-07 13:34:00,success,,True,True
TXN_002413,CUST_01414,MER_0024,3508.24,INR,Card,ICICI,2026-08-12 18:45:00,success,,True,False
TXN_002414,CUST_01712,MER_0029,688.3,INR,UPI,ICICI,2026-07-23 06:45:00,success,,True,False
TXN_002415,CUST_00751,MER_0024,2540.67,INR,NetBanking,SBI,2026-08-15 17:59:00,success,,True,True
TXN_002416,CUST_01681,MER_0030,3581.75,INR,UPI,KOTAK,2026-08-04 07:19:00,failed,bank_timeout,True,False
TXN_002417,CUST_01541,MER_0039,1402.65,INR,UPI,SBI,2026-07-11 16:48:00,success,,True,False
TXN_002418,CUST_00156,MER_0028,1440.53,INR,UPI,YES,2026-07-15 10:42:00,success,,True,False
TXN_002419,CUST_00971,MER_0027,1541.82,INR,UPI,HDFC,2026-08-14 09:08:00,success,,True,True
TXN_002420,CUST_00791,MER_0050,3748.58,INR,NetBanking,YES,2026-07-01 22:40:00,failed,network_error,True,False
TXN_002421,CUST_01630,MER_0012,1761.7,INR,Wallet,SBI,2026-07-12 22:50:00,success,,True,False
TXN_002422,CUST_00700,MER_0038,5046.09,INR,Wallet,YES,2026-08-19 02:19:00,failed,network_error,True,False
TXN_002423,CUST_00004,MER_0011,2209.61,INR,UPI,YES,2026-08-12 05:40:00,success,,True,True
TXN_002424,CUST_01491,MER_0006,2060.89,INR,Wallet,KOTAK,2026-08-01 21:54:00,success,,True,False
TXN_002425,CUST_01753,MER_0022,4435.03,INR,NetBanking,SBI,2026-07-26 10:52:00,success,,True,False
TXN_002426,CUST_01959,MER_0018,3166.75,INR,UPI,SBI,2026-08-14 07:19:00,failed,bank_declined,True,False
TXN_002427,CUST_00589,MER_0035,1234.25,INR,Card,YES,2026-07-22 02:54:00,failed,network_error,True,False
TXN_002428,CUST_01482,MER_0035,1598.21,INR,UPI,KOTAK,2026-07-14 15:10:00,success,,True,False
TXN_002429,CUST_01691,MER_0020,1217.52,INR,Card,KOTAK,2026-08-19 09:32:00,success,,True,False
TXN_002430,CUST_00277,MER_0025,2419.48,INR,Card,ICICI,2026-07-02 02:32:00,failed,expired_card,True,False
TXN_002431,CUST_00824,MER_0025,25198.48,INR,UPI,HDFC,2026-08-02 16:26:00,success,,True,False
TXN_002432,CUST_00013,MER_0030,2106.29,INR,NetBanking,HDFC,2026-08-16 19:33:00,failed,network_error,True,False
TXN_002433,CUST_00137,MER_0001,3036.34,INR,UPI,YES,2026-07-31 23:31:00,success,,True,False
TXN_002434,CUST_00906,MER_0007,464.19,INR,UPI,HDFC,2026-07-19 18:37:00,success,,True,False
TXN_002435,CUST_00707,MER_0004,2267.5,INR,Card,HDFC,2026-08-02 13:18:00,success,,True,False
TXN_002436,CUST_01023,MER_0043,2472.09,INR,UPI,SBI,2026-08-11 11:12:00,success,,True,False
TXN_002437,CUST_00022,MER_0030,4608.6,INR,UPI,KOTAK,2026-08-09 02:50:00,success,,True,False
TXN_002438,CUST_01612,MER_0044,5318.24,INR,Card,KOTAK,2026-08-13 00:41:00,success,,True,False
TXN_002439,CUST_01319,MER_0037,1631.32,INR,UPI,KOTAK,2026-08-16 16:36:00,success,,True,False
TXN_002440,CUST_01113,MER_0022,2163.56,INR,NetBanking,HDFC,2026-08-15 20:20:00,success,,True,True
TXN_002441,CUST_00690,MER_0005,1322.27,INR,Card,SBI,2026-08-05 19:35:00,failed,insufficient_funds,True,False
TXN_002442,CUST_01914,MER_0016,3127.27,INR,UPI,ICICI,2026-08-10 13:35:00,success,,True,False
TXN_002443,CUST_00165,MER_0011,881.07,INR,UPI,HDFC,2026-07-09 05:56:00,failed,network_error,False,True
TXN_002444,CUST_00866,MER_0039,1100.88,INR,UPI,SBI,2026-08-04 07:52:00,success,,True,False
TXN_002445,CUST_00271,MER_0044,3788.58,INR,NetBanking,YES,2026-07-06 00:08:00,success,,True,False
TXN_002446,CUST_00400,MER_0021,10312.83,INR,NetBanking,AXIS,2026-07-20 11:32:00,success,,True,False
TXN_002447,CUST_00624,MER_0050,861.55,INR,Card,SBI,2026-07-08 00:53:00,success,,True,False
TXN_002448,CUST_00162,MER_0004,554.23,INR,NetBanking,HDFC,2026-07-10 18:32:00,failed,bank_timeout,True,False
TXN_002449,CUST_00543,MER_0015,2471.44,INR,UPI,KOTAK,2026-07-30 03:24:00,success,,True,False
TXN_002450,CUST_00146,MER_0032,2907.15,INR,Card,ICICI,2026-07-03 11:47:00,success,,True,False
TXN_002451,CUST_01605,MER_0037,1707.77,INR,UPI,ICICI,2026-07-17 23:50:00,success,,True,False
TXN_002452,CUST_00649,MER_0017,2078.68,INR,Card,ICICI,2026-08-18 21:39:00,success,,True,False
TXN_002453,CUST_01778,MER_0016,3274.79,INR,UPI,KOTAK,2026-07-17 03:56:00,success,,True,False
TXN_002454,CUST_01531,MER_0026,5610.22,INR,UPI,YES,2026-07-28 02:04:00,failed,bank_timeout,True,False
TXN_002455,CUST_00717,MER_0044,1816.83,INR,Card,ICICI,2026-08-23 02:43:00,success,,True,False
TXN_002456,CUST_00054,MER_0003,2895.89,INR,UPI,ICICI,2026-07-17 19:48:00,success,,True,False
TXN_002457,CUST_01223,MER_0047,1171.01,INR,UPI,AXIS,2026-07-17 11:36:00,failed,bank_timeout,True,False
TXN_002458,CUST_01745,MER_0008,1468.02,INR,Card,SBI,2026-07-25 00:40:00,success,,True,False
TXN_002459,CUST_00592,MER_0031,2361.3,INR,UPI,KOTAK,2026-08-19 19:55:00,success,,True,False
TXN_002460,CUST_01978,MER_0046,3807.84,INR,NetBanking,AXIS,2026-07-27 04:00:00,failed,bank_timeout,False,False
TXN_002461,CUST_00317,MER_0023,557.1,INR,UPI,AXIS,2026-07-10 17:28:00,success,,True,False
TXN_002462,CUST_01318,MER_0025,1732.08,INR,Card,ICICI,2026-07-19 17:18:00,success,,True,False
TXN_002463,CUST_01672,MER_0002,5561.11,INR,Card,KOTAK,2026-07-01 20:46:00,success,,True,False
TXN_002464,CUST_01725,MER_0034,1864.01,INR,NetBanking,YES,2026-07-27 00:23:00,success,,True,False
TXN_002465,CUST_00039,MER_0047,1239.98,INR,Card,YES,2026-08-15 13:55:00,failed,expired_card,False,False
TXN_002466,CUST_00579,MER_0030,1873.16,INR,UPI,SBI,2026-07-30 01:23:00,success,,True,False
TXN_002467,CUST_01194,MER_0027,1622.74,INR,UPI,ICICI,2026-08-01 15:59:00,success,,True,False
TXN_002468,CUST_00363,MER_0049,2750.57,INR,Wallet,HDFC,2026-08-12 02:54:00,failed,network_error,True,False
TXN_002469,CUST_00335,MER_0003,16405.48,INR,UPI,YES,2026-07-11 09:48:00,failed,bank_timeout,True,False
TXN_002470,CUST_01379,MER_0018,6172.58,INR,UPI,AXIS,2026-08-22 00:56:00,success,,True,False
TXN_002471,CUST_01800,MER_0037,1628.19,INR,Wallet,SBI,2026-08-15 07:44:00,success,,True,True
TXN_002472,CUST_01461,MER_0023,1074.17,INR,Card,ICICI,2026-07-22 14:56:00,success,,True,False
TXN_002473,CUST_01710,MER_0009,2565.39,INR,Card,HDFC,2026-07-09 17:15:00,success,,True,False
TXN_002474,CUST_01437,MER_0004,2659.08,INR,UPI,AXIS,2026-08-25 09:02:00,failed,authentication_failure,True,False
TXN_002475,CUST_00552,MER_0049,2121.26,INR,Card,KOTAK,2026-08-20 00:20:00,failed,insufficient_funds,False,False
TXN_002476,CUST_00308,MER_0049,3256.2,INR,Wallet,ICICI,2026-07-24 11:22:00,success,,True,False
TXN_002477,CUST_01683,MER_0028,3653.46,INR,Card,YES,2026-07-29 18:34:00,success,,True,False
TXN_002478,CUST_01697,MER_0015,3080.27,INR,Card,ICICI,2026-07-11 04:10:00,failed,authentication_failure,True,False
TXN_002479,CUST_01418,MER_0014,1617.89,INR,Wallet,KOTAK,2026-08-12 04:29:00,success,,True,False
TXN_002480,CUST_00456,MER_0050,935.27,INR,UPI,KOTAK,2026-08-01 06:55:00,success,,True,False
TXN_002481,CUST_01822,MER_0011,10176.33,INR,NetBanking,KOTAK,2026-07-24 13:57:00,failed,bank_declined,True,False
TXN_002482,CUST_00384,MER_0013,2038.8,INR,Card,KOTAK,2026-08-05 17:17:00,failed,authentication_failure,True,False
TXN_002483,CUST_00152,MER_0002,25553.42,INR,UPI,ICICI,2026-08-16 22:23:00,success,,True,True
TXN_002484,CUST_00131,MER_0032,1034.15,INR,UPI,SBI,2026-07-18 02:16:00,success,,True,False
TXN_002485,CUST_01652,MER_0009,1731.81,INR,Card,YES,2026-07-05 01:53:00,success,,True,False
TXN_002486,CUST_01464,MER_0009,3403.87,INR,NetBanking,SBI,2026-08-11 00:36:00,success,,True,False
TXN_002487,CUST_00095,MER_0044,3944.87,INR,Card,AXIS,2026-07-17 09:24:00,failed,authentication_failure,False,False
TXN_002488,CUST_00291,MER_0013,10363.93,INR,UPI,KOTAK,2026-07-24 17:19:00,success,,True,True
TXN_002489,CUST_01895,MER_0045,3658.93,INR,Card,AXIS,2026-08-04 21:59:00,failed,authentication_failure,True,False
TXN_002490,CUST_00459,MER_0005,1987.12,INR,UPI,YES,2026-08-04 11:40:00,success,,True,True
TXN_002491,CUST_00254,MER_0030,3122.11,INR,UPI,SBI,2026-07-03 03:38:00,success,,True,False
TXN_002492,CUST_00620,MER_0031,12766.51,INR,Card,HDFC,2026-08-09 04:24:00,success,,True,False
TXN_002493,CUST_01681,MER_0008,797.72,INR,NetBanking,ICICI,2026-08-05 12:02:00,failed,bank_timeout,True,False
TXN_002494,CUST_01049,MER_0022,2818.42,INR,Card,KOTAK,2026-07-07 11:43:00,success,,True,False
TXN_002495,CUST_00551,MER_0024,4770.78,INR,NetBanking,HDFC,2026-07-05 14:39:00,success,,True,False
TXN_002496,CUST_01692,MER_0029,2249.37,INR,UPI,KOTAK,2026-07-11 00:39:00,success,,True,False
TXN_002497,CUST_00366,MER_0030,1243.96,INR,UPI,HDFC,2026-08-20 10:34:00,success,,True,False
TXN_002498,CUST_00344,MER_0030,4450.17,INR,NetBanking,KOTAK,2026-07-27 05:24:00,success,,True,False
TXN_002499,CUST_00281,MER_0034,4119.74,INR,Wallet,ICICI,2026-08-14 02:23:00,failed,bank_declined,False,False
TXN_002500,CUST_00995,MER_0031,2414.76,INR,UPI,SBI,2026-07-20 06:31:00,success,,True,True
TXN_002501,CUST_01606,MER_0022,1510.42,INR,NetBanking,KOTAK,2026-07-30 17:42:00,success,,True,False
TXN_002502,CUST_00372,MER_0025,701.32,INR,UPI,HDFC,2026-07-22 13:51:00,success,,True,False
TXN_002503,CUST_01988,MER_0034,4700.85,INR,NetBanking,YES,2026-07-03 05:20:00,success,,True,False
TXN_002504,CUST_01262,MER_0015,3425.87,INR,UPI,KOTAK,2026-08-11 00:38:00,success,,True,True
TXN_002505,CUST_00012,MER_0038,1127.07,INR,NetBanking,HDFC,2026-08-10 01:02:00,success,,True,False
TXN_002506,CUST_01040,MER_0039,1586.27,INR,UPI,YES,2026-07-23 16:29:00,failed,network_error,True,True
TXN_002507,CUST_00438,MER_0010,745.17,INR,Wallet,ICICI,2026-07-27 20:27:00,failed,bank_declined,True,False
TXN_002508,CUST_00283,MER_0046,985.29,INR,UPI,AXIS,2026-07-12 06:13:00,success,,True,False
TXN_002509,CUST_01269,MER_0032,1754.64,INR,Wallet,SBI,2026-07-27 19:30:00,success,,True,True
TXN_002510,CUST_01584,MER_0041,1351.6,INR,UPI,SBI,2026-07-09 20:50:00,success,,True,False
TXN_002511,CUST_00069,MER_0040,664.08,INR,Card,YES,2026-07-18 15:18:00,success,,True,True
TXN_002512,CUST_00279,MER_0035,12308.83,INR,Card,YES,2026-08-18 11:01:00,success,,True,False
TXN_002513,CUST_01880,MER_0045,6647.74,INR,UPI,AXIS,2026-08-21 02:48:00,success,,True,False
TXN_002514,CUST_01039,MER_0002,1308.69,INR,Card,ICICI,2026-07-28 05:34:00,success,,True,False
TXN_002515,CUST_00514,MER_0016,3034.91,INR,UPI,HDFC,2026-07-03 06:55:00,failed,network_error,True,False
TXN_002516,CUST_01940,MER_0005,6328.82,INR,NetBanking,YES,2026-07-20 10:16:00,failed,network_error,True,False
TXN_002517,CUST_00724,MER_0012,5847.01,INR,Card,HDFC,2026-07-26 21:08:00,success,,True,True
TXN_002518,CUST_01108,MER_0048,1574.47,INR,UPI,AXIS,2026-07-29 12:24:00,success,,True,False
TXN_002519,CUST_00885,MER_0015,838.24,INR,Card,SBI,2026-07-15 23:20:00,success,,True,False
TXN_002520,CUST_00240,MER_0021,4356.0,INR,NetBanking,YES,2026-08-19 22:55:00,success,,True,True
TXN_002521,CUST_01364,MER_0023,6854.13,INR,UPI,AXIS,2026-08-05 23:41:00,failed,network_error,True,False
TXN_002522,CUST_01053,MER_0018,934.69,INR,UPI,YES,2026-08-23 23:11:00,failed,bank_timeout,True,False
TXN_002523,CUST_01566,MER_0041,1758.4,INR,Card,SBI,2026-07-13 15:39:00,failed,insufficient_funds,True,False
TXN_002524,CUST_00425,MER_0007,752.66,INR,NetBanking,AXIS,2026-08-15 03:03:00,success,,True,False
TXN_002525,CUST_00688,MER_0032,888.72,INR,UPI,KOTAK,2026-07-18 21:38:00,success,,True,True
TXN_002526,CUST_00202,MER_0010,1311.99,INR,NetBanking,YES,2026-08-13 10:12:00,success,,True,False
TXN_002527,CUST_00282,MER_0006,2599.75,INR,Card,ICICI,2026-07-24 12:42:00,success,,True,True
TXN_002528,CUST_01481,MER_0033,1461.38,INR,NetBanking,HDFC,2026-08-01 17:38:00,failed,bank_timeout,True,False
TXN_002529,CUST_01886,MER_0049,5549.79,INR,Wallet,KOTAK,2026-08-15 16:03:00,failed,bank_declined,False,False
TXN_002530,CUST_00314,MER_0012,8910.9,INR,Wallet,YES,2026-08-11 04:29:00,success,,True,False
TXN_002531,CUST_00431,MER_0028,3403.85,INR,UPI,AXIS,2026-07-09 02:32:00,success,,True,False
TXN_002532,CUST_01281,MER_0024,921.94,INR,NetBanking,YES,2026-07-28 08:06:00,success,,True,True
TXN_002533,CUST_00682,MER_0001,7264.11,INR,UPI,HDFC,2026-07-21 01:25:00,failed,bank_timeout,True,False
TXN_002534,CUST_01324,MER_0005,5056.02,INR,UPI,YES,2026-07-14 23:38:00,success,,True,True
TXN_002535,CUST_00189,MER_0033,8595.44,INR,UPI,KOTAK,2026-07-03 03:43:00,failed,authentication_failure,True,False
TXN_002536,CUST_01649,MER_0033,737.36,INR,Card,KOTAK,2026-07-07 18:21:00,success,,True,True
TXN_002537,CUST_01678,MER_0026,1170.79,INR,Card,AXIS,2026-07-16 18:56:00,success,,True,False
TXN_002538,CUST_01823,MER_0031,7031.78,INR,Card,YES,2026-07-23 03:01:00,success,,True,False
TXN_002539,CUST_01170,MER_0027,2131.76,INR,Wallet,HDFC,2026-07-23 21:25:00,failed,bank_declined,True,False
TXN_002540,CUST_00745,MER_0034,4478.57,INR,UPI,AXIS,2026-07-10 16:39:00,failed,bank_timeout,True,False
TXN_002541,CUST_01925,MER_0030,3050.44,INR,UPI,AXIS,2026-07-19 00:36:00,success,,True,False
TXN_002542,CUST_00148,MER_0046,2065.37,INR,Card,KOTAK,2026-07-15 01:41:00,success,,True,False
TXN_002543,CUST_00139,MER_0034,1900.49,INR,Card,KOTAK,2026-08-10 19:26:00,success,,True,False
TXN_002544,CUST_00729,MER_0019,4847.99,INR,Card,ICICI,2026-07-27 15:45:00,success,,True,False
TXN_002545,CUST_01598,MER_0017,3800.38,INR,Card,AXIS,2026-07-25 17:58:00,success,,True,False
TXN_002546,CUST_01177,MER_0005,1986.56,INR,NetBanking,SBI,2026-08-18 16:46:00,success,,True,True
TXN_002547,CUST_01305,MER_0023,5800.44,INR,UPI,SBI,2026-08-12 20:44:00,success,,True,False
TXN_002548,CUST_01344,MER_0020,2201.23,INR,UPI,HDFC,2026-08-02 01:39:00,success,,True,False
TXN_002549,CUST_00866,MER_0038,1234.81,INR,Wallet,HDFC,2026-08-16 01:06:00,failed,network_error,False,False
TXN_002550,CUST_01286,MER_0016,1115.44,INR,UPI,ICICI,2026-07-07 12:55:00,success,,True,False
TXN_002551,CUST_01257,MER_0038,1962.69,INR,Card,AXIS,2026-07-07 12:40:00,failed,expired_card,True,False
TXN_002552,CUST_00835,MER_0019,1281.68,INR,UPI,HDFC,2026-08-12 01:58:00,success,,True,False
TXN_002553,CUST_01346,MER_0033,2837.79,INR,Wallet,YES,2026-07-03 22:43:00,success,,True,False
TXN_002554,CUST_01610,MER_0014,1443.24,INR,Card,AXIS,2026-07-26 21:32:00,success,,True,False
TXN_002555,CUST_01346,MER_0009,1981.78,INR,UPI,HDFC,2026-07-26 07:19:00,failed,bank_declined,True,False
TXN_002556,CUST_01562,MER_0019,2045.85,INR,UPI,ICICI,2026-08-09 10:29:00,success,,True,False
TXN_002557,CUST_01122,MER_0032,2090.24,INR,Card,YES,2026-07-18 03:37:00,success,,True,False
TXN_002558,CUST_01569,MER_0027,3760.21,INR,UPI,SBI,2026-07-27 13:13:00,failed,bank_declined,True,False
TXN_002559,CUST_01662,MER_0029,935.69,INR,Card,YES,2026-07-26 01:54:00,failed,authentication_failure,True,False
TXN_002560,CUST_01642,MER_0043,2887.78,INR,UPI,KOTAK,2026-08-17 01:29:00,success,,True,True
TXN_002561,CUST_00980,MER_0041,2860.39,INR,UPI,KOTAK,2026-08-26 00:24:00,success,,True,False
TXN_002562,CUST_00449,MER_0003,2422.74,INR,Card,HDFC,2026-08-24 06:08:00,failed,authentication_failure,True,False
TXN_002563,CUST_01451,MER_0013,2905.15,INR,UPI,SBI,2026-07-09 16:10:00,success,,True,False
TXN_002564,CUST_01564,MER_0019,3570.54,INR,UPI,ICICI,2026-07-01 04:56:00,failed,authentication_failure,True,True
TXN_002565,CUST_00483,MER_0030,1586.03,INR,UPI,HDFC,2026-07-20 12:31:00,failed,authentication_failure,True,False
TXN_002566,CUST_00070,MER_0008,2995.71,INR,Wallet,HDFC,2026-08-08 08:29:00,success,,True,False
TXN_002567,CUST_01137,MER_0006,6340.09,INR,UPI,AXIS,2026-08-20 03:09:00,success,,True,False
TXN_002568,CUST_00867,MER_0008,1316.34,INR,NetBanking,KOTAK,2026-08-21 21:00:00,failed,bank_timeout,False,False
TXN_002569,CUST_00167,MER_0050,1619.66,INR,UPI,HDFC,2026-07-03 07:31:00,failed,bank_timeout,True,True
TXN_002570,CUST_01414,MER_0022,1848.72,INR,Wallet,YES,2026-08-15 07:54:00,failed,bank_declined,True,False
TXN_002571,CUST_00950,MER_0001,1050.41,INR,Card,SBI,2026-08-20 01:37:00,success,,True,False
TXN_002572,CUST_01576,MER_0007,3436.65,INR,UPI,KOTAK,2026-07-30 17:58:00,failed,bank_timeout,True,False
TXN_002573,CUST_01443,MER_0049,1557.64,INR,UPI,SBI,2026-08-12 16:07:00,success,,True,False
TXN_002574,CUST_01254,MER_0047,1875.08,INR,UPI,ICICI,2026-07-14 15:21:00,failed,bank_declined,True,False
TXN_002575,CUST_01121,MER_0015,1958.94,INR,UPI,KOTAK,2026-07-19 03:02:00,failed,bank_declined,False,True
TXN_002576,CUST_01762,MER_0023,493.19,INR,UPI,HDFC,2026-08-14 22:02:00,success,,True,False
TXN_002577,CUST_00211,MER_0026,2507.96,INR,UPI,YES,2026-08-23 01:14:00,failed,authentication_failure,True,False
TXN_002578,CUST_00184,MER_0003,3295.67,INR,UPI,SBI,2026-07-02 02:05:00,failed,bank_timeout,True,False
TXN_002579,CUST_01690,MER_0038,6184.54,INR,NetBanking,KOTAK,2026-07-18 17:21:00,failed,bank_timeout,True,False
TXN_002580,CUST_01985,MER_0030,4993.68,INR,Card,HDFC,2026-08-18 02:27:00,success,,True,False
TXN_002581,CUST_00781,MER_0015,661.42,INR,Card,SBI,2026-08-06 10:34:00,success,,True,False
TXN_002582,CUST_01657,MER_0003,1183.28,INR,UPI,HDFC,2026-07-08 02:31:00,success,,True,False
TXN_002583,CUST_00529,MER_0028,575.0,INR,NetBanking,HDFC,2026-07-18 21:01:00,failed,authentication_failure,True,False
TXN_002584,CUST_00633,MER_0015,2351.93,INR,Card,KOTAK,2026-07-20 22:39:00,success,,True,False
TXN_002585,CUST_01484,MER_0022,2673.87,INR,UPI,ICICI,2026-07-15 19:22:00,success,,True,False
TXN_002586,CUST_01829,MER_0002,2564.47,INR,NetBanking,YES,2026-07-15 12:17:00,failed,bank_timeout,False,True
TXN_002587,CUST_00789,MER_0026,2096.04,INR,Wallet,ICICI,2026-08-16 13:10:00,success,,True,False
TXN_002588,CUST_00563,MER_0031,736.6,INR,Card,AXIS,2026-07-16 03:32:00,success,,True,False
TXN_002589,CUST_01020,MER_0020,7263.25,INR,Card,YES,2026-07-10 09:19:00,success,,True,False
TXN_002590,CUST_00980,MER_0013,1914.28,INR,Card,KOTAK,2026-08-22 11:54:00,success,,True,False
TXN_002591,CUST_01780,MER_0043,1650.59,INR,UPI,KOTAK,2026-07-10 16:21:00,success,,True,False
TXN_002592,CUST_01576,MER_0043,8700.64,INR,UPI,YES,2026-07-06 08:14:00,failed,bank_timeout,True,False
TXN_002593,CUST_01008,MER_0042,991.81,INR,UPI,ICICI,2026-08-22 10:54:00,success,,True,True
TXN_002594,CUST_01345,MER_0046,1015.39,INR,UPI,ICICI,2026-07-22 00:50:00,success,,True,False
TXN_002595,CUST_00257,MER_0040,2311.62,INR,UPI,SBI,2026-08-18 08:58:00,success,,True,False
TXN_002596,CUST_01538,MER_0038,3447.16,INR,Card,KOTAK,2026-07-29 00:31:00,failed,insufficient_funds,False,False
TXN_002597,CUST_00596,MER_0017,19102.92,INR,Card,AXIS,2026-08-14 03:22:00,success,,True,False
TXN_002598,CUST_00553,MER_0048,403.61,INR,Card,ICICI,2026-07-24 10:59:00,failed,bank_declined,True,False
TXN_002599,CUST_01041,MER_0004,1562.9,INR,Card,HDFC,2026-08-12 01:53:00,failed,insufficient_funds,True,True
TXN_002600,CUST_01761,MER_0048,1486.5,INR,Card,KOTAK,2026-07-06 04:45:00,success,,True,False
TXN_002601,CUST_01937,MER_0004,1179.66,INR,Card,KOTAK,2026-08-02 04:46:00,success,,True,True
TXN_002602,CUST_01669,MER_0020,9392.06,INR,Card,AXIS,2026-08-23 19:33:00,success,,True,False
TXN_002603,CUST_01386,MER_0046,4787.86,INR,NetBanking,AXIS,2026-07-31 04:21:00,failed,authentication_failure,True,False
TXN_002604,CUST_00850,MER_0030,7192.63,INR,Wallet,ICICI,2026-08-10 14:05:00,success,,True,False
TXN_002605,CUST_01666,MER_0047,727.76,INR,UPI,KOTAK,2026-07-09 04:18:00,success,,True,False
TXN_002606,CUST_01924,MER_0036,841.71,INR,UPI,ICICI,2026-07-02 14:01:00,failed,bank_timeout,True,False
TXN_002607,CUST_00583,MER_0046,1394.75,INR,UPI,HDFC,2026-07-10 06:28:00,success,,True,False
TXN_002608,CUST_00732,MER_0041,2777.65,INR,UPI,ICICI,2026-07-28 17:17:00,failed,authentication_failure,True,True
TXN_002609,CUST_01138,MER_0005,2750.32,INR,Card,YES,2026-07-15 22:28:00,failed,insufficient_funds,True,False
TXN_002610,CUST_01203,MER_0025,4640.25,INR,NetBanking,ICICI,2026-07-30 19:54:00,failed,bank_declined,True,False
TXN_002611,CUST_00777,MER_0049,4387.19,INR,UPI,SBI,2026-08-13 17:45:00,failed,authentication_failure,True,False
TXN_002612,CUST_00024,MER_0008,3131.27,INR,UPI,ICICI,2026-07-15 01:34:00,success,,True,True
TXN_002613,CUST_01592,MER_0034,943.68,INR,UPI,KOTAK,2026-08-01 16:20:00,failed,bank_timeout,True,False
TXN_002614,CUST_00222,MER_0011,3742.44,INR,Card,KOTAK,2026-07-31 20:48:00,failed,network_error,True,False
TXN_002615,CUST_01752,MER_0047,1234.93,INR,Wallet,AXIS,2026-08-16 00:46:00,failed,bank_timeout,True,True
TXN_002616,CUST_00485,MER_0050,716.78,INR,UPI,AXIS,2026-08-20 19:29:00,failed,bank_declined,False,False
TXN_002617,CUST_01219,MER_0010,2070.97,INR,UPI,AXIS,2026-07-18 23:17:00,failed,bank_timeout,True,False
TXN_002618,CUST_00229,MER_0042,1601.63,INR,UPI,AXIS,2026-07-07 03:31:00,failed,authentication_failure,True,False
TXN_002619,CUST_00111,MER_0026,1324.31,INR,Wallet,HDFC,2026-08-17 17:20:00,success,,True,False
TXN_002620,CUST_01099,MER_0041,4919.39,INR,UPI,YES,2026-08-05 04:45:00,success,,True,False
TXN_002621,CUST_00870,MER_0011,1383.62,INR,Card,HDFC,2026-08-26 16:06:00,success,,True,False
TXN_002622,CUST_01602,MER_0006,4087.45,INR,UPI,AXIS,2026-07-15 14:34:00,success,,True,False
TXN_002623,CUST_00179,MER_0035,1797.3,INR,UPI,ICICI,2026-07-01 16:06:00,failed,bank_timeout,True,True
TXN_002624,CUST_01778,MER_0028,1546.5,INR,Card,ICICI,2026-08-01 20:55:00,success,,True,False
TXN_002625,CUST_00619,MER_0041,950.24,INR,UPI,HDFC,2026-07-11 21:19:00,success,,True,False
TXN_002626,CUST_00678,MER_0006,2507.7,INR,Card,HDFC,2026-07-02 12:24:00,success,,True,True
TXN_002627,CUST_00121,MER_0040,941.69,INR,UPI,KOTAK,2026-08-19 08:44:00,success,,True,True
TXN_002628,CUST_01274,MER_0012,5119.34,INR,UPI,HDFC,2026-07-01 07:09:00,success,,True,False
TXN_002629,CUST_00371,MER_0009,2269.1,INR,UPI,HDFC,2026-07-10 22:19:00,success,,True,True
TXN_002630,CUST_01839,MER_0013,2117.36,INR,Card,YES,2026-07-10 21:50:00,failed,network_error,True,False
TXN_002631,CUST_01501,MER_0002,5277.07,INR,NetBanking,HDFC,2026-08-25 14:11:00,success,,True,False
TXN_002632,CUST_01250,MER_0028,2401.67,INR,Card,KOTAK,2026-07-31 23:04:00,success,,True,False
TXN_002633,CUST_00427,MER_0001,1316.91,INR,UPI,SBI,2026-07-17 02:11:00,success,,True,False
TXN_002634,CUST_00236,MER_0026,590.41,INR,UPI,AXIS,2026-07-01 01:02:00,success,,True,False
TXN_002635,CUST_00620,MER_0048,1409.74,INR,UPI,HDFC,2026-07-07 11:14:00,success,,True,True
TXN_002636,CUST_01558,MER_0020,1489.55,INR,UPI,AXIS,2026-08-23 23:39:00,failed,bank_timeout,True,True
TXN_002637,CUST_01548,MER_0037,1851.74,INR,Wallet,AXIS,2026-07-07 06:39:00,failed,insufficient_funds,True,False
TXN_002638,CUST_01224,MER_0004,1494.6,INR,UPI,KOTAK,2026-07-13 15:33:00,success,,True,False
TXN_002639,CUST_00428,MER_0023,2331.73,INR,Wallet,YES,2026-07-04 23:52:00,success,,True,False
TXN_002640,CUST_00708,MER_0012,6292.98,INR,Wallet,YES,2026-08-25 23:05:00,failed,network_error,True,True
TXN_002641,CUST_01928,MER_0012,2326.15,INR,UPI,YES,2026-08-04 18:50:00,success,,True,False
TXN_002642,CUST_00916,MER_0006,1507.86,INR,Wallet,SBI,2026-08-04 20:03:00,failed,bank_timeout,True,False
TXN_002643,CUST_00335,MER_0008,1235.84,INR,NetBanking,AXIS,2026-07-05 10:33:00,success,,True,True
TXN_002644,CUST_01164,MER_0015,1583.19,INR,UPI,YES,2026-07-22 23:37:00,success,,True,False
TXN_002645,CUST_01263,MER_0039,4467.27,INR,NetBanking,HDFC,2026-07-21 12:02:00,success,,True,False
TXN_002646,CUST_00654,MER_0032,2043.64,INR,Card,HDFC,2026-07-07 23:13:00,failed,insufficient_funds,True,False
TXN_002647,CUST_01960,MER_0029,10042.04,INR,NetBanking,SBI,2026-08-19 23:18:00,failed,authentication_failure,True,False
TXN_002648,CUST_00157,MER_0049,791.91,INR,UPI,SBI,2026-08-12 05:43:00,failed,bank_declined,True,False
TXN_002649,CUST_00562,MER_0018,2667.0,INR,UPI,YES,2026-08-17 02:24:00,failed,network_error,True,False
TXN_002650,CUST_00284,MER_0025,1005.77,INR,NetBanking,YES,2026-07-08 08:24:00,success,,True,False
TXN_002651,CUST_00659,MER_0041,5328.54,INR,UPI,KOTAK,2026-07-09 15:55:00,failed,authentication_failure,True,False
TXN_002652,CUST_00229,MER_0048,1475.98,INR,Card,KOTAK,2026-08-13 12:02:00,success,,True,True
TXN_002653,CUST_01268,MER_0047,1954.69,INR,Card,KOTAK,2026-08-25 20:59:00,success,,True,False
TXN_002654,CUST_00556,MER_0035,1065.24,INR,Card,SBI,2026-08-19 08:00:00,success,,True,False
TXN_002655,CUST_00248,MER_0016,2073.99,INR,UPI,KOTAK,2026-07-01 22:01:00,failed,bank_timeout,True,False
TXN_002656,CUST_01892,MER_0043,4136.97,INR,UPI,SBI,2026-07-18 03:45:00,success,,True,True
TXN_002657,CUST_00656,MER_0038,5838.02,INR,NetBanking,ICICI,2026-08-17 14:32:00,failed,bank_declined,False,False
TXN_002658,CUST_00390,MER_0007,505.8,INR,Card,HDFC,2026-08-21 08:50:00,failed,expired_card,False,False
TXN_002659,CUST_01377,MER_0039,3086.61,INR,Card,KOTAK,2026-07-28 12:25:00,success,,True,False
TXN_002660,CUST_00885,MER_0049,2979.57,INR,UPI,YES,2026-08-01 11:15:00,success,,True,False
TXN_002661,CUST_01981,MER_0005,1879.31,INR,UPI,KOTAK,2026-07-20 07:26:00,success,,True,False
TXN_002662,CUST_01418,MER_0045,2696.75,INR,UPI,AXIS,2026-08-11 22:52:00,failed,bank_declined,True,False
TXN_002663,CUST_01820,MER_0041,3312.26,INR,UPI,KOTAK,2026-08-04 07:26:00,success,,True,True
TXN_002664,CUST_00381,MER_0013,1810.4,INR,Card,KOTAK,2026-07-21 09:38:00,failed,network_error,True,False
TXN_002665,CUST_00462,MER_0047,2130.51,INR,UPI,HDFC,2026-08-18 04:43:00,success,,True,False
TXN_002666,CUST_00417,MER_0021,9039.8,INR,UPI,AXIS,2026-07-16 10:42:00,success,,True,False
TXN_002667,CUST_00672,MER_0008,2107.71,INR,UPI,AXIS,2026-07-10 08:57:00,success,,True,True
TXN_002668,CUST_01198,MER_0009,2402.26,INR,UPI,AXIS,2026-08-01 02:33:00,failed,bank_declined,True,True
TXN_002669,CUST_01647,MER_0003,5879.26,INR,NetBanking,ICICI,2026-07-03 01:23:00,success,,True,False
TXN_002670,CUST_01495,MER_0013,11706.15,INR,UPI,SBI,2026-07-17 12:18:00,success,,True,False
TXN_002671,CUST_00043,MER_0026,3499.9,INR,UPI,ICICI,2026-07-07 18:48:00,success,,True,False
TXN_002672,CUST_01798,MER_0006,2607.69,INR,Wallet,ICICI,2026-07-31 23:06:00,success,,True,False
TXN_002673,CUST_00637,MER_0027,2513.49,INR,UPI,AXIS,2026-08-17 13:49:00,failed,bank_timeout,False,False
TXN_002674,CUST_01343,MER_0027,4429.85,INR,Card,SBI,2026-07-16 22:54:00,failed,insufficient_funds,True,False
TXN_002675,CUST_00256,MER_0046,3438.1,INR,UPI,HDFC,2026-08-01 17:00:00,success,,True,False
TXN_002676,CUST_01552,MER_0044,1381.37,INR,UPI,ICICI,2026-07-15 22:03:00,failed,network_error,False,False
TXN_002677,CUST_00897,MER_0045,1756.68,INR,Card,ICICI,2026-07-26 19:18:00,success,,True,False
TXN_002678,CUST_01664,MER_0010,5526.44,INR,Wallet,AXIS,2026-08-26 19:12:00,failed,insufficient_funds,True,True
TXN_002679,CUST_01736,MER_0050,12914.79,INR,Card,AXIS,2026-08-11 15:46:00,failed,bank_declined,False,False
TXN_002680,CUST_01545,MER_0017,879.59,INR,UPI,HDFC,2026-07-30 14:53:00,success,,True,False
TXN_002681,CUST_01427,MER_0008,2202.09,INR,UPI,YES,2026-07-05 18:48:00,success,,True,False
TXN_002682,CUST_01768,MER_0044,1449.04,INR,NetBanking,KOTAK,2026-08-17 21:40:00,success,,True,True
TXN_002683,CUST_00686,MER_0011,421.78,INR,Card,AXIS,2026-08-20 22:08:00,success,,True,True
TXN_002684,CUST_00631,MER_0022,8774.25,INR,UPI,AXIS,2026-07-06 05:26:00,failed,network_error,False,False
TXN_002685,CUST_00288,MER_0048,3738.97,INR,UPI,AXIS,2026-08-19 01:50:00,success,,True,False
TXN_002686,CUST_00574,MER_0032,2785.89,INR,Card,KOTAK,2026-08-26 15:11:00,success,,True,False
TXN_002687,CUST_00812,MER_0010,807.86,INR,UPI,ICICI,2026-07-10 05:25:00,success,,True,False
TXN_002688,CUST_00531,MER_0048,1657.57,INR,Card,HDFC,2026-07-11 14:23:00,success,,True,False
TXN_002689,CUST_00427,MER_0019,4785.88,INR,UPI,YES,2026-07-27 12:28:00,success,,True,False
TXN_002690,CUST_01565,MER_0018,1052.61,INR,UPI,HDFC,2026-08-24 19:22:00,success,,True,False
TXN_002691,CUST_00680,MER_0042,322.01,INR,UPI,SBI,2026-07-29 05:18:00,success,,True,False
TXN_002692,CUST_00665,MER_0022,2035.13,INR,UPI,AXIS,2026-07-14 15:27:00,success,,True,False
TXN_002693,CUST_00240,MER_0032,2178.94,INR,Card,KOTAK,2026-07-17 00:28:00,success,,True,False
TXN_002694,CUST_00969,MER_0039,2720.17,INR,UPI,SBI,2026-07-31 15:58:00,success,,True,False
TXN_002695,CUST_01359,MER_0006,4371.3,INR,UPI,KOTAK,2026-08-02 17:04:00,success,,True,False
TXN_002696,CUST_00346,MER_0035,4064.66,INR,UPI,AXIS,2026-08-03 02:05:00,success,,True,True
TXN_002697,CUST_00326,MER_0010,3001.95,INR,NetBanking,YES,2026-08-16 02:25:00,success,,True,False
TXN_002698,CUST_01827,MER_0008,6351.37,INR,UPI,HDFC,2026-07-22 06:41:00,success,,True,True
TXN_002699,CUST_01849,MER_0028,724.02,INR,UPI,AXIS,2026-08-16 13:34:00,success,,True,True
TXN_002700,CUST_00056,MER_0005,3654.32,INR,Card,YES,2026-07-26 12:54:00,success,,True,False
TXN_002701,CUST_00538,MER_0037,4028.83,INR,NetBanking,YES,2026-07-05 04:55:00,success,,True,False
TXN_002702,CUST_01454,MER_0008,905.38,INR,NetBanking,SBI,2026-07-09 19:00:00,success,,True,False
TXN_002703,CUST_01340,MER_0044,733.41,INR,Card,HDFC,2026-08-23 13:36:00,success,,True,True
TXN_002704,CUST_01319,MER_0006,1343.79,INR,Wallet,KOTAK,2026-08-13 08:55:00,success,,True,False
TXN_002705,CUST_00502,MER_0045,1437.65,INR,UPI,HDFC,2026-08-14 17:33:00,success,,True,False
TXN_002706,CUST_01678,MER_0007,4459.25,INR,UPI,HDFC,2026-07-31 15:57:00,success,,True,False
TXN_002707,CUST_01862,MER_0031,1492.74,INR,NetBanking,HDFC,2026-07-19 07:43:00,failed,authentication_failure,True,False
TXN_002708,CUST_00198,MER_0027,1496.21,INR,UPI,HDFC,2026-07-21 02:17:00,failed,authentication_failure,True,True
TXN_002709,CUST_01522,MER_0024,2466.2,INR,UPI,ICICI,2026-07-01 12:42:00,failed,bank_timeout,True,False
TXN_002710,CUST_00027,MER_0003,2235.0,INR,UPI,YES,2026-07-12 21:09:00,success,,True,False
TXN_002711,CUST_00855,MER_0040,6861.27,INR,Card,AXIS,2026-07-18 22:07:00,success,,True,False
TXN_002712,CUST_01682,MER_0022,1340.32,INR,Card,KOTAK,2026-07-28 10:58:00,success,,True,False
TXN_002713,CUST_00688,MER_0048,6991.19,INR,UPI,ICICI,2026-07-23 05:09:00,success,,True,False
TXN_002714,CUST_01943,MER_0049,2888.22,INR,Card,YES,2026-08-11 05:39:00,failed,authentication_failure,True,False
TXN_002715,CUST_00156,MER_0030,18046.74,INR,Wallet,KOTAK,2026-08-19 07:50:00,success,,True,False
TXN_002716,CUST_01474,MER_0049,1048.89,INR,UPI,KOTAK,2026-08-19 23:26:00,success,,True,False
TXN_002717,CUST_00134,MER_0048,1839.14,INR,Card,AXIS,2026-08-19 00:09:00,success,,True,False
TXN_002718,CUST_00484,MER_0050,910.56,INR,UPI,AXIS,2026-07-20 20:26:00,success,,True,False
TXN_002719,CUST_01761,MER_0020,5228.97,INR,Card,AXIS,2026-08-03 17:22:00,failed,insufficient_funds,True,False
TXN_002720,CUST_00019,MER_0019,9282.98,INR,Card,YES,2026-07-23 15:09:00,failed,insufficient_funds,True,False
TXN_002721,CUST_00441,MER_0010,2083.71,INR,Wallet,YES,2026-08-07 03:43:00,failed,bank_timeout,True,True
TXN_002722,CUST_00503,MER_0033,641.02,INR,Card,YES,2026-08-16 10:58:00,success,,True,False
TXN_002723,CUST_01048,MER_0016,12440.33,INR,UPI,KOTAK,2026-07-27 04:01:00,success,,True,False
TXN_002724,CUST_00774,MER_0043,3551.7,INR,UPI,YES,2026-07-13 22:12:00,failed,authentication_failure,True,False
TXN_002725,CUST_01121,MER_0017,7061.73,INR,UPI,KOTAK,2026-08-01 22:37:00,success,,True,True
TXN_002726,CUST_00905,MER_0022,1120.79,INR,UPI,ICICI,2026-08-22 19:36:00,success,,True,False
TXN_002727,CUST_01954,MER_0036,3378.87,INR,NetBanking,YES,2026-08-09 04:48:00,success,,True,False
TXN_002728,CUST_01078,MER_0019,2125.79,INR,UPI,YES,2026-07-17 20:46:00,success,,True,False
TXN_002729,CUST_01030,MER_0025,4068.14,INR,UPI,ICICI,2026-08-07 08:27:00,success,,True,False
TXN_002730,CUST_01859,MER_0047,2319.58,INR,Card,SBI,2026-08-13 16:11:00,success,,True,False
TXN_002731,CUST_01511,MER_0017,764.53,INR,UPI,AXIS,2026-07-12 17:02:00,success,,True,True
TXN_002732,CUST_01171,MER_0023,2592.72,INR,NetBanking,KOTAK,2026-08-23 06:10:00,success,,True,False
TXN_002733,CUST_01904,MER_0028,5648.2,INR,Card,KOTAK,2026-08-03 22:09:00,success,,True,False
TXN_002734,CUST_01982,MER_0034,2384.22,INR,UPI,AXIS,2026-07-22 10:00:00,failed,network_error,False,False
TXN_002735,CUST_01500,MER_0045,1057.41,INR,Wallet,AXIS,2026-08-26 00:06:00,success,,True,False
TXN_002736,CUST_01381,MER_0012,2389.86,INR,Card,SBI,2026-08-12 02:11:00,success,,True,False
TXN_002737,CUST_00150,MER_0025,1480.88,INR,NetBanking,KOTAK,2026-08-08 00:55:00,failed,bank_declined,True,False
TXN_002738,CUST_01801,MER_0005,2502.87,INR,Wallet,AXIS,2026-08-05 13:43:00,failed,bank_timeout,False,False
TXN_002739,CUST_00341,MER_0040,5826.48,INR,UPI,HDFC,2026-08-25 10:47:00,success,,True,True
TXN_002740,CUST_01198,MER_0009,4244.14,INR,Card,AXIS,2026-08-10 10:13:00,failed,authentication_failure,True,False
TXN_002741,CUST_00358,MER_0042,1098.2,INR,UPI,SBI,2026-07-30 12:01:00,success,,True,False
TXN_002742,CUST_01446,MER_0007,2435.17,INR,UPI,HDFC,2026-07-14 18:33:00,success,,True,False
TXN_002743,CUST_00678,MER_0012,1593.24,INR,Card,AXIS,2026-08-04 01:37:00,success,,True,False
TXN_002744,CUST_00909,MER_0045,1853.35,INR,NetBanking,SBI,2026-08-09 17:25:00,success,,True,False
TXN_002745,CUST_00009,MER_0023,1808.72,INR,UPI,YES,2026-08-23 10:07:00,failed,authentication_failure,True,False
TXN_002746,CUST_01171,MER_0043,509.86,INR,Card,KOTAK,2026-07-25 14:46:00,success,,True,False
TXN_002747,CUST_00412,MER_0040,1430.08,INR,UPI,KOTAK,2026-08-15 20:40:00,success,,True,False
TXN_002748,CUST_01382,MER_0033,2848.94,INR,NetBanking,YES,2026-08-23 18:10:00,success,,True,False
TXN_002749,CUST_01812,MER_0022,830.03,INR,UPI,ICICI,2026-07-06 22:51:00,failed,bank_declined,True,False
TXN_002750,CUST_01418,MER_0002,11161.38,INR,UPI,AXIS,2026-07-25 17:51:00,success,,True,False
TXN_002751,CUST_00956,MER_0029,5532.78,INR,Wallet,YES,2026-07-31 18:36:00,success,,True,False
TXN_002752,CUST_01147,MER_0045,9089.12,INR,Card,SBI,2026-07-12 16:05:00,failed,expired_card,True,True
TXN_002753,CUST_00423,MER_0029,6210.57,INR,Card,SBI,2026-07-29 02:43:00,success,,True,True
TXN_002754,CUST_01692,MER_0043,1367.62,INR,Card,ICICI,2026-07-18 21:46:00,success,,True,False
TXN_002755,CUST_01229,MER_0049,1457.57,INR,Wallet,YES,2026-08-15 12:34:00,success,,True,False
TXN_002756,CUST_00615,MER_0012,272.79,INR,UPI,YES,2026-07-09 15:27:00,success,,True,False
TXN_002757,CUST_00841,MER_0004,6303.85,INR,UPI,ICICI,2026-07-22 18:06:00,success,,True,False
TXN_002758,CUST_00492,MER_0004,8368.74,INR,Wallet,AXIS,2026-07-15 21:42:00,success,,True,True
TXN_002759,CUST_01328,MER_0023,1567.85,INR,NetBanking,AXIS,2026-07-02 10:39:00,success,,True,False
TXN_002760,CUST_01515,MER_0049,1991.89,INR,Card,ICICI,2026-07-22 11:40:00,success,,True,False
TXN_002761,CUST_00490,MER_0039,1335.3,INR,Card,YES,2026-08-13 07:36:00,success,,True,False
TXN_002762,CUST_01023,MER_0030,3314.7,INR,Card,SBI,2026-07-07 03:32:00,success,,True,False
TXN_002763,CUST_01904,MER_0005,6002.59,INR,UPI,KOTAK,2026-07-27 21:45:00,success,,True,False
TXN_002764,CUST_00344,MER_0042,605.34,INR,UPI,KOTAK,2026-07-26 11:43:00,success,,True,True
TXN_002765,CUST_01094,MER_0033,3386.5,INR,Card,SBI,2026-08-17 22:54:00,success,,True,False
TXN_002766,CUST_01652,MER_0012,1956.01,INR,Card,KOTAK,2026-08-24 02:24:00,success,,True,True
TXN_002767,CUST_00876,MER_0039,2672.36,INR,UPI,KOTAK,2026-07-30 23:32:00,success,,True,True
TXN_002768,CUST_00768,MER_0028,3523.45,INR,NetBanking,ICICI,2026-08-13 20:59:00,failed,bank_timeout,True,False
TXN_002769,CUST_00701,MER_0036,2246.5,INR,Card,ICICI,2026-07-04 02:54:00,failed,bank_declined,True,False
TXN_002770,CUST_01518,MER_0006,5304.19,INR,NetBanking,AXIS,2026-07-10 18:34:00,failed,network_error,True,True
TXN_002771,CUST_00910,MER_0008,2911.63,INR,UPI,ICICI,2026-07-14 15:36:00,failed,bank_declined,True,False
TXN_002772,CUST_01423,MER_0050,1802.87,INR,UPI,SBI,2026-07-25 12:29:00,success,,True,False
TXN_002773,CUST_00374,MER_0030,5008.72,INR,Card,KOTAK,2026-08-12 10:05:00,success,,True,False
TXN_002774,CUST_00730,MER_0022,2515.32,INR,Card,SBI,2026-07-24 00:52:00,success,,True,False
TXN_002775,CUST_01352,MER_0016,4136.58,INR,Card,AXIS,2026-07-09 19:13:00,success,,True,True
TXN_002776,CUST_01335,MER_0020,10028.73,INR,Card,SBI,2026-07-05 19:05:00,failed,insufficient_funds,True,False
TXN_002777,CUST_00829,MER_0043,2629.44,INR,Card,YES,2026-08-02 05:35:00,success,,True,True
TXN_002778,CUST_00265,MER_0021,1621.66,INR,UPI,HDFC,2026-08-09 21:28:00,success,,True,True
TXN_002779,CUST_00267,MER_0024,316.45,INR,UPI,YES,2026-07-19 10:54:00,failed,bank_declined,True,False
TXN_002780,CUST_00291,MER_0017,1880.31,INR,UPI,HDFC,2026-08-02 18:40:00,failed,authentication_failure,True,False
TXN_002781,CUST_01298,MER_0011,2157.87,INR,Card,SBI,2026-08-26 09:45:00,failed,bank_declined,True,False
TXN_002782,CUST_00381,MER_0012,587.86,INR,Card,HDFC,2026-08-22 18:49:00,success,,True,False
TXN_002783,CUST_00459,MER_0043,1150.58,INR,UPI,AXIS,2026-08-06 10:49:00,success,,True,True
TXN_002784,CUST_01405,MER_0019,3573.57,INR,Wallet,AXIS,2026-08-08 08:37:00,failed,insufficient_funds,True,False
TXN_002785,CUST_01796,MER_0008,2257.42,INR,UPI,SBI,2026-08-17 07:57:00,failed,network_error,True,True
TXN_002786,CUST_00988,MER_0035,5229.04,INR,UPI,ICICI,2026-08-01 08:09:00,failed,bank_timeout,True,True
TXN_002787,CUST_00256,MER_0006,3272.96,INR,UPI,SBI,2026-08-05 01:10:00,failed,network_error,True,False
TXN_002788,CUST_00149,MER_0020,4874.92,INR,NetBanking,ICICI,2026-07-13 03:59:00,success,,True,True
TXN_002789,CUST_00212,MER_0038,2754.86,INR,UPI,ICICI,2026-07-05 22:53:00,failed,bank_timeout,False,False
TXN_002790,CUST_01078,MER_0049,1304.95,INR,UPI,YES,2026-07-26 16:41:00,failed,bank_timeout,False,False
TXN_002791,CUST_00998,MER_0037,12936.01,INR,UPI,HDFC,2026-08-26 17:16:00,success,,True,False
TXN_002792,CUST_00886,MER_0021,1089.71,INR,NetBanking,HDFC,2026-07-08 08:09:00,success,,True,False
TXN_002793,CUST_01330,MER_0049,1859.74,INR,NetBanking,ICICI,2026-07-18 08:59:00,success,,True,False
TXN_002794,CUST_01868,MER_0005,2937.42,INR,UPI,KOTAK,2026-07-31 13:20:00,success,,True,False
TXN_002795,CUST_00047,MER_0030,4578.49,INR,UPI,YES,2026-07-10 12:13:00,success,,True,False
TXN_002796,CUST_01247,MER_0015,1559.88,INR,UPI,AXIS,2026-08-18 07:07:00,failed,bank_timeout,True,False
TXN_002797,CUST_00937,MER_0050,7239.82,INR,UPI,YES,2026-08-18 15:00:00,success,,True,False
TXN_002798,CUST_00972,MER_0049,4484.6,INR,NetBanking,KOTAK,2026-07-25 07:01:00,failed,network_error,True,True
TXN_002799,CUST_01242,MER_0026,1501.09,INR,UPI,KOTAK,2026-07-16 04:40:00,success,,True,False
TXN_002800,CUST_00327,MER_0030,8557.35,INR,UPI,AXIS,2026-07-07 23:15:00,success,,True,False
TXN_002801,CUST_01566,MER_0002,7771.65,INR,Card,HDFC,2026-07-18 22:23:00,failed,insufficient_funds,True,False
TXN_002802,CUST_00671,MER_0032,2119.87,INR,UPI,YES,2026-08-04 23:40:00,success,,True,True
TXN_002803,CUST_01939,MER_0042,2608.13,INR,UPI,AXIS,2026-07-22 20:28:00,success,,True,False
TXN_002804,CUST_00861,MER_0012,2197.9,INR,UPI,SBI,2026-08-04 23:38:00,failed,network_error,False,False
TXN_002805,CUST_00169,MER_0037,1211.15,INR,Wallet,HDFC,2026-07-14 10:36:00,success,,True,True
TXN_002806,CUST_00487,MER_0016,1280.95,INR,UPI,KOTAK,2026-08-05 07:02:00,success,,True,False
TXN_002807,CUST_01759,MER_0037,5476.49,INR,NetBanking,ICICI,2026-07-10 08:12:00,success,,True,True
TXN_002808,CUST_00103,MER_0016,2355.51,INR,UPI,AXIS,2026-07-24 17:42:00,success,,True,False
TXN_002809,CUST_00958,MER_0018,7352.34,INR,Card,YES,2026-07-31 09:04:00,failed,insufficient_funds,True,True
TXN_002810,CUST_00449,MER_0011,2335.96,INR,Card,AXIS,2026-07-26 01:16:00,failed,insufficient_funds,True,False
TXN_002811,CUST_01781,MER_0029,2455.02,INR,UPI,HDFC,2026-08-15 10:38:00,success,,True,False
TXN_002812,CUST_00765,MER_0005,747.82,INR,UPI,KOTAK,2026-07-25 04:02:00,failed,network_error,True,True
TXN_002813,CUST_00178,MER_0048,773.56,INR,UPI,SBI,2026-07-22 11:35:00,success,,True,False
TXN_002814,CUST_01805,MER_0017,4251.97,INR,UPI,AXIS,2026-08-02 08:25:00,success,,True,False
TXN_002815,CUST_00869,MER_0050,4329.78,INR,Wallet,ICICI,2026-08-01 15:25:00,failed,bank_timeout,True,False
TXN_002816,CUST_00925,MER_0044,7094.74,INR,UPI,AXIS,2026-07-02 00:18:00,failed,bank_timeout,True,False
TXN_002817,CUST_01867,MER_0034,2532.1,INR,UPI,KOTAK,2026-07-31 09:06:00,success,,True,False
TXN_002818,CUST_00961,MER_0047,1461.34,INR,Wallet,AXIS,2026-08-17 07:05:00,success,,True,False
TXN_002819,CUST_00527,MER_0024,23375.98,INR,Card,HDFC,2026-08-07 11:05:00,success,,True,False
TXN_002820,CUST_00582,MER_0038,849.65,INR,UPI,HDFC,2026-08-19 20:38:00,success,,True,False
TXN_002821,CUST_01465,MER_0024,2480.18,INR,UPI,HDFC,2026-07-05 06:27:00,success,,True,False
TXN_002822,CUST_00709,MER_0049,2817.76,INR,Card,HDFC,2026-07-16 09:23:00,success,,True,False
TXN_002823,CUST_01896,MER_0018,7158.95,INR,UPI,YES,2026-07-31 15:49:00,failed,bank_declined,True,False
TXN_002824,CUST_00593,MER_0012,1637.77,INR,Card,SBI,2026-07-17 09:43:00,success,,True,False
TXN_002825,CUST_01699,MER_0022,1140.31,INR,UPI,HDFC,2026-08-17 23:46:00,success,,True,False
TXN_002826,CUST_01894,MER_0028,1856.68,INR,UPI,SBI,2026-07-11 17:05:00,failed,bank_timeout,True,False
TXN_002827,CUST_01156,MER_0038,2535.79,INR,Card,SBI,2026-08-14 10:53:00,success,,True,False
TXN_002828,CUST_01804,MER_0008,1554.09,INR,NetBanking,YES,2026-07-14 18:48:00,failed,bank_timeout,True,False
TXN_002829,CUST_01690,MER_0003,6661.61,INR,UPI,AXIS,2026-07-01 15:52:00,success,,True,False
TXN_002830,CUST_01798,MER_0044,1639.03,INR,Card,SBI,2026-08-10 22:23:00,success,,True,False
TXN_002831,CUST_00479,MER_0048,884.91,INR,Card,HDFC,2026-08-24 09:14:00,success,,True,False
TXN_002832,CUST_00390,MER_0037,2133.23,INR,UPI,SBI,2026-07-06 23:51:00,success,,True,False
TXN_002833,CUST_01760,MER_0046,2577.81,INR,NetBanking,ICICI,2026-07-21 11:58:00,success,,True,False
TXN_002834,CUST_01913,MER_0035,603.55,INR,UPI,ICICI,2026-07-31 05:46:00,success,,True,False
TXN_002835,CUST_00176,MER_0023,3182.17,INR,NetBanking,YES,2026-08-01 19:35:00,success,,True,True
TXN_002836,CUST_00915,MER_0004,1056.03,INR,NetBanking,AXIS,2026-08-26 11:07:00,success,,True,False
TXN_002837,CUST_01677,MER_0046,9593.33,INR,UPI,HDFC,2026-07-22 17:40:00,success,,True,False
TXN_002838,CUST_00082,MER_0005,3711.41,INR,NetBanking,AXIS,2026-07-03 23:02:00,success,,True,False
TXN_002839,CUST_01238,MER_0005,1772.38,INR,Wallet,HDFC,2026-08-01 19:41:00,failed,insufficient_funds,True,False
TXN_002840,CUST_00404,MER_0007,2244.02,INR,Wallet,KOTAK,2026-07-16 02:03:00,success,,True,False
TXN_002841,CUST_01436,MER_0020,3984.76,INR,UPI,SBI,2026-08-25 16:42:00,failed,bank_declined,True,False
TXN_002842,CUST_00556,MER_0016,2051.39,INR,UPI,YES,2026-08-12 16:28:00,success,,True,False
TXN_002843,CUST_01074,MER_0047,2557.27,INR,UPI,HDFC,2026-07-04 16:00:00,success,,True,False
TXN_002844,CUST_00901,MER_0010,1505.55,INR,UPI,ICICI,2026-07-22 03:14:00,failed,bank_declined,True,False
TXN_002845,CUST_00860,MER_0004,460.06,INR,Card,YES,2026-07-26 14:03:00,success,,True,True
TXN_002846,CUST_01238,MER_0024,5318.68,INR,NetBanking,ICICI,2026-08-05 07:20:00,success,,True,False
TXN_002847,CUST_01295,MER_0030,3099.63,INR,UPI,SBI,2026-07-26 22:49:00,success,,True,False
TXN_002848,CUST_01188,MER_0046,1314.53,INR,UPI,HDFC,2026-07-13 23:18:00,success,,True,False
TXN_002849,CUST_01673,MER_0049,11147.69,INR,Card,HDFC,2026-07-29 01:35:00,success,,True,False
TXN_002850,CUST_00403,MER_0004,2616.55,INR,Card,KOTAK,2026-08-18 14:13:00,success,,True,False
TXN_002851,CUST_01105,MER_0049,1065.38,INR,NetBanking,KOTAK,2026-07-15 05:36:00,failed,bank_declined,True,False
TXN_002852,CUST_00414,MER_0039,3355.78,INR,UPI,YES,2026-08-14 14:51:00,success,,True,False
TXN_002853,CUST_01400,MER_0027,3346.48,INR,Wallet,ICICI,2026-08-09 13:59:00,success,,True,False
TXN_002854,CUST_00738,MER_0019,1736.1,INR,Card,SBI,2026-08-21 11:36:00,success,,True,False
TXN_002855,CUST_01564,MER_0031,3499.57,INR,UPI,YES,2026-07-18 03:03:00,success,,True,False
TXN_002856,CUST_00928,MER_0007,1979.49,INR,UPI,KOTAK,2026-07-18 17:00:00,success,,True,False
TXN_002857,CUST_01665,MER_0003,3807.6,INR,UPI,SBI,2026-08-18 04:31:00,success,,True,True
TXN_002858,CUST_00619,MER_0012,531.68,INR,UPI,ICICI,2026-07-04 07:23:00,failed,bank_declined,True,False
TXN_002859,CUST_01166,MER_0016,9679.1,INR,UPI,YES,2026-08-18 01:07:00,success,,True,False
TXN_002860,CUST_01379,MER_0017,1321.27,INR,Card,HDFC,2026-08-16 13:00:00,failed,authentication_failure,True,True
TXN_002861,CUST_00225,MER_0008,1705.53,INR,UPI,YES,2026-08-05 06:49:00,success,,True,False
TXN_002862,CUST_01357,MER_0002,923.49,INR,UPI,SBI,2026-08-23 07:09:00,success,,True,False
TXN_002863,CUST_01065,MER_0039,417.12,INR,Wallet,ICICI,2026-07-09 16:48:00,success,,True,False
TXN_002864,CUST_00521,MER_0009,2029.47,INR,UPI,SBI,2026-08-14 13:39:00,failed,authentication_failure,True,False
TXN_002865,CUST_01894,MER_0007,2340.21,INR,UPI,ICICI,2026-08-15 16:05:00,success,,True,False
TXN_002866,CUST_01326,MER_0004,2173.51,INR,UPI,YES,2026-08-07 10:39:00,failed,bank_timeout,False,True
TXN_002867,CUST_01389,MER_0008,5531.83,INR,Card,KOTAK,2026-08-26 17:33:00,failed,insufficient_funds,True,False
TXN_002868,CUST_00427,MER_0001,1541.84,INR,UPI,ICICI,2026-07-29 03:26:00,success,,True,False
TXN_002869,CUST_00164,MER_0041,1949.05,INR,UPI,YES,2026-08-13 03:52:00,success,,True,False
TXN_002870,CUST_00702,MER_0025,3879.56,INR,Card,YES,2026-08-10 13:10:00,failed,bank_declined,True,False
TXN_002871,CUST_00822,MER_0015,1476.58,INR,UPI,YES,2026-07-11 14:51:00,failed,bank_timeout,True,False
TXN_002872,CUST_00100,MER_0014,3199.3,INR,UPI,ICICI,2026-08-03 18:58:00,failed,bank_declined,True,False
TXN_002873,CUST_00887,MER_0044,2480.79,INR,Card,ICICI,2026-08-13 07:12:00,failed,insufficient_funds,True,True
TXN_002874,CUST_01333,MER_0023,592.74,INR,Card,HDFC,2026-08-13 23:22:00,success,,True,True
TXN_002875,CUST_00229,MER_0026,3272.79,INR,UPI,YES,2026-08-11 17:53:00,success,,True,False
TXN_002876,CUST_01207,MER_0026,1795.25,INR,Card,ICICI,2026-07-20 16:52:00,success,,True,True
TXN_002877,CUST_00453,MER_0037,2869.3,INR,Card,KOTAK,2026-07-28 08:25:00,failed,expired_card,True,True
TXN_002878,CUST_01048,MER_0031,1117.53,INR,UPI,ICICI,2026-07-07 11:06:00,success,,True,False
TXN_002879,CUST_00934,MER_0044,2353.82,INR,UPI,ICICI,2026-08-06 23:05:00,success,,True,False
TXN_002880,CUST_00733,MER_0017,910.07,INR,Card,KOTAK,2026-07-19 00:14:00,failed,expired_card,True,False
TXN_002881,CUST_01440,MER_0033,824.87,INR,UPI,HDFC,2026-07-04 05:06:00,success,,True,True
TXN_002882,CUST_00635,MER_0010,2086.77,INR,Card,AXIS,2026-07-14 12:58:00,success,,True,False
TXN_002883,CUST_01956,MER_0011,1060.17,INR,UPI,AXIS,2026-08-12 15:44:00,failed,bank_declined,True,False
TXN_002884,CUST_01027,MER_0039,1872.17,INR,Wallet,AXIS,2026-08-12 13:21:00,failed,bank_timeout,True,False
TXN_002885,CUST_01492,MER_0029,4829.8,INR,UPI,YES,2026-07-10 14:06:00,success,,True,False
TXN_002886,CUST_01510,MER_0050,2498.75,INR,Card,KOTAK,2026-08-10 23:34:00,failed,expired_card,True,False
TXN_002887,CUST_00885,MER_0007,1113.14,INR,NetBanking,SBI,2026-08-19 22:25:00,success,,True,False
TXN_002888,CUST_01499,MER_0007,793.26,INR,UPI,SBI,2026-08-18 16:45:00,success,,True,False
TXN_002889,CUST_00211,MER_0028,2659.16,INR,Wallet,SBI,2026-07-17 16:51:00,success,,True,False
TXN_002890,CUST_00432,MER_0035,1891.12,INR,UPI,KOTAK,2026-08-26 01:56:00,success,,True,False
TXN_002891,CUST_01329,MER_0046,4028.49,INR,UPI,KOTAK,2026-08-06 01:01:00,success,,True,False
TXN_002892,CUST_00252,MER_0006,2289.46,INR,Card,AXIS,2026-08-04 10:20:00,success,,True,False
TXN_002893,CUST_01728,MER_0034,2875.73,INR,Wallet,KOTAK,2026-08-02 08:04:00,success,,True,False
TXN_002894,CUST_01897,MER_0017,666.0,INR,UPI,KOTAK,2026-08-22 13:45:00,success,,True,False
TXN_002895,CUST_01223,MER_0003,11056.23,INR,UPI,YES,2026-07-21 01:58:00,failed,bank_timeout,False,False
TXN_002896,CUST_01899,MER_0050,4264.45,INR,NetBanking,SBI,2026-07-17 18:02:00,success,,True,False
TXN_002897,CUST_00016,MER_0012,1250.28,INR,NetBanking,YES,2026-07-23 13:16:00,failed,bank_timeout,True,True
TXN_002898,CUST_01148,MER_0040,860.68,INR,UPI,AXIS,2026-07-01 10:13:00,success,,True,True
TXN_002899,CUST_01743,MER_0026,3503.98,INR,UPI,SBI,2026-07-30 14:41:00,success,,True,False
TXN_002900,CUST_01072,MER_0048,1835.77,INR,NetBanking,AXIS,2026-07-06 06:21:00,failed,bank_declined,True,False
TXN_002901,CUST_01734,MER_0027,4265.78,INR,Card,YES,2026-08-14 02:23:00,success,,True,False
TXN_002902,CUST_01737,MER_0003,910.48,INR,Card,SBI,2026-07-08 10:42:00,success,,True,False
TXN_002903,CUST_01377,MER_0024,1411.5,INR,UPI,KOTAK,2026-07-27 22:34:00,success,,True,True
TXN_002904,CUST_01924,MER_0033,3518.74,INR,UPI,YES,2026-07-01 00:53:00,failed,bank_timeout,False,True
TXN_002905,CUST_00117,MER_0023,2185.36,INR,NetBanking,HDFC,2026-08-04 03:09:00,success,,True,False
TXN_002906,CUST_00163,MER_0048,3916.32,INR,NetBanking,HDFC,2026-08-08 10:04:00,success,,True,False
TXN_002907,CUST_01019,MER_0013,2240.43,INR,NetBanking,YES,2026-08-20 12:45:00,failed,network_error,True,True
TXN_002908,CUST_00169,MER_0033,603.18,INR,UPI,YES,2026-08-01 02:37:00,success,,True,False
TXN_002909,CUST_01427,MER_0020,2632.52,INR,Card,ICICI,2026-08-08 06:57:00,success,,True,False
TXN_002910,CUST_01492,MER_0036,664.85,INR,NetBanking,SBI,2026-07-02 16:44:00,success,,True,False
TXN_002911,CUST_01888,MER_0028,328.57,INR,UPI,KOTAK,2026-07-15 07:05:00,success,,True,True
TXN_002912,CUST_01587,MER_0018,3096.32,INR,Card,ICICI,2026-07-09 01:26:00,success,,True,False
TXN_002913,CUST_00901,MER_0017,2728.75,INR,UPI,HDFC,2026-08-22 07:16:00,success,,True,False
TXN_002914,CUST_00661,MER_0031,1943.28,INR,UPI,KOTAK,2026-08-05 11:54:00,success,,True,False
TXN_002915,CUST_00386,MER_0035,2241.82,INR,UPI,AXIS,2026-07-07 02:19:00,success,,True,False
TXN_002916,CUST_00058,MER_0027,29104.25,INR,Card,YES,2026-07-09 01:07:00,success,,True,False
TXN_002917,CUST_01821,MER_0038,1985.17,INR,Wallet,SBI,2026-07-05 14:39:00,success,,True,False
TXN_002918,CUST_01451,MER_0008,3670.56,INR,UPI,AXIS,2026-07-04 21:57:00,failed,bank_timeout,True,False
TXN_002919,CUST_00154,MER_0023,3090.8,INR,Card,YES,2026-08-02 16:54:00,success,,True,False
TXN_002920,CUST_00690,MER_0028,2017.09,INR,Card,ICICI,2026-07-08 09:42:00,success,,True,False
TXN_002921,CUST_00506,MER_0036,1757.39,INR,Card,KOTAK,2026-08-14 20:39:00,success,,True,False
TXN_002922,CUST_00590,MER_0002,10457.96,INR,NetBanking,YES,2026-07-25 21:36:00,failed,bank_declined,False,True
TXN_002923,CUST_00370,MER_0049,2722.75,INR,UPI,ICICI,2026-08-20 14:24:00,failed,bank_timeout,True,False
TXN_002924,CUST_01129,MER_0027,1828.39,INR,NetBanking,KOTAK,2026-08-14 02:34:00,success,,True,False
TXN_002925,CUST_00625,MER_0017,21214.12,INR,UPI,KOTAK,2026-08-23 08:03:00,failed,network_error,True,False
TXN_002926,CUST_00034,MER_0048,5899.21,INR,UPI,KOTAK,2026-07-03 14:07:00,success,,True,False
TXN_002927,CUST_01976,MER_0017,7735.33,INR,UPI,AXIS,2026-08-08 19:01:00,failed,bank_declined,True,False
TXN_002928,CUST_00437,MER_0006,1244.57,INR,UPI,YES,2026-08-09 22:27:00,failed,bank_declined,True,False
TXN_002929,CUST_01506,MER_0049,4218.9,INR,Card,SBI,2026-07-30 13:51:00,success,,True,False
TXN_002930,CUST_00636,MER_0039,1271.81,INR,NetBanking,ICICI,2026-07-03 03:16:00,success,,True,False
TXN_002931,CUST_01637,MER_0032,2809.95,INR,UPI,YES,2026-07-26 04:12:00,success,,True,False
TXN_002932,CUST_00776,MER_0025,897.98,INR,NetBanking,SBI,2026-08-07 00:29:00,failed,bank_declined,True,True
TXN_002933,CUST_00882,MER_0028,2507.33,INR,UPI,ICICI,2026-07-20 20:22:00,success,,True,False
TXN_002934,CUST_01018,MER_0026,3025.63,INR,NetBanking,KOTAK,2026-08-10 23:02:00,success,,True,False
TXN_002935,CUST_00236,MER_0026,1000.39,INR,UPI,ICICI,2026-08-23 16:59:00,success,,True,False
TXN_002936,CUST_01021,MER_0003,6358.38,INR,UPI,SBI,2026-08-22 16:58:00,success,,True,False
TXN_002937,CUST_01706,MER_0010,1513.96,INR,UPI,SBI,2026-07-12 06:55:00,success,,True,False
TXN_002938,CUST_00981,MER_0025,639.33,INR,NetBanking,HDFC,2026-08-03 10:57:00,success,,True,False
TXN_002939,CUST_00571,MER_0020,2236.75,INR,Card,HDFC,2026-07-29 06:08:00,failed,network_error,True,False
TXN_002940,CUST_01147,MER_0047,2775.18,INR,UPI,SBI,2026-07-24 14:07:00,failed,bank_declined,True,False
TXN_002941,CUST_01395,MER_0039,2019.98,INR,UPI,ICICI,2026-08-26 19:45:00,failed,bank_timeout,True,False
TXN_002942,CUST_00686,MER_0035,1009.74,INR,Wallet,AXIS,2026-08-02 07:35:00,failed,insufficient_funds,False,False
TXN_002943,CUST_00241,MER_0010,2828.35,INR,Card,SBI,2026-07-03 05:04:00,failed,authentication_failure,False,True
TXN_002944,CUST_00249,MER_0048,531.8,INR,Card,KOTAK,2026-07-07 22:17:00,failed,authentication_failure,True,False
TXN_002945,CUST_01350,MER_0049,914.02,INR,NetBanking,ICICI,2026-08-13 11:20:00,success,,True,False
TXN_002946,CUST_00106,MER_0050,1520.78,INR,Wallet,SBI,2026-08-25 04:21:00,success,,True,False
TXN_002947,CUST_00901,MER_0033,3250.86,INR,Card,KOTAK,2026-07-10 06:40:00,success,,True,False
TXN_002948,CUST_00890,MER_0041,937.07,INR,UPI,SBI,2026-07-19 06:20:00,failed,bank_timeout,True,True
TXN_002949,CUST_00572,MER_0002,446.23,INR,UPI,ICICI,2026-07-17 11:28:00,success,,True,False
TXN_002950,CUST_01572,MER_0012,4345.07,INR,Card,AXIS,2026-07-11 00:14:00,success,,True,False
TXN_002951,CUST_00485,MER_0028,1577.9,INR,UPI,AXIS,2026-08-15 01:30:00,success,,True,False
TXN_002952,CUST_01188,MER_0020,25382.52,INR,UPI,YES,2026-08-22 17:05:00,success,,True,False
TXN_002953,CUST_01490,MER_0004,1101.6,INR,Card,SBI,2026-07-14 02:27:00,success,,True,False
TXN_002954,CUST_00591,MER_0025,1167.76,INR,Card,KOTAK,2026-07-13 03:30:00,success,,True,False
TXN_002955,CUST_01608,MER_0026,1552.6,INR,UPI,YES,2026-08-11 01:10:00,success,,True,False
TXN_002956,CUST_01093,MER_0006,2964.63,INR,UPI,SBI,2026-07-15 00:07:00,success,,True,True
TXN_002957,CUST_01592,MER_0025,1675.45,INR,UPI,SBI,2026-07-23 04:51:00,success,,True,False
TXN_002958,CUST_01471,MER_0020,3983.3,INR,UPI,AXIS,2026-07-20 09:15:00,success,,True,False
TXN_002959,CUST_01141,MER_0040,1115.58,INR,NetBanking,HDFC,2026-08-21 04:10:00,success,,True,False
TXN_002960,CUST_01728,MER_0016,808.13,INR,NetBanking,KOTAK,2026-07-29 05:37:00,success,,True,False
TXN_002961,CUST_01816,MER_0002,579.07,INR,UPI,HDFC,2026-08-17 07:01:00,success,,True,False
TXN_002962,CUST_01257,MER_0020,412.05,INR,Card,AXIS,2026-07-24 18:31:00,success,,True,False
TXN_002963,CUST_00043,MER_0027,1612.51,INR,Card,YES,2026-08-03 17:52:00,success,,True,False
TXN_002964,CUST_00517,MER_0033,1918.34,INR,UPI,YES,2026-08-21 04:27:00,failed,network_error,True,False
TXN_002965,CUST_01504,MER_0019,6599.34,INR,Card,HDFC,2026-07-14 07:19:00,failed,authentication_failure,True,False
TXN_002966,CUST_01723,MER_0044,1867.13,INR,UPI,SBI,2026-08-16 17:55:00,failed,network_error,True,False
TXN_002967,CUST_00906,MER_0027,1550.97,INR,NetBanking,SBI,2026-07-26 00:25:00,failed,authentication_failure,True,False
TXN_002968,CUST_00864,MER_0044,1442.73,INR,Card,ICICI,2026-07-08 19:49:00,success,,True,False
TXN_002969,CUST_01226,MER_0033,1396.64,INR,UPI,KOTAK,2026-07-11 16:24:00,success,,True,False
TXN_002970,CUST_00914,MER_0009,1446.97,INR,UPI,YES,2026-08-20 07:21:00,success,,True,True
TXN_002971,CUST_00741,MER_0020,1791.43,INR,Card,SBI,2026-08-11 20:00:00,success,,True,False
TXN_002972,CUST_01268,MER_0043,1467.87,INR,Card,AXIS,2026-07-26 22:31:00,success,,True,True
TXN_002973,CUST_00773,MER_0035,2883.21,INR,UPI,ICICI,2026-07-07 06:12:00,failed,bank_declined,True,False
TXN_002974,CUST_01551,MER_0006,1177.89,INR,UPI,KOTAK,2026-08-12 10:33:00,success,,True,False
TXN_002975,CUST_00321,MER_0007,6746.99,INR,UPI,SBI,2026-07-12 04:02:00,failed,network_error,True,False
TXN_002976,CUST_01166,MER_0025,668.98,INR,UPI,KOTAK,2026-07-07 02:50:00,success,,True,False
TXN_002977,CUST_01928,MER_0023,3309.73,INR,Wallet,YES,2026-08-22 18:51:00,success,,True,False
TXN_002978,CUST_00158,MER_0017,1269.11,INR,UPI,KOTAK,2026-07-16 17:03:00,success,,True,True
TXN_002979,CUST_00895,MER_0014,3155.91,INR,Card,AXIS,2026-07-13 23:31:00,success,,True,False
TXN_002980,CUST_01094,MER_0032,356.76,INR,UPI,AXIS,2026-08-03 16:48:00,success,,True,False
TXN_002981,CUST_00135,MER_0024,7435.08,INR,Card,AXIS,2026-07-05 07:07:00,success,,True,False
TXN_002982,CUST_00271,MER_0017,4179.03,INR,Wallet,HDFC,2026-08-07 11:48:00,failed,insufficient_funds,True,False
TXN_002983,CUST_00013,MER_0009,747.68,INR,UPI,KOTAK,2026-08-08 00:26:00,success,,True,False
TXN_002984,CUST_01373,MER_0008,9300.4,INR,UPI,HDFC,2026-07-03 03:12:00,failed,bank_timeout,True,False
TXN_002985,CUST_01410,MER_0049,1252.19,INR,UPI,KOTAK,2026-08-08 00:26:00,failed,authentication_failure,True,False
TXN_002986,CUST_00717,MER_0020,1843.42,INR,NetBanking,YES,2026-08-08 19:28:00,success,,True,False
TXN_002987,CUST_00584,MER_0031,2034.13,INR,UPI,YES,2026-07-02 13:01:00,success,,True,False
TXN_002988,CUST_00079,MER_0030,4325.98,INR,Card,AXIS,2026-07-29 06:11:00,success,,True,False
TXN_002989,CUST_01607,MER_0008,796.91,INR,UPI,ICICI,2026-08-18 06:36:00,success,,True,False
TXN_002990,CUST_00836,MER_0044,723.26,INR,UPI,SBI,2026-08-02 13:12:00,success,,True,False
TXN_002991,CUST_01153,MER_0018,3500.88,INR,NetBanking,KOTAK,2026-07-31 03:32:00,success,,True,False
TXN_002992,CUST_00774,MER_0024,5460.98,INR,NetBanking,AXIS,2026-08-09 06:40:00,failed,authentication_failure,True,True
TXN_002993,CUST_00999,MER_0044,5797.67,INR,UPI,YES,2026-08-21 06:14:00,success,,True,False
TXN_002994,CUST_00068,MER_0038,2515.01,INR,UPI,SBI,2026-07-27 17:21:00,success,,True,False
TXN_002995,CUST_01306,MER_0044,5845.6,INR,Card,HDFC,2026-07-03 17:52:00,success,,True,False
TXN_002996,CUST_00868,MER_0023,2307.28,INR,Card,AXIS,2026-08-25 20:10:00,failed,insufficient_funds,True,True
TXN_002997,CUST_00199,MER_0010,2161.22,INR,UPI,AXIS,2026-08-12 14:28:00,success,,True,False
TXN_002998,CUST_01520,MER_0039,5699.39,INR,UPI,SBI,2026-08-17 11:25:00,success,,True,False
TXN_002999,CUST_00793,MER_0025,1193.93,INR,Card,KOTAK,2026-08-10 09:02:00,success,,True,False
TXN_003000,CUST_00110,MER_0023,1789.39,INR,NetBanking,YES,2026-07-16 09:23:00,success,,True,False
TXN_003001,CUST_00916,MER_0021,2119.83,INR,Card,YES,2026-08-10 04:25:00,failed,bank_declined,True,False
TXN_003002,CUST_01353,MER_0048,9293.57,INR,Card,AXIS,2026-07-21 07:44:00,success,,True,False
TXN_003003,CUST_01106,MER_0002,1186.66,INR,UPI,SBI,2026-07-18 18:54:00,success,,True,True
TXN_003004,CUST_01358,MER_0034,3657.69,INR,UPI,ICICI,2026-08-04 07:22:00,failed,network_error,False,False
TXN_003005,CUST_01455,MER_0020,6674.8,INR,Wallet,KOTAK,2026-07-03 23:46:00,success,,True,False
TXN_003006,CUST_00548,MER_0031,3377.34,INR,UPI,ICICI,2026-07-04 09:22:00,failed,bank_timeout,False,False
TXN_003007,CUST_00361,MER_0048,1194.15,INR,NetBanking,AXIS,2026-07-24 17:37:00,failed,network_error,True,False
TXN_003008,CUST_00893,MER_0018,545.25,INR,Card,AXIS,2026-08-25 14:44:00,success,,True,False
TXN_003009,CUST_01530,MER_0009,4091.69,INR,NetBanking,ICICI,2026-08-22 19:28:00,success,,True,False
TXN_003010,CUST_00691,MER_0039,1013.09,INR,UPI,HDFC,2026-08-15 19:38:00,failed,bank_declined,True,True
TXN_003011,CUST_01880,MER_0044,2776.76,INR,NetBanking,SBI,2026-07-08 13:22:00,failed,network_error,True,False
TXN_003012,CUST_01211,MER_0002,2606.05,INR,UPI,SBI,2026-07-17 07:20:00,success,,True,False
TXN_003013,CUST_01675,MER_0024,600.7,INR,UPI,AXIS,2026-08-03 20:08:00,failed,bank_timeout,False,False
TXN_003014,CUST_00009,MER_0047,4179.35,INR,UPI,KOTAK,2026-07-31 11:24:00,success,,True,False
TXN_003015,CUST_01120,MER_0006,2788.68,INR,Card,YES,2026-08-04 23:13:00,success,,True,False
TXN_003016,CUST_01964,MER_0012,6277.91,INR,UPI,YES,2026-07-26 03:14:00,success,,True,False
TXN_003017,CUST_00880,MER_0013,3369.84,INR,UPI,SBI,2026-07-24 20:25:00,success,,True,False
TXN_003018,CUST_01180,MER_0044,1126.24,INR,UPI,YES,2026-07-14 08:28:00,success,,True,False
TXN_003019,CUST_01094,MER_0001,1290.97,INR,UPI,YES,2026-08-02 00:23:00,success,,True,True
TXN_003020,CUST_01412,MER_0041,2650.05,INR,NetBanking,AXIS,2026-08-24 21:53:00,success,,True,False
TXN_003021,CUST_01829,MER_0028,383.28,INR,UPI,AXIS,2026-07-03 15:31:00,success,,True,False
TXN_003022,CUST_00927,MER_0042,9309.15,INR,UPI,KOTAK,2026-08-16 09:10:00,success,,True,True
TXN_003023,CUST_00175,MER_0015,3475.17,INR,UPI,SBI,2026-07-30 07:16:00,success,,True,False
TXN_003024,CUST_00425,MER_0019,6513.47,INR,Card,HDFC,2026-08-25 09:56:00,success,,True,False
TXN_003025,CUST_00679,MER_0012,689.19,INR,Card,KOTAK,2026-07-01 06:27:00,failed,expired_card,False,False
TXN_003026,CUST_00580,MER_0006,14547.86,INR,UPI,YES,2026-08-03 11:06:00,success,,True,False
TXN_003027,CUST_00735,MER_0017,848.35,INR,Wallet,HDFC,2026-08-05 19:10:00,success,,True,False
TXN_003028,CUST_00758,MER_0038,4523.86,INR,UPI,ICICI,2026-07-12 21:21:00,failed,bank_declined,True,True
TXN_003029,CUST_00739,MER_0014,709.42,INR,NetBanking,YES,2026-07-03 04:26:00,success,,True,False
TXN_003030,CUST_01589,MER_0026,3620.28,INR,UPI,ICICI,2026-07-02 20:29:00,success,,True,True
TXN_003031,CUST_01235,MER_0023,4754.67,INR,NetBanking,AXIS,2026-07-23 09:02:00,success,,True,False
TXN_003032,CUST_01696,MER_0029,1508.84,INR,Card,KOTAK,2026-07-08 12:03:00,failed,bank_declined,True,True
TXN_003033,CUST_01658,MER_0041,643.29,INR,Card,ICICI,2026-07-06 19:03:00,success,,True,False
TXN_003034,CUST_01979,MER_0019,738.19,INR,UPI,HDFC,2026-08-12 18:08:00,failed,bank_timeout,False,False
TXN_003035,CUST_00357,MER_0037,2490.67,INR,UPI,HDFC,2026-07-23 10:08:00,success,,True,False
TXN_003036,CUST_01511,MER_0034,1375.73,INR,UPI,AXIS,2026-08-08 15:15:00,success,,True,False
TXN_003037,CUST_01647,MER_0048,4664.22,INR,UPI,YES,2026-07-22 21:46:00,success,,True,False
TXN_003038,CUST_01793,MER_0007,3732.06,INR,UPI,HDFC,2026-08-04 05:21:00,success,,True,False
TXN_003039,CUST_00917,MER_0049,4848.92,INR,Card,ICICI,2026-07-28 09:22:00,success,,True,False
TXN_003040,CUST_01386,MER_0007,2211.64,INR,Card,ICICI,2026-08-25 12:22:00,success,,True,False
TXN_003041,CUST_01059,MER_0050,3952.34,INR,Card,KOTAK,2026-08-12 02:42:00,success,,True,False
TXN_003042,CUST_01530,MER_0016,1708.69,INR,UPI,KOTAK,2026-07-08 19:37:00,success,,True,False
TXN_003043,CUST_00003,MER_0040,12620.21,INR,UPI,SBI,2026-07-17 17:07:00,success,,True,True
TXN_003044,CUST_01466,MER_0022,1274.06,INR,UPI,YES,2026-08-18 10:02:00,success,,True,False
TXN_003045,CUST_00722,MER_0008,13150.8,INR,NetBanking,SBI,2026-08-17 01:02:00,success,,True,True
TXN_003046,CUST_01910,MER_0019,2509.68,INR,UPI,SBI,2026-07-03 08:06:00,success,,True,True
TXN_003047,CUST_01725,MER_0027,812.07,INR,Card,SBI,2026-07-23 12:01:00,success,,True,False
TXN_003048,CUST_01866,MER_0014,7291.49,INR,UPI,SBI,2026-08-02 17:26:00,failed,bank_timeout,True,True
TXN_003049,CUST_00452,MER_0032,4821.78,INR,Wallet,SBI,2026-07-24 19:36:00,success,,True,False
TXN_003050,CUST_01578,MER_0046,6496.93,INR,UPI,ICICI,2026-08-02 15:16:00,failed,bank_timeout,True,False
TXN_003051,CUST_01804,MER_0019,1519.61,INR,NetBanking,SBI,2026-08-08 09:42:00,success,,True,False
TXN_003052,CUST_00906,MER_0048,5327.14,INR,UPI,SBI,2026-08-16 03:36:00,success,,True,True
TXN_003053,CUST_01256,MER_0037,2442.08,INR,UPI,AXIS,2026-08-12 16:40:00,failed,bank_timeout,True,False
TXN_003054,CUST_00866,MER_0047,435.73,INR,Card,AXIS,2026-07-20 04:13:00,success,,True,False
TXN_003055,CUST_01840,MER_0032,3489.75,INR,UPI,AXIS,2026-07-26 12:18:00,failed,bank_timeout,True,False
TXN_003056,CUST_01023,MER_0041,9160.42,INR,NetBanking,HDFC,2026-07-22 09:39:00,success,,True,False
TXN_003057,CUST_01371,MER_0019,4017.72,INR,UPI,KOTAK,2026-07-22 12:24:00,success,,True,False
TXN_003058,CUST_00361,MER_0028,2956.87,INR,Wallet,YES,2026-07-14 06:56:00,success,,True,False
TXN_003059,CUST_00873,MER_0031,3601.29,INR,Card,AXIS,2026-07-27 17:22:00,failed,bank_declined,True,False
TXN_003060,CUST_01320,MER_0049,8942.81,INR,Card,SBI,2026-07-13 02:42:00,success,,True,False
TXN_003061,CUST_00306,MER_0044,12005.21,INR,UPI,SBI,2026-08-19 05:24:00,failed,bank_declined,True,False
TXN_003062,CUST_00572,MER_0044,8710.83,INR,Wallet,HDFC,2026-08-12 23:12:00,success,,True,False
TXN_003063,CUST_01030,MER_0034,1547.94,INR,Wallet,KOTAK,2026-07-23 22:03:00,success,,True,False
TXN_003064,CUST_01069,MER_0024,1289.89,INR,UPI,KOTAK,2026-07-13 20:23:00,failed,bank_timeout,True,True
TXN_003065,CUST_01778,MER_0014,3456.3,INR,Wallet,AXIS,2026-07-16 17:03:00,success,,True,True
TXN_003066,CUST_00784,MER_0043,1780.79,INR,Card,ICICI,2026-08-04 19:07:00,success,,True,False
TXN_003067,CUST_00006,MER_0042,3752.64,INR,Wallet,HDFC,2026-08-05 18:10:00,success,,True,False
TXN_003068,CUST_00038,MER_0029,3118.51,INR,Card,AXIS,2026-08-19 15:27:00,success,,True,False
TXN_003069,CUST_00084,MER_0018,1098.12,INR,NetBanking,ICICI,2026-08-17 00:16:00,success,,True,False
TXN_003070,CUST_01917,MER_0006,3696.1,INR,UPI,ICICI,2026-08-17 13:48:00,success,,True,False
TXN_003071,CUST_00925,MER_0047,4869.87,INR,NetBanking,SBI,2026-07-18 01:01:00,failed,bank_declined,True,False
TXN_003072,CUST_00857,MER_0042,6137.17,INR,UPI,HDFC,2026-08-13 23:39:00,success,,True,False
TXN_003073,CUST_00067,MER_0020,921.57,INR,UPI,KOTAK,2026-07-11 10:37:00,success,,True,False
TXN_003074,CUST_00191,MER_0020,3548.78,INR,Wallet,SBI,2026-07-25 20:48:00,failed,bank_declined,True,False
TXN_003075,CUST_01719,MER_0020,1000.98,INR,Card,ICICI,2026-08-09 09:31:00,failed,authentication_failure,True,False
TXN_003076,CUST_00199,MER_0025,1148.66,INR,UPI,KOTAK,2026-07-05 04:09:00,success,,True,False
TXN_003077,CUST_00730,MER_0009,1574.36,INR,Card,ICICI,2026-07-16 22:41:00,success,,True,False
TXN_003078,CUST_00997,MER_0042,2056.33,INR,UPI,AXIS,2026-08-05 16:44:00,failed,authentication_failure,True,False
TXN_003079,CUST_00677,MER_0046,1887.62,INR,UPI,KOTAK,2026-07-27 16:47:00,success,,True,False
TXN_003080,CUST_00098,MER_0021,686.43,INR,UPI,ICICI,2026-07-04 09:03:00,success,,True,False
TXN_003081,CUST_01099,MER_0044,6075.71,INR,NetBanking,SBI,2026-08-13 15:20:00,success,,True,False
TXN_003082,CUST_00434,MER_0024,1249.29,INR,NetBanking,AXIS,2026-08-02 13:09:00,success,,True,True
TXN_003083,CUST_01867,MER_0023,2328.6,INR,UPI,YES,2026-07-09 13:30:00,success,,True,False
TXN_003084,CUST_00486,MER_0017,3488.51,INR,Card,KOTAK,2026-07-17 07:19:00,success,,True,False
TXN_003085,CUST_00657,MER_0030,2863.18,INR,UPI,AXIS,2026-07-07 08:42:00,success,,True,False
TXN_003086,CUST_00074,MER_0017,5856.71,INR,Card,ICICI,2026-07-03 02:05:00,failed,authentication_failure,True,False
TXN_003087,CUST_01117,MER_0004,1225.31,INR,UPI,HDFC,2026-08-10 19:36:00,failed,authentication_failure,True,False
TXN_003088,CUST_00401,MER_0015,2851.12,INR,UPI,KOTAK,2026-07-21 01:41:00,success,,True,False
TXN_003089,CUST_01320,MER_0012,2169.23,INR,NetBanking,YES,2026-08-06 17:05:00,success,,True,False
TXN_003090,CUST_00816,MER_0027,5277.14,INR,Card,ICICI,2026-07-12 16:43:00,success,,True,False
TXN_003091,CUST_00225,MER_0050,2979.65,INR,UPI,ICICI,2026-07-14 18:42:00,failed,network_error,False,False
TXN_003092,CUST_00462,MER_0009,17921.34,INR,Card,KOTAK,2026-07-18 11:55:00,success,,True,False
TXN_003093,CUST_01066,MER_0019,1958.44,INR,Card,AXIS,2026-07-24 21:05:00,success,,True,False
TXN_003094,CUST_00186,MER_0031,1892.76,INR,UPI,ICICI,2026-07-23 21:02:00,success,,True,True
TXN_003095,CUST_01563,MER_0019,2679.17,INR,UPI,KOTAK,2026-08-22 06:36:00,failed,authentication_failure,True,False
TXN_003096,CUST_00986,MER_0039,731.26,INR,Card,ICICI,2026-07-07 13:42:00,success,,True,False
TXN_003097,CUST_00463,MER_0013,506.52,INR,NetBanking,HDFC,2026-07-19 15:15:00,failed,bank_declined,True,False
TXN_003098,CUST_01286,MER_0027,660.41,INR,UPI,SBI,2026-07-26 01:28:00,failed,bank_timeout,True,False
TXN_003099,CUST_01317,MER_0030,3648.24,INR,UPI,SBI,2026-07-10 14:22:00,success,,True,True
TXN_003100,CUST_00559,MER_0044,1196.79,INR,UPI,YES,2026-07-31 01:57:00,failed,bank_declined,True,True
TXN_003101,CUST_00645,MER_0030,2579.81,INR,Wallet,HDFC,2026-07-12 02:50:00,success,,True,True
TXN_003102,CUST_00117,MER_0030,4866.04,INR,NetBanking,KOTAK,2026-07-13 06:09:00,success,,True,False
TXN_003103,CUST_01809,MER_0013,628.93,INR,Card,ICICI,2026-08-18 23:45:00,success,,True,True
TXN_003104,CUST_00680,MER_0024,4704.08,INR,UPI,SBI,2026-08-16 19:53:00,success,,True,False
TXN_003105,CUST_01077,MER_0027,4693.08,INR,UPI,HDFC,2026-07-29 19:51:00,failed,bank_timeout,True,False
TXN_003106,CUST_01523,MER_0022,6469.05,INR,Card,YES,2026-07-22 03:46:00,success,,True,True
TXN_003107,CUST_00459,MER_0020,14208.72,INR,UPI,YES,2026-07-05 11:01:00,success,,True,False
TXN_003108,CUST_01909,MER_0050,1835.6,INR,UPI,HDFC,2026-08-08 07:33:00,failed,network_error,True,False
TXN_003109,CUST_01237,MER_0030,1749.09,INR,Card,HDFC,2026-07-01 19:43:00,success,,True,False
TXN_003110,CUST_01940,MER_0026,2444.46,INR,Card,SBI,2026-07-15 15:23:00,success,,True,True
TXN_003111,CUST_01317,MER_0010,8319.01,INR,UPI,AXIS,2026-07-01 09:12:00,success,,True,True
TXN_003112,CUST_00558,MER_0022,832.13,INR,Card,KOTAK,2026-07-11 18:50:00,success,,True,False
TXN_003113,CUST_01837,MER_0014,1225.57,INR,Wallet,YES,2026-08-22 19:17:00,success,,True,True
TXN_003114,CUST_01254,MER_0035,7344.78,INR,UPI,KOTAK,2026-07-07 15:29:00,success,,True,False
TXN_003115,CUST_00378,MER_0023,5519.43,INR,Card,AXIS,2026-08-17 08:04:00,success,,True,False
TXN_003116,CUST_00780,MER_0002,1825.29,INR,Card,HDFC,2026-07-04 23:24:00,success,,True,False
TXN_003117,CUST_01380,MER_0038,4834.44,INR,UPI,AXIS,2026-08-08 18:42:00,failed,bank_declined,True,False
TXN_003118,CUST_01599,MER_0017,8104.86,INR,Card,HDFC,2026-07-25 11:57:00,success,,True,False
TXN_003119,CUST_01716,MER_0023,2590.5,INR,NetBanking,YES,2026-07-22 19:29:00,failed,bank_declined,True,False
TXN_003120,CUST_01038,MER_0001,20203.47,INR,UPI,YES,2026-07-21 14:31:00,failed,authentication_failure,True,True
TXN_003121,CUST_01690,MER_0041,2538.84,INR,Card,YES,2026-08-22 02:12:00,failed,insufficient_funds,False,True
TXN_003122,CUST_00899,MER_0038,1822.16,INR,Card,KOTAK,2026-07-18 19:30:00,failed,expired_card,True,True
TXN_003123,CUST_01172,MER_0002,2818.77,INR,UPI,YES,2026-08-12 23:33:00,success,,True,False
TXN_003124,CUST_01129,MER_0032,1961.87,INR,Card,HDFC,2026-07-18 22:54:00,success,,True,True
TXN_003125,CUST_01762,MER_0033,1250.69,INR,UPI,HDFC,2026-07-07 19:13:00,success,,True,False
TXN_003126,CUST_01570,MER_0048,5870.98,INR,Card,AXIS,2026-07-20 14:48:00,failed,expired_card,True,False
TXN_003127,CUST_00571,MER_0011,1639.45,INR,UPI,SBI,2026-08-25 04:06:00,success,,True,False
TXN_003128,CUST_01080,MER_0047,3870.59,INR,NetBanking,YES,2026-08-12 15:41:00,success,,True,False
TXN_003129,CUST_01971,MER_0043,730.08,INR,Card,SBI,2026-07-03 01:39:00,success,,True,True
TXN_003130,CUST_00915,MER_0048,2829.84,INR,UPI,YES,2026-08-03 14:12:00,success,,True,True
TXN_003131,CUST_01959,MER_0008,3505.91,INR,Card,YES,2026-07-08 16:43:00,success,,True,False
TXN_003132,CUST_01040,MER_0019,9564.98,INR,UPI,KOTAK,2026-07-16 12:45:00,success,,True,False
TXN_003133,CUST_00042,MER_0043,1317.31,INR,Card,SBI,2026-08-11 18:46:00,success,,True,False
TXN_003134,CUST_00394,MER_0025,877.71,INR,Card,KOTAK,2026-07-31 04:14:00,failed,authentication_failure,True,True
TXN_003135,CUST_00381,MER_0041,837.77,INR,Card,ICICI,2026-07-25 16:45:00,failed,authentication_failure,True,False
TXN_003136,CUST_01931,MER_0041,8424.6,INR,UPI,KOTAK,2026-07-31 19:00:00,failed,bank_timeout,True,True
TXN_003137,CUST_01800,MER_0028,6483.63,INR,Card,HDFC,2026-07-09 20:25:00,success,,True,False
TXN_003138,CUST_00203,MER_0017,2716.68,INR,UPI,HDFC,2026-07-08 06:21:00,success,,True,False
TXN_003139,CUST_00278,MER_0043,2261.79,INR,Card,SBI,2026-08-17 12:34:00,failed,insufficient_funds,False,False
TXN_003140,CUST_00543,MER_0033,1903.95,INR,UPI,HDFC,2026-08-20 08:20:00,success,,True,False
TXN_003141,CUST_00993,MER_0029,707.51,INR,UPI,YES,2026-08-11 01:53:00,success,,True,False
TXN_003142,CUST_01993,MER_0043,3015.15,INR,UPI,AXIS,2026-08-19 19:12:00,failed,bank_timeout,True,True
TXN_003143,CUST_00350,MER_0045,4430.59,INR,UPI,YES,2026-07-22 16:53:00,success,,True,False
TXN_003144,CUST_00124,MER_0030,2630.21,INR,UPI,KOTAK,2026-07-18 17:35:00,failed,bank_declined,True,False
TXN_003145,CUST_01669,MER_0040,1215.66,INR,UPI,ICICI,2026-08-06 03:25:00,success,,True,False
TXN_003146,CUST_00514,MER_0030,2585.63,INR,Wallet,KOTAK,2026-08-04 10:45:00,success,,True,False
TXN_003147,CUST_00736,MER_0018,4405.42,INR,UPI,KOTAK,2026-08-11 09:18:00,failed,bank_timeout,True,True
TXN_003148,CUST_00079,MER_0017,2617.51,INR,Card,SBI,2026-07-18 19:57:00,failed,network_error,True,False
TXN_003149,CUST_01026,MER_0008,1374.09,INR,UPI,ICICI,2026-08-18 21:25:00,success,,True,False
TXN_003150,CUST_01827,MER_0021,1524.95,INR,UPI,SBI,2026-08-20 17:09:00,success,,True,True
TXN_003151,CUST_00384,MER_0021,2935.08,INR,Card,HDFC,2026-08-24 06:26:00,failed,insufficient_funds,True,True
TXN_003152,CUST_00987,MER_0022,3229.04,INR,NetBanking,SBI,2026-07-27 05:33:00,failed,bank_timeout,True,False
TXN_003153,CUST_01477,MER_0019,5711.76,INR,UPI,HDFC,2026-08-18 15:10:00,failed,bank_timeout,True,False
TXN_003154,CUST_00369,MER_0031,1225.86,INR,Card,YES,2026-08-12 01:43:00,success,,True,False
TXN_003155,CUST_00210,MER_0037,3741.97,INR,Card,HDFC,2026-07-04 15:04:00,success,,True,False
TXN_003156,CUST_01027,MER_0026,1364.59,INR,UPI,ICICI,2026-07-05 08:51:00,success,,True,False
TXN_003157,CUST_00324,MER_0012,5612.57,INR,UPI,ICICI,2026-07-11 09:56:00,success,,True,False
TXN_003158,CUST_01175,MER_0005,886.95,INR,UPI,HDFC,2026-08-08 11:31:00,success,,True,False
TXN_003159,CUST_01914,MER_0034,3584.84,INR,Card,SBI,2026-07-18 04:09:00,failed,bank_declined,True,False
TXN_003160,CUST_00504,MER_0049,2068.16,INR,NetBanking,KOTAK,2026-07-08 14:59:00,success,,True,True
TXN_003161,CUST_00492,MER_0047,1069.75,INR,UPI,ICICI,2026-08-06 02:01:00,success,,True,True
TXN_003162,CUST_01028,MER_0020,4712.06,INR,Card,ICICI,2026-07-06 19:57:00,success,,True,False
TXN_003163,CUST_00038,MER_0042,1249.4,INR,UPI,KOTAK,2026-08-07 20:44:00,failed,bank_timeout,True,True
TXN_003164,CUST_00122,MER_0011,1853.3,INR,UPI,ICICI,2026-07-01 04:07:00,success,,True,False
TXN_003165,CUST_00012,MER_0007,2227.03,INR,UPI,HDFC,2026-07-10 01:45:00,success,,True,False
TXN_003166,CUST_00915,MER_0045,2746.84,INR,UPI,KOTAK,2026-08-02 17:31:00,success,,True,False
TXN_003167,CUST_01958,MER_0040,1326.82,INR,UPI,HDFC,2026-08-14 18:30:00,failed,bank_timeout,True,True
TXN_003168,CUST_00749,MER_0007,8302.13,INR,NetBanking,SBI,2026-07-18 23:41:00,success,,True,True
TXN_003169,CUST_00866,MER_0021,1309.66,INR,UPI,ICICI,2026-08-16 03:52:00,success,,True,True
TXN_003170,CUST_01956,MER_0007,6231.97,INR,UPI,KOTAK,2026-07-21 04:41:00,failed,network_error,True,False
TXN_003171,CUST_01311,MER_0046,1270.39,INR,Wallet,YES,2026-07-09 05:02:00,success,,True,False
TXN_003172,CUST_01772,MER_0017,762.01,INR,UPI,AXIS,2026-07-31 02:47:00,success,,True,False
TXN_003173,CUST_01167,MER_0001,3107.48,INR,Wallet,SBI,2026-07-16 08:38:00,failed,network_error,True,True
TXN_003174,CUST_00162,MER_0047,10882.19,INR,UPI,YES,2026-08-12 22:33:00,success,,True,False
TXN_003175,CUST_01799,MER_0046,2509.52,INR,NetBanking,AXIS,2026-08-15 13:29:00,success,,True,False
TXN_003176,CUST_00411,MER_0045,1284.65,INR,NetBanking,AXIS,2026-08-01 04:34:00,failed,network_error,True,False
TXN_003177,CUST_00124,MER_0024,5836.72,INR,NetBanking,HDFC,2026-08-14 22:58:00,success,,True,False
TXN_003178,CUST_01029,MER_0032,1545.42,INR,Wallet,ICICI,2026-07-19 15:46:00,success,,True,True
TXN_003179,CUST_01253,MER_0012,2527.69,INR,UPI,SBI,2026-08-26 02:12:00,success,,True,False
TXN_003180,CUST_01595,MER_0038,5242.96,INR,Card,KOTAK,2026-07-12 16:34:00,success,,True,False
TXN_003181,CUST_01621,MER_0049,1656.72,INR,Card,ICICI,2026-08-07 18:48:00,success,,True,True
TXN_003182,CUST_00256,MER_0043,2352.55,INR,UPI,KOTAK,2026-07-11 17:27:00,success,,True,False
TXN_003183,CUST_01009,MER_0013,2408.47,INR,Wallet,YES,2026-07-11 15:40:00,success,,True,False
TXN_003184,CUST_01103,MER_0031,4216.07,INR,NetBanking,YES,2026-07-03 09:21:00,failed,authentication_failure,True,False
TXN_003185,CUST_01859,MER_0006,2046.55,INR,Card,YES,2026-08-07 20:14:00,failed,authentication_failure,True,False
TXN_003186,CUST_01595,MER_0042,1812.71,INR,UPI,AXIS,2026-07-24 00:12:00,success,,True,False
TXN_003187,CUST_01491,MER_0020,748.38,INR,Card,YES,2026-08-06 20:48:00,success,,True,False
TXN_003188,CUST_01316,MER_0023,2999.14,INR,UPI,KOTAK,2026-07-27 14:09:00,failed,bank_timeout,True,True
TXN_003189,CUST_00749,MER_0018,1203.54,INR,Card,SBI,2026-08-17 05:50:00,failed,insufficient_funds,True,True
TXN_003190,CUST_01938,MER_0005,1216.12,INR,UPI,HDFC,2026-08-07 14:06:00,failed,bank_declined,True,False
TXN_003191,CUST_01318,MER_0007,3493.95,INR,Card,AXIS,2026-07-15 13:43:00,success,,True,False
TXN_003192,CUST_00669,MER_0022,2149.89,INR,Card,SBI,2026-07-05 16:46:00,failed,network_error,False,True
TXN_003193,CUST_00455,MER_0030,2627.8,INR,NetBanking,HDFC,2026-08-15 06:46:00,success,,True,False
TXN_003194,CUST_01259,MER_0014,698.06,INR,Card,KOTAK,2026-07-08 04:46:00,success,,True,False
TXN_003195,CUST_01405,MER_0034,2737.34,INR,NetBanking,YES,2026-08-16 19:27:00,success,,True,False
TXN_003196,CUST_01937,MER_0020,4901.12,INR,Card,YES,2026-08-13 10:55:00,success,,True,False
TXN_003197,CUST_00896,MER_0005,896.99,INR,NetBanking,AXIS,2026-08-17 10:49:00,success,,True,False
TXN_003198,CUST_01447,MER_0032,716.22,INR,NetBanking,ICICI,2026-07-05 02:59:00,success,,True,False
TXN_003199,CUST_00321,MER_0016,8634.75,INR,Wallet,HDFC,2026-07-02 18:15:00,success,,True,True
TXN_003200,CUST_00145,MER_0004,1496.06,INR,NetBanking,YES,2026-08-19 11:24:00,success,,True,False
TXN_003201,CUST_01201,MER_0044,6055.72,INR,NetBanking,HDFC,2026-07-16 18:10:00,failed,bank_declined,True,False
TXN_003202,CUST_01999,MER_0003,2144.02,INR,UPI,KOTAK,2026-07-10 10:23:00,failed,bank_timeout,True,False
TXN_003203,CUST_00069,MER_0031,1203.27,INR,Card,YES,2026-08-20 21:35:00,failed,bank_declined,True,False
TXN_003204,CUST_00569,MER_0018,1798.68,INR,UPI,SBI,2026-08-12 16:54:00,failed,bank_declined,True,True
TXN_003205,CUST_00118,MER_0002,3197.06,INR,UPI,AXIS,2026-07-01 02:14:00,failed,bank_timeout,True,False
TXN_003206,CUST_00494,MER_0047,2152.49,INR,UPI,ICICI,2026-08-13 23:14:00,failed,bank_timeout,False,False
TXN_003207,CUST_00287,MER_0034,8717.78,INR,NetBanking,KOTAK,2026-08-18 19:05:00,success,,True,False
TXN_003208,CUST_00111,MER_0036,4921.51,INR,NetBanking,AXIS,2026-08-01 14:27:00,success,,True,False
TXN_003209,CUST_01975,MER_0005,5278.12,INR,UPI,AXIS,2026-07-30 22:24:00,failed,bank_declined,True,True
TXN_003210,CUST_00684,MER_0003,611.95,INR,UPI,HDFC,2026-08-07 08:37:00,success,,True,False
TXN_003211,CUST_00684,MER_0033,11641.53,INR,NetBanking,HDFC,2026-08-11 15:34:00,success,,True,False
TXN_003212,CUST_01153,MER_0035,2324.18,INR,Card,YES,2026-07-02 17:01:00,success,,True,False
TXN_003213,CUST_01597,MER_0050,1340.72,INR,UPI,YES,2026-07-03 08:27:00,success,,True,False
TXN_003214,CUST_01152,MER_0032,3406.5,INR,NetBanking,KOTAK,2026-07-22 21:09:00,failed,network_error,True,False
TXN_003215,CUST_00461,MER_0020,2396.01,INR,Card,ICICI,2026-08-07 06:14:00,success,,True,False
TXN_003216,CUST_00100,MER_0017,6787.65,INR,UPI,AXIS,2026-07-15 17:37:00,success,,True,False
TXN_003217,CUST_01691,MER_0001,5804.56,INR,UPI,HDFC,2026-08-17 15:58:00,success,,True,True
TXN_003218,CUST_01977,MER_0013,1031.63,INR,UPI,YES,2026-07-18 06:20:00,failed,authentication_failure,True,False
TXN_003219,CUST_00230,MER_0049,5250.24,INR,NetBanking,AXIS,2026-08-18 17:37:00,success,,True,False
TXN_003220,CUST_00763,MER_0030,278.64,INR,Card,KOTAK,2026-08-25 17:56:00,success,,True,False
TXN_003221,CUST_00100,MER_0011,2165.56,INR,Card,YES,2026-07-09 03:36:00,success,,True,True
TXN_003222,CUST_01369,MER_0030,776.92,INR,Card,YES,2026-08-12 00:18:00,success,,True,True
TXN_003223,CUST_01097,MER_0040,1666.96,INR,UPI,HDFC,2026-07-08 05:55:00,failed,bank_timeout,True,False
TXN_003224,CUST_00574,MER_0045,1832.44,INR,Wallet,KOTAK,2026-07-28 13:57:00,success,,True,False
TXN_003225,CUST_00157,MER_0018,1569.0,INR,UPI,AXIS,2026-07-09 09:58:00,success,,True,False
TXN_003226,CUST_00674,MER_0004,1014.64,INR,Card,KOTAK,2026-08-05 14:08:00,success,,True,True
TXN_003227,CUST_01722,MER_0008,15268.22,INR,Card,AXIS,2026-08-19 00:28:00,failed,authentication_failure,True,True
TXN_003228,CUST_00822,MER_0030,963.28,INR,UPI,SBI,2026-08-23 12:50:00,success,,True,False
TXN_003229,CUST_01235,MER_0040,8653.28,INR,NetBanking,YES,2026-07-17 20:30:00,success,,True,False
TXN_003230,CUST_00132,MER_0014,1773.0,INR,Card,HDFC,2026-07-17 07:46:00,success,,True,True
TXN_003231,CUST_00775,MER_0029,2706.33,INR,Card,YES,2026-08-02 20:08:00,success,,True,False
TXN_003232,CUST_00665,MER_0037,2320.14,INR,UPI,AXIS,2026-07-02 09:38:00,success,,True,True
TXN_003233,CUST_00347,MER_0044,1439.72,INR,UPI,HDFC,2026-08-02 14:32:00,success,,True,False
TXN_003234,CUST_01798,MER_0016,5361.94,INR,UPI,SBI,2026-07-23 23:31:00,success,,True,False
TXN_003235,CUST_00042,MER_0008,2699.2,INR,UPI,SBI,2026-08-08 02:45:00,success,,True,False
TXN_003236,CUST_00926,MER_0016,1666.96,INR,UPI,AXIS,2026-07-18 06:45:00,success,,True,True
TXN_003237,CUST_01984,MER_0025,859.48,INR,NetBanking,AXIS,2026-07-19 00:58:00,success,,True,False
TXN_003238,CUST_01660,MER_0045,1194.07,INR,UPI,AXIS,2026-07-09 10:45:00,failed,bank_declined,True,True
TXN_003239,CUST_01757,MER_0009,2464.59,INR,UPI,HDFC,2026-08-01 03:29:00,failed,network_error,True,True
TXN_003240,CUST_01940,MER_0017,1973.48,INR,UPI,AXIS,2026-08-20 14:56:00,success,,True,False
TXN_003241,CUST_01537,MER_0049,7303.3,INR,UPI,ICICI,2026-08-05 09:03:00,success,,True,False
TXN_003242,CUST_00190,MER_0008,6370.54,INR,UPI,AXIS,2026-07-07 23:23:00,success,,True,False
TXN_003243,CUST_00303,MER_0046,2378.39,INR,Card,SBI,2026-08-17 04:50:00,success,,True,False
TXN_003244,CUST_00874,MER_0018,2276.36,INR,NetBanking,SBI,2026-07-21 07:09:00,success,,True,False
TXN_003245,CUST_01633,MER_0021,10980.76,INR,Card,ICICI,2026-07-26 18:05:00,failed,bank_declined,True,False
TXN_003246,CUST_01959,MER_0020,1877.61,INR,Wallet,ICICI,2026-08-21 06:32:00,failed,network_error,True,False
TXN_003247,CUST_01008,MER_0041,3344.59,INR,UPI,YES,2026-07-11 17:20:00,success,,True,False
TXN_003248,CUST_00444,MER_0032,4738.42,INR,UPI,AXIS,2026-08-15 22:43:00,success,,True,False
TXN_003249,CUST_00347,MER_0041,1472.44,INR,NetBanking,ICICI,2026-07-24 08:50:00,success,,True,False
TXN_003250,CUST_00989,MER_0009,3080.85,INR,UPI,SBI,2026-08-15 23:56:00,success,,True,False
TXN_003251,CUST_00371,MER_0019,1824.65,INR,Card,SBI,2026-08-06 13:19:00,failed,expired_card,True,False
TXN_003252,CUST_00980,MER_0033,333.53,INR,Wallet,AXIS,2026-07-20 18:38:00,success,,True,False
TXN_003253,CUST_00114,MER_0030,2043.82,INR,UPI,SBI,2026-08-21 07:05:00,success,,True,False
TXN_003254,CUST_00002,MER_0036,5300.18,INR,UPI,YES,2026-08-25 09:54:00,success,,True,False
TXN_003255,CUST_00748,MER_0007,1472.74,INR,UPI,HDFC,2026-08-26 08:40:00,failed,bank_timeout,True,False
TXN_003256,CUST_01472,MER_0037,1333.07,INR,NetBanking,KOTAK,2026-08-24 07:35:00,failed,bank_declined,True,True
TXN_003257,CUST_01453,MER_0007,2052.43,INR,Card,SBI,2026-07-13 04:14:00,success,,True,False
TXN_003258,CUST_01506,MER_0009,1151.25,INR,UPI,YES,2026-08-22 07:53:00,success,,True,False
TXN_003259,CUST_01564,MER_0038,7087.17,INR,UPI,YES,2026-08-10 20:23:00,success,,True,False
TXN_003260,CUST_01981,MER_0018,5131.46,INR,Wallet,AXIS,2026-08-05 19:33:00,success,,True,False
TXN_003261,CUST_00852,MER_0028,1504.29,INR,UPI,AXIS,2026-08-07 09:01:00,success,,True,False
TXN_003262,CUST_00080,MER_0020,3634.51,INR,Card,YES,2026-07-23 21:16:00,success,,True,False
TXN_003263,CUST_00064,MER_0008,3751.57,INR,UPI,YES,2026-07-13 03:43:00,success,,True,False
TXN_003264,CUST_00301,MER_0047,4079.95,INR,NetBanking,ICICI,2026-07-29 03:38:00,success,,True,True
TXN_003265,CUST_01913,MER_0044,629.29,INR,UPI,HDFC,2026-07-11 07:16:00,success,,True,False
TXN_003266,CUST_00179,MER_0043,5460.44,INR,NetBanking,AXIS,2026-07-25 03:29:00,success,,True,False
TXN_003267,CUST_01499,MER_0046,1547.26,INR,UPI,YES,2026-07-18 01:22:00,failed,authentication_failure,True,False
TXN_003268,CUST_02000,MER_0002,20136.82,INR,UPI,ICICI,2026-08-15 04:28:00,success,,True,False
TXN_003269,CUST_01412,MER_0031,3107.27,INR,Card,SBI,2026-08-13 21:43:00,success,,True,False
TXN_003270,CUST_01420,MER_0034,1791.74,INR,Wallet,ICICI,2026-07-29 14:20:00,success,,True,False
TXN_003271,CUST_01788,MER_0014,418.12,INR,Card,SBI,2026-08-14 09:02:00,failed,bank_declined,True,False
TXN_003272,CUST_00087,MER_0014,832.0,INR,Card,YES,2026-08-07 06:23:00,failed,network_error,True,True
TXN_003273,CUST_00096,MER_0017,1872.29,INR,UPI,YES,2026-08-10 08:34:00,success,,True,False
TXN_003274,CUST_01375,MER_0037,7578.95,INR,Card,AXIS,2026-08-20 11:43:00,failed,expired_card,True,False
TXN_003275,CUST_00931,MER_0037,2151.09,INR,Card,HDFC,2026-08-05 15:28:00,failed,bank_declined,True,False
TXN_003276,CUST_01670,MER_0009,1509.74,INR,Card,ICICI,2026-08-26 09:23:00,success,,True,False
TXN_003277,CUST_00506,MER_0022,2729.09,INR,UPI,ICICI,2026-08-13 23:33:00,success,,True,False
TXN_003278,CUST_01870,MER_0039,2588.07,INR,Card,YES,2026-07-02 17:56:00,failed,expired_card,True,False
TXN_003279,CUST_00094,MER_0031,5290.89,INR,UPI,ICICI,2026-08-18 04:08:00,success,,True,False
TXN_003280,CUST_00290,MER_0023,3623.45,INR,UPI,KOTAK,2026-08-11 23:52:00,success,,True,False
TXN_003281,CUST_00876,MER_0009,1826.44,INR,UPI,HDFC,2026-08-22 11:11:00,success,,True,False
TXN_003282,CUST_01117,MER_0040,4418.07,INR,Card,AXIS,2026-07-23 03:55:00,success,,True,False
TXN_003283,CUST_01430,MER_0002,2267.48,INR,UPI,ICICI,2026-07-01 18:48:00,success,,True,True
TXN_003284,CUST_01731,MER_0001,1027.07,INR,NetBanking,SBI,2026-07-05 15:52:00,success,,True,True
TXN_003285,CUST_01244,MER_0047,1767.59,INR,UPI,ICICI,2026-07-02 01:36:00,success,,True,False
TXN_003286,CUST_00951,MER_0032,2611.35,INR,Card,KOTAK,2026-08-14 16:32:00,success,,True,False
TXN_003287,CUST_00750,MER_0001,5055.2,INR,Card,KOTAK,2026-08-18 03:18:00,success,,True,True
TXN_003288,CUST_00398,MER_0029,2107.33,INR,UPI,ICICI,2026-07-26 14:04:00,success,,True,False
TXN_003289,CUST_00306,MER_0029,927.64,INR,UPI,AXIS,2026-07-22 03:33:00,success,,True,True
TXN_003290,CUST_01734,MER_0045,2553.94,INR,UPI,SBI,2026-08-20 07:42:00,success,,True,False
TXN_003291,CUST_00907,MER_0021,2672.49,INR,NetBanking,YES,2026-08-14 08:50:00,success,,True,True
TXN_003292,CUST_00016,MER_0025,2831.81,INR,UPI,ICICI,2026-07-19 20:38:00,success,,True,False
TXN_003293,CUST_01549,MER_0019,5094.4,INR,UPI,YES,2026-08-18 12:53:00,success,,True,False
TXN_003294,CUST_00433,MER_0036,5514.51,INR,NetBanking,KOTAK,2026-08-13 23:43:00,success,,True,False
TXN_003295,CUST_01157,MER_0045,1517.21,INR,NetBanking,SBI,2026-08-04 10:44:00,success,,True,False
TXN_003296,CUST_01563,MER_0006,1490.83,INR,UPI,YES,2026-08-21 14:54:00,success,,True,True
TXN_003297,CUST_01207,MER_0019,1061.93,INR,Wallet,KOTAK,2026-07-29 21:19:00,failed,bank_declined,True,False
TXN_003298,CUST_01990,MER_0037,7778.01,INR,UPI,HDFC,2026-07-28 09:04:00,success,,True,False
TXN_003299,CUST_00790,MER_0010,1896.82,INR,Wallet,SBI,2026-07-16 14:58:00,success,,True,False
TXN_003300,CUST_00589,MER_0019,2011.94,INR,UPI,YES,2026-08-07 06:51:00,success,,True,True
TXN_003301,CUST_01420,MER_0029,7890.59,INR,UPI,KOTAK,2026-07-12 14:44:00,success,,True,False
TXN_003302,CUST_01899,MER_0049,3657.18,INR,UPI,ICICI,2026-08-12 05:25:00,success,,True,False
TXN_003303,CUST_00235,MER_0050,3459.88,INR,UPI,ICICI,2026-07-24 13:17:00,success,,True,False
TXN_003304,CUST_01763,MER_0010,941.3,INR,NetBanking,HDFC,2026-07-02 18:51:00,success,,True,False
TXN_003305,CUST_01038,MER_0037,4200.6,INR,UPI,KOTAK,2026-07-08 12:32:00,failed,bank_declined,True,False
TXN_003306,CUST_01182,MER_0022,985.14,INR,NetBanking,KOTAK,2026-07-14 13:54:00,success,,True,True
TXN_003307,CUST_00275,MER_0002,1849.34,INR,UPI,SBI,2026-07-05 08:23:00,success,,True,False
TXN_003308,CUST_00987,MER_0013,1527.47,INR,UPI,KOTAK,2026-07-21 14:48:00,success,,True,False
TXN_003309,CUST_00504,MER_0044,2044.12,INR,Card,AXIS,2026-08-25 15:03:00,success,,True,True
TXN_003310,CUST_01937,MER_0003,770.63,INR,UPI,HDFC,2026-08-01 09:17:00,success,,True,True
TXN_003311,CUST_01579,MER_0016,5255.62,INR,UPI,AXIS,2026-07-03 01:44:00,success,,True,False
TXN_003312,CUST_01050,MER_0047,6015.83,INR,NetBanking,AXIS,2026-07-20 09:41:00,failed,network_error,True,False
TXN_003313,CUST_00357,MER_0028,5338.85,INR,UPI,HDFC,2026-07-23 16:18:00,success,,True,False
TXN_003314,CUST_00902,MER_0001,1276.12,INR,Card,SBI,2026-07-24 17:07:00,success,,True,True
TXN_003315,CUST_01763,MER_0019,4844.41,INR,Card,YES,2026-08-01 10:29:00,failed,authentication_failure,True,False
TXN_003316,CUST_01132,MER_0033,2497.44,INR,Card,ICICI,2026-07-27 07:04:00,success,,True,False
TXN_003317,CUST_01359,MER_0006,2104.69,INR,Card,ICICI,2026-07-14 07:28:00,success,,True,False
TXN_003318,CUST_00474,MER_0034,6436.26,INR,NetBanking,ICICI,2026-07-08 10:43:00,success,,True,True
TXN_003319,CUST_01523,MER_0045,905.36,INR,NetBanking,ICICI,2026-08-25 04:43:00,success,,True,True
TXN_003320,CUST_01684,MER_0018,3969.01,INR,Wallet,SBI,2026-08-19 11:59:00,success,,True,False
TXN_003321,CUST_00735,MER_0005,5890.31,INR,UPI,YES,2026-07-18 03:46:00,success,,True,False
TXN_003322,CUST_00715,MER_0025,4328.91,INR,UPI,SBI,2026-07-21 14:15:00,success,,True,False
TXN_003323,CUST_01785,MER_0006,15674.01,INR,NetBanking,AXIS,2026-08-13 10:35:00,success,,True,False
TXN_003324,CUST_00702,MER_0043,1598.53,INR,Wallet,AXIS,2026-07-24 16:10:00,success,,True,False
TXN_003325,CUST_01047,MER_0017,5249.27,INR,UPI,AXIS,2026-07-03 19:11:00,success,,True,True
TXN_003326,CUST_01479,MER_0048,2242.01,INR,Wallet,YES,2026-07-09 20:00:00,success,,True,False
TXN_003327,CUST_00463,MER_0012,6546.76,INR,UPI,SBI,2026-07-04 09:48:00,success,,True,False
TXN_003328,CUST_00968,MER_0034,2425.64,INR,UPI,KOTAK,2026-08-02 16:38:00,success,,True,False
TXN_003329,CUST_00569,MER_0048,1789.51,INR,UPI,ICICI,2026-07-01 14:42:00,failed,bank_declined,True,True
TXN_003330,CUST_01768,MER_0044,1647.07,INR,UPI,HDFC,2026-07-25 16:20:00,failed,network_error,False,False
TXN_003331,CUST_00232,MER_0006,1614.08,INR,Card,ICICI,2026-08-06 08:09:00,failed,authentication_failure,True,False
TXN_003332,CUST_00547,MER_0035,7432.6,INR,UPI,KOTAK,2026-08-01 10:54:00,success,,True,False
TXN_003333,CUST_01546,MER_0010,2667.52,INR,Card,HDFC,2026-07-22 02:33:00,failed,insufficient_funds,True,False
TXN_003334,CUST_01774,MER_0029,823.41,INR,Wallet,KOTAK,2026-07-13 22:11:00,success,,True,False
TXN_003335,CUST_01910,MER_0043,1711.95,INR,UPI,SBI,2026-07-26 14:28:00,success,,True,False
TXN_003336,CUST_00674,MER_0016,1937.47,INR,Card,ICICI,2026-08-21 18:31:00,success,,True,False
TXN_003337,CUST_01233,MER_0048,2226.87,INR,Card,YES,2026-07-17 02:19:00,success,,True,False
TXN_003338,CUST_01477,MER_0021,2610.44,INR,Wallet,AXIS,2026-07-03 23:38:00,failed,bank_declined,True,True
TXN_003339,CUST_01264,MER_0039,1709.84,INR,UPI,AXIS,2026-07-27 05:44:00,success,,True,False
TXN_003340,CUST_00862,MER_0044,2727.72,INR,Wallet,SBI,2026-07-09 14:43:00,success,,True,False
TXN_003341,CUST_00704,MER_0032,2354.07,INR,Wallet,AXIS,2026-07-13 14:49:00,success,,True,False
TXN_003342,CUST_01196,MER_0004,1163.62,INR,UPI,HDFC,2026-07-09 22:21:00,success,,True,False
TXN_003343,CUST_01667,MER_0005,2228.46,INR,Card,HDFC,2026-08-13 21:10:00,success,,True,False
TXN_003344,CUST_00881,MER_0009,2175.63,INR,NetBanking,ICICI,2026-08-04 22:32:00,success,,True,True
TXN_003345,CUST_00827,MER_0008,2138.66,INR,Card,SBI,2026-08-10 02:34:00,success,,True,False
TXN_003346,CUST_00451,MER_0023,2503.41,INR,Card,AXIS,2026-07-11 10:24:00,success,,True,False
TXN_003347,CUST_00442,MER_0045,2592.92,INR,UPI,HDFC,2026-07-07 13:20:00,success,,True,False
TXN_003348,CUST_00385,MER_0016,1727.04,INR,Card,YES,2026-07-23 01:14:00,success,,True,False
TXN_003349,CUST_00858,MER_0009,6755.9,INR,UPI,SBI,2026-07-16 22:59:00,success,,True,False
TXN_003350,CUST_00804,MER_0016,957.59,INR,UPI,AXIS,2026-07-21 10:41:00,success,,True,False
TXN_003351,CUST_00147,MER_0019,1370.9,INR,UPI,SBI,2026-07-11 02:05:00,failed,bank_timeout,True,False
TXN_003352,CUST_00474,MER_0048,1063.8,INR,NetBanking,ICICI,2026-08-02 01:50:00,success,,True,False
TXN_003353,CUST_01783,MER_0037,826.33,INR,Card,AXIS,2026-07-02 04:46:00,failed,authentication_failure,False,False
TXN_003354,CUST_00286,MER_0043,463.27,INR,Card,ICICI,2026-08-13 11:12:00,success,,True,False
TXN_003355,CUST_00837,MER_0009,2021.88,INR,Card,AXIS,2026-07-31 21:29:00,success,,True,False
TXN_003356,CUST_00157,MER_0022,13584.16,INR,UPI,AXIS,2026-07-05 14:56:00,failed,network_error,False,False
TXN_003357,CUST_01848,MER_0025,499.91,INR,UPI,HDFC,2026-07-22 23:19:00,failed,bank_timeout,True,False
TXN_003358,CUST_01685,MER_0009,5007.48,INR,Wallet,SBI,2026-07-04 21:54:00,failed,insufficient_funds,True,False
TXN_003359,CUST_00244,MER_0048,1619.59,INR,Card,KOTAK,2026-08-11 11:16:00,success,,True,False
TXN_003360,CUST_01272,MER_0029,4215.7,INR,UPI,ICICI,2026-08-15 19:17:00,failed,bank_timeout,False,False
TXN_003361,CUST_01129,MER_0045,10197.29,INR,Card,SBI,2026-07-30 22:47:00,success,,True,False
TXN_003362,CUST_00632,MER_0012,2004.06,INR,UPI,YES,2026-07-06 14:23:00,success,,True,True
TXN_003363,CUST_01084,MER_0003,387.15,INR,NetBanking,YES,2026-07-26 22:18:00,success,,True,False
TXN_003364,CUST_00478,MER_0003,1265.59,INR,UPI,SBI,2026-08-23 08:34:00,failed,bank_timeout,True,False
TXN_003365,CUST_00334,MER_0027,1983.96,INR,Card,SBI,2026-07-10 05:20:00,success,,True,False
TXN_003366,CUST_00761,MER_0001,2100.04,INR,Card,AXIS,2026-08-10 05:07:00,failed,network_error,True,False
TXN_003367,CUST_00640,MER_0029,6765.17,INR,Wallet,SBI,2026-08-12 16:27:00,failed,bank_declined,True,False
TXN_003368,CUST_00806,MER_0004,5876.92,INR,Card,ICICI,2026-08-10 04:47:00,success,,True,False
TXN_003369,CUST_00626,MER_0042,3249.09,INR,Wallet,AXIS,2026-08-26 11:17:00,failed,network_error,True,False
TXN_003370,CUST_01278,MER_0018,5040.37,INR,NetBanking,YES,2026-07-14 07:31:00,failed,bank_timeout,True,False
TXN_003371,CUST_00358,MER_0027,12660.59,INR,Card,SBI,2026-07-08 15:53:00,success,,True,False
TXN_003372,CUST_01389,MER_0005,772.22,INR,NetBanking,KOTAK,2026-07-24 03:41:00,success,,True,False
TXN_003373,CUST_01851,MER_0026,1616.25,INR,Card,AXIS,2026-07-23 19:19:00,success,,True,False
TXN_003374,CUST_01282,MER_0027,2205.67,INR,UPI,YES,2026-08-19 07:48:00,success,,True,False
TXN_003375,CUST_00884,MER_0010,3468.79,INR,UPI,AXIS,2026-08-17 09:17:00,success,,True,False
TXN_003376,CUST_01771,MER_0001,6730.26,INR,Card,ICICI,2026-08-26 04:21:00,success,,True,False
TXN_003377,CUST_00952,MER_0023,2393.43,INR,UPI,KOTAK,2026-08-10 12:34:00,success,,True,True
TXN_003378,CUST_00626,MER_0009,782.28,INR,UPI,AXIS,2026-07-27 01:32:00,failed,bank_timeout,False,False
TXN_003379,CUST_01803,MER_0032,4464.74,INR,UPI,KOTAK,2026-08-05 04:52:00,failed,bank_declined,True,False
TXN_003380,CUST_00964,MER_0039,2433.19,INR,Card,HDFC,2026-07-06 22:59:00,success,,True,False
TXN_003381,CUST_00649,MER_0026,683.95,INR,NetBanking,KOTAK,2026-07-17 00:52:00,success,,True,False
TXN_003382,CUST_00445,MER_0043,1434.08,INR,Card,SBI,2026-07-13 20:35:00,failed,expired_card,True,False
TXN_003383,CUST_00302,MER_0033,4662.99,INR,UPI,SBI,2026-07-26 14:42:00,success,,True,False
TXN_003384,CUST_00835,MER_0045,2679.71,INR,Card,AXIS,2026-08-13 00:09:00,success,,True,False
TXN_003385,CUST_01579,MER_0014,872.64,INR,Card,KOTAK,2026-07-11 23:17:00,success,,True,False
TXN_003386,CUST_00662,MER_0034,4934.73,INR,UPI,KOTAK,2026-07-12 11:24:00,success,,True,False
TXN_003387,CUST_00256,MER_0031,775.07,INR,Card,AXIS,2026-07-25 19:18:00,success,,True,True
TXN_003388,CUST_00597,MER_0050,3178.27,INR,UPI,AXIS,2026-08-17 05:25:00,success,,True,False
TXN_003389,CUST_01628,MER_0046,1272.57,INR,NetBanking,AXIS,2026-08-04 20:40:00,success,,True,False
TXN_003390,CUST_00594,MER_0047,1821.58,INR,Card,AXIS,2026-07-12 06:34:00,success,,True,False
TXN_003391,CUST_00134,MER_0041,3653.41,INR,UPI,AXIS,2026-07-27 13:34:00,failed,network_error,False,False
TXN_003392,CUST_01158,MER_0033,7112.26,INR,UPI,KOTAK,2026-08-22 18:44:00,success,,True,False
TXN_003393,CUST_00985,MER_0045,2285.17,INR,Card,AXIS,2026-08-09 05:46:00,failed,insufficient_funds,False,False
TXN_003394,CUST_00618,MER_0046,1719.54,INR,UPI,HDFC,2026-07-15 22:46:00,failed,bank_timeout,True,False
TXN_003395,CUST_00032,MER_0008,3468.89,INR,UPI,YES,2026-07-13 09:08:00,success,,True,False
TXN_003396,CUST_00878,MER_0009,2256.01,INR,Card,ICICI,2026-08-01 16:51:00,success,,True,False
TXN_003397,CUST_01215,MER_0040,576.51,INR,Card,HDFC,2026-07-06 22:59:00,success,,True,True
TXN_003398,CUST_00825,MER_0002,3181.72,INR,UPI,ICICI,2026-07-07 17:06:00,success,,True,True
TXN_003399,CUST_00960,MER_0041,3267.07,INR,UPI,KOTAK,2026-07-07 12:25:00,failed,bank_timeout,True,False
TXN_003400,CUST_01363,MER_0001,873.48,INR,Card,ICICI,2026-07-06 05:43:00,success,,True,True
TXN_003401,CUST_01031,MER_0036,7948.22,INR,Card,AXIS,2026-07-31 06:23:00,failed,authentication_failure,True,False
TXN_003402,CUST_01008,MER_0026,2031.92,INR,NetBanking,YES,2026-08-14 00:28:00,failed,bank_timeout,True,False
TXN_003403,CUST_00301,MER_0014,1264.65,INR,NetBanking,ICICI,2026-07-19 10:32:00,success,,True,False
TXN_003404,CUST_01937,MER_0033,6919.32,INR,NetBanking,AXIS,2026-07-08 12:43:00,success,,True,False
TXN_003405,CUST_01456,MER_0032,2724.74,INR,UPI,KOTAK,2026-07-08 03:52:00,success,,True,False
TXN_003406,CUST_01859,MER_0046,1571.1,INR,Card,AXIS,2026-07-01 04:33:00,success,,True,False
TXN_003407,CUST_01709,MER_0003,3669.28,INR,NetBanking,HDFC,2026-07-03 21:16:00,failed,authentication_failure,True,True
TXN_003408,CUST_01486,MER_0014,8108.55,INR,UPI,AXIS,2026-08-12 23:15:00,failed,network_error,True,False
TXN_003409,CUST_01976,MER_0048,1680.32,INR,Card,ICICI,2026-08-15 15:23:00,success,,True,False
TXN_003410,CUST_00541,MER_0003,1475.96,INR,NetBanking,HDFC,2026-07-15 03:48:00,failed,network_error,True,False
TXN_003411,CUST_01110,MER_0044,746.01,INR,UPI,YES,2026-08-18 02:50:00,success,,True,False
TXN_003412,CUST_01736,MER_0028,835.83,INR,Wallet,AXIS,2026-08-20 18:19:00,success,,True,True
TXN_003413,CUST_00240,MER_0001,2719.36,INR,UPI,HDFC,2026-07-22 06:26:00,success,,True,False
TXN_003414,CUST_01445,MER_0011,1879.97,INR,UPI,ICICI,2026-08-19 00:32:00,failed,bank_timeout,True,True
TXN_003415,CUST_01726,MER_0044,1948.99,INR,UPI,ICICI,2026-07-05 20:45:00,success,,True,False
TXN_003416,CUST_01739,MER_0043,3656.53,INR,UPI,AXIS,2026-07-21 10:54:00,failed,bank_timeout,True,False
TXN_003417,CUST_00200,MER_0017,533.93,INR,UPI,KOTAK,2026-08-01 01:41:00,success,,True,False
TXN_003418,CUST_01172,MER_0015,2202.59,INR,Wallet,YES,2026-07-29 13:24:00,failed,bank_timeout,True,False
TXN_003419,CUST_00319,MER_0011,5020.99,INR,UPI,KOTAK,2026-07-29 08:16:00,success,,True,True
TXN_003420,CUST_00847,MER_0037,4570.22,INR,UPI,YES,2026-08-05 08:03:00,failed,network_error,True,True
TXN_003421,CUST_00935,MER_0002,1322.35,INR,UPI,KOTAK,2026-08-08 01:20:00,success,,True,True
TXN_003422,CUST_01549,MER_0026,1687.47,INR,UPI,HDFC,2026-08-13 16:00:00,success,,True,False
TXN_003423,CUST_00922,MER_0031,402.53,INR,NetBanking,YES,2026-07-06 15:43:00,failed,network_error,True,False
TXN_003424,CUST_00657,MER_0043,1962.01,INR,UPI,SBI,2026-08-23 01:54:00,success,,True,False
TXN_003425,CUST_00874,MER_0020,5303.59,INR,Card,KOTAK,2026-08-13 02:44:00,success,,True,False
TXN_003426,CUST_00168,MER_0034,1013.61,INR,UPI,HDFC,2026-07-08 03:24:00,success,,True,False
TXN_003427,CUST_00792,MER_0022,1487.28,INR,Card,AXIS,2026-08-20 23:43:00,success,,True,False
TXN_003428,CUST_00307,MER_0005,731.27,INR,Card,SBI,2026-07-09 09:08:00,success,,True,False
TXN_003429,CUST_00491,MER_0031,1092.88,INR,UPI,ICICI,2026-08-20 03:13:00,success,,True,False
TXN_003430,CUST_00284,MER_0031,948.06,INR,NetBanking,AXIS,2026-08-18 01:22:00,failed,bank_timeout,True,True
TXN_003431,CUST_01872,MER_0030,1396.03,INR,Card,SBI,2026-08-25 06:28:00,success,,True,True
TXN_003432,CUST_01475,MER_0023,2695.5,INR,Card,YES,2026-08-14 06:13:00,success,,True,False
TXN_003433,CUST_00185,MER_0031,1799.73,INR,Card,SBI,2026-08-15 17:08:00,success,,True,False
TXN_003434,CUST_00347,MER_0040,883.97,INR,Card,ICICI,2026-07-14 21:27:00,success,,True,False
TXN_003435,CUST_01264,MER_0044,2133.16,INR,Card,ICICI,2026-08-14 08:42:00,failed,bank_declined,True,False
TXN_003436,CUST_00011,MER_0035,928.71,INR,UPI,ICICI,2026-08-13 15:31:00,failed,network_error,True,False
TXN_003437,CUST_01346,MER_0036,1236.73,INR,UPI,AXIS,2026-07-26 05:40:00,success,,True,True
TXN_003438,CUST_01972,MER_0022,1658.41,INR,Wallet,ICICI,2026-08-23 08:00:00,success,,True,False
TXN_003439,CUST_01155,MER_0025,3731.43,INR,Card,HDFC,2026-08-24 03:33:00,success,,True,True
TXN_003440,CUST_01613,MER_0050,1435.47,INR,UPI,SBI,2026-08-14 04:32:00,failed,network_error,True,False
TXN_003441,CUST_01523,MER_0014,1897.41,INR,UPI,AXIS,2026-07-03 09:40:00,failed,network_error,True,True
TXN_003442,CUST_00081,MER_0010,363.37,INR,UPI,HDFC,2026-07-30 11:35:00,failed,network_error,True,False
TXN_003443,CUST_01263,MER_0036,3994.9,INR,Card,SBI,2026-07-12 21:20:00,success,,True,False
TXN_003444,CUST_01359,MER_0008,5595.65,INR,NetBanking,HDFC,2026-07-11 21:18:00,failed,authentication_failure,True,False
TXN_003445,CUST_00730,MER_0012,2007.76,INR,Card,KOTAK,2026-07-29 05:55:00,failed,bank_declined,True,False
TXN_003446,CUST_01011,MER_0008,4249.57,INR,UPI,HDFC,2026-07-04 15:51:00,success,,True,True
TXN_003447,CUST_01672,MER_0042,481.96,INR,UPI,KOTAK,2026-07-15 09:29:00,success,,True,False
TXN_003448,CUST_01363,MER_0044,1201.31,INR,NetBanking,HDFC,2026-07-22 15:53:00,success,,True,False
TXN_003449,CUST_00737,MER_0021,1870.45,INR,Card,HDFC,2026-07-02 17:10:00,failed,insufficient_funds,False,False
TXN_003450,CUST_01201,MER_0025,18011.12,INR,Wallet,SBI,2026-07-14 01:37:00,success,,True,False
TXN_003451,CUST_01113,MER_0018,2033.67,INR,Card,HDFC,2026-07-28 14:21:00,success,,True,False
TXN_003452,CUST_00221,MER_0047,791.89,INR,UPI,KOTAK,2026-08-10 14:06:00,failed,network_error,True,True
TXN_003453,CUST_00374,MER_0041,7021.95,INR,UPI,SBI,2026-07-01 14:29:00,failed,bank_declined,True,False
TXN_003454,CUST_00232,MER_0013,1181.67,INR,UPI,HDFC,2026-07-01 08:40:00,success,,True,True
TXN_003455,CUST_01216,MER_0011,5252.16,INR,Card,KOTAK,2026-08-04 14:11:00,success,,True,False
TXN_003456,CUST_00729,MER_0015,4149.89,INR,Card,HDFC,2026-07-12 02:03:00,success,,True,False
TXN_003457,CUST_00988,MER_0048,1073.99,INR,Card,KOTAK,2026-07-19 04:48:00,success,,True,False
TXN_003458,CUST_00409,MER_0026,3311.45,INR,Card,KOTAK,2026-08-08 21:43:00,success,,True,False
TXN_003459,CUST_00045,MER_0017,5419.79,INR,UPI,HDFC,2026-08-11 02:18:00,failed,bank_timeout,True,False
TXN_003460,CUST_01658,MER_0046,2314.25,INR,NetBanking,AXIS,2026-07-05 12:04:00,success,,True,True
TXN_003461,CUST_00556,MER_0021,1832.68,INR,Card,YES,2026-08-25 20:28:00,failed,network_error,True,False
TXN_003462,CUST_00851,MER_0031,926.92,INR,Card,YES,2026-08-22 20:30:00,success,,True,False
TXN_003463,CUST_00078,MER_0025,3466.37,INR,UPI,HDFC,2026-07-31 10:38:00,success,,True,True
TXN_003464,CUST_01592,MER_0038,815.64,INR,UPI,SBI,2026-08-16 22:57:00,success,,True,False
TXN_003465,CUST_00459,MER_0018,5723.3,INR,NetBanking,ICICI,2026-08-06 01:54:00,success,,True,False
TXN_003466,CUST_01635,MER_0028,1985.38,INR,Card,ICICI,2026-08-03 12:08:00,success,,True,False
TXN_003467,CUST_00207,MER_0041,6733.61,INR,Wallet,AXIS,2026-08-15 00:30:00,success,,True,False
TXN_003468,CUST_00802,MER_0020,3616.02,INR,Card,AXIS,2026-07-02 16:35:00,success,,True,True
TXN_003469,CUST_01280,MER_0006,917.29,INR,UPI,KOTAK,2026-07-19 04:25:00,success,,True,False
TXN_003470,CUST_00831,MER_0020,7628.92,INR,NetBanking,SBI,2026-07-07 17:58:00,failed,bank_declined,False,False
TXN_003471,CUST_00033,MER_0041,4943.5,INR,UPI,AXIS,2026-07-24 08:12:00,success,,True,False
TXN_003472,CUST_01711,MER_0016,1327.07,INR,UPI,AXIS,2026-08-18 20:09:00,success,,True,False
TXN_003473,CUST_01749,MER_0027,1910.63,INR,Wallet,SBI,2026-08-19 11:00:00,success,,True,False
TXN_003474,CUST_00079,MER_0017,2741.72,INR,Card,YES,2026-08-21 12:02:00,success,,True,False
TXN_003475,CUST_00101,MER_0005,1389.96,INR,UPI,SBI,2026-08-22 18:48:00,success,,True,False
TXN_003476,CUST_00350,MER_0038,9451.01,INR,NetBanking,HDFC,2026-07-06 22:31:00,success,,True,False
TXN_003477,CUST_00522,MER_0011,2739.31,INR,NetBanking,KOTAK,2026-08-18 21:39:00,success,,True,False
TXN_003478,CUST_00126,MER_0044,280.71,INR,Card,AXIS,2026-07-21 05:31:00,failed,bank_declined,True,False
TXN_003479,CUST_00701,MER_0004,1847.29,INR,NetBanking,YES,2026-08-03 11:35:00,failed,network_error,True,False
TXN_003480,CUST_00706,MER_0010,1817.3,INR,UPI,YES,2026-07-21 16:02:00,success,,True,False
TXN_003481,CUST_00538,MER_0035,4654.72,INR,UPI,YES,2026-07-13 23:03:00,success,,True,False
TXN_003482,CUST_01943,MER_0046,5977.46,INR,UPI,ICICI,2026-08-09 09:42:00,success,,True,False
TXN_003483,CUST_00494,MER_0028,3060.83,INR,Card,HDFC,2026-07-18 02:01:00,success,,True,True
TXN_003484,CUST_00267,MER_0016,1860.41,INR,UPI,AXIS,2026-07-05 02:21:00,success,,True,False
TXN_003485,CUST_00218,MER_0013,2361.21,INR,UPI,KOTAK,2026-07-12 22:12:00,success,,True,False
TXN_003486,CUST_00016,MER_0013,2479.17,INR,Card,YES,2026-08-02 01:24:00,failed,bank_declined,True,False
TXN_003487,CUST_01361,MER_0048,3878.26,INR,NetBanking,ICICI,2026-07-04 17:13:00,success,,True,False
TXN_003488,CUST_01354,MER_0034,3526.4,INR,Card,ICICI,2026-07-27 22:16:00,success,,True,False
TXN_003489,CUST_00033,MER_0012,8369.53,INR,Card,YES,2026-08-08 06:47:00,failed,expired_card,True,True
TXN_003490,CUST_00034,MER_0027,1410.16,INR,UPI,YES,2026-07-27 17:01:00,success,,True,False
TXN_003491,CUST_00142,MER_0016,4704.33,INR,NetBanking,SBI,2026-08-18 15:34:00,success,,True,False
TXN_003492,CUST_00273,MER_0022,1140.52,INR,Card,HDFC,2026-07-14 08:32:00,success,,True,False
TXN_003493,CUST_01725,MER_0022,4258.81,INR,NetBanking,YES,2026-07-17 06:53:00,success,,True,False
TXN_003494,CUST_00838,MER_0007,1614.38,INR,NetBanking,ICICI,2026-07-25 21:18:00,failed,bank_timeout,True,False
TXN_003495,CUST_01723,MER_0024,3053.48,INR,Card,HDFC,2026-07-20 22:21:00,success,,True,False
TXN_003496,CUST_01622,MER_0002,287.25,INR,UPI,ICICI,2026-07-25 08:32:00,failed,bank_timeout,True,True
TXN_003497,CUST_00967,MER_0020,2117.53,INR,UPI,KOTAK,2026-07-31 14:54:00,failed,authentication_failure,False,False
TXN_003498,CUST_00036,MER_0045,1816.28,INR,NetBanking,KOTAK,2026-07-30 08:30:00,failed,network_error,True,False
TXN_003499,CUST_01083,MER_0048,1268.62,INR,Card,SBI,2026-08-02 21:09:00,failed,expired_card,True,False
TXN_003500,CUST_01030,MER_0039,3887.13,INR,NetBanking,KOTAK,2026-08-12 20:07:00,success,,True,False
TXN_003501,CUST_00711,MER_0023,2409.13,INR,Wallet,AXIS,2026-08-13 11:23:00,success,,True,True
TXN_003502,CUST_00185,MER_0045,6157.75,INR,Card,SBI,2026-08-23 13:26:00,success,,True,False
TXN_003503,CUST_01716,MER_0028,3354.03,INR,UPI,SBI,2026-07-10 08:07:00,success,,True,True
TXN_003504,CUST_01547,MER_0005,1342.16,INR,Wallet,ICICI,2026-07-20 05:19:00,success,,True,False
TXN_003505,CUST_01648,MER_0034,1950.03,INR,UPI,KOTAK,2026-07-24 11:16:00,failed,authentication_failure,True,False
TXN_003506,CUST_00680,MER_0044,2238.34,INR,UPI,AXIS,2026-07-03 21:01:00,success,,True,False
TXN_003507,CUST_00126,MER_0010,5941.28,INR,Card,SBI,2026-07-03 04:22:00,success,,True,False
TXN_003508,CUST_00325,MER_0045,4222.71,INR,UPI,HDFC,2026-07-30 16:30:00,success,,True,True
TXN_003509,CUST_00657,MER_0032,7492.12,INR,UPI,YES,2026-08-24 14:27:00,failed,bank_timeout,True,False
TXN_003510,CUST_01336,MER_0044,7164.4,INR,Card,AXIS,2026-08-26 09:09:00,success,,True,False
TXN_003511,CUST_01975,MER_0032,2090.91,INR,UPI,YES,2026-07-12 17:09:00,success,,True,False
TXN_003512,CUST_00089,MER_0009,7920.96,INR,Card,AXIS,2026-08-01 23:27:00,success,,True,False
TXN_003513,CUST_00397,MER_0023,2398.3,INR,Card,AXIS,2026-08-26 13:21:00,success,,True,False
TXN_003514,CUST_01668,MER_0023,4297.48,INR,Card,HDFC,2026-08-14 11:05:00,success,,True,False
TXN_003515,CUST_01781,MER_0006,7943.35,INR,NetBanking,AXIS,2026-08-05 19:52:00,success,,True,False
TXN_003516,CUST_01933,MER_0016,2090.71,INR,UPI,YES,2026-07-16 13:14:00,failed,bank_declined,True,False
TXN_003517,CUST_00503,MER_0014,6843.75,INR,Card,AXIS,2026-07-13 06:23:00,failed,network_error,False,False
TXN_003518,CUST_00021,MER_0010,848.34,INR,Card,AXIS,2026-08-06 15:23:00,success,,True,False
TXN_003519,CUST_00748,MER_0049,13553.58,INR,Card,AXIS,2026-08-07 16:35:00,success,,True,False
TXN_003520,CUST_01098,MER_0049,1676.04,INR,NetBanking,YES,2026-08-08 13:56:00,success,,True,True
TXN_003521,CUST_00151,MER_0015,2771.11,INR,UPI,ICICI,2026-08-01 21:24:00,failed,bank_declined,True,False
TXN_003522,CUST_01183,MER_0016,1499.98,INR,UPI,HDFC,2026-07-09 16:28:00,failed,network_error,True,True
TXN_003523,CUST_00031,MER_0037,2989.88,INR,NetBanking,AXIS,2026-07-16 15:55:00,success,,True,False
TXN_003524,CUST_00378,MER_0034,581.46,INR,UPI,SBI,2026-07-15 13:15:00,failed,bank_declined,True,True
TXN_003525,CUST_00127,MER_0030,2969.15,INR,UPI,KOTAK,2026-08-16 09:52:00,failed,bank_declined,True,True
TXN_003526,CUST_01356,MER_0014,709.98,INR,UPI,ICICI,2026-07-20 17:52:00,failed,network_error,False,False
TXN_003527,CUST_00504,MER_0022,2651.37,INR,NetBanking,HDFC,2026-07-08 19:00:00,success,,True,False
TXN_003528,CUST_01564,MER_0016,7668.85,INR,NetBanking,KOTAK,2026-07-01 23:26:00,success,,True,False
TXN_003529,CUST_00771,MER_0046,1982.22,INR,Card,SBI,2026-08-02 22:44:00,success,,True,False
TXN_003530,CUST_00222,MER_0005,1207.12,INR,Card,ICICI,2026-08-11 22:41:00,success,,True,False
TXN_003531,CUST_00307,MER_0042,3027.05,INR,Wallet,KOTAK,2026-08-18 02:40:00,success,,True,False
TXN_003532,CUST_01894,MER_0014,2053.64,INR,Card,AXIS,2026-07-25 13:25:00,failed,bank_declined,False,False
TXN_003533,CUST_00384,MER_0033,7909.56,INR,UPI,HDFC,2026-07-13 06:51:00,success,,True,False
TXN_003534,CUST_01307,MER_0046,1483.54,INR,UPI,YES,2026-08-08 09:29:00,success,,True,True
TXN_003535,CUST_01063,MER_0032,559.92,INR,UPI,SBI,2026-08-10 23:30:00,failed,bank_declined,True,True
TXN_003536,CUST_00760,MER_0045,1630.37,INR,UPI,AXIS,2026-08-23 03:20:00,success,,True,False
TXN_003537,CUST_00651,MER_0047,1500.78,INR,UPI,SBI,2026-07-26 17:06:00,success,,True,True
TXN_003538,CUST_00576,MER_0005,594.48,INR,UPI,AXIS,2026-07-22 05:10:00,failed,authentication_failure,True,False
TXN_003539,CUST_00517,MER_0033,869.93,INR,UPI,KOTAK,2026-07-11 00:08:00,success,,True,True
TXN_003540,CUST_01496,MER_0018,2557.43,INR,Card,AXIS,2026-08-01 14:07:00,failed,authentication_failure,True,True
TXN_003541,CUST_00628,MER_0046,3419.92,INR,Wallet,AXIS,2026-07-07 19:22:00,success,,True,False
TXN_003542,CUST_00441,MER_0037,2326.86,INR,Card,HDFC,2026-08-26 04:28:00,success,,True,False
TXN_003543,CUST_01868,MER_0038,625.57,INR,Card,ICICI,2026-08-12 08:44:00,success,,True,False
TXN_003544,CUST_01214,MER_0027,1276.94,INR,NetBanking,HDFC,2026-08-16 08:06:00,success,,True,False
TXN_003545,CUST_00068,MER_0022,2836.26,INR,Card,HDFC,2026-08-19 01:09:00,success,,True,False
TXN_003546,CUST_00791,MER_0045,1300.18,INR,UPI,SBI,2026-08-16 13:39:00,success,,True,False
TXN_003547,CUST_00640,MER_0014,2871.78,INR,Card,YES,2026-08-17 12:26:00,success,,True,False
TXN_003548,CUST_01083,MER_0013,4210.74,INR,UPI,HDFC,2026-07-08 19:46:00,success,,True,True
TXN_003549,CUST_00617,MER_0030,5271.14,INR,UPI,AXIS,2026-07-07 19:10:00,success,,True,False
TXN_003550,CUST_00913,MER_0003,915.12,INR,Card,AXIS,2026-08-04 01:25:00,success,,True,False
TXN_003551,CUST_00441,MER_0043,14147.83,INR,UPI,ICICI,2026-08-10 07:19:00,success,,True,False
TXN_003552,CUST_00627,MER_0005,4509.69,INR,UPI,KOTAK,2026-08-09 14:34:00,success,,True,False
TXN_003553,CUST_01899,MER_0029,2437.26,INR,UPI,HDFC,2026-07-13 22:04:00,success,,True,False
TXN_003554,CUST_00953,MER_0033,5835.0,INR,UPI,AXIS,2026-07-24 14:21:00,success,,True,False
TXN_003555,CUST_01359,MER_0038,16192.87,INR,Card,HDFC,2026-07-23 13:50:00,success,,True,False
TXN_003556,CUST_00889,MER_0019,772.03,INR,NetBanking,ICICI,2026-08-07 13:55:00,success,,True,True
TXN_003557,CUST_01064,MER_0026,2038.13,INR,NetBanking,ICICI,2026-08-08 08:19:00,failed,bank_timeout,True,False
TXN_003558,CUST_00318,MER_0048,2847.29,INR,Wallet,YES,2026-08-12 01:42:00,success,,True,False
TXN_003559,CUST_01397,MER_0028,3269.25,INR,Card,HDFC,2026-08-24 05:29:00,success,,True,False
TXN_003560,CUST_01933,MER_0038,2365.32,INR,NetBanking,AXIS,2026-08-23 14:19:00,failed,bank_timeout,True,False
TXN_003561,CUST_00136,MER_0001,473.61,INR,NetBanking,SBI,2026-07-25 04:10:00,success,,True,False
TXN_003562,CUST_00941,MER_0050,3290.61,INR,Card,HDFC,2026-07-02 02:24:00,success,,True,False
TXN_003563,CUST_00945,MER_0003,7819.28,INR,UPI,KOTAK,2026-08-02 10:55:00,failed,network_error,True,False
TXN_003564,CUST_01562,MER_0037,3470.48,INR,UPI,KOTAK,2026-08-10 01:06:00,success,,True,False
TXN_003565,CUST_00235,MER_0007,696.09,INR,Card,SBI,2026-08-06 12:54:00,success,,True,False
TXN_003566,CUST_01328,MER_0007,3518.43,INR,UPI,HDFC,2026-07-23 10:01:00,failed,bank_declined,True,False
TXN_003567,CUST_01870,MER_0042,1326.19,INR,UPI,SBI,2026-08-08 10:14:00,success,,True,True
TXN_003568,CUST_00309,MER_0011,1328.37,INR,Card,SBI,2026-07-05 06:11:00,success,,True,False
TXN_003569,CUST_01680,MER_0048,1781.32,INR,NetBanking,HDFC,2026-08-16 23:19:00,failed,bank_declined,True,False
TXN_003570,CUST_01334,MER_0003,854.29,INR,Wallet,AXIS,2026-08-23 05:38:00,success,,True,False
TXN_003571,CUST_00678,MER_0021,1776.34,INR,NetBanking,HDFC,2026-07-13 10:34:00,failed,bank_timeout,True,False
TXN_003572,CUST_00126,MER_0042,1013.1,INR,UPI,KOTAK,2026-07-07 17:25:00,failed,bank_timeout,True,False
TXN_003573,CUST_00370,MER_0049,1233.0,INR,UPI,KOTAK,2026-07-11 00:09:00,success,,True,False
TXN_003574,CUST_00853,MER_0036,1428.6,INR,UPI,SBI,2026-07-08 07:35:00,failed,authentication_failure,True,False
TXN_003575,CUST_01296,MER_0029,10288.52,INR,UPI,KOTAK,2026-07-09 22:41:00,success,,True,False
TXN_003576,CUST_01403,MER_0003,3798.36,INR,NetBanking,HDFC,2026-07-10 18:06:00,success,,True,False
TXN_003577,CUST_01320,MER_0029,1153.7,INR,UPI,SBI,2026-08-02 21:18:00,success,,True,True
TXN_003578,CUST_01149,MER_0001,5913.45,INR,UPI,HDFC,2026-07-25 14:56:00,success,,True,False
TXN_003579,CUST_00402,MER_0042,2865.67,INR,UPI,KOTAK,2026-07-31 22:36:00,success,,True,False
TXN_003580,CUST_01098,MER_0049,2998.31,INR,NetBanking,HDFC,2026-07-13 13:49:00,failed,bank_declined,True,False
TXN_003581,CUST_00958,MER_0049,1340.06,INR,UPI,AXIS,2026-08-16 10:15:00,success,,True,False
TXN_003582,CUST_01546,MER_0034,3197.78,INR,Card,SBI,2026-07-09 14:18:00,success,,True,False
TXN_003583,CUST_01600,MER_0004,1578.03,INR,Card,KOTAK,2026-07-24 03:33:00,success,,True,True
TXN_003584,CUST_00932,MER_0021,10440.05,INR,Card,AXIS,2026-07-16 07:55:00,success,,True,False
TXN_003585,CUST_00348,MER_0030,884.1,INR,UPI,YES,2026-07-27 16:52:00,success,,True,False
TXN_003586,CUST_00025,MER_0043,8340.89,INR,UPI,KOTAK,2026-07-01 20:46:00,success,,True,False
TXN_003587,CUST_00018,MER_0005,2232.65,INR,NetBanking,ICICI,2026-07-17 14:48:00,success,,True,True
TXN_003588,CUST_01296,MER_0032,3100.34,INR,UPI,AXIS,2026-07-04 08:29:00,success,,True,False
TXN_003589,CUST_01870,MER_0023,4752.98,INR,UPI,YES,2026-07-16 07:03:00,success,,True,False
TXN_003590,CUST_00648,MER_0020,1474.1,INR,Card,SBI,2026-07-09 09:31:00,success,,True,False
TXN_003591,CUST_00959,MER_0005,4872.68,INR,UPI,SBI,2026-08-16 16:03:00,success,,True,False
TXN_003592,CUST_01317,MER_0009,279.77,INR,UPI,KOTAK,2026-08-04 00:15:00,success,,True,False
TXN_003593,CUST_00710,MER_0018,1371.98,INR,Wallet,YES,2026-08-25 04:57:00,success,,True,False
TXN_003594,CUST_00570,MER_0034,1165.32,INR,Card,AXIS,2026-08-19 05:29:00,success,,True,False
TXN_003595,CUST_00315,MER_0041,895.33,INR,UPI,AXIS,2026-08-17 08:33:00,success,,True,False
TXN_003596,CUST_01550,MER_0014,2055.01,INR,Card,HDFC,2026-07-14 23:21:00,success,,True,False
TXN_003597,CUST_00512,MER_0031,3322.92,INR,Card,AXIS,2026-08-18 23:43:00,failed,expired_card,True,False
TXN_003598,CUST_00709,MER_0050,2959.28,INR,Card,ICICI,2026-08-14 07:36:00,failed,bank_declined,True,False
TXN_003599,CUST_01416,MER_0007,3278.74,INR,NetBanking,SBI,2026-07-18 11:39:00,success,,True,True
TXN_003600,CUST_00506,MER_0040,2695.74,INR,UPI,KOTAK,2026-08-03 08:09:00,failed,bank_declined,True,False
TXN_003601,CUST_00714,MER_0033,4543.94,INR,UPI,AXIS,2026-07-13 11:08:00,success,,True,False
TXN_003602,CUST_01784,MER_0020,2500.84,INR,Wallet,KOTAK,2026-08-22 18:39:00,success,,True,False
TXN_003603,CUST_01729,MER_0028,1190.58,INR,NetBanking,KOTAK,2026-08-07 14:54:00,success,,True,True
TXN_003604,CUST_00057,MER_0050,1447.57,INR,Card,SBI,2026-07-04 17:54:00,success,,True,False
TXN_003605,CUST_01007,MER_0035,1572.1,INR,UPI,SBI,2026-08-10 07:10:00,failed,network_error,True,False
TXN_003606,CUST_01374,MER_0029,3024.32,INR,UPI,KOTAK,2026-08-20 22:13:00,success,,True,False
TXN_003607,CUST_01235,MER_0043,4324.88,INR,UPI,ICICI,2026-07-05 13:32:00,failed,bank_timeout,True,False
TXN_003608,CUST_00221,MER_0033,2472.29,INR,Card,ICICI,2026-07-14 23:55:00,success,,True,False
TXN_003609,CUST_01644,MER_0033,2737.07,INR,NetBanking,SBI,2026-08-20 22:47:00,success,,True,False
TXN_003610,CUST_00381,MER_0006,1615.3,INR,UPI,ICICI,2026-07-17 22:15:00,success,,True,False
TXN_003611,CUST_00057,MER_0003,1164.08,INR,UPI,HDFC,2026-07-04 23:32:00,failed,network_error,True,False
TXN_003612,CUST_01399,MER_0049,1399.51,INR,UPI,YES,2026-07-22 15:29:00,success,,True,False
TXN_003613,CUST_01287,MER_0025,3563.56,INR,UPI,KOTAK,2026-07-23 02:35:00,success,,True,True
TXN_003614,CUST_00751,MER_0033,1390.85,INR,UPI,AXIS,2026-07-06 01:14:00,success,,True,False
TXN_003615,CUST_00691,MER_0048,2017.78,INR,UPI,YES,2026-08-20 02:03:00,failed,network_error,True,False
TXN_003616,CUST_01558,MER_0013,3701.72,INR,Card,YES,2026-08-09 03:36:00,success,,True,False
TXN_003617,CUST_01357,MER_0009,1029.03,INR,NetBanking,SBI,2026-07-05 00:48:00,success,,True,False
TXN_003618,CUST_00465,MER_0035,5418.9,INR,UPI,AXIS,2026-08-25 07:32:00,success,,True,True
TXN_003619,CUST_01419,MER_0028,6014.21,INR,UPI,ICICI,2026-08-13 09:20:00,failed,bank_timeout,True,True
TXN_003620,CUST_00427,MER_0001,1262.6,INR,Card,ICICI,2026-08-09 17:36:00,success,,True,True
TXN_003621,CUST_00203,MER_0043,6328.84,INR,UPI,SBI,2026-08-10 01:02:00,success,,True,False
TXN_003622,CUST_00550,MER_0017,2170.08,INR,Card,ICICI,2026-07-15 22:25:00,failed,authentication_failure,True,False
TXN_003623,CUST_01549,MER_0037,796.52,INR,NetBanking,KOTAK,2026-08-14 05:39:00,failed,bank_declined,True,True
TXN_003624,CUST_01080,MER_0004,962.53,INR,Card,YES,2026-07-23 04:44:00,failed,insufficient_funds,True,True
TXN_003625,CUST_01984,MER_0021,2504.68,INR,Card,AXIS,2026-08-17 07:46:00,success,,True,True
TXN_003626,CUST_01421,MER_0039,7862.06,INR,UPI,KOTAK,2026-07-19 08:08:00,failed,bank_declined,True,True
TXN_003627,CUST_00814,MER_0010,5756.2,INR,Card,ICICI,2026-08-05 07:51:00,success,,True,False
TXN_003628,CUST_00800,MER_0049,7654.19,INR,NetBanking,YES,2026-08-23 07:55:00,success,,True,False
TXN_003629,CUST_00346,MER_0014,7688.24,INR,Card,KOTAK,2026-07-18 05:16:00,success,,True,False
TXN_003630,CUST_01574,MER_0048,3065.0,INR,Card,ICICI,2026-07-15 00:53:00,success,,True,False
TXN_003631,CUST_01099,MER_0007,507.44,INR,UPI,AXIS,2026-08-11 08:23:00,success,,True,False
TXN_003632,CUST_01508,MER_0033,3528.61,INR,UPI,HDFC,2026-07-22 01:57:00,success,,True,False
TXN_003633,CUST_01071,MER_0033,5646.1,INR,NetBanking,YES,2026-07-07 11:25:00,success,,True,False
TXN_003634,CUST_01350,MER_0036,2287.34,INR,UPI,ICICI,2026-07-30 16:39:00,failed,bank_timeout,True,False
TXN_003635,CUST_01092,MER_0031,4855.5,INR,UPI,SBI,2026-08-24 00:20:00,failed,bank_declined,True,False
TXN_003636,CUST_01692,MER_0014,5820.29,INR,UPI,SBI,2026-08-08 12:54:00,success,,True,False
TXN_003637,CUST_00274,MER_0009,3186.56,INR,UPI,AXIS,2026-08-16 01:58:00,success,,True,False
TXN_003638,CUST_00685,MER_0031,332.2,INR,UPI,ICICI,2026-07-01 19:03:00,failed,bank_timeout,True,False
TXN_003639,CUST_00346,MER_0038,6359.69,INR,Card,HDFC,2026-07-20 07:22:00,success,,True,False
TXN_003640,CUST_01215,MER_0026,1279.12,INR,UPI,AXIS,2026-08-08 11:12:00,success,,True,False
TXN_003641,CUST_01651,MER_0045,2041.05,INR,NetBanking,AXIS,2026-08-05 09:53:00,success,,True,False
TXN_003642,CUST_00822,MER_0043,1058.0,INR,Card,AXIS,2026-07-13 13:39:00,success,,True,True
TXN_003643,CUST_00305,MER_0010,10169.4,INR,UPI,YES,2026-08-05 02:17:00,failed,bank_timeout,True,False
TXN_003644,CUST_00977,MER_0001,1203.4,INR,UPI,KOTAK,2026-08-18 12:12:00,failed,network_error,True,False
TXN_003645,CUST_01416,MER_0012,1416.02,INR,Card,KOTAK,2026-08-23 15:58:00,success,,True,False
TXN_003646,CUST_01137,MER_0002,3991.63,INR,UPI,SBI,2026-08-09 20:33:00,success,,True,False
TXN_003647,CUST_01267,MER_0022,3669.26,INR,UPI,AXIS,2026-07-13 22:56:00,success,,True,False
TXN_003648,CUST_00747,MER_0003,4672.1,INR,UPI,KOTAK,2026-08-09 01:21:00,success,,True,False
TXN_003649,CUST_00803,MER_0005,3182.86,INR,Card,SBI,2026-08-22 13:17:00,success,,True,False
TXN_003650,CUST_01548,MER_0029,25548.27,INR,UPI,AXIS,2026-07-07 01:04:00,success,,True,False
TXN_003651,CUST_00838,MER_0002,1072.41,INR,UPI,ICICI,2026-07-26 18:28:00,success,,True,False
TXN_003652,CUST_01708,MER_0004,621.12,INR,Card,YES,2026-07-02 10:00:00,success,,True,False
TXN_003653,CUST_01267,MER_0021,1782.06,INR,UPI,YES,2026-07-18 07:19:00,failed,authentication_failure,False,False
TXN_003654,CUST_00904,MER_0047,739.54,INR,UPI,KOTAK,2026-08-07 03:26:00,success,,True,False
TXN_003655,CUST_01971,MER_0015,1095.48,INR,UPI,SBI,2026-08-18 02:23:00,failed,bank_timeout,False,False
TXN_003656,CUST_01492,MER_0010,1137.18,INR,UPI,AXIS,2026-08-14 05:27:00,success,,True,True
TXN_003657,CUST_00977,MER_0050,3694.41,INR,Card,HDFC,2026-07-11 16:44:00,success,,True,False
TXN_003658,CUST_01635,MER_0035,1627.9,INR,Card,YES,2026-07-11 08:48:00,success,,True,False
TXN_003659,CUST_01620,MER_0040,2114.11,INR,NetBanking,HDFC,2026-08-10 18:05:00,failed,bank_declined,True,False
TXN_003660,CUST_00267,MER_0046,1322.05,INR,Card,ICICI,2026-07-30 14:12:00,failed,expired_card,True,False
TXN_003661,CUST_00736,MER_0017,3270.21,INR,UPI,YES,2026-08-24 03:15:00,failed,bank_timeout,True,False
TXN_003662,CUST_00547,MER_0016,362.16,INR,Card,HDFC,2026-07-04 14:25:00,success,,True,False
TXN_003663,CUST_01344,MER_0050,3219.22,INR,Wallet,AXIS,2026-07-11 19:56:00,success,,True,False
TXN_003664,CUST_01614,MER_0047,3617.76,INR,Card,YES,2026-07-22 10:25:00,failed,network_error,True,False
TXN_003665,CUST_01678,MER_0024,2769.65,INR,UPI,YES,2026-08-08 16:23:00,success,,True,False
TXN_003666,CUST_00198,MER_0041,4702.23,INR,NetBanking,SBI,2026-07-18 15:12:00,success,,True,False
TXN_003667,CUST_01276,MER_0030,2087.29,INR,NetBanking,YES,2026-08-12 08:18:00,success,,True,False
TXN_003668,CUST_00547,MER_0004,3095.74,INR,NetBanking,SBI,2026-07-13 20:02:00,success,,True,True
TXN_003669,CUST_00785,MER_0046,9263.21,INR,Card,AXIS,2026-08-14 16:54:00,success,,True,False
TXN_003670,CUST_01513,MER_0046,446.22,INR,UPI,YES,2026-07-07 16:13:00,failed,bank_timeout,True,True
TXN_003671,CUST_01267,MER_0007,13473.36,INR,UPI,AXIS,2026-08-24 16:52:00,success,,True,True
TXN_003672,CUST_01156,MER_0001,3058.34,INR,UPI,ICICI,2026-08-26 15:17:00,success,,True,False
TXN_003673,CUST_01027,MER_0030,9140.39,INR,UPI,AXIS,2026-07-14 11:07:00,failed,authentication_failure,True,True
TXN_003674,CUST_01577,MER_0002,2378.83,INR,Card,ICICI,2026-08-02 18:41:00,success,,True,False
TXN_003675,CUST_00563,MER_0027,2506.94,INR,UPI,ICICI,2026-08-25 05:43:00,success,,True,False
TXN_003676,CUST_01823,MER_0048,414.03,INR,UPI,ICICI,2026-07-05 13:31:00,success,,True,False
TXN_003677,CUST_00938,MER_0005,958.58,INR,UPI,SBI,2026-07-27 09:18:00,success,,True,True
TXN_003678,CUST_01798,MER_0004,1014.85,INR,NetBanking,AXIS,2026-08-21 15:57:00,success,,True,False
TXN_003679,CUST_01851,MER_0003,4710.99,INR,Card,AXIS,2026-08-09 00:43:00,success,,True,False
TXN_003680,CUST_01065,MER_0046,4903.59,INR,Card,SBI,2026-07-03 22:38:00,success,,True,False
TXN_003681,CUST_00524,MER_0016,3162.85,INR,UPI,YES,2026-08-09 16:05:00,failed,authentication_failure,True,False
TXN_003682,CUST_01992,MER_0021,2140.26,INR,UPI,HDFC,2026-07-21 07:59:00,success,,True,True
TXN_003683,CUST_00918,MER_0041,6383.97,INR,Wallet,HDFC,2026-08-14 14:03:00,success,,True,False
TXN_003684,CUST_01907,MER_0015,2457.82,INR,Card,KOTAK,2026-08-17 14:49:00,success,,True,False
TXN_003685,CUST_00130,MER_0001,2556.24,INR,UPI,HDFC,2026-07-16 17:43:00,failed,bank_timeout,True,True
TXN_003686,CUST_00999,MER_0025,4219.87,INR,UPI,SBI,2026-08-23 12:42:00,failed,bank_timeout,True,False
TXN_003687,CUST_00842,MER_0003,5330.21,INR,Card,KOTAK,2026-08-01 09:06:00,failed,authentication_failure,True,False
TXN_003688,CUST_00561,MER_0012,1013.2,INR,Wallet,SBI,2026-08-05 13:33:00,success,,True,False
TXN_003689,CUST_00168,MER_0021,4229.93,INR,UPI,HDFC,2026-07-25 22:07:00,failed,bank_declined,True,True
TXN_003690,CUST_01269,MER_0031,1697.46,INR,NetBanking,SBI,2026-08-07 11:25:00,failed,bank_declined,True,False
TXN_003691,CUST_01344,MER_0034,1501.46,INR,Card,YES,2026-07-05 21:18:00,success,,True,False
TXN_003692,CUST_01760,MER_0008,2079.41,INR,UPI,SBI,2026-07-27 03:02:00,success,,True,False
TXN_003693,CUST_01056,MER_0021,7475.47,INR,UPI,YES,2026-08-21 14:43:00,success,,True,False
TXN_003694,CUST_01095,MER_0010,8360.84,INR,UPI,YES,2026-08-20 08:55:00,success,,True,False
TXN_003695,CUST_01234,MER_0048,8586.26,INR,Card,HDFC,2026-07-01 03:39:00,failed,bank_declined,True,False
TXN_003696,CUST_01455,MER_0043,6532.61,INR,UPI,AXIS,2026-08-19 10:18:00,success,,True,False
TXN_003697,CUST_01867,MER_0042,1142.34,INR,Card,YES,2026-08-26 04:04:00,success,,True,False
TXN_003698,CUST_01853,MER_0008,1181.43,INR,UPI,KOTAK,2026-07-16 00:16:00,success,,True,False
TXN_003699,CUST_01729,MER_0021,372.28,INR,Card,KOTAK,2026-08-08 00:24:00,success,,True,False
TXN_003700,CUST_01304,MER_0003,9304.88,INR,Card,SBI,2026-07-02 06:34:00,failed,bank_declined,True,False
TXN_003701,CUST_01742,MER_0004,2205.64,INR,UPI,YES,2026-07-15 11:38:00,success,,True,False
TXN_003702,CUST_00268,MER_0043,1178.2,INR,UPI,KOTAK,2026-08-07 01:17:00,success,,True,False
TXN_003703,CUST_00753,MER_0016,4256.2,INR,Wallet,HDFC,2026-07-27 23:56:00,success,,True,False
TXN_003704,CUST_01991,MER_0009,1807.13,INR,Wallet,HDFC,2026-07-11 09:55:00,success,,True,False
TXN_003705,CUST_00771,MER_0028,859.32,INR,Card,ICICI,2026-08-02 03:55:00,failed,bank_declined,True,False
TXN_003706,CUST_00706,MER_0040,775.12,INR,Card,KOTAK,2026-08-20 08:59:00,success,,True,False
TXN_003707,CUST_00819,MER_0039,1248.97,INR,UPI,ICICI,2026-07-25 00:09:00,success,,True,True
TXN_003708,CUST_00122,MER_0015,452.36,INR,UPI,SBI,2026-08-17 14:46:00,success,,True,False
TXN_003709,CUST_01185,MER_0032,781.2,INR,Card,HDFC,2026-08-18 14:19:00,success,,True,False
TXN_003710,CUST_01559,MER_0033,2815.3,INR,Card,ICICI,2026-07-02 09:44:00,success,,True,False
TXN_003711,CUST_01263,MER_0004,506.93,INR,UPI,KOTAK,2026-08-06 23:03:00,success,,True,False
TXN_003712,CUST_01576,MER_0026,746.27,INR,UPI,HDFC,2026-08-03 13:09:00,failed,bank_declined,False,False
TXN_003713,CUST_01330,MER_0015,1579.9,INR,UPI,ICICI,2026-07-18 18:51:00,success,,True,False
TXN_003714,CUST_00818,MER_0012,12011.61,INR,UPI,ICICI,2026-08-12 19:24:00,success,,True,False
TXN_003715,CUST_01930,MER_0024,10584.2,INR,UPI,SBI,2026-08-04 13:32:00,failed,bank_declined,True,False
TXN_003716,CUST_00058,MER_0034,3811.24,INR,UPI,SBI,2026-08-10 09:31:00,success,,True,False
TXN_003717,CUST_01028,MER_0033,4444.52,INR,Card,KOTAK,2026-08-04 17:24:00,failed,authentication_failure,True,False
TXN_003718,CUST_01075,MER_0010,737.72,INR,Wallet,AXIS,2026-08-14 05:34:00,failed,network_error,True,False
TXN_003719,CUST_00788,MER_0048,2125.42,INR,Card,SBI,2026-07-22 21:40:00,success,,True,False
TXN_003720,CUST_00786,MER_0048,1722.25,INR,Card,HDFC,2026-07-11 04:34:00,success,,True,True
TXN_003721,CUST_00443,MER_0030,3476.75,INR,UPI,YES,2026-07-02 14:21:00,failed,bank_timeout,False,True
TXN_003722,CUST_01787,MER_0014,971.07,INR,UPI,YES,2026-07-19 23:46:00,failed,bank_timeout,True,True
TXN_003723,CUST_01421,MER_0043,3323.51,INR,Card,AXIS,2026-08-24 19:33:00,success,,True,False
TXN_003724,CUST_00456,MER_0041,952.11,INR,UPI,YES,2026-07-17 16:03:00,success,,True,False
TXN_003725,CUST_00171,MER_0004,5128.01,INR,Card,HDFC,2026-07-06 22:35:00,success,,True,False
TXN_003726,CUST_01778,MER_0015,592.06,INR,Card,ICICI,2026-08-17 15:59:00,success,,True,True
TXN_003727,CUST_00776,MER_0006,1536.88,INR,Card,AXIS,2026-07-31 16:14:00,success,,True,False
TXN_003728,CUST_01814,MER_0015,1985.43,INR,UPI,YES,2026-07-19 04:51:00,failed,bank_timeout,True,False
TXN_003729,CUST_01503,MER_0031,1553.01,INR,UPI,ICICI,2026-07-30 15:34:00,failed,network_error,True,True
TXN_003730,CUST_00097,MER_0006,1235.58,INR,UPI,SBI,2026-08-03 10:32:00,success,,True,True
TXN_003731,CUST_00885,MER_0025,17205.38,INR,UPI,ICICI,2026-08-07 13:31:00,success,,True,False
TXN_003732,CUST_01095,MER_0033,3462.35,INR,NetBanking,ICICI,2026-08-21 00:32:00,success,,True,False
TXN_003733,CUST_01898,MER_0030,2627.12,INR,UPI,YES,2026-08-10 23:37:00,success,,True,False
TXN_003734,CUST_01697,MER_0024,3572.4,INR,Card,KOTAK,2026-07-20 15:15:00,success,,True,True
TXN_003735,CUST_01894,MER_0037,18470.72,INR,Card,YES,2026-08-23 08:20:00,success,,True,True
TXN_003736,CUST_01121,MER_0016,1102.27,INR,UPI,YES,2026-07-04 05:07:00,success,,True,False
TXN_003737,CUST_01555,MER_0027,995.92,INR,UPI,AXIS,2026-08-15 22:42:00,success,,True,False
TXN_003738,CUST_01692,MER_0019,1334.23,INR,UPI,AXIS,2026-08-11 15:26:00,success,,True,False
TXN_003739,CUST_01312,MER_0049,2504.17,INR,Card,AXIS,2026-07-14 14:08:00,success,,True,True
TXN_003740,CUST_01045,MER_0037,613.62,INR,UPI,YES,2026-07-19 21:45:00,success,,True,False
TXN_003741,CUST_01289,MER_0046,2484.61,INR,Wallet,HDFC,2026-08-15 19:07:00,success,,True,False
TXN_003742,CUST_00033,MER_0041,9460.1,INR,UPI,YES,2026-07-04 02:58:00,success,,True,False
TXN_003743,CUST_01351,MER_0032,2754.87,INR,Card,ICICI,2026-07-26 23:01:00,failed,network_error,True,False
TXN_003744,CUST_00708,MER_0032,1488.42,INR,Card,KOTAK,2026-07-06 16:20:00,success,,True,False
TXN_003745,CUST_01997,MER_0009,5008.09,INR,UPI,KOTAK,2026-08-15 22:00:00,failed,bank_declined,True,False
TXN_003746,CUST_01714,MER_0012,10690.56,INR,UPI,SBI,2026-08-01 11:02:00,success,,True,True
TXN_003747,CUST_01612,MER_0038,11460.8,INR,Card,HDFC,2026-08-06 23:52:00,success,,True,True
TXN_003748,CUST_00517,MER_0043,2997.1,INR,Wallet,HDFC,2026-08-12 17:27:00,failed,bank_declined,True,False
TXN_003749,CUST_00659,MER_0031,5566.53,INR,NetBanking,YES,2026-07-19 23:37:00,success,,True,False
TXN_003750,CUST_01053,MER_0046,5859.61,INR,Card,KOTAK,2026-07-20 17:37:00,failed,authentication_failure,False,True
TXN_003751,CUST_00180,MER_0012,1601.6,INR,Card,SBI,2026-07-14 08:01:00,success,,True,False
TXN_003752,CUST_01838,MER_0024,847.36,INR,Card,YES,2026-07-31 16:59:00,success,,True,False
TXN_003753,CUST_01804,MER_0009,3385.48,INR,UPI,SBI,2026-08-04 16:27:00,success,,True,False
TXN_003754,CUST_01676,MER_0001,4160.13,INR,UPI,YES,2026-08-07 14:56:00,success,,True,False
TXN_003755,CUST_00091,MER_0031,828.87,INR,UPI,YES,2026-08-10 06:13:00,success,,True,True
TXN_003756,CUST_01295,MER_0027,1695.68,INR,UPI,YES,2026-08-06 20:21:00,failed,bank_declined,False,False
TXN_003757,CUST_00693,MER_0048,1189.11,INR,UPI,HDFC,2026-08-18 05:48:00,failed,bank_timeout,True,False
TXN_003758,CUST_00043,MER_0037,1357.25,INR,UPI,ICICI,2026-08-26 12:22:00,success,,True,False
TXN_003759,CUST_00796,MER_0025,1918.58,INR,UPI,SBI,2026-08-16 00:21:00,success,,True,False
TXN_003760,CUST_01276,MER_0048,663.91,INR,UPI,AXIS,2026-07-12 17:50:00,success,,True,False
TXN_003761,CUST_01389,MER_0030,2834.42,INR,NetBanking,SBI,2026-08-16 14:10:00,success,,True,False
TXN_003762,CUST_01995,MER_0012,2355.67,INR,Card,HDFC,2026-07-17 20:48:00,success,,True,False
TXN_003763,CUST_01606,MER_0043,1362.17,INR,UPI,ICICI,2026-07-07 19:33:00,success,,True,False
TXN_003764,CUST_00428,MER_0029,2098.1,INR,UPI,YES,2026-07-20 08:43:00,failed,authentication_failure,True,False
TXN_003765,CUST_01774,MER_0002,1271.69,INR,UPI,AXIS,2026-07-13 13:18:00,failed,authentication_failure,True,True
TXN_003766,CUST_00208,MER_0048,10347.08,INR,Wallet,YES,2026-08-24 22:07:00,failed,network_error,False,True
TXN_003767,CUST_01274,MER_0045,2258.81,INR,Card,YES,2026-08-10 22:53:00,success,,True,False
TXN_003768,CUST_01462,MER_0011,5478.97,INR,UPI,YES,2026-08-26 05:34:00,success,,True,False
TXN_003769,CUST_01922,MER_0048,41078.66,INR,Card,AXIS,2026-07-30 16:00:00,success,,True,False
TXN_003770,CUST_00244,MER_0034,901.82,INR,Card,YES,2026-08-19 01:15:00,success,,True,False
TXN_003771,CUST_00770,MER_0038,3497.7,INR,NetBanking,AXIS,2026-08-08 20:31:00,success,,True,False
TXN_003772,CUST_01406,MER_0036,1385.7,INR,UPI,AXIS,2026-07-01 01:41:00,success,,True,False
TXN_003773,CUST_01740,MER_0050,1586.0,INR,Card,HDFC,2026-07-14 04:23:00,success,,True,False
TXN_003774,CUST_01544,MER_0017,1371.73,INR,UPI,ICICI,2026-07-05 08:31:00,success,,True,False
TXN_003775,CUST_01244,MER_0019,991.75,INR,UPI,AXIS,2026-07-31 02:51:00,success,,True,False
TXN_003776,CUST_00066,MER_0034,2361.3,INR,UPI,YES,2026-08-10 22:03:00,success,,True,False
TXN_003777,CUST_00177,MER_0027,750.24,INR,Card,AXIS,2026-07-28 22:44:00,success,,True,False
TXN_003778,CUST_01785,MER_0039,5205.37,INR,UPI,ICICI,2026-08-14 12:34:00,success,,True,True
TXN_003779,CUST_01928,MER_0021,2550.39,INR,Card,YES,2026-07-02 14:55:00,failed,bank_declined,True,True
TXN_003780,CUST_01728,MER_0010,1680.84,INR,Card,AXIS,2026-08-03 20:54:00,success,,True,False
TXN_003781,CUST_00552,MER_0013,1819.35,INR,UPI,KOTAK,2026-08-11 13:59:00,success,,True,False
TXN_003782,CUST_00577,MER_0034,3071.9,INR,Card,YES,2026-08-01 09:04:00,success,,True,False
TXN_003783,CUST_01502,MER_0003,961.75,INR,UPI,ICICI,2026-08-03 08:22:00,failed,bank_timeout,False,False
TXN_003784,CUST_01395,MER_0048,1226.98,INR,UPI,SBI,2026-08-18 00:52:00,success,,True,False
TXN_003785,CUST_01642,MER_0042,1196.97,INR,UPI,KOTAK,2026-07-01 03:42:00,failed,authentication_failure,True,False
TXN_003786,CUST_01767,MER_0017,7125.69,INR,UPI,HDFC,2026-08-07 07:14:00,success,,True,False
TXN_003787,CUST_01773,MER_0036,1409.19,INR,Wallet,AXIS,2026-07-13 13:06:00,success,,True,False
TXN_003788,CUST_00421,MER_0022,6190.06,INR,UPI,ICICI,2026-07-15 10:15:00,success,,True,False
TXN_003789,CUST_01416,MER_0037,5738.96,INR,UPI,ICICI,2026-07-13 16:22:00,success,,True,False
TXN_003790,CUST_00186,MER_0045,872.36,INR,UPI,ICICI,2026-08-02 03:54:00,success,,True,True
TXN_003791,CUST_00421,MER_0012,1021.75,INR,UPI,SBI,2026-07-14 18:45:00,success,,True,False
TXN_003792,CUST_01482,MER_0021,18928.09,INR,UPI,ICICI,2026-07-08 20:29:00,failed,bank_timeout,True,False
TXN_003793,CUST_01918,MER_0037,2379.83,INR,UPI,KOTAK,2026-07-05 09:12:00,success,,True,False
TXN_003794,CUST_01863,MER_0016,2998.59,INR,Wallet,AXIS,2026-07-25 00:32:00,success,,True,False
TXN_003795,CUST_01931,MER_0021,1473.39,INR,Card,KOTAK,2026-08-05 03:10:00,success,,True,False
TXN_003796,CUST_01210,MER_0015,3449.15,INR,UPI,SBI,2026-07-14 20:57:00,success,,True,False
TXN_003797,CUST_01758,MER_0034,1375.06,INR,UPI,SBI,2026-08-02 20:19:00,success,,True,False
TXN_003798,CUST_01935,MER_0024,480.16,INR,UPI,ICICI,2026-07-08 21:33:00,success,,True,False
TXN_003799,CUST_01062,MER_0017,847.89,INR,Wallet,YES,2026-08-08 13:19:00,failed,network_error,True,False
TXN_003800,CUST_01976,MER_0029,987.47,INR,Card,HDFC,2026-07-10 07:35:00,success,,True,False
TXN_003801,CUST_01947,MER_0024,2312.72,INR,UPI,HDFC,2026-08-20 21:11:00,failed,network_error,True,False
TXN_003802,CUST_01665,MER_0009,1305.21,INR,Card,KOTAK,2026-07-03 21:49:00,success,,True,False
TXN_003803,CUST_01551,MER_0038,4829.66,INR,UPI,SBI,2026-07-23 03:52:00,success,,True,False
TXN_003804,CUST_01394,MER_0024,2974.96,INR,UPI,SBI,2026-08-16 19:21:00,failed,bank_timeout,True,True
TXN_003805,CUST_01137,MER_0004,4930.38,INR,Card,AXIS,2026-07-22 08:04:00,failed,network_error,True,False
TXN_003806,CUST_01122,MER_0038,7763.98,INR,Card,HDFC,2026-08-06 13:30:00,success,,True,True
TXN_003807,CUST_01247,MER_0047,1689.37,INR,Card,KOTAK,2026-07-26 00:00:00,success,,True,False
TXN_003808,CUST_00587,MER_0041,1730.72,INR,UPI,AXIS,2026-08-02 22:14:00,success,,True,True
TXN_003809,CUST_01800,MER_0031,861.88,INR,Wallet,AXIS,2026-08-24 14:30:00,failed,bank_declined,True,False
TXN_003810,CUST_01776,MER_0025,5280.71,INR,UPI,KOTAK,2026-08-01 22:26:00,success,,True,False
TXN_003811,CUST_00334,MER_0021,6904.92,INR,Wallet,HDFC,2026-08-20 01:53:00,success,,True,False
TXN_003812,CUST_01680,MER_0043,5261.88,INR,UPI,YES,2026-07-09 20:30:00,success,,True,False
TXN_003813,CUST_01083,MER_0047,580.94,INR,Wallet,YES,2026-07-02 23:25:00,failed,insufficient_funds,True,False
TXN_003814,CUST_01003,MER_0034,560.7,INR,UPI,SBI,2026-07-25 08:06:00,failed,bank_declined,True,False
TXN_003815,CUST_01748,MER_0038,1818.51,INR,Card,YES,2026-08-20 15:05:00,failed,bank_declined,True,True
TXN_003816,CUST_00956,MER_0033,840.54,INR,UPI,AXIS,2026-07-22 10:45:00,success,,True,False
TXN_003817,CUST_01036,MER_0001,6228.77,INR,UPI,YES,2026-07-26 11:33:00,success,,True,False
TXN_003818,CUST_00372,MER_0034,755.98,INR,UPI,KOTAK,2026-07-24 01:08:00,success,,True,False
TXN_003819,CUST_01535,MER_0023,1429.72,INR,UPI,ICICI,2026-08-24 01:33:00,success,,True,False
TXN_003820,CUST_01044,MER_0005,1098.31,INR,Card,KOTAK,2026-07-07 10:50:00,success,,True,False
TXN_003821,CUST_00212,MER_0002,599.79,INR,NetBanking,ICICI,2026-07-31 17:46:00,success,,True,False
TXN_003822,CUST_00910,MER_0036,2632.32,INR,Card,HDFC,2026-07-19 19:34:00,failed,authentication_failure,True,False
TXN_003823,CUST_00335,MER_0003,20609.85,INR,NetBanking,KOTAK,2026-07-24 18:06:00,failed,network_error,True,False
TXN_003824,CUST_00333,MER_0008,5963.1,INR,UPI,ICICI,2026-07-13 18:17:00,success,,True,False
TXN_003825,CUST_01368,MER_0003,2938.56,INR,Wallet,AXIS,2026-07-31 12:40:00,success,,True,False
TXN_003826,CUST_00199,MER_0029,3637.7,INR,Card,YES,2026-08-18 11:09:00,failed,bank_declined,True,False
TXN_003827,CUST_00661,MER_0023,2852.82,INR,Wallet,SBI,2026-07-03 06:06:00,success,,True,False
TXN_003828,CUST_01531,MER_0035,3751.77,INR,Card,YES,2026-08-02 18:42:00,failed,bank_declined,False,False
TXN_003829,CUST_00649,MER_0049,2293.89,INR,UPI,AXIS,2026-08-10 05:05:00,failed,bank_timeout,True,True
TXN_003830,CUST_00644,MER_0016,4727.36,INR,UPI,AXIS,2026-07-01 17:51:00,success,,True,False
TXN_003831,CUST_01969,MER_0008,1040.21,INR,UPI,YES,2026-07-24 21:29:00,success,,True,False
TXN_003832,CUST_01706,MER_0042,2342.01,INR,UPI,YES,2026-07-18 15:02:00,success,,True,False
TXN_003833,CUST_00337,MER_0003,11266.67,INR,NetBanking,SBI,2026-07-22 18:50:00,success,,True,False
TXN_003834,CUST_00860,MER_0038,6193.45,INR,UPI,YES,2026-07-31 00:47:00,success,,True,False
TXN_003835,CUST_01895,MER_0044,7182.07,INR,UPI,YES,2026-07-25 10:35:00,success,,True,False
TXN_003836,CUST_00740,MER_0022,2488.77,INR,UPI,SBI,2026-08-17 23:45:00,success,,True,False
TXN_003837,CUST_01830,MER_0003,3155.17,INR,Wallet,ICICI,2026-08-20 22:22:00,success,,True,False
TXN_003838,CUST_00553,MER_0019,5441.39,INR,UPI,ICICI,2026-07-20 12:23:00,success,,True,False
TXN_003839,CUST_01377,MER_0007,8503.26,INR,UPI,KOTAK,2026-08-16 07:32:00,failed,bank_timeout,True,False
TXN_003840,CUST_00683,MER_0040,852.05,INR,Card,YES,2026-07-27 13:42:00,success,,True,False
TXN_003841,CUST_00666,MER_0050,6957.36,INR,UPI,HDFC,2026-07-17 12:11:00,failed,authentication_failure,True,True
TXN_003842,CUST_00908,MER_0032,1425.99,INR,Card,SBI,2026-07-07 10:17:00,failed,expired_card,True,False
TXN_003843,CUST_00985,MER_0001,1565.54,INR,Wallet,KOTAK,2026-07-08 13:35:00,success,,True,False
TXN_003844,CUST_01099,MER_0036,794.81,INR,UPI,HDFC,2026-07-15 21:23:00,success,,True,False
TXN_003845,CUST_01657,MER_0044,13002.22,INR,UPI,HDFC,2026-07-24 01:51:00,failed,bank_timeout,True,False
TXN_003846,CUST_01246,MER_0009,2330.04,INR,UPI,KOTAK,2026-08-02 15:26:00,success,,True,False
TXN_003847,CUST_00369,MER_0049,3906.75,INR,Wallet,KOTAK,2026-07-23 17:00:00,success,,True,False
TXN_003848,CUST_01925,MER_0020,5270.48,INR,UPI,SBI,2026-07-03 18:57:00,failed,network_error,True,False
TXN_003849,CUST_00643,MER_0022,5761.18,INR,Card,HDFC,2026-07-28 01:15:00,success,,True,True
TXN_003850,CUST_00795,MER_0006,1473.39,INR,UPI,SBI,2026-07-29 02:59:00,success,,True,False
TXN_003851,CUST_01258,MER_0017,1923.12,INR,UPI,HDFC,2026-07-24 06:19:00,success,,True,False
TXN_003852,CUST_01056,MER_0044,4515.29,INR,Card,YES,2026-08-10 04:53:00,success,,True,False
TXN_003853,CUST_00904,MER_0039,1600.53,INR,UPI,SBI,2026-07-17 02:56:00,success,,True,False
TXN_003854,CUST_00342,MER_0008,2430.65,INR,NetBanking,YES,2026-08-22 15:48:00,success,,True,False
TXN_003855,CUST_00004,MER_0032,3357.7,INR,NetBanking,ICICI,2026-07-02 20:34:00,failed,network_error,True,False
TXN_003856,CUST_01750,MER_0031,588.66,INR,Card,HDFC,2026-08-15 16:35:00,failed,bank_declined,True,False
TXN_003857,CUST_00896,MER_0023,2024.38,INR,UPI,ICICI,2026-07-21 12:03:00,success,,True,True
TXN_003858,CUST_01898,MER_0010,4298.26,INR,NetBanking,AXIS,2026-08-16 05:12:00,success,,True,False
TXN_003859,CUST_01471,MER_0008,4543.92,INR,NetBanking,SBI,2026-07-23 02:28:00,success,,True,False
TXN_003860,CUST_01438,MER_0018,8833.72,INR,Wallet,YES,2026-07-24 04:49:00,success,,True,False
TXN_003861,CUST_01820,MER_0026,7206.67,INR,NetBanking,KOTAK,2026-08-10 02:06:00,success,,True,False
TXN_003862,CUST_01910,MER_0034,7167.11,INR,Wallet,YES,2026-07-01 14:58:00,failed,bank_timeout,True,False
TXN_003863,CUST_00262,MER_0034,3081.29,INR,Wallet,YES,2026-08-20 08:28:00,failed,network_error,True,False
TXN_003864,CUST_00691,MER_0040,4906.19,INR,UPI,KOTAK,2026-08-20 17:21:00,success,,True,False
TXN_003865,CUST_01623,MER_0019,4383.77,INR,Card,KOTAK,2026-07-29 21:51:00,success,,True,False
TXN_003866,CUST_00729,MER_0044,1905.97,INR,UPI,KOTAK,2026-07-19 09:09:00,success,,True,True
TXN_003867,CUST_01221,MER_0013,3374.02,INR,UPI,SBI,2026-08-10 16:53:00,failed,authentication_failure,True,False
TXN_003868,CUST_00371,MER_0015,1232.57,INR,UPI,AXIS,2026-07-29 22:03:00,success,,True,False
TXN_003869,CUST_00851,MER_0013,6852.5,INR,UPI,HDFC,2026-08-15 07:02:00,success,,True,False
TXN_003870,CUST_00003,MER_0001,2550.79,INR,UPI,SBI,2026-07-03 07:04:00,success,,True,False
TXN_003871,CUST_00458,MER_0013,12568.72,INR,UPI,SBI,2026-08-20 22:41:00,success,,True,False
TXN_003872,CUST_00184,MER_0002,664.88,INR,UPI,AXIS,2026-07-18 18:27:00,success,,True,True
TXN_003873,CUST_00240,MER_0009,1563.34,INR,Card,HDFC,2026-08-25 20:22:00,failed,expired_card,True,False
TXN_003874,CUST_01567,MER_0050,6062.67,INR,NetBanking,ICICI,2026-08-06 16:31:00,success,,True,True
TXN_003875,CUST_01767,MER_0016,3359.59,INR,UPI,HDFC,2026-08-25 10:50:00,success,,True,True
TXN_003876,CUST_00071,MER_0025,3128.72,INR,Card,HDFC,2026-08-02 14:20:00,success,,True,False
TXN_003877,CUST_01593,MER_0023,990.48,INR,UPI,AXIS,2026-07-03 04:49:00,success,,True,False
TXN_003878,CUST_00176,MER_0010,967.24,INR,UPI,AXIS,2026-08-05 21:48:00,success,,True,True
TXN_003879,CUST_01997,MER_0022,3158.98,INR,UPI,KOTAK,2026-08-14 04:59:00,success,,True,False
TXN_003880,CUST_01677,MER_0007,819.52,INR,Wallet,ICICI,2026-07-22 01:28:00,success,,True,True
TXN_003881,CUST_01123,MER_0034,1594.79,INR,UPI,HDFC,2026-07-21 16:23:00,success,,True,False
TXN_003882,CUST_01138,MER_0042,3643.62,INR,UPI,ICICI,2026-08-15 20:59:00,success,,True,True
TXN_003883,CUST_01590,MER_0040,1112.25,INR,UPI,SBI,2026-07-12 14:25:00,success,,True,False
TXN_003884,CUST_01837,MER_0004,8815.66,INR,Wallet,ICICI,2026-07-27 18:51:00,failed,network_error,False,False
TXN_003885,CUST_01097,MER_0013,694.27,INR,UPI,YES,2026-07-30 02:49:00,success,,True,False
TXN_003886,CUST_01893,MER_0002,1157.6,INR,UPI,HDFC,2026-08-08 05:17:00,failed,bank_timeout,True,False
TXN_003887,CUST_01951,MER_0042,1304.96,INR,Wallet,AXIS,2026-07-19 17:31:00,success,,True,False
TXN_003888,CUST_00285,MER_0040,4505.76,INR,Card,KOTAK,2026-08-23 18:04:00,success,,True,True
TXN_003889,CUST_01707,MER_0030,1752.65,INR,UPI,HDFC,2026-08-26 11:16:00,success,,True,True
TXN_003890,CUST_01605,MER_0014,3528.53,INR,UPI,KOTAK,2026-07-30 22:53:00,success,,True,False
TXN_003891,CUST_01967,MER_0017,722.08,INR,UPI,SBI,2026-08-07 22:53:00,success,,True,False
TXN_003892,CUST_01762,MER_0019,4621.06,INR,UPI,SBI,2026-07-19 08:00:00,success,,True,False
TXN_003893,CUST_00378,MER_0020,1565.42,INR,UPI,SBI,2026-07-30 18:38:00,failed,network_error,True,False
TXN_003894,CUST_01557,MER_0034,2265.84,INR,UPI,SBI,2026-07-24 21:47:00,success,,True,False
TXN_003895,CUST_00962,MER_0022,882.5,INR,Card,KOTAK,2026-08-01 12:19:00,failed,network_error,True,False
TXN_003896,CUST_01563,MER_0029,5293.5,INR,Card,HDFC,2026-08-10 02:39:00,success,,True,False
TXN_003897,CUST_00293,MER_0046,3358.31,INR,Card,SBI,2026-07-13 07:09:00,failed,bank_declined,True,False
TXN_003898,CUST_01262,MER_0002,3164.42,INR,UPI,KOTAK,2026-08-13 06:49:00,success,,True,False
TXN_003899,CUST_01000,MER_0012,2736.38,INR,UPI,AXIS,2026-07-11 05:56:00,success,,True,False
TXN_003900,CUST_01532,MER_0037,613.51,INR,UPI,AXIS,2026-08-17 09:25:00,failed,network_error,True,False
TXN_003901,CUST_00318,MER_0010,2387.72,INR,UPI,HDFC,2026-07-05 16:13:00,failed,network_error,True,False
TXN_003902,CUST_01519,MER_0043,4228.34,INR,Card,SBI,2026-07-02 18:54:00,failed,network_error,True,False
TXN_003903,CUST_01829,MER_0041,3936.43,INR,UPI,AXIS,2026-07-15 12:27:00,success,,True,True
TXN_003904,CUST_00476,MER_0028,1381.54,INR,UPI,ICICI,2026-07-17 03:44:00,failed,authentication_failure,True,True
TXN_003905,CUST_01539,MER_0048,2948.28,INR,UPI,ICICI,2026-07-19 19:50:00,failed,bank_timeout,False,False
TXN_003906,CUST_00564,MER_0022,1794.52,INR,UPI,ICICI,2026-08-15 16:55:00,success,,True,False
TXN_003907,CUST_00739,MER_0032,2070.17,INR,Card,YES,2026-08-19 11:52:00,failed,network_error,True,False
TXN_003908,CUST_00738,MER_0016,461.93,INR,UPI,HDFC,2026-07-21 03:52:00,failed,bank_timeout,True,True
TXN_003909,CUST_01997,MER_0020,1153.51,INR,Wallet,AXIS,2026-07-14 02:32:00,success,,True,False
TXN_003910,CUST_00008,MER_0005,814.31,INR,Wallet,AXIS,2026-08-23 09:00:00,failed,insufficient_funds,True,False
TXN_003911,CUST_00590,MER_0023,4383.13,INR,UPI,HDFC,2026-07-13 08:40:00,failed,bank_timeout,False,True
TXN_003912,CUST_00601,MER_0014,4631.15,INR,Card,HDFC,2026-07-08 03:32:00,success,,True,False
TXN_003913,CUST_00951,MER_0015,12681.2,INR,NetBanking,YES,2026-08-03 21:33:00,success,,True,True
TXN_003914,CUST_01545,MER_0002,3816.08,INR,Wallet,SBI,2026-07-31 20:02:00,success,,True,False
TXN_003915,CUST_01098,MER_0017,2153.43,INR,UPI,HDFC,2026-08-06 02:10:00,success,,True,False
TXN_003916,CUST_00052,MER_0048,3211.01,INR,NetBanking,SBI,2026-08-24 04:25:00,success,,True,False
TXN_003917,CUST_00699,MER_0029,6599.67,INR,Card,ICICI,2026-08-24 09:55:00,failed,insufficient_funds,True,False
TXN_003918,CUST_00572,MER_0031,1448.8,INR,UPI,SBI,2026-08-12 13:30:00,success,,True,True
TXN_003919,CUST_01933,MER_0049,1906.13,INR,Card,ICICI,2026-07-15 02:07:00,success,,True,False
TXN_003920,CUST_01606,MER_0019,453.2,INR,UPI,HDFC,2026-08-20 02:42:00,success,,True,False
TXN_003921,CUST_01229,MER_0004,2725.65,INR,UPI,KOTAK,2026-08-21 11:52:00,failed,bank_declined,True,False
TXN_003922,CUST_00336,MER_0028,2546.43,INR,UPI,ICICI,2026-08-18 07:58:00,failed,network_error,False,False
TXN_003923,CUST_01043,MER_0019,1666.53,INR,UPI,YES,2026-08-26 07:16:00,success,,True,False
TXN_003924,CUST_01366,MER_0007,9336.56,INR,Wallet,YES,2026-08-13 09:55:00,success,,True,False
TXN_003925,CUST_00999,MER_0016,758.69,INR,Card,YES,2026-07-01 16:56:00,success,,True,False
TXN_003926,CUST_01770,MER_0041,6329.7,INR,UPI,AXIS,2026-08-06 23:21:00,success,,True,False
TXN_003927,CUST_01553,MER_0004,4188.55,INR,UPI,KOTAK,2026-07-15 00:28:00,failed,bank_declined,True,False
TXN_003928,CUST_01659,MER_0016,21346.34,INR,UPI,ICICI,2026-07-24 22:20:00,success,,True,False
TXN_003929,CUST_01262,MER_0016,2319.26,INR,UPI,KOTAK,2026-07-31 01:10:00,failed,network_error,True,True
TXN_003930,CUST_01713,MER_0037,791.82,INR,UPI,HDFC,2026-07-06 03:56:00,success,,True,False
TXN_003931,CUST_00200,MER_0037,2046.7,INR,Card,SBI,2026-08-11 00:36:00,success,,True,False
TXN_003932,CUST_00496,MER_0002,2204.1,INR,UPI,YES,2026-07-23 01:06:00,success,,True,False
TXN_003933,CUST_00908,MER_0010,2649.47,INR,Card,KOTAK,2026-07-18 15:15:00,success,,True,False
TXN_003934,CUST_01274,MER_0004,1923.23,INR,UPI,ICICI,2026-08-17 20:41:00,success,,True,False
TXN_003935,CUST_00623,MER_0005,4050.44,INR,UPI,YES,2026-07-07 03:05:00,success,,True,False
TXN_003936,CUST_01566,MER_0045,1789.87,INR,Card,YES,2026-08-23 13:00:00,failed,expired_card,True,False
TXN_003937,CUST_00949,MER_0013,2165.73,INR,UPI,HDFC,2026-07-10 22:47:00,success,,True,False
TXN_003938,CUST_00714,MER_0022,367.24,INR,Card,KOTAK,2026-07-10 05:28:00,failed,network_error,True,False
TXN_003939,CUST_00808,MER_0014,1114.94,INR,Card,SBI,2026-08-18 14:38:00,failed,authentication_failure,True,True
TXN_003940,CUST_01087,MER_0021,6983.18,INR,Card,ICICI,2026-08-14 16:43:00,success,,True,True
TXN_003941,CUST_00735,MER_0007,1142.53,INR,Card,SBI,2026-08-16 05:09:00,failed,insufficient_funds,True,False
TXN_003942,CUST_00699,MER_0046,1725.53,INR,Card,ICICI,2026-07-22 01:43:00,success,,True,False
TXN_003943,CUST_01479,MER_0009,9922.46,INR,Card,SBI,2026-07-15 21:52:00,success,,True,True
TXN_003944,CUST_01566,MER_0037,1822.34,INR,UPI,YES,2026-08-24 23:20:00,success,,True,False
TXN_003945,CUST_01714,MER_0046,1245.89,INR,Card,AXIS,2026-07-19 22:55:00,success,,True,False
TXN_003946,CUST_00100,MER_0038,4229.3,INR,UPI,ICICI,2026-07-15 17:46:00,success,,True,True
TXN_003947,CUST_00849,MER_0005,1722.22,INR,UPI,ICICI,2026-07-06 08:10:00,success,,True,True
TXN_003948,CUST_01121,MER_0041,1244.94,INR,UPI,YES,2026-07-14 01:43:00,failed,network_error,True,False
TXN_003949,CUST_00032,MER_0034,2355.04,INR,NetBanking,SBI,2026-08-15 03:32:00,failed,bank_timeout,True,True
TXN_003950,CUST_00421,MER_0021,519.43,INR,NetBanking,AXIS,2026-07-04 19:38:00,success,,True,False
TXN_003951,CUST_01793,MER_0007,2486.09,INR,UPI,HDFC,2026-08-03 12:03:00,success,,True,False
TXN_003952,CUST_01926,MER_0014,4023.56,INR,UPI,ICICI,2026-07-08 07:41:00,success,,True,True
TXN_003953,CUST_00040,MER_0048,2849.1,INR,Card,ICICI,2026-07-25 22:10:00,failed,authentication_failure,False,False
TXN_003954,CUST_01087,MER_0029,2299.68,INR,NetBanking,SBI,2026-07-18 20:25:00,success,,True,False
TXN_003955,CUST_01179,MER_0016,2105.61,INR,Card,ICICI,2026-07-29 21:46:00,failed,bank_declined,False,False
TXN_003956,CUST_01290,MER_0004,2642.42,INR,Card,KOTAK,2026-07-18 13:30:00,failed,bank_declined,True,True
TXN_003957,CUST_01644,MER_0023,3688.28,INR,UPI,KOTAK,2026-08-03 04:26:00,success,,True,False
TXN_003958,CUST_01504,MER_0047,1448.06,INR,UPI,HDFC,2026-08-19 17:26:00,failed,network_error,True,False
TXN_003959,CUST_00413,MER_0047,1599.75,INR,NetBanking,SBI,2026-08-01 16:25:00,success,,True,False
TXN_003960,CUST_00258,MER_0022,7204.46,INR,Card,YES,2026-07-23 07:28:00,success,,True,False
TXN_003961,CUST_00997,MER_0050,185.52,INR,UPI,SBI,2026-08-26 08:00:00,failed,bank_timeout,True,False
TXN_003962,CUST_00598,MER_0026,2508.44,INR,UPI,ICICI,2026-07-06 03:24:00,success,,True,False
TXN_003963,CUST_01287,MER_0028,636.07,INR,Card,HDFC,2026-08-07 11:20:00,success,,True,False
TXN_003964,CUST_01536,MER_0016,3126.85,INR,UPI,YES,2026-07-08 06:29:00,failed,bank_timeout,True,False
TXN_003965,CUST_00423,MER_0035,3911.64,INR,Card,HDFC,2026-07-01 09:47:00,success,,True,False
TXN_003966,CUST_01877,MER_0003,292.52,INR,UPI,HDFC,2026-07-26 06:13:00,success,,True,False
TXN_003967,CUST_00912,MER_0020,7281.64,INR,UPI,AXIS,2026-08-05 09:12:00,success,,True,False
TXN_003968,CUST_00392,MER_0021,1352.64,INR,UPI,AXIS,2026-07-22 04:35:00,success,,True,False
TXN_003969,CUST_00076,MER_0046,4227.03,INR,NetBanking,AXIS,2026-08-21 15:03:00,success,,True,True
TXN_003970,CUST_01056,MER_0029,4415.42,INR,Wallet,YES,2026-08-16 01:10:00,success,,True,False
TXN_003971,CUST_01015,MER_0043,1210.32,INR,Wallet,HDFC,2026-08-24 07:59:00,success,,True,False
TXN_003972,CUST_00109,MER_0001,4139.66,INR,Wallet,KOTAK,2026-07-07 19:24:00,success,,True,False
TXN_003973,CUST_00208,MER_0027,1792.93,INR,Card,YES,2026-07-17 09:28:00,success,,True,False
TXN_003974,CUST_00815,MER_0029,465.4,INR,Wallet,YES,2026-08-14 18:23:00,success,,True,False
TXN_003975,CUST_00048,MER_0017,6211.72,INR,UPI,ICICI,2026-07-03 10:44:00,failed,authentication_failure,True,False
TXN_003976,CUST_00004,MER_0001,1232.01,INR,Card,ICICI,2026-07-04 03:59:00,success,,True,False
TXN_003977,CUST_00001,MER_0021,1767.9,INR,Card,KOTAK,2026-08-13 08:17:00,failed,network_error,True,False
TXN_003978,CUST_01520,MER_0004,2331.31,INR,UPI,AXIS,2026-07-02 19:29:00,failed,bank_timeout,True,False
TXN_003979,CUST_00482,MER_0002,835.82,INR,UPI,AXIS,2026-07-17 12:14:00,failed,network_error,True,False
TXN_003980,CUST_00827,MER_0036,2224.31,INR,Card,ICICI,2026-08-25 09:37:00,success,,True,True
TXN_003981,CUST_00064,MER_0028,11140.14,INR,UPI,ICICI,2026-08-03 01:20:00,success,,True,False
TXN_003982,CUST_00402,MER_0006,2228.2,INR,UPI,KOTAK,2026-07-08 05:49:00,success,,True,True
TXN_003983,CUST_01045,MER_0025,5814.89,INR,UPI,YES,2026-08-12 12:43:00,failed,bank_declined,True,False
TXN_003984,CUST_01746,MER_0005,1657.51,INR,Card,SBI,2026-07-05 21:34:00,success,,True,False
TXN_003985,CUST_00058,MER_0031,2003.44,INR,NetBanking,YES,2026-08-12 13:13:00,success,,True,False
TXN_003986,CUST_01460,MER_0007,2132.96,INR,Card,YES,2026-07-15 05:20:00,success,,True,True
TXN_003987,CUST_00038,MER_0026,3955.71,INR,UPI,ICICI,2026-07-24 10:29:00,success,,True,True
TXN_003988,CUST_01795,MER_0017,7329.69,INR,Wallet,SBI,2026-07-25 20:15:00,success,,True,False
TXN_003989,CUST_01647,MER_0042,3254.34,INR,Card,ICICI,2026-07-17 23:19:00,success,,True,False
TXN_003990,CUST_00152,MER_0015,6308.56,INR,UPI,HDFC,2026-08-25 03:00:00,success,,True,False
TXN_003991,CUST_00332,MER_0029,1127.96,INR,Card,SBI,2026-08-17 23:18:00,success,,True,False
TXN_003992,CUST_00076,MER_0046,1751.62,INR,Card,YES,2026-07-11 19:44:00,success,,True,False
TXN_003993,CUST_01902,MER_0006,1367.25,INR,Card,SBI,2026-08-23 10:13:00,success,,True,False
TXN_003994,CUST_00452,MER_0020,3138.67,INR,UPI,HDFC,2026-08-06 22:32:00,success,,True,False
TXN_003995,CUST_01504,MER_0035,1831.4,INR,UPI,AXIS,2026-07-16 19:47:00,failed,bank_declined,True,False
TXN_003996,CUST_01731,MER_0049,1158.87,INR,UPI,AXIS,2026-08-12 21:47:00,success,,True,False
TXN_003997,CUST_01692,MER_0017,2526.08,INR,NetBanking,AXIS,2026-07-14 15:27:00,success,,True,False
TXN_003998,CUST_01821,MER_0010,4228.01,INR,UPI,KOTAK,2026-07-07 18:21:00,success,,True,False
TXN_003999,CUST_01858,MER_0035,467.67,INR,Card,SBI,2026-07-29 14:51:00,success,,True,False
TXN_004000,CUST_01008,MER_0026,13323.77,INR,Card,YES,2026-08-09 02:47:00,success,,True,False
TXN_004001,CUST_00056,MER_0024,1945.9,INR,UPI,SBI,2026-07-09 11:41:00,success,,True,False
TXN_004002,CUST_00721,MER_0008,482.98,INR,UPI,KOTAK,2026-08-01 00:31:00,success,,True,False
TXN_004003,CUST_00681,MER_0029,2769.65,INR,UPI,HDFC,2026-07-02 21:26:00,success,,True,False
TXN_004004,CUST_01055,MER_0014,2506.78,INR,Card,YES,2026-08-07 22:15:00,success,,True,False
TXN_004005,CUST_00006,MER_0003,2285.83,INR,Card,SBI,2026-08-20 15:12:00,success,,True,False
TXN_004006,CUST_00432,MER_0008,5393.52,INR,UPI,SBI,2026-08-21 15:22:00,success,,True,False
TXN_004007,CUST_01919,MER_0004,4437.99,INR,UPI,SBI,2026-08-17 00:37:00,success,,True,False
TXN_004008,CUST_00474,MER_0017,3097.35,INR,Card,HDFC,2026-08-10 21:11:00,success,,True,False
TXN_004009,CUST_01354,MER_0030,3498.62,INR,NetBanking,ICICI,2026-07-24 13:17:00,success,,True,False
TXN_004010,CUST_00022,MER_0018,2245.12,INR,Wallet,KOTAK,2026-07-18 12:11:00,success,,True,False
TXN_004011,CUST_01302,MER_0042,10101.03,INR,UPI,YES,2026-07-27 07:11:00,failed,bank_timeout,True,True
TXN_004012,CUST_01083,MER_0001,2729.08,INR,Card,ICICI,2026-07-31 16:02:00,failed,bank_declined,True,True
TXN_004013,CUST_00545,MER_0004,4677.99,INR,Wallet,KOTAK,2026-08-07 09:18:00,success,,True,False
TXN_004014,CUST_00096,MER_0042,1242.54,INR,Wallet,AXIS,2026-07-02 08:00:00,success,,True,False
TXN_004015,CUST_00538,MER_0035,604.9,INR,UPI,YES,2026-07-12 15:51:00,success,,True,False
TXN_004016,CUST_01771,MER_0035,2766.83,INR,UPI,KOTAK,2026-08-22 09:44:00,failed,network_error,True,False
TXN_004017,CUST_00381,MER_0050,8035.94,INR,UPI,KOTAK,2026-07-17 04:45:00,failed,bank_timeout,False,False
TXN_004018,CUST_00623,MER_0038,6147.22,INR,UPI,YES,2026-07-31 05:55:00,success,,True,True
TXN_004019,CUST_00724,MER_0007,16218.88,INR,UPI,HDFC,2026-07-23 14:34:00,success,,True,False
TXN_004020,CUST_00537,MER_0040,1804.05,INR,Card,ICICI,2026-07-04 16:19:00,success,,True,True
TXN_004021,CUST_01254,MER_0013,868.92,INR,UPI,YES,2026-07-20 19:46:00,failed,bank_timeout,True,False
TXN_004022,CUST_01891,MER_0006,2468.1,INR,Card,YES,2026-08-06 21:48:00,success,,True,False
TXN_004023,CUST_01634,MER_0008,3831.57,INR,Card,ICICI,2026-08-06 10:15:00,success,,True,False
TXN_004024,CUST_01159,MER_0005,1520.64,INR,Wallet,KOTAK,2026-07-10 18:53:00,success,,True,False
TXN_004025,CUST_01510,MER_0017,8468.92,INR,UPI,SBI,2026-08-07 11:54:00,failed,bank_timeout,True,False
TXN_004026,CUST_01049,MER_0028,607.07,INR,Card,SBI,2026-07-10 07:24:00,success,,True,False
TXN_004027,CUST_01824,MER_0013,5915.72,INR,Card,ICICI,2026-08-16 16:26:00,success,,True,False
TXN_004028,CUST_00850,MER_0019,395.56,INR,NetBanking,KOTAK,2026-08-02 10:14:00,success,,True,False
TXN_004029,CUST_00068,MER_0016,2072.88,INR,UPI,KOTAK,2026-08-10 11:04:00,failed,bank_timeout,True,False
TXN_004030,CUST_00574,MER_0014,2417.2,INR,NetBanking,AXIS,2026-07-11 12:12:00,failed,bank_declined,True,True
TXN_004031,CUST_00598,MER_0042,2331.07,INR,Card,YES,2026-08-19 23:59:00,success,,True,False
TXN_004032,CUST_00691,MER_0026,2343.4,INR,Wallet,YES,2026-07-30 16:38:00,success,,True,False
TXN_004033,CUST_00577,MER_0043,2775.32,INR,Card,SBI,2026-08-25 20:17:00,failed,authentication_failure,True,False
TXN_004034,CUST_01063,MER_0040,1062.85,INR,UPI,SBI,2026-07-02 15:07:00,success,,True,False
TXN_004035,CUST_01837,MER_0011,9414.8,INR,Card,KOTAK,2026-08-20 13:00:00,success,,True,False
TXN_004036,CUST_00752,MER_0007,2969.33,INR,Card,AXIS,2026-07-15 02:32:00,success,,True,True
TXN_004037,CUST_00527,MER_0019,4365.27,INR,UPI,HDFC,2026-08-15 00:16:00,success,,True,True
TXN_004038,CUST_00260,MER_0009,1476.57,INR,Card,SBI,2026-07-16 23:29:00,failed,authentication_failure,False,False
TXN_004039,CUST_01994,MER_0023,1986.95,INR,UPI,HDFC,2026-08-07 07:09:00,success,,True,False
TXN_004040,CUST_00572,MER_0006,3047.39,INR,UPI,HDFC,2026-08-16 11:02:00,success,,True,False
TXN_004041,CUST_01096,MER_0015,1156.92,INR,Wallet,HDFC,2026-08-22 07:28:00,success,,True,False
TXN_004042,CUST_01177,MER_0045,1099.33,INR,Card,YES,2026-08-14 15:44:00,failed,authentication_failure,False,False
TXN_004043,CUST_00647,MER_0012,1711.48,INR,Wallet,YES,2026-08-14 15:11:00,failed,bank_timeout,True,False
TXN_004044,CUST_00066,MER_0001,1458.92,INR,UPI,SBI,2026-08-06 05:51:00,success,,True,True
TXN_004045,CUST_01145,MER_0036,4269.12,INR,Card,ICICI,2026-08-25 05:26:00,success,,True,False
TXN_004046,CUST_00532,MER_0001,1475.53,INR,Wallet,AXIS,2026-07-05 07:07:00,success,,True,False
TXN_004047,CUST_01239,MER_0045,2221.36,INR,Card,AXIS,2026-07-04 05:50:00,success,,True,False
TXN_004048,CUST_00215,MER_0018,2470.12,INR,UPI,KOTAK,2026-08-16 01:24:00,success,,True,False
TXN_004049,CUST_00468,MER_0005,526.43,INR,NetBanking,YES,2026-08-24 01:03:00,success,,True,True
TXN_004050,CUST_00087,MER_0022,752.27,INR,UPI,SBI,2026-08-17 08:16:00,success,,True,False
TXN_004051,CUST_01344,MER_0021,3193.98,INR,Card,YES,2026-07-27 01:59:00,success,,True,True
TXN_004052,CUST_00389,MER_0039,1353.4,INR,Card,YES,2026-08-25 09:21:00,success,,True,False
TXN_004053,CUST_01763,MER_0032,5683.83,INR,Card,AXIS,2026-07-04 11:10:00,failed,expired_card,False,False
TXN_004054,CUST_01291,MER_0012,4338.72,INR,UPI,SBI,2026-08-18 01:56:00,success,,True,False
TXN_004055,CUST_01377,MER_0048,10465.27,INR,Card,AXIS,2026-08-18 03:44:00,success,,True,False
TXN_004056,CUST_00830,MER_0017,2283.65,INR,NetBanking,YES,2026-08-03 05:26:00,success,,True,False
TXN_004057,CUST_01429,MER_0008,4101.49,INR,UPI,KOTAK,2026-08-22 03:18:00,success,,True,False
TXN_004058,CUST_00610,MER_0002,1529.17,INR,Wallet,KOTAK,2026-08-01 22:54:00,success,,True,False
TXN_004059,CUST_00824,MER_0032,17359.51,INR,UPI,ICICI,2026-07-26 16:47:00,success,,True,False
TXN_004060,CUST_00724,MER_0003,11931.14,INR,UPI,YES,2026-07-19 03:07:00,success,,True,False
TXN_004061,CUST_01621,MER_0048,2463.91,INR,UPI,SBI,2026-08-19 04:56:00,success,,True,False
TXN_004062,CUST_00277,MER_0002,3325.15,INR,Card,HDFC,2026-08-14 11:49:00,success,,True,True
TXN_004063,CUST_01320,MER_0008,7240.45,INR,UPI,YES,2026-08-02 22:27:00,success,,True,False
TXN_004064,CUST_01208,MER_0027,2169.58,INR,Card,KOTAK,2026-07-29 01:28:00,failed,insufficient_funds,True,False
TXN_004065,CUST_00425,MER_0001,4910.8,INR,UPI,AXIS,2026-08-12 18:23:00,failed,bank_declined,True,False
TXN_004066,CUST_00416,MER_0015,2825.37,INR,Card,YES,2026-08-20 15:57:00,success,,True,False
TXN_004067,CUST_01163,MER_0004,1252.11,INR,UPI,HDFC,2026-08-25 15:40:00,success,,True,False
TXN_004068,CUST_01635,MER_0032,617.61,INR,UPI,HDFC,2026-08-14 15:36:00,success,,True,False
TXN_004069,CUST_01162,MER_0048,2948.09,INR,Card,HDFC,2026-07-01 15:19:00,success,,True,False
TXN_004070,CUST_01721,MER_0033,5034.0,INR,UPI,SBI,2026-07-24 15:35:00,success,,True,False
TXN_004071,CUST_00446,MER_0031,2037.25,INR,UPI,HDFC,2026-07-28 14:36:00,success,,True,False
TXN_004072,CUST_00749,MER_0047,7701.29,INR,UPI,ICICI,2026-08-05 07:56:00,failed,authentication_failure,True,True
TXN_004073,CUST_00214,MER_0012,1049.68,INR,Card,KOTAK,2026-08-01 18:15:00,failed,insufficient_funds,True,False
TXN_004074,CUST_01434,MER_0037,2284.55,INR,UPI,YES,2026-08-19 01:32:00,success,,True,False
TXN_004075,CUST_00157,MER_0019,4518.68,INR,Card,YES,2026-08-26 13:20:00,success,,True,False
TXN_004076,CUST_01617,MER_0035,1312.95,INR,UPI,ICICI,2026-08-12 05:38:00,success,,True,False
TXN_004077,CUST_00454,MER_0004,7291.58,INR,Card,AXIS,2026-07-07 00:29:00,success,,True,False
TXN_004078,CUST_00012,MER_0023,11772.64,INR,UPI,YES,2026-07-03 02:23:00,success,,True,False
TXN_004079,CUST_01750,MER_0046,2365.36,INR,UPI,YES,2026-07-26 08:13:00,success,,True,False
TXN_004080,CUST_00581,MER_0022,6632.71,INR,Card,KOTAK,2026-07-07 10:51:00,failed,insufficient_funds,True,True
TXN_004081,CUST_00444,MER_0048,5768.56,INR,UPI,HDFC,2026-07-09 12:16:00,failed,authentication_failure,True,True
TXN_004082,CUST_00939,MER_0003,4869.52,INR,NetBanking,HDFC,2026-07-25 20:58:00,failed,bank_declined,True,False
TXN_004083,CUST_00563,MER_0013,229.66,INR,Card,SBI,2026-07-08 01:54:00,success,,True,False
TXN_004084,CUST_01521,MER_0025,1460.62,INR,UPI,SBI,2026-08-02 09:48:00,success,,True,False
TXN_004085,CUST_00298,MER_0046,1479.22,INR,Card,KOTAK,2026-07-15 00:55:00,success,,True,False
TXN_004086,CUST_00412,MER_0015,1115.88,INR,Card,SBI,2026-08-23 22:11:00,success,,True,True
TXN_004087,CUST_00080,MER_0039,2691.34,INR,Card,YES,2026-08-01 01:18:00,success,,True,False
TXN_004088,CUST_00115,MER_0044,1745.56,INR,UPI,SBI,2026-08-09 00:10:00,failed,network_error,True,True
TXN_004089,CUST_00269,MER_0009,1046.24,INR,UPI,KOTAK,2026-08-06 00:48:00,failed,network_error,True,True
TXN_004090,CUST_01602,MER_0004,5986.12,INR,NetBanking,HDFC,2026-08-09 18:37:00,success,,True,False
TXN_004091,CUST_00679,MER_0022,1438.25,INR,UPI,ICICI,2026-08-04 17:20:00,success,,True,False
TXN_004092,CUST_00182,MER_0032,1616.55,INR,UPI,AXIS,2026-07-11 17:25:00,failed,bank_timeout,True,True
TXN_004093,CUST_00618,MER_0024,3200.92,INR,UPI,SBI,2026-07-04 03:59:00,failed,bank_timeout,True,True
TXN_004094,CUST_01737,MER_0047,213.64,INR,UPI,ICICI,2026-08-25 21:14:00,success,,True,True
TXN_004095,CUST_00451,MER_0041,5526.49,INR,UPI,KOTAK,2026-07-02 12:14:00,success,,True,False
TXN_004096,CUST_00214,MER_0009,7700.91,INR,UPI,YES,2026-08-22 00:06:00,success,,True,False
TXN_004097,CUST_01201,MER_0018,1053.48,INR,Card,SBI,2026-07-05 11:18:00,success,,True,False
TXN_004098,CUST_01390,MER_0014,1121.21,INR,UPI,ICICI,2026-07-31 13:53:00,success,,True,True
TXN_004099,CUST_00425,MER_0025,1702.41,INR,Card,KOTAK,2026-07-17 15:17:00,failed,expired_card,True,True
TXN_004100,CUST_00043,MER_0024,2919.42,INR,UPI,AXIS,2026-08-21 01:32:00,success,,True,True
TXN_004101,CUST_00039,MER_0008,514.29,INR,UPI,ICICI,2026-08-09 10:08:00,success,,True,True
TXN_004102,CUST_00666,MER_0035,997.9,INR,Wallet,HDFC,2026-08-06 07:34:00,success,,True,False
TXN_004103,CUST_01752,MER_0013,8361.2,INR,UPI,ICICI,2026-07-28 11:56:00,success,,True,True
TXN_004104,CUST_01289,MER_0020,1161.45,INR,NetBanking,SBI,2026-08-14 20:20:00,success,,True,False
TXN_004105,CUST_00252,MER_0027,6599.46,INR,Card,HDFC,2026-07-24 01:04:00,success,,True,False
TXN_004106,CUST_00560,MER_0019,3243.05,INR,UPI,ICICI,2026-08-20 22:17:00,success,,True,True
TXN_004107,CUST_01644,MER_0040,573.97,INR,Card,AXIS,2026-08-26 14:01:00,success,,True,False
TXN_004108,CUST_01816,MER_0049,4057.26,INR,UPI,ICICI,2026-07-01 09:35:00,failed,bank_declined,True,False
TXN_004109,CUST_01748,MER_0001,1695.32,INR,Card,SBI,2026-07-02 20:50:00,success,,True,False
TXN_004110,CUST_01388,MER_0002,2968.96,INR,UPI,HDFC,2026-08-19 10:35:00,failed,bank_declined,False,False
TXN_004111,CUST_00403,MER_0010,4298.72,INR,UPI,YES,2026-07-11 15:50:00,success,,True,False
TXN_004112,CUST_00318,MER_0027,6264.18,INR,Wallet,ICICI,2026-07-27 17:11:00,failed,bank_timeout,False,True
TXN_004113,CUST_00574,MER_0013,811.99,INR,UPI,HDFC,2026-08-06 15:42:00,failed,bank_declined,False,False
TXN_004114,CUST_01917,MER_0024,25704.95,INR,UPI,YES,2026-07-26 04:43:00,failed,network_error,True,False
TXN_004115,CUST_00563,MER_0030,16243.2,INR,Card,YES,2026-07-12 17:15:00,success,,True,True
TXN_004116,CUST_00354,MER_0035,7452.82,INR,Wallet,AXIS,2026-07-01 00:28:00,success,,True,False
TXN_004117,CUST_00352,MER_0033,2961.47,INR,Card,KOTAK,2026-07-05 05:26:00,success,,True,True
TXN_004118,CUST_01582,MER_0011,3106.11,INR,UPI,KOTAK,2026-08-13 09:05:00,success,,True,False
TXN_004119,CUST_00042,MER_0028,2370.22,INR,Card,HDFC,2026-08-13 15:20:00,success,,True,True
TXN_004120,CUST_01831,MER_0007,607.75,INR,Card,KOTAK,2026-08-20 15:34:00,success,,True,False
TXN_004121,CUST_00509,MER_0008,2476.09,INR,UPI,HDFC,2026-08-03 07:14:00,failed,bank_declined,True,False
TXN_004122,CUST_00321,MER_0036,1510.64,INR,Card,SBI,2026-08-04 08:25:00,failed,insufficient_funds,True,False
TXN_004123,CUST_00990,MER_0043,4823.59,INR,Wallet,YES,2026-07-02 14:24:00,success,,True,False
TXN_004124,CUST_00266,MER_0020,1178.8,INR,UPI,YES,2026-08-08 19:43:00,success,,True,False
TXN_004125,CUST_00430,MER_0041,1700.98,INR,UPI,AXIS,2026-08-16 18:58:00,failed,bank_declined,True,True
TXN_004126,CUST_00907,MER_0034,1264.29,INR,Card,HDFC,2026-07-19 02:44:00,success,,True,False
TXN_004127,CUST_01996,MER_0035,871.24,INR,Wallet,HDFC,2026-07-16 21:33:00,success,,True,False
TXN_004128,CUST_00093,MER_0019,1187.54,INR,NetBanking,HDFC,2026-08-23 16:18:00,success,,True,False
TXN_004129,CUST_00443,MER_0018,7597.42,INR,UPI,KOTAK,2026-07-18 08:36:00,failed,bank_declined,True,False
TXN_004130,CUST_00636,MER_0027,2700.43,INR,UPI,HDFC,2026-08-03 10:32:00,success,,True,False
TXN_004131,CUST_01144,MER_0034,1632.23,INR,UPI,AXIS,2026-07-17 00:27:00,success,,True,False
TXN_004132,CUST_00023,MER_0019,6267.25,INR,UPI,AXIS,2026-07-09 03:59:00,success,,True,False
TXN_004133,CUST_00796,MER_0043,6966.93,INR,UPI,AXIS,2026-07-22 21:32:00,failed,authentication_failure,True,False
TXN_004134,CUST_01773,MER_0012,3117.88,INR,Card,HDFC,2026-07-30 05:31:00,failed,bank_declined,True,False
TXN_004135,CUST_01867,MER_0015,940.58,INR,Card,AXIS,2026-08-15 07:57:00,success,,True,False
TXN_004136,CUST_00655,MER_0014,11554.42,INR,Wallet,KOTAK,2026-07-09 06:55:00,success,,True,False
TXN_004137,CUST_00001,MER_0034,1329.11,INR,UPI,ICICI,2026-07-23 22:04:00,success,,True,False
TXN_004138,CUST_00711,MER_0048,4150.22,INR,UPI,KOTAK,2026-07-27 14:42:00,success,,True,True
TXN_004139,CUST_01267,MER_0026,5696.76,INR,UPI,SBI,2026-08-11 18:55:00,failed,authentication_failure,True,False
TXN_004140,CUST_00242,MER_0015,5599.37,INR,Card,HDFC,2026-08-11 13:36:00,failed,bank_declined,True,False
TXN_004141,CUST_00154,MER_0005,9724.18,INR,UPI,HDFC,2026-08-06 02:51:00,failed,network_error,True,False
TXN_004142,CUST_01168,MER_0047,872.45,INR,UPI,HDFC,2026-07-07 16:11:00,success,,True,False
TXN_004143,CUST_01138,MER_0026,1628.82,INR,UPI,YES,2026-08-25 16:45:00,success,,True,False
TXN_004144,CUST_00698,MER_0045,2884.43,INR,UPI,HDFC,2026-08-11 10:44:00,failed,bank_declined,True,False
TXN_004145,CUST_00360,MER_0013,1781.57,INR,UPI,ICICI,2026-07-11 03:43:00,success,,True,False
TXN_004146,CUST_00632,MER_0050,529.88,INR,NetBanking,KOTAK,2026-08-26 03:37:00,failed,network_error,True,False
TXN_004147,CUST_01331,MER_0032,11823.87,INR,UPI,YES,2026-07-17 00:01:00,success,,True,False
TXN_004148,CUST_01947,MER_0002,3538.3,INR,UPI,ICICI,2026-07-10 15:38:00,success,,True,False
TXN_004149,CUST_00934,MER_0016,3973.13,INR,UPI,KOTAK,2026-08-11 10:27:00,success,,True,False
TXN_004150,CUST_01223,MER_0028,3858.2,INR,Card,SBI,2026-07-04 10:55:00,success,,True,False
TXN_004151,CUST_01629,MER_0032,3353.09,INR,Card,SBI,2026-07-06 02:47:00,success,,True,True
TXN_004152,CUST_00189,MER_0024,5142.7,INR,Card,SBI,2026-07-13 18:45:00,success,,True,False
TXN_004153,CUST_01549,MER_0039,3348.6,INR,Card,KOTAK,2026-08-01 10:48:00,success,,True,False
TXN_004154,CUST_01041,MER_0017,1900.47,INR,Card,YES,2026-07-23 11:01:00,failed,bank_declined,True,False
TXN_004155,CUST_01145,MER_0015,1999.84,INR,UPI,YES,2026-07-16 21:24:00,success,,True,True
TXN_004156,CUST_00237,MER_0030,3137.88,INR,Card,SBI,2026-08-11 09:48:00,failed,bank_declined,False,False
TXN_004157,CUST_00733,MER_0042,3138.41,INR,Card,YES,2026-07-04 10:04:00,success,,True,False
TXN_004158,CUST_00427,MER_0030,3467.95,INR,UPI,YES,2026-08-10 13:25:00,success,,True,False
TXN_004159,CUST_01873,MER_0010,4753.06,INR,Card,YES,2026-08-21 17:24:00,failed,bank_declined,True,False
TXN_004160,CUST_01027,MER_0029,2597.76,INR,Card,SBI,2026-07-12 20:56:00,success,,True,False
TXN_004161,CUST_00240,MER_0005,857.29,INR,UPI,SBI,2026-07-09 04:08:00,failed,bank_timeout,True,False
TXN_004162,CUST_00850,MER_0050,2528.17,INR,UPI,KOTAK,2026-08-07 02:26:00,failed,bank_declined,True,False
TXN_004163,CUST_00795,MER_0017,7412.56,INR,Card,SBI,2026-07-25 11:57:00,success,,True,False
TXN_004164,CUST_01671,MER_0015,2735.04,INR,UPI,SBI,2026-07-18 01:54:00,success,,True,False
TXN_004165,CUST_00174,MER_0033,3311.25,INR,Card,AXIS,2026-08-24 22:15:00,failed,network_error,True,False
TXN_004166,CUST_00796,MER_0048,1474.22,INR,Card,SBI,2026-08-24 11:07:00,success,,True,False
TXN_004167,CUST_00640,MER_0045,3863.13,INR,Card,HDFC,2026-07-10 17:51:00,failed,bank_declined,True,True
TXN_004168,CUST_01014,MER_0006,2106.39,INR,UPI,SBI,2026-08-19 16:55:00,success,,True,False
TXN_004169,CUST_00812,MER_0050,1315.86,INR,UPI,AXIS,2026-07-04 16:38:00,failed,authentication_failure,True,False
TXN_004170,CUST_00512,MER_0029,1807.32,INR,UPI,SBI,2026-08-15 22:25:00,success,,True,False
TXN_004171,CUST_00065,MER_0009,4270.86,INR,UPI,AXIS,2026-07-10 00:06:00,success,,True,False
TXN_004172,CUST_00935,MER_0004,544.57,INR,UPI,AXIS,2026-07-03 16:25:00,success,,True,False
TXN_004173,CUST_01679,MER_0042,6272.88,INR,UPI,KOTAK,2026-08-03 17:01:00,success,,True,False
TXN_004174,CUST_00870,MER_0042,5663.34,INR,UPI,KOTAK,2026-08-09 14:50:00,success,,True,True
TXN_004175,CUST_01475,MER_0007,2638.45,INR,NetBanking,SBI,2026-07-24 09:27:00,failed,authentication_failure,True,False
TXN_004176,CUST_01136,MER_0034,3361.02,INR,UPI,ICICI,2026-08-17 20:38:00,failed,network_error,False,True
TXN_004177,CUST_00022,MER_0035,595.51,INR,NetBanking,AXIS,2026-07-07 12:19:00,success,,True,False
TXN_004178,CUST_00442,MER_0014,4562.48,INR,UPI,YES,2026-07-29 19:35:00,success,,True,False
TXN_004179,CUST_00778,MER_0043,1176.98,INR,UPI,SBI,2026-08-22 16:53:00,success,,True,False
TXN_004180,CUST_00975,MER_0040,2402.02,INR,NetBanking,YES,2026-07-07 15:51:00,success,,True,False
TXN_004181,CUST_01306,MER_0008,2001.59,INR,NetBanking,HDFC,2026-08-20 01:28:00,failed,network_error,True,False
TXN_004182,CUST_01910,MER_0030,2420.25,INR,UPI,HDFC,2026-07-23 04:07:00,success,,True,False
TXN_004183,CUST_01353,MER_0033,985.02,INR,NetBanking,HDFC,2026-08-25 22:10:00,success,,True,True
TXN_004184,CUST_01558,MER_0045,5559.95,INR,UPI,ICICI,2026-08-26 16:55:00,success,,True,False
TXN_004185,CUST_00165,MER_0014,580.96,INR,UPI,KOTAK,2026-07-30 21:37:00,success,,True,False
TXN_004186,CUST_01427,MER_0046,3758.64,INR,NetBanking,AXIS,2026-07-19 23:03:00,success,,True,False
TXN_004187,CUST_01339,MER_0012,1879.52,INR,UPI,KOTAK,2026-08-13 20:51:00,success,,True,True
TXN_004188,CUST_01450,MER_0048,956.48,INR,NetBanking,ICICI,2026-08-12 08:52:00,success,,True,False
TXN_004189,CUST_00056,MER_0009,2869.54,INR,NetBanking,HDFC,2026-07-29 11:05:00,success,,True,True
TXN_004190,CUST_01692,MER_0020,702.36,INR,NetBanking,SBI,2026-07-17 22:19:00,success,,True,False
TXN_004191,CUST_00853,MER_0008,2519.39,INR,Card,KOTAK,2026-07-25 22:31:00,failed,network_error,True,False
TXN_004192,CUST_01893,MER_0018,3529.87,INR,UPI,KOTAK,2026-08-15 04:48:00,success,,True,False
TXN_004193,CUST_01249,MER_0005,1165.04,INR,NetBanking,AXIS,2026-08-24 07:48:00,success,,True,False
TXN_004194,CUST_00358,MER_0001,1701.4,INR,Card,HDFC,2026-07-21 23:00:00,failed,expired_card,True,False
TXN_004195,CUST_00054,MER_0029,1315.49,INR,UPI,HDFC,2026-07-31 12:07:00,success,,True,False
TXN_004196,CUST_01714,MER_0048,2330.01,INR,UPI,AXIS,2026-07-05 21:08:00,success,,True,False
TXN_004197,CUST_01588,MER_0044,727.01,INR,UPI,HDFC,2026-07-06 11:21:00,failed,bank_timeout,True,True
TXN_004198,CUST_00953,MER_0025,10015.92,INR,Card,AXIS,2026-07-24 14:18:00,success,,True,False
TXN_004199,CUST_01945,MER_0026,22782.94,INR,UPI,AXIS,2026-08-26 06:34:00,success,,True,False
TXN_004200,CUST_00696,MER_0031,2625.26,INR,Wallet,HDFC,2026-08-18 02:00:00,success,,True,False
TXN_004201,CUST_00369,MER_0040,4585.08,INR,UPI,YES,2026-07-10 08:14:00,failed,bank_declined,True,False
TXN_004202,CUST_01925,MER_0027,8120.83,INR,NetBanking,AXIS,2026-08-23 11:24:00,failed,bank_declined,True,False
TXN_004203,CUST_01327,MER_0032,1657.15,INR,Card,HDFC,2026-08-10 14:15:00,failed,insufficient_funds,False,False
TXN_004204,CUST_00363,MER_0004,1991.05,INR,UPI,HDFC,2026-07-26 20:36:00,failed,network_error,False,True
TXN_004205,CUST_00103,MER_0044,3569.81,INR,UPI,KOTAK,2026-07-28 23:01:00,failed,network_error,False,False
TXN_004206,CUST_00927,MER_0018,5526.44,INR,Card,HDFC,2026-08-25 05:04:00,failed,network_error,True,True
TXN_004207,CUST_00334,MER_0037,1053.59,INR,Card,KOTAK,2026-07-10 08:44:00,success,,True,False
TXN_004208,CUST_01836,MER_0026,1178.8,INR,Wallet,YES,2026-07-26 18:21:00,success,,True,False
TXN_004209,CUST_00554,MER_0017,4480.99,INR,Wallet,ICICI,2026-08-14 07:59:00,failed,bank_declined,True,False
TXN_004210,CUST_01906,MER_0038,830.15,INR,Wallet,HDFC,2026-07-08 06:38:00,success,,True,False
TXN_004211,CUST_01588,MER_0025,1503.36,INR,UPI,ICICI,2026-08-16 22:27:00,failed,bank_declined,True,False
TXN_004212,CUST_01523,MER_0035,948.82,INR,UPI,SBI,2026-08-18 13:50:00,success,,True,False
TXN_004213,CUST_01594,MER_0008,971.32,INR,Card,AXIS,2026-07-06 14:20:00,success,,True,True
TXN_004214,CUST_01382,MER_0043,13214.06,INR,Card,YES,2026-08-21 07:23:00,success,,True,False
TXN_004215,CUST_01949,MER_0027,1226.04,INR,Card,AXIS,2026-08-04 02:55:00,success,,True,True
TXN_004216,CUST_01972,MER_0040,1884.78,INR,UPI,HDFC,2026-08-02 02:32:00,success,,True,False
TXN_004217,CUST_01946,MER_0002,1819.31,INR,UPI,AXIS,2026-08-08 01:38:00,success,,True,False
TXN_004218,CUST_01974,MER_0039,1742.22,INR,UPI,SBI,2026-08-13 18:38:00,failed,bank_timeout,True,False
TXN_004219,CUST_00123,MER_0041,5210.93,INR,Wallet,KOTAK,2026-08-13 05:28:00,success,,True,False
TXN_004220,CUST_00304,MER_0004,1910.72,INR,UPI,KOTAK,2026-08-24 14:32:00,success,,True,True
TXN_004221,CUST_00257,MER_0034,907.61,INR,UPI,SBI,2026-07-20 02:45:00,success,,True,False
TXN_004222,CUST_01400,MER_0047,6765.23,INR,UPI,HDFC,2026-07-31 15:55:00,success,,True,False
TXN_004223,CUST_00588,MER_0011,2261.37,INR,Wallet,AXIS,2026-08-26 16:00:00,failed,insufficient_funds,True,False
TXN_004224,CUST_00230,MER_0038,404.86,INR,Wallet,SBI,2026-08-14 16:31:00,failed,insufficient_funds,True,True
TXN_004225,CUST_00515,MER_0029,11326.33,INR,UPI,KOTAK,2026-08-08 14:51:00,failed,bank_timeout,True,False
TXN_004226,CUST_01175,MER_0023,2037.76,INR,NetBanking,ICICI,2026-07-12 12:23:00,failed,network_error,True,True
TXN_004227,CUST_00695,MER_0009,1560.81,INR,Wallet,AXIS,2026-08-18 16:35:00,success,,True,False
TXN_004228,CUST_00395,MER_0021,1901.39,INR,Card,YES,2026-07-11 14:25:00,success,,True,False
TXN_004229,CUST_01624,MER_0048,1862.64,INR,UPI,SBI,2026-07-17 06:46:00,success,,True,False
TXN_004230,CUST_01852,MER_0012,1477.44,INR,UPI,KOTAK,2026-08-10 00:08:00,failed,bank_timeout,False,False
TXN_004231,CUST_00550,MER_0007,3529.33,INR,UPI,KOTAK,2026-08-18 12:22:00,success,,True,False
TXN_004232,CUST_01329,MER_0011,2982.46,INR,NetBanking,ICICI,2026-07-31 12:20:00,failed,bank_declined,True,False
TXN_004233,CUST_00640,MER_0044,1975.38,INR,Wallet,ICICI,2026-07-10 09:30:00,failed,bank_declined,True,False
TXN_004234,CUST_01644,MER_0028,1507.04,INR,UPI,AXIS,2026-07-11 18:49:00,failed,bank_timeout,True,True
TXN_004235,CUST_01508,MER_0020,1045.9,INR,Card,ICICI,2026-08-09 09:59:00,failed,network_error,True,False
TXN_004236,CUST_00404,MER_0013,1615.03,INR,NetBanking,YES,2026-07-29 00:47:00,success,,True,False
TXN_004237,CUST_00642,MER_0041,13354.98,INR,Card,KOTAK,2026-07-30 07:25:00,success,,True,False
TXN_004238,CUST_01020,MER_0023,265.32,INR,Card,YES,2026-07-09 14:16:00,failed,insufficient_funds,True,True
TXN_004239,CUST_01791,MER_0006,9706.54,INR,UPI,ICICI,2026-08-10 15:20:00,success,,True,False
TXN_004240,CUST_01222,MER_0020,2690.48,INR,Card,SBI,2026-07-29 16:16:00,success,,True,False
TXN_004241,CUST_00599,MER_0045,4459.24,INR,Card,YES,2026-08-13 14:23:00,failed,expired_card,True,False
TXN_004242,CUST_01297,MER_0045,1431.01,INR,Wallet,SBI,2026-07-16 17:16:00,failed,insufficient_funds,True,False
TXN_004243,CUST_00209,MER_0040,2876.6,INR,UPI,SBI,2026-07-29 23:28:00,success,,True,False
TXN_004244,CUST_01963,MER_0042,1312.27,INR,UPI,AXIS,2026-07-18 09:50:00,success,,True,True
TXN_004245,CUST_00408,MER_0025,1286.57,INR,UPI,ICICI,2026-07-10 00:24:00,success,,True,False
TXN_004246,CUST_01963,MER_0018,1637.31,INR,Card,SBI,2026-08-13 09:10:00,success,,True,True
TXN_004247,CUST_01872,MER_0044,9856.53,INR,Card,HDFC,2026-07-14 17:40:00,failed,authentication_failure,True,False
TXN_004248,CUST_01368,MER_0039,2903.77,INR,Card,SBI,2026-07-05 01:15:00,success,,True,False
TXN_004249,CUST_00619,MER_0013,1682.75,INR,Card,ICICI,2026-08-09 04:48:00,failed,authentication_failure,True,False
TXN_004250,CUST_01988,MER_0045,3550.46,INR,UPI,HDFC,2026-08-18 01:57:00,failed,bank_declined,True,False
TXN_004251,CUST_00958,MER_0041,2002.45,INR,UPI,KOTAK,2026-07-25 20:56:00,success,,True,True
TXN_004252,CUST_01744,MER_0011,363.87,INR,Card,KOTAK,2026-08-09 19:52:00,success,,True,False
TXN_004253,CUST_00769,MER_0036,4171.54,INR,NetBanking,KOTAK,2026-07-25 01:03:00,success,,True,True
TXN_004254,CUST_00728,MER_0001,5368.59,INR,UPI,SBI,2026-08-08 05:57:00,success,,True,False
TXN_004255,CUST_00207,MER_0002,686.31,INR,UPI,AXIS,2026-08-02 01:00:00,success,,True,False
TXN_004256,CUST_01100,MER_0043,2810.7,INR,Card,SBI,2026-08-20 09:17:00,failed,bank_declined,True,True
TXN_004257,CUST_00596,MER_0027,2301.96,INR,UPI,KOTAK,2026-08-20 07:38:00,success,,True,True
TXN_004258,CUST_00835,MER_0005,1296.45,INR,Card,KOTAK,2026-07-04 10:23:00,failed,network_error,True,True
TXN_004259,CUST_00829,MER_0050,1767.46,INR,UPI,YES,2026-08-20 08:55:00,failed,network_error,True,False
TXN_004260,CUST_00916,MER_0006,473.63,INR,Card,YES,2026-07-15 03:34:00,failed,network_error,True,False
TXN_004261,CUST_01736,MER_0007,3997.13,INR,UPI,AXIS,2026-08-03 03:52:00,success,,True,False
TXN_004262,CUST_01661,MER_0012,2618.56,INR,Card,ICICI,2026-08-01 10:44:00,success,,True,False
TXN_004263,CUST_00617,MER_0006,1716.05,INR,Card,KOTAK,2026-08-21 05:41:00,failed,insufficient_funds,False,True
TXN_004264,CUST_00989,MER_0036,1032.16,INR,NetBanking,HDFC,2026-07-01 19:37:00,success,,True,True
TXN_004265,CUST_01739,MER_0002,1728.2,INR,Wallet,HDFC,2026-07-30 20:32:00,success,,True,True
TXN_004266,CUST_00511,MER_0005,447.61,INR,UPI,YES,2026-07-11 05:19:00,failed,bank_declined,True,False
TXN_004267,CUST_00436,MER_0039,1903.12,INR,UPI,HDFC,2026-08-25 09:27:00,success,,True,False
TXN_004268,CUST_00540,MER_0046,3975.49,INR,UPI,AXIS,2026-07-03 15:53:00,success,,True,False
TXN_004269,CUST_00436,MER_0003,2363.88,INR,Card,SBI,2026-07-24 01:39:00,success,,True,False
TXN_004270,CUST_01715,MER_0001,4609.79,INR,UPI,ICICI,2026-08-14 23:23:00,success,,True,False
TXN_004271,CUST_00156,MER_0014,7181.82,INR,UPI,HDFC,2026-07-26 06:23:00,success,,True,False
TXN_004272,CUST_01522,MER_0003,5690.4,INR,UPI,KOTAK,2026-07-18 12:53:00,success,,True,False
TXN_004273,CUST_01079,MER_0024,3556.06,INR,Card,YES,2026-07-22 03:25:00,failed,bank_declined,True,False
TXN_004274,CUST_01216,MER_0010,1113.62,INR,UPI,HDFC,2026-07-31 10:33:00,failed,bank_declined,True,False
TXN_004275,CUST_01216,MER_0025,9356.23,INR,UPI,KOTAK,2026-07-24 16:24:00,failed,bank_timeout,True,False
TXN_004276,CUST_01328,MER_0007,11314.13,INR,UPI,YES,2026-07-25 16:39:00,success,,True,True
TXN_004277,CUST_01204,MER_0028,720.21,INR,Card,YES,2026-07-08 09:08:00,success,,True,True
TXN_004278,CUST_00572,MER_0002,969.39,INR,UPI,SBI,2026-08-19 21:36:00,success,,True,False
TXN_004279,CUST_00428,MER_0024,4837.54,INR,Card,YES,2026-08-16 09:54:00,success,,True,False
TXN_004280,CUST_01190,MER_0011,3015.23,INR,UPI,KOTAK,2026-07-07 22:02:00,success,,True,True
TXN_004281,CUST_00079,MER_0011,6981.55,INR,UPI,AXIS,2026-07-23 03:35:00,success,,True,False
TXN_004282,CUST_01388,MER_0001,2410.58,INR,UPI,HDFC,2026-08-23 20:16:00,failed,network_error,True,False
TXN_004283,CUST_00002,MER_0031,2057.25,INR,Card,HDFC,2026-07-18 13:41:00,failed,insufficient_funds,True,True
TXN_004284,CUST_01352,MER_0039,989.43,INR,Card,SBI,2026-07-28 18:21:00,success,,True,False
TXN_004285,CUST_01157,MER_0049,5313.23,INR,Card,ICICI,2026-07-01 04:51:00,success,,True,False
TXN_004286,CUST_01783,MER_0036,4906.08,INR,Wallet,HDFC,2026-08-26 01:01:00,success,,True,False
TXN_004287,CUST_01597,MER_0022,3263.0,INR,UPI,AXIS,2026-07-25 10:04:00,failed,bank_timeout,True,False
TXN_004288,CUST_01686,MER_0019,1832.21,INR,UPI,HDFC,2026-08-25 10:07:00,success,,True,False
TXN_004289,CUST_00943,MER_0036,915.99,INR,Wallet,HDFC,2026-07-10 21:26:00,success,,True,True
TXN_004290,CUST_00079,MER_0047,6255.56,INR,Card,SBI,2026-07-31 06:40:00,success,,True,False
TXN_004291,CUST_01318,MER_0017,1530.0,INR,UPI,AXIS,2026-08-14 04:44:00,success,,True,False
TXN_004292,CUST_00464,MER_0006,1023.93,INR,UPI,KOTAK,2026-07-02 19:18:00,success,,True,True
TXN_004293,CUST_01276,MER_0004,2499.48,INR,Card,HDFC,2026-07-17 14:41:00,success,,True,False
TXN_004294,CUST_00131,MER_0013,1462.46,INR,UPI,AXIS,2026-07-19 03:50:00,success,,True,False
TXN_004295,CUST_00803,MER_0011,7998.39,INR,UPI,ICICI,2026-07-22 11:01:00,success,,True,False
TXN_004296,CUST_00802,MER_0006,1355.81,INR,UPI,YES,2026-07-06 15:21:00,success,,True,False
TXN_004297,CUST_00917,MER_0002,796.81,INR,NetBanking,SBI,2026-07-20 02:21:00,success,,True,False
TXN_004298,CUST_00868,MER_0007,436.01,INR,UPI,AXIS,2026-08-09 01:14:00,success,,True,False
TXN_004299,CUST_00886,MER_0011,2381.23,INR,Card,AXIS,2026-07-13 20:56:00,failed,bank_declined,True,False
TXN_004300,CUST_00539,MER_0035,778.12,INR,UPI,KOTAK,2026-07-28 22:14:00,success,,True,False
TXN_004301,CUST_00227,MER_0007,6319.41,INR,UPI,HDFC,2026-08-20 13:03:00,failed,bank_timeout,True,False
TXN_004302,CUST_00578,MER_0011,2386.12,INR,UPI,HDFC,2026-08-05 08:55:00,success,,True,True
TXN_004303,CUST_00771,MER_0005,7269.63,INR,Card,SBI,2026-07-16 19:34:00,success,,True,True
TXN_004304,CUST_01176,MER_0001,4146.54,INR,NetBanking,KOTAK,2026-08-26 05:49:00,success,,True,True
TXN_004305,CUST_01195,MER_0034,1263.59,INR,UPI,SBI,2026-08-18 03:39:00,failed,network_error,False,False
TXN_004306,CUST_01350,MER_0047,4695.62,INR,Card,AXIS,2026-07-22 19:15:00,failed,bank_declined,True,False
TXN_004307,CUST_00455,MER_0039,2795.59,INR,Card,HDFC,2026-08-24 11:33:00,failed,network_error,True,False
TXN_004308,CUST_01666,MER_0002,3969.35,INR,UPI,AXIS,2026-08-10 16:12:00,success,,True,False
TXN_004309,CUST_00850,MER_0045,1333.55,INR,Card,HDFC,2026-08-07 22:04:00,failed,authentication_failure,True,False
TXN_004310,CUST_00077,MER_0019,7766.35,INR,Wallet,SBI,2026-07-23 09:28:00,failed,network_error,False,False
TXN_004311,CUST_00393,MER_0020,693.4,INR,UPI,YES,2026-08-10 10:50:00,success,,True,False
TXN_004312,CUST_00739,MER_0028,1051.49,INR,Card,KOTAK,2026-07-30 21:19:00,failed,insufficient_funds,True,False
TXN_004313,CUST_00164,MER_0044,2992.26,INR,NetBanking,KOTAK,2026-07-06 19:29:00,success,,True,True
TXN_004314,CUST_01980,MER_0026,2201.51,INR,Card,YES,2026-08-21 03:43:00,success,,True,False
TXN_004315,CUST_00982,MER_0015,1624.13,INR,UPI,HDFC,2026-07-29 13:33:00,success,,True,False
TXN_004316,CUST_00667,MER_0037,3598.56,INR,Card,AXIS,2026-07-25 23:43:00,success,,True,False
TXN_004317,CUST_00226,MER_0028,1237.34,INR,UPI,SBI,2026-08-21 21:24:00,failed,bank_timeout,True,True
TXN_004318,CUST_01794,MER_0016,1359.67,INR,Card,HDFC,2026-07-14 02:34:00,success,,True,False
TXN_004319,CUST_01198,MER_0005,1190.2,INR,UPI,YES,2026-07-31 04:04:00,success,,True,False
TXN_004320,CUST_00388,MER_0027,1465.59,INR,UPI,HDFC,2026-08-17 09:47:00,success,,True,False
TXN_004321,CUST_00963,MER_0002,1807.45,INR,UPI,SBI,2026-07-30 18:23:00,success,,True,False
TXN_004322,CUST_00266,MER_0047,2347.1,INR,UPI,HDFC,2026-07-18 11:02:00,success,,True,False
TXN_004323,CUST_01533,MER_0020,2946.47,INR,UPI,ICICI,2026-07-05 22:15:00,failed,network_error,True,False
TXN_004324,CUST_01716,MER_0035,1279.06,INR,NetBanking,KOTAK,2026-08-26 20:37:00,failed,network_error,True,False
TXN_004325,CUST_01314,MER_0034,8135.96,INR,Card,HDFC,2026-08-26 23:08:00,success,,True,False
TXN_004326,CUST_00021,MER_0033,1028.65,INR,Card,HDFC,2026-08-18 22:54:00,failed,insufficient_funds,True,False
TXN_004327,CUST_00114,MER_0017,8070.93,INR,Card,HDFC,2026-08-21 18:36:00,success,,True,False
TXN_004328,CUST_01527,MER_0013,853.74,INR,UPI,KOTAK,2026-07-13 23:32:00,failed,bank_timeout,True,True
TXN_004329,CUST_00348,MER_0022,1284.57,INR,UPI,ICICI,2026-07-01 21:55:00,success,,True,False
TXN_004330,CUST_01688,MER_0037,1629.93,INR,UPI,HDFC,2026-07-26 09:46:00,success,,True,False
TXN_004331,CUST_01771,MER_0047,1283.71,INR,UPI,KOTAK,2026-08-14 13:53:00,success,,True,True
TXN_004332,CUST_00367,MER_0015,1359.01,INR,Wallet,AXIS,2026-08-11 04:29:00,success,,True,True
TXN_004333,CUST_01965,MER_0045,21537.04,INR,Card,HDFC,2026-08-05 02:33:00,success,,True,False
TXN_004334,CUST_00129,MER_0038,4796.13,INR,UPI,YES,2026-08-02 18:15:00,failed,authentication_failure,True,False
TXN_004335,CUST_00581,MER_0047,3617.7,INR,UPI,KOTAK,2026-07-30 13:46:00,failed,network_error,True,False
TXN_004336,CUST_00937,MER_0022,3347.49,INR,Card,ICICI,2026-08-07 03:00:00,success,,True,False
TXN_004337,CUST_00980,MER_0034,5757.99,INR,Card,ICICI,2026-07-29 20:48:00,success,,True,False
TXN_004338,CUST_01846,MER_0022,1233.09,INR,NetBanking,KOTAK,2026-07-15 01:58:00,success,,True,False
TXN_004339,CUST_01863,MER_0012,5283.06,INR,Card,YES,2026-08-03 03:17:00,failed,expired_card,True,False
TXN_004340,CUST_00282,MER_0012,10738.94,INR,UPI,ICICI,2026-08-10 10:15:00,success,,True,False
TXN_004341,CUST_00943,MER_0044,1747.21,INR,UPI,AXIS,2026-08-21 22:56:00,success,,True,False
TXN_004342,CUST_01923,MER_0015,1014.26,INR,Wallet,YES,2026-07-25 17:00:00,success,,True,True
TXN_004343,CUST_01333,MER_0018,1827.49,INR,UPI,HDFC,2026-07-06 09:27:00,success,,True,True
TXN_004344,CUST_00926,MER_0036,7696.01,INR,NetBanking,HDFC,2026-07-17 10:03:00,success,,True,False
TXN_004345,CUST_00163,MER_0011,565.25,INR,UPI,KOTAK,2026-07-13 14:19:00,failed,network_error,True,False
TXN_004346,CUST_01340,MER_0045,2621.54,INR,UPI,ICICI,2026-08-21 04:26:00,success,,True,False
TXN_004347,CUST_00120,MER_0002,1712.88,INR,Card,ICICI,2026-08-09 22:11:00,success,,True,False
TXN_004348,CUST_01396,MER_0016,2455.74,INR,UPI,KOTAK,2026-08-25 19:52:00,failed,network_error,True,True
TXN_004349,CUST_01898,MER_0026,1568.61,INR,Wallet,ICICI,2026-08-13 08:25:00,success,,True,False
TXN_004350,CUST_00697,MER_0027,545.44,INR,Card,KOTAK,2026-07-18 12:04:00,failed,expired_card,True,False
TXN_004351,CUST_00383,MER_0022,1099.07,INR,Card,AXIS,2026-07-05 18:17:00,success,,True,False
TXN_004352,CUST_01255,MER_0045,1046.04,INR,UPI,SBI,2026-07-20 18:28:00,success,,True,False
TXN_004353,CUST_01262,MER_0049,5901.58,INR,Card,AXIS,2026-07-03 09:37:00,failed,insufficient_funds,True,False
TXN_004354,CUST_01750,MER_0034,2319.92,INR,UPI,SBI,2026-08-20 20:03:00,success,,True,False
TXN_004355,CUST_01704,MER_0026,3591.17,INR,Card,YES,2026-07-01 07:59:00,success,,True,False
TXN_004356,CUST_01361,MER_0011,5807.27,INR,Card,HDFC,2026-07-15 17:20:00,success,,True,False
TXN_004357,CUST_00993,MER_0020,1869.14,INR,UPI,SBI,2026-07-06 21:20:00,failed,bank_declined,True,False
TXN_004358,CUST_01706,MER_0034,442.02,INR,UPI,HDFC,2026-08-09 20:15:00,success,,True,False
TXN_004359,CUST_00997,MER_0032,4482.02,INR,NetBanking,YES,2026-08-02 07:03:00,success,,True,False
TXN_004360,CUST_00767,MER_0016,1246.85,INR,UPI,SBI,2026-07-03 05:40:00,success,,True,False
TXN_004361,CUST_00008,MER_0019,7315.99,INR,UPI,HDFC,2026-07-05 13:46:00,success,,True,False
TXN_004362,CUST_00458,MER_0031,2734.31,INR,UPI,AXIS,2026-07-14 21:39:00,failed,bank_timeout,True,False
TXN_004363,CUST_01228,MER_0021,4147.55,INR,UPI,KOTAK,2026-08-15 21:21:00,success,,True,False
TXN_004364,CUST_00317,MER_0004,4986.8,INR,Card,HDFC,2026-08-19 00:58:00,success,,True,False
TXN_004365,CUST_01484,MER_0008,4078.63,INR,UPI,YES,2026-08-25 02:16:00,success,,True,True
TXN_004366,CUST_00943,MER_0029,1070.89,INR,UPI,HDFC,2026-08-21 23:39:00,failed,bank_timeout,True,False
TXN_004367,CUST_00095,MER_0025,2432.66,INR,NetBanking,AXIS,2026-07-22 15:38:00,success,,True,False
TXN_004368,CUST_00554,MER_0026,2361.36,INR,Card,AXIS,2026-08-05 06:30:00,failed,network_error,True,False
TXN_004369,CUST_00425,MER_0039,486.91,INR,Card,AXIS,2026-08-07 13:39:00,success,,True,True
TXN_004370,CUST_01638,MER_0047,3189.0,INR,NetBanking,HDFC,2026-08-02 15:54:00,success,,True,False
TXN_004371,CUST_00946,MER_0019,1935.29,INR,UPI,YES,2026-07-02 06:35:00,success,,True,False
TXN_004372,CUST_01424,MER_0034,1247.88,INR,UPI,SBI,2026-07-07 04:42:00,success,,True,False
TXN_004373,CUST_01593,MER_0037,1347.51,INR,NetBanking,AXIS,2026-08-09 01:55:00,success,,True,True
TXN_004374,CUST_01902,MER_0039,2055.7,INR,UPI,HDFC,2026-08-08 22:04:00,success,,True,False
TXN_004375,CUST_00975,MER_0005,136.88,INR,Card,HDFC,2026-08-20 06:44:00,failed,bank_declined,True,False
TXN_004376,CUST_01863,MER_0012,1211.18,INR,UPI,AXIS,2026-08-20 19:00:00,success,,True,False
TXN_004377,CUST_01053,MER_0025,3737.7,INR,Card,AXIS,2026-07-23 15:14:00,success,,True,False
TXN_004378,CUST_00541,MER_0045,1281.23,INR,UPI,YES,2026-07-24 03:43:00,success,,True,True
TXN_004379,CUST_01723,MER_0016,2054.75,INR,UPI,AXIS,2026-07-31 12:57:00,success,,True,False
TXN_004380,CUST_00782,MER_0038,8381.83,INR,Card,YES,2026-07-13 04:23:00,success,,True,True
TXN_004381,CUST_00538,MER_0039,5407.17,INR,UPI,ICICI,2026-07-30 02:42:00,success,,True,False
TXN_004382,CUST_01153,MER_0050,5023.17,INR,UPI,HDFC,2026-08-21 04:30:00,failed,bank_declined,True,False
TXN_004383,CUST_00285,MER_0034,3768.48,INR,UPI,KOTAK,2026-07-29 13:46:00,success,,True,False
TXN_004384,CUST_01235,MER_0044,2024.1,INR,UPI,AXIS,2026-07-18 18:38:00,success,,True,False
TXN_004385,CUST_00146,MER_0038,2086.25,INR,UPI,HDFC,2026-08-03 16:20:00,success,,True,False
TXN_004386,CUST_01390,MER_0006,3387.16,INR,Wallet,SBI,2026-07-08 18:24:00,success,,True,False
TXN_004387,CUST_01003,MER_0048,1513.84,INR,Card,KOTAK,2026-07-19 20:49:00,failed,insufficient_funds,True,False
TXN_004388,CUST_01554,MER_0022,2147.15,INR,Card,AXIS,2026-08-05 14:03:00,failed,bank_declined,True,False
TXN_004389,CUST_01355,MER_0021,7820.32,INR,Wallet,KOTAK,2026-07-16 20:51:00,failed,bank_timeout,True,False
TXN_004390,CUST_00930,MER_0045,790.66,INR,UPI,HDFC,2026-08-05 22:15:00,success,,True,False
TXN_004391,CUST_00853,MER_0030,3483.93,INR,UPI,YES,2026-07-31 12:13:00,failed,bank_timeout,True,False
TXN_004392,CUST_01549,MER_0040,4981.52,INR,Wallet,AXIS,2026-08-14 10:23:00,success,,True,False
TXN_004393,CUST_00545,MER_0016,1001.61,INR,UPI,AXIS,2026-08-19 16:27:00,failed,network_error,True,False
TXN_004394,CUST_00967,MER_0015,5408.06,INR,Card,AXIS,2026-07-14 18:13:00,failed,authentication_failure,True,False
TXN_004395,CUST_00491,MER_0040,1920.31,INR,UPI,AXIS,2026-07-24 09:26:00,success,,True,False
TXN_004396,CUST_00903,MER_0021,8610.18,INR,UPI,SBI,2026-07-18 08:28:00,success,,True,False
TXN_004397,CUST_01739,MER_0022,2349.04,INR,UPI,ICICI,2026-07-07 22:16:00,success,,True,True
TXN_004398,CUST_00708,MER_0035,1364.55,INR,Card,HDFC,2026-08-14 06:01:00,success,,True,False
TXN_004399,CUST_01398,MER_0017,1209.43,INR,NetBanking,ICICI,2026-08-04 00:18:00,success,,True,False
TXN_004400,CUST_00859,MER_0011,3184.9,INR,NetBanking,SBI,2026-07-16 13:09:00,success,,True,False
TXN_004401,CUST_00957,MER_0026,840.07,INR,Card,KOTAK,2026-07-27 20:26:00,failed,network_error,True,False
TXN_004402,CUST_00177,MER_0008,3186.2,INR,Wallet,YES,2026-07-30 11:09:00,success,,True,False
TXN_004403,CUST_00012,MER_0010,6900.3,INR,UPI,KOTAK,2026-07-27 03:10:00,success,,True,True
TXN_004404,CUST_01682,MER_0047,4163.2,INR,Wallet,KOTAK,2026-08-17 06:44:00,success,,True,False
TXN_004405,CUST_00603,MER_0022,1378.5,INR,UPI,KOTAK,2026-07-20 05:16:00,failed,network_error,True,False
TXN_004406,CUST_00499,MER_0012,1920.59,INR,NetBanking,YES,2026-08-19 12:25:00,failed,network_error,True,False
TXN_004407,CUST_01678,MER_0012,2126.79,INR,Card,SBI,2026-08-22 04:47:00,failed,bank_declined,True,False
TXN_004408,CUST_01716,MER_0004,2785.53,INR,UPI,KOTAK,2026-07-18 14:02:00,success,,True,True
TXN_004409,CUST_01305,MER_0020,2465.17,INR,Card,HDFC,2026-08-25 20:32:00,success,,True,False
TXN_004410,CUST_01109,MER_0012,9043.21,INR,Card,KOTAK,2026-08-08 03:54:00,success,,True,False
TXN_004411,CUST_00953,MER_0022,776.59,INR,Wallet,SBI,2026-08-26 21:51:00,failed,bank_timeout,True,False
TXN_004412,CUST_00035,MER_0049,670.03,INR,UPI,KOTAK,2026-07-19 15:31:00,success,,True,False
TXN_004413,CUST_01988,MER_0048,3288.28,INR,Card,HDFC,2026-07-30 22:57:00,failed,authentication_failure,False,False
TXN_004414,CUST_01265,MER_0043,8384.91,INR,UPI,SBI,2026-08-12 10:45:00,success,,True,False
TXN_004415,CUST_01813,MER_0005,2965.44,INR,UPI,AXIS,2026-08-09 00:47:00,success,,True,False
TXN_004416,CUST_01042,MER_0007,1766.36,INR,Card,YES,2026-07-23 20:12:00,success,,True,False
TXN_004417,CUST_01936,MER_0022,2444.11,INR,UPI,HDFC,2026-07-15 04:03:00,success,,True,False
TXN_004418,CUST_01259,MER_0015,2681.59,INR,Wallet,KOTAK,2026-08-20 08:32:00,failed,insufficient_funds,True,True
TXN_004419,CUST_00858,MER_0047,21338.44,INR,Card,HDFC,2026-08-06 12:06:00,success,,True,True
TXN_004420,CUST_01926,MER_0036,3699.29,INR,UPI,HDFC,2026-08-26 11:40:00,success,,True,False
TXN_004421,CUST_00690,MER_0003,2887.1,INR,UPI,SBI,2026-08-10 21:35:00,failed,bank_timeout,True,False
TXN_004422,CUST_01172,MER_0010,4304.98,INR,NetBanking,SBI,2026-08-08 16:59:00,success,,True,False
TXN_004423,CUST_01943,MER_0029,2181.04,INR,Card,ICICI,2026-08-23 07:49:00,success,,True,False
TXN_004424,CUST_01267,MER_0019,1472.93,INR,UPI,HDFC,2026-08-07 23:16:00,success,,True,False
TXN_004425,CUST_01766,MER_0033,3942.46,INR,UPI,AXIS,2026-08-05 15:00:00,success,,True,True
TXN_004426,CUST_00836,MER_0034,3322.82,INR,Wallet,HDFC,2026-08-13 19:18:00,success,,True,True
TXN_004427,CUST_01580,MER_0033,1276.77,INR,UPI,AXIS,2026-08-03 06:46:00,failed,authentication_failure,True,False
TXN_004428,CUST_01415,MER_0047,3086.16,INR,UPI,AXIS,2026-08-18 09:58:00,success,,True,False
TXN_004429,CUST_01082,MER_0021,4375.85,INR,Card,AXIS,2026-08-10 15:57:00,failed,insufficient_funds,True,True
TXN_004430,CUST_00461,MER_0029,2483.72,INR,NetBanking,HDFC,2026-08-20 19:47:00,success,,True,True
TXN_004431,CUST_00937,MER_0003,3144.98,INR,UPI,YES,2026-07-09 01:33:00,failed,bank_declined,True,True
TXN_004432,CUST_01021,MER_0017,1366.64,INR,NetBanking,SBI,2026-07-31 16:53:00,failed,bank_timeout,True,False
TXN_004433,CUST_01057,MER_0041,2698.47,INR,UPI,AXIS,2026-07-06 18:28:00,success,,True,False
TXN_004434,CUST_01071,MER_0008,1135.87,INR,UPI,HDFC,2026-08-18 06:41:00,success,,True,False
TXN_004435,CUST_01086,MER_0040,15585.71,INR,Card,YES,2026-07-05 13:28:00,success,,True,False
TXN_004436,CUST_00046,MER_0009,791.69,INR,NetBanking,HDFC,2026-08-10 13:23:00,success,,True,False
TXN_004437,CUST_01079,MER_0005,863.95,INR,Wallet,AXIS,2026-08-14 19:33:00,failed,bank_timeout,True,False
TXN_004438,CUST_00486,MER_0048,4318.28,INR,UPI,YES,2026-08-25 17:54:00,failed,bank_timeout,True,False
TXN_004439,CUST_00683,MER_0025,3967.26,INR,Card,SBI,2026-07-14 01:17:00,success,,True,True
TXN_004440,CUST_01720,MER_0010,7897.33,INR,Card,YES,2026-07-16 03:17:00,success,,True,True
TXN_004441,CUST_01596,MER_0020,2382.22,INR,UPI,YES,2026-07-17 09:35:00,success,,True,True
TXN_004442,CUST_00817,MER_0026,19517.33,INR,UPI,AXIS,2026-08-11 08:05:00,success,,True,False
TXN_004443,CUST_01771,MER_0040,614.46,INR,UPI,SBI,2026-07-08 18:32:00,failed,bank_timeout,True,False
TXN_004444,CUST_01068,MER_0003,6205.69,INR,Card,YES,2026-07-07 15:34:00,failed,insufficient_funds,True,False
TXN_004445,CUST_00883,MER_0029,2072.51,INR,Card,ICICI,2026-08-21 07:40:00,success,,True,False
TXN_004446,CUST_01269,MER_0021,1934.58,INR,Card,YES,2026-07-18 16:41:00,success,,True,False
TXN_004447,CUST_01675,MER_0002,3481.84,INR,NetBanking,KOTAK,2026-08-15 21:07:00,success,,True,False
TXN_004448,CUST_00339,MER_0031,4687.26,INR,Card,KOTAK,2026-08-15 13:43:00,success,,True,False
TXN_004449,CUST_01942,MER_0035,3952.01,INR,UPI,SBI,2026-08-23 07:18:00,failed,authentication_failure,True,False
TXN_004450,CUST_01732,MER_0002,1080.2,INR,UPI,AXIS,2026-07-23 11:31:00,failed,bank_timeout,True,False
TXN_004451,CUST_00607,MER_0034,1150.54,INR,UPI,HDFC,2026-07-07 16:04:00,success,,True,True
TXN_004452,CUST_01827,MER_0013,1792.04,INR,UPI,SBI,2026-08-02 05:35:00,failed,bank_declined,True,False
TXN_004453,CUST_01001,MER_0004,2660.81,INR,Card,YES,2026-07-17 18:53:00,success,,True,False
TXN_004454,CUST_00641,MER_0041,19643.22,INR,UPI,YES,2026-08-02 14:39:00,success,,True,True
TXN_004455,CUST_00071,MER_0050,2849.01,INR,UPI,HDFC,2026-07-20 10:23:00,success,,True,False
TXN_004456,CUST_01323,MER_0021,2559.98,INR,Card,AXIS,2026-07-31 04:19:00,failed,authentication_failure,True,False
TXN_004457,CUST_00803,MER_0043,1465.21,INR,NetBanking,AXIS,2026-07-28 07:57:00,success,,True,True
TXN_004458,CUST_00738,MER_0010,2330.25,INR,Wallet,AXIS,2026-07-13 22:18:00,success,,True,True
TXN_004459,CUST_01640,MER_0049,6016.32,INR,UPI,AXIS,2026-08-04 14:00:00,success,,True,False
TXN_004460,CUST_01531,MER_0048,2673.59,INR,NetBanking,HDFC,2026-07-19 16:08:00,success,,True,False
TXN_004461,CUST_01059,MER_0020,1293.66,INR,UPI,KOTAK,2026-07-22 06:32:00,success,,True,False
TXN_004462,CUST_00674,MER_0022,1164.37,INR,UPI,AXIS,2026-07-29 12:57:00,success,,True,False
TXN_004463,CUST_01269,MER_0045,1702.48,INR,UPI,AXIS,2026-08-21 07:32:00,success,,True,False
TXN_004464,CUST_00033,MER_0025,2589.17,INR,Card,AXIS,2026-07-03 07:39:00,success,,True,False
TXN_004465,CUST_01269,MER_0016,6341.49,INR,Card,YES,2026-08-23 01:01:00,failed,bank_declined,True,False
TXN_004466,CUST_00064,MER_0040,1889.64,INR,Wallet,YES,2026-08-12 21:32:00,success,,True,True
TXN_004467,CUST_00905,MER_0042,2739.27,INR,UPI,AXIS,2026-07-10 11:29:00,success,,True,False
TXN_004468,CUST_00119,MER_0006,562.86,INR,UPI,YES,2026-08-08 11:45:00,success,,True,False
TXN_004469,CUST_01273,MER_0015,1252.78,INR,NetBanking,KOTAK,2026-08-19 09:56:00,failed,bank_timeout,True,False
TXN_004470,CUST_01550,MER_0049,1291.07,INR,Card,SBI,2026-08-16 23:44:00,success,,True,False
TXN_004471,CUST_00760,MER_0013,2845.55,INR,UPI,KOTAK,2026-08-04 01:58:00,success,,True,True
TXN_004472,CUST_01329,MER_0014,2146.41,INR,UPI,ICICI,2026-07-18 19:22:00,failed,bank_timeout,True,True
TXN_004473,CUST_00502,MER_0045,3437.05,INR,UPI,YES,2026-07-28 15:49:00,success,,True,True
TXN_004474,CUST_00689,MER_0032,9686.22,INR,Card,ICICI,2026-07-02 21:04:00,success,,True,False
TXN_004475,CUST_01611,MER_0039,9058.01,INR,Card,ICICI,2026-07-26 18:01:00,failed,insufficient_funds,True,False
TXN_004476,CUST_00876,MER_0046,3872.51,INR,Card,KOTAK,2026-07-20 11:53:00,failed,bank_declined,True,False
TXN_004477,CUST_00904,MER_0009,2763.14,INR,Card,KOTAK,2026-07-30 13:25:00,success,,True,False
TXN_004478,CUST_01471,MER_0017,1774.68,INR,Card,KOTAK,2026-07-29 08:36:00,failed,network_error,True,False
TXN_004479,CUST_01879,MER_0049,2754.87,INR,UPI,KOTAK,2026-07-12 02:16:00,success,,True,True
TXN_004480,CUST_01113,MER_0016,1535.85,INR,UPI,YES,2026-07-10 21:28:00,success,,True,False
TXN_004481,CUST_00578,MER_0030,1191.43,INR,UPI,YES,2026-08-23 11:09:00,failed,bank_timeout,True,False
TXN_004482,CUST_01345,MER_0027,2943.66,INR,UPI,KOTAK,2026-07-30 17:40:00,failed,bank_timeout,True,True
TXN_004483,CUST_01089,MER_0023,4830.37,INR,Card,KOTAK,2026-07-12 21:44:00,success,,True,False
TXN_004484,CUST_01336,MER_0017,1643.61,INR,UPI,SBI,2026-08-22 18:28:00,success,,True,False
TXN_004485,CUST_00412,MER_0043,3062.77,INR,UPI,SBI,2026-08-21 08:28:00,success,,True,False
TXN_004486,CUST_01007,MER_0023,5271.14,INR,UPI,HDFC,2026-08-21 08:56:00,failed,bank_declined,True,True
TXN_004487,CUST_01671,MER_0042,2328.39,INR,Card,HDFC,2026-08-10 05:46:00,success,,True,False
TXN_004488,CUST_01174,MER_0016,2045.21,INR,Wallet,SBI,2026-08-03 08:32:00,failed,insufficient_funds,True,False
TXN_004489,CUST_01535,MER_0045,972.85,INR,UPI,SBI,2026-07-25 22:05:00,success,,True,False
TXN_004490,CUST_01441,MER_0039,2090.4,INR,UPI,KOTAK,2026-07-07 23:14:00,success,,True,False
TXN_004491,CUST_01295,MER_0017,4427.85,INR,UPI,KOTAK,2026-07-01 22:25:00,failed,bank_declined,False,False
TXN_004492,CUST_01502,MER_0026,1966.06,INR,UPI,HDFC,2026-08-08 21:05:00,success,,True,False
TXN_004493,CUST_01885,MER_0019,2904.96,INR,UPI,YES,2026-08-06 08:21:00,success,,True,False
TXN_004494,CUST_01934,MER_0027,1261.78,INR,Card,KOTAK,2026-07-29 04:25:00,success,,True,False
TXN_004495,CUST_00455,MER_0036,4284.65,INR,NetBanking,SBI,2026-07-27 06:05:00,success,,True,True
TXN_004496,CUST_01823,MER_0036,2293.29,INR,UPI,KOTAK,2026-08-04 00:52:00,success,,True,True
TXN_004497,CUST_00304,MER_0050,1957.14,INR,Card,HDFC,2026-07-01 23:51:00,failed,authentication_failure,False,False
TXN_004498,CUST_01860,MER_0011,2320.84,INR,Card,YES,2026-08-24 21:24:00,failed,network_error,False,True
TXN_004499,CUST_00710,MER_0046,4131.99,INR,Card,AXIS,2026-08-11 13:21:00,failed,insufficient_funds,True,False
TXN_004500,CUST_00757,MER_0050,8728.7,INR,Card,ICICI,2026-07-30 04:34:00,success,,True,True
TXN_004501,CUST_00170,MER_0045,7880.67,INR,Card,ICICI,2026-08-12 19:04:00,success,,True,False
TXN_004502,CUST_00036,MER_0016,1196.03,INR,UPI,ICICI,2026-08-15 13:19:00,failed,network_error,False,False
TXN_004503,CUST_00978,MER_0006,1450.23,INR,UPI,ICICI,2026-08-19 07:50:00,success,,True,False
TXN_004504,CUST_00516,MER_0034,1879.35,INR,Card,AXIS,2026-08-24 05:04:00,success,,True,False
TXN_004505,CUST_01716,MER_0026,12111.88,INR,Card,YES,2026-08-03 20:47:00,failed,insufficient_funds,True,True
TXN_004506,CUST_01496,MER_0002,3255.76,INR,Card,ICICI,2026-08-07 13:58:00,failed,bank_declined,True,False
TXN_004507,CUST_00534,MER_0011,1096.08,INR,Card,ICICI,2026-07-30 20:20:00,success,,True,False
TXN_004508,CUST_00226,MER_0047,1231.42,INR,Card,SBI,2026-07-22 08:59:00,success,,True,True
TXN_004509,CUST_00381,MER_0036,930.0,INR,Wallet,HDFC,2026-07-31 21:22:00,failed,bank_timeout,True,False
TXN_004510,CUST_01819,MER_0012,249.63,INR,UPI,KOTAK,2026-08-19 17:38:00,success,,True,False
TXN_004511,CUST_00135,MER_0002,3773.15,INR,Wallet,AXIS,2026-08-12 06:19:00,success,,True,False
TXN_004512,CUST_00722,MER_0041,12624.0,INR,Card,SBI,2026-07-30 00:42:00,failed,network_error,True,False
TXN_004513,CUST_00649,MER_0040,786.02,INR,UPI,SBI,2026-08-22 23:48:00,success,,True,False
TXN_004514,CUST_01183,MER_0033,1459.4,INR,UPI,YES,2026-08-05 09:09:00,success,,True,False
TXN_004515,CUST_01539,MER_0001,1690.7,INR,UPI,YES,2026-08-11 19:11:00,failed,bank_declined,True,True
TXN_004516,CUST_01361,MER_0009,4856.85,INR,Wallet,SBI,2026-07-08 19:31:00,success,,True,False
TXN_004517,CUST_01909,MER_0029,4666.7,INR,NetBanking,SBI,2026-08-14 09:11:00,success,,True,True
TXN_004518,CUST_00273,MER_0024,968.39,INR,NetBanking,AXIS,2026-08-14 16:32:00,success,,True,False
TXN_004519,CUST_00433,MER_0031,4359.29,INR,UPI,AXIS,2026-07-25 08:17:00,success,,True,False
TXN_004520,CUST_00663,MER_0044,8278.77,INR,Card,SBI,2026-07-29 04:30:00,success,,True,False
TXN_004521,CUST_01307,MER_0040,11181.84,INR,UPI,YES,2026-07-04 01:15:00,success,,True,False
TXN_004522,CUST_01079,MER_0018,24153.14,INR,Card,SBI,2026-08-10 23:02:00,failed,authentication_failure,True,False
TXN_004523,CUST_00575,MER_0037,23373.92,INR,UPI,SBI,2026-07-30 08:30:00,failed,bank_declined,True,False
TXN_004524,CUST_00147,MER_0023,1519.33,INR,Wallet,SBI,2026-08-16 12:11:00,success,,True,False
TXN_004525,CUST_01111,MER_0036,3170.54,INR,UPI,AXIS,2026-08-26 18:27:00,success,,True,False
TXN_004526,CUST_00641,MER_0049,1532.03,INR,UPI,KOTAK,2026-07-31 17:55:00,failed,network_error,False,False
TXN_004527,CUST_00005,MER_0017,848.9,INR,UPI,SBI,2026-07-22 08:30:00,failed,network_error,True,True
TXN_004528,CUST_00676,MER_0019,6825.81,INR,NetBanking,YES,2026-08-14 10:37:00,success,,True,False
TXN_004529,CUST_01153,MER_0025,2331.7,INR,UPI,ICICI,2026-07-31 01:22:00,success,,True,False
TXN_004530,CUST_01739,MER_0007,2733.33,INR,NetBanking,KOTAK,2026-07-07 20:09:00,success,,True,True
TXN_004531,CUST_00484,MER_0042,3569.59,INR,UPI,SBI,2026-08-11 21:03:00,success,,True,False
TXN_004532,CUST_01784,MER_0012,6226.25,INR,Card,HDFC,2026-08-12 06:31:00,failed,network_error,True,True
TXN_004533,CUST_00608,MER_0001,3895.66,INR,NetBanking,YES,2026-08-14 12:52:00,success,,True,False
TXN_004534,CUST_00288,MER_0013,1969.41,INR,UPI,SBI,2026-08-04 21:17:00,success,,True,False
TXN_004535,CUST_01108,MER_0022,2788.64,INR,Card,AXIS,2026-07-07 08:48:00,failed,insufficient_funds,True,False
TXN_004536,CUST_00752,MER_0046,938.85,INR,Card,HDFC,2026-07-26 21:34:00,success,,True,False
TXN_004537,CUST_01431,MER_0043,1085.6,INR,UPI,AXIS,2026-07-25 10:28:00,success,,True,False
TXN_004538,CUST_00346,MER_0004,518.87,INR,Card,ICICI,2026-07-06 21:06:00,success,,True,False
TXN_004539,CUST_00003,MER_0005,1572.89,INR,NetBanking,AXIS,2026-08-23 19:15:00,success,,True,False
TXN_004540,CUST_01784,MER_0021,7075.16,INR,UPI,HDFC,2026-07-09 14:19:00,failed,bank_timeout,True,False
TXN_004541,CUST_01852,MER_0022,835.39,INR,Card,KOTAK,2026-08-18 15:04:00,success,,True,False
TXN_004542,CUST_00176,MER_0007,1654.84,INR,Card,AXIS,2026-08-03 03:05:00,failed,expired_card,True,False
TXN_004543,CUST_00787,MER_0020,992.13,INR,UPI,YES,2026-07-16 08:55:00,success,,True,False
TXN_004544,CUST_01168,MER_0012,3331.09,INR,NetBanking,YES,2026-08-03 01:54:00,success,,True,True
TXN_004545,CUST_01154,MER_0021,954.23,INR,NetBanking,HDFC,2026-07-07 13:04:00,success,,True,False
TXN_004546,CUST_01675,MER_0018,5943.82,INR,Card,SBI,2026-07-07 09:39:00,success,,True,False
TXN_004547,CUST_01492,MER_0013,2305.62,INR,UPI,YES,2026-07-04 05:15:00,failed,network_error,True,False
TXN_004548,CUST_00577,MER_0050,1953.35,INR,Card,AXIS,2026-07-25 07:55:00,success,,True,False
TXN_004549,CUST_00028,MER_0018,4529.1,INR,Card,HDFC,2026-07-12 22:10:00,success,,True,False
TXN_004550,CUST_00968,MER_0014,4566.62,INR,UPI,SBI,2026-07-26 09:28:00,failed,network_error,True,False
TXN_004551,CUST_01087,MER_0007,3834.64,INR,UPI,YES,2026-08-26 03:00:00,failed,bank_declined,True,False
TXN_004552,CUST_01891,MER_0033,3765.98,INR,UPI,SBI,2026-08-16 22:29:00,success,,True,False
TXN_004553,CUST_00170,MER_0004,1862.54,INR,Card,ICICI,2026-08-22 08:23:00,success,,True,False
TXN_004554,CUST_01771,MER_0011,2444.96,INR,UPI,SBI,2026-08-16 12:17:00,success,,True,False
TXN_004555,CUST_01883,MER_0049,1959.19,INR,UPI,HDFC,2026-07-08 07:42:00,success,,True,True
TXN_004556,CUST_01561,MER_0042,1692.95,INR,Card,KOTAK,2026-07-09 16:09:00,success,,True,False
TXN_004557,CUST_01802,MER_0018,1406.29,INR,UPI,AXIS,2026-07-03 12:46:00,success,,True,False
TXN_004558,CUST_01656,MER_0015,3548.05,INR,UPI,SBI,2026-07-23 13:42:00,failed,network_error,True,False
TXN_004559,CUST_00070,MER_0034,6228.44,INR,Card,KOTAK,2026-08-05 01:26:00,failed,insufficient_funds,True,False
TXN_004560,CUST_00746,MER_0030,6845.61,INR,Card,YES,2026-07-09 13:51:00,success,,True,True
TXN_004561,CUST_00336,MER_0019,1892.16,INR,UPI,SBI,2026-07-30 12:38:00,failed,network_error,True,False
TXN_004562,CUST_00691,MER_0049,1182.08,INR,Card,YES,2026-07-03 22:02:00,success,,True,False
TXN_004563,CUST_01322,MER_0038,2734.17,INR,UPI,YES,2026-08-15 04:32:00,failed,bank_timeout,True,False
TXN_004564,CUST_01451,MER_0003,744.2,INR,NetBanking,KOTAK,2026-07-31 03:26:00,success,,True,False
TXN_004565,CUST_01532,MER_0016,3970.37,INR,UPI,HDFC,2026-08-18 22:55:00,success,,True,True
TXN_004566,CUST_01700,MER_0046,7163.46,INR,UPI,HDFC,2026-08-23 05:15:00,success,,True,True
TXN_004567,CUST_01198,MER_0010,2122.36,INR,UPI,KOTAK,2026-07-27 23:11:00,success,,True,False
TXN_004568,CUST_00354,MER_0018,7245.49,INR,UPI,ICICI,2026-08-10 09:48:00,success,,True,False
TXN_004569,CUST_00734,MER_0017,2096.96,INR,Card,ICICI,2026-07-11 09:48:00,failed,authentication_failure,True,False
TXN_004570,CUST_00355,MER_0039,413.7,INR,UPI,YES,2026-08-13 05:29:00,failed,bank_timeout,True,False
TXN_004571,CUST_00172,MER_0021,8073.7,INR,Wallet,HDFC,2026-08-10 16:32:00,success,,True,True
TXN_004572,CUST_01941,MER_0048,1943.6,INR,Card,SBI,2026-07-27 16:39:00,success,,True,False
TXN_004573,CUST_00401,MER_0050,503.88,INR,Card,KOTAK,2026-08-25 15:30:00,success,,True,False
TXN_004574,CUST_00636,MER_0025,3073.04,INR,UPI,SBI,2026-07-01 18:50:00,failed,bank_declined,True,True
TXN_004575,CUST_00890,MER_0013,3483.81,INR,NetBanking,YES,2026-07-22 14:26:00,success,,True,False
TXN_004576,CUST_00667,MER_0005,3392.26,INR,UPI,ICICI,2026-07-28 06:23:00,success,,True,False
TXN_004577,CUST_00590,MER_0039,1149.26,INR,Card,KOTAK,2026-07-31 15:22:00,success,,True,True
TXN_004578,CUST_00969,MER_0048,5983.58,INR,UPI,SBI,2026-07-13 17:09:00,failed,bank_timeout,True,True
TXN_004579,CUST_01716,MER_0034,5327.61,INR,Card,HDFC,2026-07-13 17:04:00,success,,True,False
TXN_004580,CUST_01318,MER_0011,2457.96,INR,UPI,KOTAK,2026-07-02 13:08:00,failed,bank_declined,True,False
TXN_004581,CUST_00543,MER_0007,5336.35,INR,Wallet,SBI,2026-07-05 05:51:00,success,,True,False
TXN_004582,CUST_01382,MER_0038,1965.89,INR,Wallet,SBI,2026-08-21 12:37:00,success,,True,False
TXN_004583,CUST_01149,MER_0043,802.86,INR,NetBanking,KOTAK,2026-07-15 19:38:00,success,,True,False
TXN_004584,CUST_01933,MER_0042,7198.53,INR,UPI,SBI,2026-07-27 05:20:00,success,,True,False
TXN_004585,CUST_01531,MER_0013,13088.98,INR,Card,AXIS,2026-07-18 03:51:00,success,,True,True
TXN_004586,CUST_01019,MER_0036,2361.38,INR,NetBanking,YES,2026-08-26 07:59:00,failed,network_error,True,False
TXN_004587,CUST_01381,MER_0022,2625.57,INR,UPI,HDFC,2026-08-07 21:48:00,success,,True,False
TXN_004588,CUST_00929,MER_0024,1800.17,INR,Card,HDFC,2026-08-02 23:52:00,success,,True,False
TXN_004589,CUST_01170,MER_0031,1473.85,INR,UPI,ICICI,2026-08-17 23:49:00,success,,True,True
TXN_004590,CUST_00872,MER_0001,9042.27,INR,Card,HDFC,2026-08-05 14:52:00,success,,True,False
TXN_004591,CUST_01374,MER_0020,1307.52,INR,UPI,AXIS,2026-07-19 15:55:00,success,,True,False
TXN_004592,CUST_01272,MER_0048,4394.97,INR,Card,SBI,2026-08-05 08:31:00,success,,True,False
TXN_004593,CUST_00351,MER_0024,1560.36,INR,UPI,YES,2026-08-19 13:00:00,success,,True,False
TXN_004594,CUST_01400,MER_0030,1688.77,INR,NetBanking,YES,2026-07-01 05:53:00,success,,True,True
TXN_004595,CUST_00512,MER_0024,5564.71,INR,NetBanking,YES,2026-08-12 09:01:00,success,,True,True
TXN_004596,CUST_01178,MER_0048,1800.77,INR,Card,SBI,2026-07-23 14:00:00,failed,insufficient_funds,True,False
TXN_004597,CUST_01497,MER_0037,6040.51,INR,NetBanking,HDFC,2026-08-17 10:41:00,success,,True,False
TXN_004598,CUST_00618,MER_0016,8759.71,INR,UPI,SBI,2026-07-11 09:51:00,success,,True,False
TXN_004599,CUST_00569,MER_0046,4087.76,INR,UPI,AXIS,2026-07-21 09:14:00,success,,True,False
TXN_004600,CUST_01811,MER_0027,1445.46,INR,Card,SBI,2026-07-15 10:11:00,success,,True,False
TXN_004601,CUST_00180,MER_0050,1622.16,INR,Wallet,ICICI,2026-07-31 02:25:00,success,,True,False
TXN_004602,CUST_01011,MER_0018,2601.73,INR,UPI,HDFC,2026-07-03 20:46:00,failed,bank_declined,False,False
TXN_004603,CUST_01626,MER_0012,1107.33,INR,UPI,SBI,2026-07-11 13:42:00,failed,network_error,True,False
TXN_004604,CUST_01639,MER_0027,2613.41,INR,Card,ICICI,2026-07-03 15:55:00,success,,True,False
TXN_004605,CUST_00736,MER_0034,618.58,INR,UPI,HDFC,2026-08-16 02:21:00,success,,True,True
TXN_004606,CUST_01908,MER_0019,1160.79,INR,Card,HDFC,2026-07-24 13:22:00,success,,True,False
TXN_004607,CUST_00325,MER_0007,1630.59,INR,UPI,KOTAK,2026-07-31 10:29:00,success,,True,False
TXN_004608,CUST_00708,MER_0018,2302.41,INR,UPI,HDFC,2026-08-22 01:51:00,success,,True,False
TXN_004609,CUST_01685,MER_0029,11063.68,INR,UPI,ICICI,2026-08-14 02:26:00,success,,True,False
TXN_004610,CUST_00008,MER_0037,2952.88,INR,UPI,HDFC,2026-07-19 19:24:00,success,,True,True
TXN_004611,CUST_00715,MER_0019,1245.61,INR,UPI,SBI,2026-07-06 04:26:00,failed,network_error,True,False
TXN_004612,CUST_00263,MER_0047,1841.49,INR,Card,AXIS,2026-08-05 10:48:00,failed,insufficient_funds,True,False
TXN_004613,CUST_00009,MER_0023,3883.35,INR,Wallet,SBI,2026-07-26 00:43:00,success,,True,True
TXN_004614,CUST_00582,MER_0009,6421.36,INR,Wallet,AXIS,2026-07-04 23:23:00,failed,network_error,True,False
TXN_004615,CUST_00785,MER_0047,9055.87,INR,UPI,HDFC,2026-07-17 07:05:00,success,,True,False
TXN_004616,CUST_01499,MER_0008,5046.34,INR,UPI,HDFC,2026-08-11 14:23:00,success,,True,True
TXN_004617,CUST_00915,MER_0045,1385.82,INR,NetBanking,ICICI,2026-07-21 11:52:00,failed,bank_declined,True,False
TXN_004618,CUST_00918,MER_0042,3170.34,INR,Wallet,SBI,2026-08-22 06:02:00,success,,True,True
TXN_004619,CUST_01853,MER_0028,1251.25,INR,Card,HDFC,2026-08-17 20:48:00,success,,True,False
TXN_004620,CUST_00124,MER_0050,9157.52,INR,Wallet,ICICI,2026-07-27 01:19:00,failed,bank_timeout,False,False
TXN_004621,CUST_00941,MER_0050,2376.97,INR,Card,SBI,2026-08-19 02:00:00,failed,expired_card,True,True
TXN_004622,CUST_01108,MER_0009,2126.22,INR,Card,YES,2026-07-12 17:37:00,success,,True,False
TXN_004623,CUST_01312,MER_0047,4323.35,INR,UPI,YES,2026-08-07 08:46:00,success,,True,False
TXN_004624,CUST_00284,MER_0041,6783.75,INR,UPI,YES,2026-07-22 01:30:00,failed,network_error,True,False
TXN_004625,CUST_00775,MER_0028,2647.52,INR,NetBanking,KOTAK,2026-07-05 02:50:00,failed,bank_timeout,True,False
TXN_004626,CUST_01680,MER_0031,1900.23,INR,UPI,KOTAK,2026-07-15 22:38:00,success,,True,False
TXN_004627,CUST_00666,MER_0001,5567.69,INR,UPI,KOTAK,2026-08-14 04:35:00,failed,bank_timeout,True,False
TXN_004628,CUST_00187,MER_0030,3445.48,INR,Card,HDFC,2026-08-05 06:09:00,success,,True,False
TXN_004629,CUST_00508,MER_0006,2228.65,INR,NetBanking,AXIS,2026-08-11 05:35:00,failed,network_error,False,True
TXN_004630,CUST_00622,MER_0044,1804.59,INR,Card,AXIS,2026-08-07 14:26:00,success,,True,False
TXN_004631,CUST_00210,MER_0002,7157.27,INR,Card,HDFC,2026-08-13 08:10:00,success,,True,False
TXN_004632,CUST_00040,MER_0043,1357.85,INR,Card,AXIS,2026-07-26 16:30:00,failed,insufficient_funds,True,False
TXN_004633,CUST_01939,MER_0003,13316.98,INR,UPI,YES,2026-07-26 21:56:00,success,,True,False
TXN_004634,CUST_01246,MER_0046,5336.25,INR,UPI,HDFC,2026-08-03 22:02:00,failed,bank_timeout,True,True
TXN_004635,CUST_00230,MER_0012,1552.77,INR,UPI,YES,2026-08-15 20:09:00,success,,True,False
TXN_004636,CUST_01883,MER_0024,572.73,INR,NetBanking,SBI,2026-07-20 02:39:00,success,,True,False
TXN_004637,CUST_00161,MER_0005,1140.76,INR,NetBanking,SBI,2026-07-14 14:15:00,failed,bank_timeout,True,True
TXN_004638,CUST_01188,MER_0008,2187.27,INR,Card,KOTAK,2026-07-08 10:35:00,success,,True,False
TXN_004639,CUST_01484,MER_0032,978.92,INR,Card,KOTAK,2026-07-01 08:05:00,failed,network_error,True,False
TXN_004640,CUST_01692,MER_0002,665.08,INR,Wallet,YES,2026-08-20 01:23:00,failed,insufficient_funds,True,False
TXN_004641,CUST_00955,MER_0043,1751.22,INR,NetBanking,ICICI,2026-08-09 10:59:00,failed,network_error,True,False
TXN_004642,CUST_00155,MER_0029,7548.36,INR,NetBanking,AXIS,2026-07-31 12:32:00,success,,True,False
TXN_004643,CUST_01702,MER_0005,4574.61,INR,NetBanking,ICICI,2026-07-17 22:34:00,success,,True,False
TXN_004644,CUST_00910,MER_0013,1879.4,INR,Card,ICICI,2026-08-01 00:02:00,success,,True,True
TXN_004645,CUST_01780,MER_0035,11947.82,INR,UPI,YES,2026-07-02 07:04:00,success,,True,True
TXN_004646,CUST_00685,MER_0008,704.56,INR,UPI,YES,2026-07-10 00:11:00,success,,True,False
TXN_004647,CUST_00951,MER_0007,794.06,INR,NetBanking,AXIS,2026-07-01 20:23:00,success,,True,True
TXN_004648,CUST_01281,MER_0023,2282.38,INR,UPI,KOTAK,2026-08-04 12:04:00,failed,network_error,True,True
TXN_004649,CUST_01972,MER_0048,2075.86,INR,Card,AXIS,2026-08-15 02:33:00,success,,True,False
TXN_004650,CUST_01530,MER_0045,2107.81,INR,UPI,AXIS,2026-08-14 15:09:00,failed,bank_timeout,True,False
TXN_004651,CUST_00737,MER_0042,5201.72,INR,UPI,AXIS,2026-07-23 11:18:00,success,,True,False
TXN_004652,CUST_01877,MER_0034,5231.96,INR,Card,AXIS,2026-08-04 17:18:00,success,,True,False
TXN_004653,CUST_01956,MER_0040,4588.28,INR,Card,ICICI,2026-08-24 06:33:00,success,,True,False
TXN_004654,CUST_01111,MER_0023,1475.31,INR,UPI,KOTAK,2026-07-05 18:10:00,failed,bank_timeout,True,False
TXN_004655,CUST_00452,MER_0046,867.4,INR,NetBanking,YES,2026-08-13 15:03:00,success,,True,False
TXN_004656,CUST_01331,MER_0042,2609.98,INR,UPI,HDFC,2026-08-02 11:14:00,success,,True,False
TXN_004657,CUST_01978,MER_0030,1028.31,INR,Card,AXIS,2026-07-26 07:22:00,failed,bank_declined,True,True
TXN_004658,CUST_00263,MER_0042,1738.97,INR,UPI,SBI,2026-07-11 06:55:00,failed,bank_declined,True,False
TXN_004659,CUST_01125,MER_0001,1587.03,INR,NetBanking,KOTAK,2026-07-27 01:30:00,failed,network_error,False,False
TXN_004660,CUST_01863,MER_0020,2599.93,INR,UPI,SBI,2026-08-24 14:23:00,success,,True,True
TXN_004661,CUST_00369,MER_0014,1938.12,INR,Card,SBI,2026-07-17 23:58:00,success,,True,True
TXN_004662,CUST_00870,MER_0020,2825.41,INR,Card,YES,2026-07-22 00:36:00,success,,True,False
TXN_004663,CUST_01074,MER_0026,1104.09,INR,UPI,ICICI,2026-08-17 08:39:00,success,,True,False
TXN_004664,CUST_01809,MER_0039,2655.06,INR,Card,KOTAK,2026-07-08 08:47:00,failed,expired_card,False,True
TXN_004665,CUST_00446,MER_0015,733.31,INR,NetBanking,SBI,2026-08-12 06:52:00,failed,bank_timeout,False,False
TXN_004666,CUST_00212,MER_0034,1205.75,INR,UPI,HDFC,2026-07-05 12:15:00,failed,bank_declined,True,False
TXN_004667,CUST_00355,MER_0039,6195.2,INR,Wallet,YES,2026-07-17 11:50:00,failed,bank_timeout,True,False
TXN_004668,CUST_00906,MER_0023,2508.57,INR,UPI,SBI,2026-07-15 17:57:00,success,,True,True
TXN_004669,CUST_00944,MER_0039,1826.21,INR,UPI,YES,2026-07-04 22:11:00,success,,True,True
TXN_004670,CUST_00991,MER_0028,5208.3,INR,UPI,SBI,2026-07-22 00:01:00,failed,bank_timeout,False,False
TXN_004671,CUST_01375,MER_0029,1488.18,INR,UPI,AXIS,2026-07-05 09:11:00,failed,bank_timeout,True,False
TXN_004672,CUST_00259,MER_0027,465.04,INR,Card,YES,2026-07-18 17:21:00,success,,True,False
TXN_004673,CUST_01214,MER_0011,2760.66,INR,Wallet,SBI,2026-08-11 08:15:00,success,,True,False
TXN_004674,CUST_01204,MER_0029,2284.36,INR,Card,YES,2026-07-29 23:15:00,success,,True,False
TXN_004675,CUST_01328,MER_0004,6056.9,INR,Card,HDFC,2026-07-17 13:20:00,failed,expired_card,True,True
TXN_004676,CUST_00250,MER_0021,7096.69,INR,UPI,KOTAK,2026-08-20 06:54:00,success,,True,False
TXN_004677,CUST_00355,MER_0039,1397.04,INR,Card,AXIS,2026-08-23 04:18:00,success,,True,False
TXN_004678,CUST_00874,MER_0036,6066.4,INR,UPI,AXIS,2026-07-25 11:12:00,failed,bank_timeout,True,False
TXN_004679,CUST_01541,MER_0001,4546.34,INR,Card,KOTAK,2026-08-11 05:34:00,success,,True,False
TXN_004680,CUST_00495,MER_0042,759.75,INR,Card,SBI,2026-07-12 19:27:00,failed,bank_declined,True,False
TXN_004681,CUST_01717,MER_0015,498.82,INR,Card,KOTAK,2026-08-10 17:24:00,success,,True,False
TXN_004682,CUST_01130,MER_0039,1970.99,INR,UPI,KOTAK,2026-07-23 11:14:00,failed,bank_declined,True,True
TXN_004683,CUST_00115,MER_0017,1608.77,INR,NetBanking,AXIS,2026-08-25 13:34:00,success,,True,False
TXN_004684,CUST_01339,MER_0013,1053.26,INR,Card,YES,2026-08-24 00:22:00,failed,expired_card,True,False
TXN_004685,CUST_01131,MER_0018,2246.73,INR,NetBanking,KOTAK,2026-08-04 11:18:00,success,,True,True
TXN_004686,CUST_01028,MER_0034,1649.69,INR,UPI,SBI,2026-08-19 23:32:00,success,,True,False
TXN_004687,CUST_01690,MER_0050,2523.79,INR,UPI,HDFC,2026-07-09 19:53:00,success,,True,False
TXN_004688,CUST_01335,MER_0046,20117.3,INR,UPI,SBI,2026-07-20 09:13:00,success,,True,True
TXN_004689,CUST_01412,MER_0004,6141.36,INR,UPI,SBI,2026-08-22 18:16:00,success,,True,False
TXN_004690,CUST_00938,MER_0033,6186.09,INR,Card,YES,2026-08-16 21:25:00,success,,True,False
TXN_004691,CUST_00198,MER_0040,3457.97,INR,UPI,YES,2026-07-29 13:40:00,failed,authentication_failure,True,False
TXN_004692,CUST_00805,MER_0008,358.93,INR,UPI,KOTAK,2026-07-30 06:36:00,success,,True,False
TXN_004693,CUST_01802,MER_0022,1417.73,INR,NetBanking,HDFC,2026-08-23 13:46:00,failed,bank_declined,True,False
TXN_004694,CUST_01593,MER_0045,544.62,INR,Card,ICICI,2026-07-05 19:25:00,success,,True,True
TXN_004695,CUST_01934,MER_0027,966.87,INR,NetBanking,YES,2026-07-08 14:28:00,failed,bank_declined,True,False
TXN_004696,CUST_01924,MER_0031,2366.91,INR,NetBanking,AXIS,2026-07-12 02:35:00,success,,True,True
TXN_004697,CUST_01603,MER_0037,4698.57,INR,Wallet,YES,2026-07-12 04:17:00,failed,network_error,False,False
TXN_004698,CUST_01931,MER_0041,3401.01,INR,UPI,YES,2026-08-06 12:15:00,success,,True,True
TXN_004699,CUST_01254,MER_0035,1129.22,INR,UPI,ICICI,2026-07-13 10:46:00,success,,True,False
TXN_004700,CUST_01420,MER_0002,520.27,INR,Card,ICICI,2026-07-19 02:23:00,failed,insufficient_funds,True,False
TXN_004701,CUST_00251,MER_0012,884.32,INR,Wallet,KOTAK,2026-07-08 19:18:00,success,,True,False
TXN_004702,CUST_01849,MER_0039,1198.6,INR,Wallet,AXIS,2026-08-22 00:53:00,success,,True,False
TXN_004703,CUST_01704,MER_0043,2147.8,INR,Card,HDFC,2026-07-14 03:19:00,success,,True,False
TXN_004704,CUST_01560,MER_0020,1084.28,INR,UPI,KOTAK,2026-07-13 06:35:00,success,,True,False
TXN_004705,CUST_00853,MER_0021,3200.88,INR,Wallet,ICICI,2026-07-24 08:21:00,failed,insufficient_funds,True,False
TXN_004706,CUST_00720,MER_0045,2461.28,INR,UPI,SBI,2026-08-19 20:20:00,failed,network_error,True,False
TXN_004707,CUST_01341,MER_0024,949.39,INR,UPI,YES,2026-08-16 04:17:00,success,,True,True
TXN_004708,CUST_01541,MER_0005,3411.69,INR,NetBanking,ICICI,2026-07-22 10:27:00,success,,True,False
TXN_004709,CUST_01769,MER_0013,2413.47,INR,Card,AXIS,2026-08-09 17:25:00,success,,True,False
TXN_004710,CUST_01591,MER_0028,1869.1,INR,Card,ICICI,2026-07-27 21:35:00,success,,True,False
TXN_004711,CUST_01412,MER_0020,4955.26,INR,Card,KOTAK,2026-08-02 03:59:00,failed,insufficient_funds,False,False
TXN_004712,CUST_00457,MER_0002,1144.6,INR,UPI,YES,2026-08-20 00:47:00,failed,authentication_failure,True,True
TXN_004713,CUST_01028,MER_0029,3056.33,INR,UPI,ICICI,2026-08-11 21:31:00,success,,True,False
TXN_004714,CUST_01682,MER_0031,1961.75,INR,Card,ICICI,2026-07-04 19:39:00,success,,True,False
TXN_004715,CUST_01482,MER_0009,3897.21,INR,NetBanking,HDFC,2026-07-09 00:37:00,failed,bank_timeout,True,False
TXN_004716,CUST_00330,MER_0043,10572.9,INR,Wallet,YES,2026-07-24 21:13:00,success,,True,False
TXN_004717,CUST_00931,MER_0006,717.5,INR,UPI,HDFC,2026-08-16 21:26:00,success,,True,False
TXN_004718,CUST_01386,MER_0016,2212.88,INR,UPI,YES,2026-08-24 01:03:00,failed,authentication_failure,True,False
TXN_004719,CUST_00805,MER_0016,3957.18,INR,UPI,SBI,2026-08-01 08:56:00,failed,bank_timeout,False,True
TXN_004720,CUST_01047,MER_0039,3219.72,INR,Card,HDFC,2026-08-08 12:56:00,success,,True,False
TXN_004721,CUST_01854,MER_0043,1474.33,INR,UPI,HDFC,2026-07-16 12:56:00,failed,network_error,True,False
TXN_004722,CUST_00957,MER_0035,767.24,INR,Card,AXIS,2026-07-02 19:27:00,success,,True,False
TXN_004723,CUST_01330,MER_0027,1682.34,INR,NetBanking,HDFC,2026-07-07 02:48:00,success,,True,False
TXN_004724,CUST_01429,MER_0014,5811.54,INR,Wallet,AXIS,2026-07-02 21:18:00,success,,True,False
TXN_004725,CUST_00737,MER_0024,2391.91,INR,Card,ICICI,2026-08-11 09:06:00,success,,True,False
TXN_004726,CUST_00595,MER_0004,4032.51,INR,UPI,KOTAK,2026-07-27 01:08:00,success,,True,False
TXN_004727,CUST_00333,MER_0013,9243.85,INR,NetBanking,HDFC,2026-07-23 07:31:00,failed,bank_declined,False,False
TXN_004728,CUST_00856,MER_0035,1560.81,INR,UPI,SBI,2026-08-08 16:54:00,failed,network_error,True,False
TXN_004729,CUST_00309,MER_0046,1579.03,INR,UPI,SBI,2026-08-18 21:47:00,success,,True,False
TXN_004730,CUST_01050,MER_0019,1630.21,INR,UPI,YES,2026-08-06 06:59:00,success,,True,False
TXN_004731,CUST_00620,MER_0001,723.49,INR,UPI,YES,2026-08-19 19:46:00,failed,network_error,True,False
TXN_004732,CUST_01325,MER_0022,1792.2,INR,Card,AXIS,2026-08-03 01:27:00,failed,network_error,True,True
TXN_004733,CUST_00734,MER_0010,1065.53,INR,UPI,KOTAK,2026-08-23 21:39:00,success,,True,False
TXN_004734,CUST_00478,MER_0039,3459.08,INR,Card,KOTAK,2026-07-03 06:32:00,success,,True,False
TXN_004735,CUST_01707,MER_0014,1326.7,INR,Card,ICICI,2026-07-04 12:34:00,success,,True,False
TXN_004736,CUST_01449,MER_0037,2179.03,INR,Card,SBI,2026-08-03 12:06:00,failed,authentication_failure,True,False
TXN_004737,CUST_00615,MER_0038,4594.46,INR,UPI,YES,2026-07-08 09:20:00,failed,bank_timeout,True,True
TXN_004738,CUST_01692,MER_0003,593.18,INR,Wallet,KOTAK,2026-08-22 12:12:00,success,,True,False
TXN_004739,CUST_00758,MER_0050,26748.9,INR,Wallet,ICICI,2026-08-13 06:33:00,success,,True,False
TXN_004740,CUST_00259,MER_0001,9864.4,INR,NetBanking,KOTAK,2026-07-19 23:09:00,success,,True,False
TXN_004741,CUST_01735,MER_0016,4350.91,INR,Card,AXIS,2026-07-10 11:01:00,success,,True,False
TXN_004742,CUST_00376,MER_0018,1336.0,INR,UPI,ICICI,2026-08-12 23:37:00,success,,True,False
TXN_004743,CUST_00035,MER_0029,2228.59,INR,UPI,HDFC,2026-08-09 06:30:00,success,,True,True
TXN_004744,CUST_00766,MER_0038,1580.13,INR,UPI,AXIS,2026-08-21 14:43:00,failed,bank_timeout,False,False
TXN_004745,CUST_01329,MER_0049,3010.92,INR,UPI,YES,2026-07-27 02:36:00,failed,network_error,True,False
TXN_004746,CUST_01166,MER_0041,1674.71,INR,UPI,HDFC,2026-07-05 05:37:00,success,,True,False
TXN_004747,CUST_01996,MER_0002,5984.63,INR,UPI,AXIS,2026-08-07 13:01:00,success,,True,False
TXN_004748,CUST_00387,MER_0042,8778.65,INR,UPI,ICICI,2026-07-12 07:33:00,success,,True,False
TXN_004749,CUST_00408,MER_0025,8288.84,INR,Card,HDFC,2026-07-19 08:13:00,success,,True,False
TXN_004750,CUST_00995,MER_0012,4472.15,INR,NetBanking,HDFC,2026-08-17 16:36:00,failed,bank_declined,True,False
TXN_004751,CUST_01355,MER_0022,182.51,INR,Card,SBI,2026-07-01 20:59:00,success,,True,False
TXN_004752,CUST_00897,MER_0011,3095.57,INR,Card,HDFC,2026-07-28 18:32:00,failed,authentication_failure,False,False
TXN_004753,CUST_01544,MER_0008,2729.81,INR,Wallet,SBI,2026-08-07 02:42:00,success,,True,False
TXN_004754,CUST_00894,MER_0030,2548.14,INR,NetBanking,KOTAK,2026-08-02 02:52:00,success,,True,False
TXN_004755,CUST_01396,MER_0020,844.71,INR,Card,YES,2026-08-20 12:33:00,failed,insufficient_funds,True,False
TXN_004756,CUST_00488,MER_0017,4047.17,INR,Card,AXIS,2026-08-11 22:52:00,failed,expired_card,True,True
TXN_004757,CUST_00403,MER_0021,5204.41,INR,Card,YES,2026-08-11 08:19:00,success,,True,True
TXN_004758,CUST_01075,MER_0041,3957.0,INR,UPI,AXIS,2026-08-03 03:47:00,success,,True,False
TXN_004759,CUST_00477,MER_0024,1758.08,INR,Wallet,AXIS,2026-07-09 12:43:00,failed,bank_timeout,False,False
TXN_004760,CUST_01545,MER_0019,2625.17,INR,UPI,SBI,2026-07-12 02:51:00,failed,network_error,True,False
TXN_004761,CUST_01964,MER_0048,5423.92,INR,UPI,AXIS,2026-07-31 00:48:00,success,,True,True
TXN_004762,CUST_00229,MER_0048,4084.42,INR,UPI,AXIS,2026-07-26 21:15:00,success,,True,False
TXN_004763,CUST_00144,MER_0048,12859.97,INR,Wallet,AXIS,2026-08-14 06:16:00,success,,True,False
TXN_004764,CUST_00260,MER_0042,14259.45,INR,Card,HDFC,2026-07-05 07:13:00,success,,True,False
TXN_004765,CUST_00469,MER_0028,2601.18,INR,Card,KOTAK,2026-08-09 12:58:00,success,,True,False
TXN_004766,CUST_01871,MER_0026,113.37,INR,UPI,KOTAK,2026-07-27 17:16:00,failed,bank_timeout,True,True
TXN_004767,CUST_01827,MER_0007,1583.98,INR,UPI,AXIS,2026-08-22 00:16:00,success,,True,True
TXN_004768,CUST_01401,MER_0024,1285.38,INR,Wallet,YES,2026-07-15 08:02:00,success,,True,False
TXN_004769,CUST_01110,MER_0049,1774.45,INR,Card,SBI,2026-07-15 07:14:00,failed,network_error,False,False
TXN_004770,CUST_00049,MER_0027,3983.1,INR,Card,HDFC,2026-08-01 03:54:00,failed,network_error,True,False
TXN_004771,CUST_00023,MER_0016,1030.52,INR,Card,ICICI,2026-08-01 04:00:00,success,,True,False
TXN_004772,CUST_00094,MER_0034,3211.61,INR,UPI,ICICI,2026-07-26 10:17:00,failed,network_error,True,False
TXN_004773,CUST_00279,MER_0025,4077.48,INR,Card,ICICI,2026-07-29 02:21:00,success,,True,False
TXN_004774,CUST_00799,MER_0032,1300.33,INR,UPI,HDFC,2026-08-03 22:52:00,failed,bank_declined,True,True
TXN_004775,CUST_00478,MER_0004,1627.32,INR,UPI,YES,2026-08-01 08:53:00,success,,True,False
TXN_004776,CUST_00786,MER_0018,2956.9,INR,UPI,ICICI,2026-07-29 20:44:00,success,,True,False
TXN_004777,CUST_01427,MER_0004,8009.49,INR,UPI,KOTAK,2026-08-18 13:33:00,success,,True,False
TXN_004778,CUST_01876,MER_0008,474.4,INR,Card,HDFC,2026-07-27 02:18:00,success,,True,False
TXN_004779,CUST_01815,MER_0029,2045.54,INR,Card,SBI,2026-08-22 15:12:00,success,,True,False
TXN_004780,CUST_01671,MER_0034,840.38,INR,Card,SBI,2026-08-14 04:16:00,success,,True,False
TXN_004781,CUST_00282,MER_0042,650.8,INR,Card,HDFC,2026-08-10 17:37:00,success,,True,False
TXN_004782,CUST_01938,MER_0021,5289.96,INR,UPI,SBI,2026-08-24 09:43:00,failed,bank_timeout,True,False
TXN_004783,CUST_00183,MER_0002,3496.6,INR,Card,KOTAK,2026-08-20 02:04:00,success,,True,False
TXN_004784,CUST_00436,MER_0020,5099.11,INR,Card,SBI,2026-07-22 07:11:00,failed,authentication_failure,True,True
TXN_004785,CUST_00562,MER_0012,1726.57,INR,UPI,ICICI,2026-08-06 21:22:00,success,,True,False
TXN_004786,CUST_01623,MER_0009,14024.83,INR,UPI,SBI,2026-07-24 11:40:00,success,,True,False
TXN_004787,CUST_00256,MER_0021,2003.68,INR,NetBanking,HDFC,2026-08-01 16:00:00,failed,network_error,True,True
TXN_004788,CUST_00179,MER_0029,2453.09,INR,UPI,KOTAK,2026-08-17 04:36:00,success,,True,True
TXN_004789,CUST_00609,MER_0004,556.35,INR,UPI,HDFC,2026-07-27 09:59:00,success,,True,False
TXN_004790,CUST_01248,MER_0011,475.47,INR,UPI,ICICI,2026-08-15 02:06:00,success,,True,False
TXN_004791,CUST_00018,MER_0047,1535.81,INR,UPI,AXIS,2026-07-27 01:36:00,success,,True,False
TXN_004792,CUST_01987,MER_0029,5680.99,INR,UPI,HDFC,2026-07-04 19:34:00,failed,bank_timeout,True,False
TXN_004793,CUST_01107,MER_0047,5070.84,INR,UPI,AXIS,2026-08-06 13:15:00,success,,True,True
TXN_004794,CUST_00037,MER_0050,1108.06,INR,Wallet,KOTAK,2026-08-03 08:39:00,failed,network_error,True,False
TXN_004795,CUST_00354,MER_0044,1127.87,INR,UPI,KOTAK,2026-08-06 12:48:00,success,,True,False
TXN_004796,CUST_01533,MER_0004,2893.61,INR,Wallet,AXIS,2026-07-10 08:21:00,success,,True,True
TXN_004797,CUST_00499,MER_0008,2420.47,INR,Card,AXIS,2026-07-21 04:15:00,success,,True,False
TXN_004798,CUST_01527,MER_0012,2123.67,INR,NetBanking,AXIS,2026-07-02 11:30:00,success,,True,False
TXN_004799,CUST_00993,MER_0018,7121.5,INR,Card,ICICI,2026-07-18 06:04:00,failed,expired_card,True,False
TXN_004800,CUST_00961,MER_0011,829.08,INR,UPI,KOTAK,2026-07-30 08:39:00,success,,True,False
TXN_004801,CUST_00552,MER_0022,2479.96,INR,NetBanking,KOTAK,2026-07-13 13:39:00,success,,True,False
TXN_004802,CUST_00895,MER_0047,1772.49,INR,UPI,HDFC,2026-08-01 13:22:00,success,,True,False
TXN_004803,CUST_01410,MER_0043,36384.8,INR,NetBanking,AXIS,2026-07-14 17:09:00,success,,True,False
TXN_004804,CUST_00097,MER_0007,4193.14,INR,UPI,ICICI,2026-07-03 22:17:00,success,,True,False
TXN_004805,CUST_00743,MER_0010,1759.05,INR,Wallet,KOTAK,2026-07-15 12:25:00,success,,True,True
TXN_004806,CUST_01716,MER_0030,1048.49,INR,UPI,HDFC,2026-07-18 09:46:00,success,,True,False
TXN_004807,CUST_00553,MER_0042,542.27,INR,UPI,ICICI,2026-07-17 09:30:00,success,,True,False
TXN_004808,CUST_00779,MER_0017,1074.73,INR,UPI,SBI,2026-08-24 03:44:00,success,,True,False
TXN_004809,CUST_00755,MER_0007,2675.67,INR,UPI,YES,2026-07-24 11:05:00,success,,True,True
TXN_004810,CUST_00415,MER_0016,7645.43,INR,UPI,KOTAK,2026-08-06 16:00:00,failed,bank_timeout,False,False
TXN_004811,CUST_00300,MER_0005,2931.52,INR,UPI,KOTAK,2026-08-24 14:35:00,success,,True,False
TXN_004812,CUST_01886,MER_0017,1884.59,INR,UPI,KOTAK,2026-08-17 01:31:00,success,,True,False
TXN_004813,CUST_01595,MER_0030,3026.16,INR,NetBanking,ICICI,2026-08-09 22:32:00,success,,True,False
TXN_004814,CUST_01609,MER_0022,1611.77,INR,UPI,SBI,2026-07-27 05:44:00,failed,network_error,True,False
TXN_004815,CUST_01455,MER_0026,2097.81,INR,UPI,KOTAK,2026-08-18 12:11:00,success,,True,True
TXN_004816,CUST_01367,MER_0003,2277.72,INR,NetBanking,SBI,2026-08-18 13:24:00,success,,True,True
TXN_004817,CUST_00959,MER_0044,414.61,INR,UPI,KOTAK,2026-07-05 03:56:00,failed,network_error,True,True
TXN_004818,CUST_01786,MER_0026,4765.64,INR,Card,ICICI,2026-08-18 04:58:00,failed,bank_declined,True,False
TXN_004819,CUST_00905,MER_0031,1338.66,INR,Wallet,AXIS,2026-07-06 16:43:00,success,,True,False
TXN_004820,CUST_01052,MER_0011,4601.64,INR,Card,SBI,2026-08-23 17:46:00,success,,True,False
TXN_004821,CUST_01106,MER_0016,748.95,INR,UPI,HDFC,2026-08-01 19:58:00,success,,True,False
TXN_004822,CUST_00022,MER_0019,5688.72,INR,UPI,ICICI,2026-08-16 06:38:00,success,,True,False
TXN_004823,CUST_00445,MER_0041,1594.45,INR,UPI,YES,2026-08-06 06:13:00,success,,True,False
TXN_004824,CUST_00977,MER_0025,1788.52,INR,Card,HDFC,2026-08-04 00:45:00,success,,True,False
TXN_004825,CUST_01447,MER_0016,993.17,INR,UPI,HDFC,2026-07-12 04:53:00,success,,True,False
TXN_004826,CUST_00751,MER_0013,3302.51,INR,Card,YES,2026-08-22 00:32:00,failed,network_error,True,False
TXN_004827,CUST_00946,MER_0044,4560.55,INR,UPI,AXIS,2026-07-19 15:20:00,success,,True,False
TXN_004828,CUST_01128,MER_0015,1222.4,INR,Card,YES,2026-07-10 23:23:00,success,,True,False
TXN_004829,CUST_00797,MER_0040,6054.13,INR,UPI,KOTAK,2026-07-21 08:52:00,failed,bank_declined,True,True
TXN_004830,CUST_01572,MER_0037,7328.95,INR,NetBanking,KOTAK,2026-07-14 04:49:00,success,,True,True
TXN_004831,CUST_00848,MER_0012,4653.34,INR,Card,KOTAK,2026-07-06 21:03:00,success,,True,False
TXN_004832,CUST_01596,MER_0041,231.71,INR,NetBanking,AXIS,2026-07-05 22:41:00,success,,True,False
TXN_004833,CUST_00638,MER_0049,1093.06,INR,UPI,KOTAK,2026-08-05 02:07:00,failed,bank_declined,True,False
TXN_004834,CUST_00961,MER_0031,2755.42,INR,UPI,SBI,2026-07-09 13:18:00,success,,True,False
TXN_004835,CUST_00622,MER_0046,1075.99,INR,Card,AXIS,2026-07-12 06:19:00,success,,True,True
TXN_004836,CUST_01712,MER_0023,1470.16,INR,UPI,SBI,2026-07-04 03:17:00,success,,True,False
TXN_004837,CUST_01213,MER_0050,531.13,INR,NetBanking,KOTAK,2026-07-29 08:39:00,success,,True,True
TXN_004838,CUST_00986,MER_0026,2274.01,INR,UPI,YES,2026-08-19 02:20:00,success,,True,False
TXN_004839,CUST_01159,MER_0050,14307.68,INR,Wallet,KOTAK,2026-08-20 11:05:00,success,,True,False
TXN_004840,CUST_00306,MER_0028,4646.86,INR,UPI,YES,2026-07-01 11:38:00,success,,True,False
TXN_004841,CUST_00767,MER_0042,14077.51,INR,Card,AXIS,2026-08-17 10:24:00,success,,True,False
TXN_004842,CUST_01422,MER_0006,4943.94,INR,Card,ICICI,2026-07-09 22:28:00,failed,authentication_failure,True,True
TXN_004843,CUST_00015,MER_0004,11840.28,INR,Card,ICICI,2026-07-28 19:48:00,success,,True,False
TXN_004844,CUST_00646,MER_0005,3300.44,INR,Wallet,AXIS,2026-08-26 14:21:00,success,,True,False
TXN_004845,CUST_00394,MER_0040,2101.1,INR,Wallet,KOTAK,2026-07-05 20:22:00,success,,True,False
TXN_004846,CUST_01738,MER_0029,5575.44,INR,UPI,YES,2026-07-12 04:42:00,failed,bank_timeout,True,False
TXN_004847,CUST_00260,MER_0048,1662.42,INR,UPI,YES,2026-07-17 05:17:00,failed,bank_timeout,True,False
TXN_004848,CUST_01964,MER_0018,2727.35,INR,UPI,ICICI,2026-07-07 06:20:00,success,,True,True
TXN_004849,CUST_01826,MER_0007,4746.67,INR,NetBanking,KOTAK,2026-08-23 16:22:00,failed,network_error,True,False
TXN_004850,CUST_00308,MER_0030,781.07,INR,UPI,HDFC,2026-08-12 06:01:00,success,,True,False
TXN_004851,CUST_00214,MER_0047,11263.07,INR,Card,HDFC,2026-08-02 07:01:00,failed,expired_card,True,False
TXN_004852,CUST_01189,MER_0013,1974.26,INR,Wallet,YES,2026-07-19 07:41:00,failed,network_error,True,False
TXN_004853,CUST_01300,MER_0023,21134.52,INR,UPI,YES,2026-07-06 23:56:00,success,,True,False
TXN_004854,CUST_01215,MER_0016,2962.11,INR,Wallet,YES,2026-08-02 05:40:00,success,,True,True
TXN_004855,CUST_01181,MER_0027,1235.49,INR,Card,ICICI,2026-08-14 23:00:00,failed,insufficient_funds,True,False
TXN_004856,CUST_01962,MER_0003,4515.67,INR,UPI,KOTAK,2026-07-20 11:49:00,success,,True,False
TXN_004857,CUST_01166,MER_0037,2100.26,INR,Wallet,HDFC,2026-08-18 19:15:00,success,,True,False
TXN_004858,CUST_01353,MER_0028,4781.38,INR,Card,SBI,2026-07-19 20:22:00,success,,True,True
TXN_004859,CUST_01709,MER_0021,1261.13,INR,UPI,AXIS,2026-07-22 03:24:00,failed,authentication_failure,False,True
TXN_004860,CUST_00246,MER_0028,488.74,INR,UPI,HDFC,2026-07-21 09:18:00,failed,network_error,True,False
TXN_004861,CUST_00603,MER_0017,10364.12,INR,UPI,AXIS,2026-08-08 12:47:00,success,,True,False
TXN_004862,CUST_00896,MER_0007,9073.77,INR,UPI,KOTAK,2026-08-22 20:18:00,success,,True,True
TXN_004863,CUST_00297,MER_0025,2572.49,INR,Card,AXIS,2026-07-09 20:16:00,success,,True,False
TXN_004864,CUST_00635,MER_0004,9231.21,INR,UPI,KOTAK,2026-07-28 05:47:00,success,,True,True
TXN_004865,CUST_00628,MER_0007,2147.24,INR,Card,AXIS,2026-08-05 21:35:00,success,,True,False
TXN_004866,CUST_01009,MER_0036,2008.76,INR,UPI,SBI,2026-08-01 08:49:00,failed,bank_declined,True,False
TXN_004867,CUST_01164,MER_0022,2208.49,INR,UPI,HDFC,2026-07-17 13:20:00,success,,True,False
TXN_004868,CUST_01885,MER_0046,2054.61,INR,UPI,YES,2026-07-18 01:40:00,failed,authentication_failure,True,False
TXN_004869,CUST_00906,MER_0004,2752.07,INR,Card,HDFC,2026-07-17 04:25:00,success,,True,False
TXN_004870,CUST_01014,MER_0040,4315.57,INR,UPI,ICICI,2026-07-27 23:06:00,success,,True,False
TXN_004871,CUST_01287,MER_0042,5569.74,INR,UPI,KOTAK,2026-08-18 17:50:00,failed,bank_timeout,True,False
TXN_004872,CUST_00255,MER_0043,1123.03,INR,UPI,KOTAK,2026-07-07 20:42:00,success,,True,False
TXN_004873,CUST_00059,MER_0016,826.92,INR,Card,KOTAK,2026-07-26 22:26:00,success,,True,True
TXN_004874,CUST_01002,MER_0042,2749.09,INR,Card,SBI,2026-07-15 16:38:00,success,,True,True
TXN_004875,CUST_00875,MER_0012,2128.12,INR,Card,HDFC,2026-07-05 15:45:00,success,,True,False
TXN_004876,CUST_01648,MER_0024,2617.34,INR,NetBanking,YES,2026-07-22 20:22:00,success,,True,False
TXN_004877,CUST_01806,MER_0039,2409.46,INR,UPI,SBI,2026-08-21 01:37:00,success,,True,False
TXN_004878,CUST_01687,MER_0022,19280.68,INR,Card,YES,2026-07-09 20:42:00,failed,insufficient_funds,True,True
TXN_004879,CUST_00689,MER_0045,496.73,INR,Card,HDFC,2026-07-29 19:48:00,failed,bank_declined,True,False
TXN_004880,CUST_01795,MER_0011,1805.99,INR,NetBanking,SBI,2026-07-17 10:34:00,success,,True,False
TXN_004881,CUST_00044,MER_0038,3142.75,INR,UPI,AXIS,2026-07-10 10:37:00,success,,True,False
TXN_004882,CUST_01386,MER_0024,3893.67,INR,UPI,HDFC,2026-07-20 00:46:00,success,,True,False
TXN_004883,CUST_00406,MER_0043,6817.74,INR,Card,YES,2026-08-14 15:52:00,success,,True,False
TXN_004884,CUST_00737,MER_0024,730.86,INR,UPI,AXIS,2026-07-28 12:58:00,success,,True,False
TXN_004885,CUST_01572,MER_0004,1563.41,INR,Wallet,YES,2026-08-26 15:04:00,success,,True,False
TXN_004886,CUST_01512,MER_0005,3439.25,INR,Card,HDFC,2026-08-07 00:57:00,success,,True,False
TXN_004887,CUST_00730,MER_0007,4520.47,INR,Card,SBI,2026-07-02 16:38:00,failed,bank_declined,True,False
TXN_004888,CUST_00762,MER_0004,5242.55,INR,Card,KOTAK,2026-07-10 04:44:00,failed,authentication_failure,True,False
TXN_004889,CUST_00603,MER_0003,1197.09,INR,UPI,YES,2026-07-06 10:22:00,success,,True,False
TXN_004890,CUST_00379,MER_0029,1553.97,INR,UPI,KOTAK,2026-07-04 11:51:00,success,,True,False
TXN_004891,CUST_00964,MER_0031,1519.05,INR,Card,YES,2026-08-09 00:57:00,failed,network_error,True,False
TXN_004892,CUST_00062,MER_0013,2997.69,INR,UPI,ICICI,2026-08-19 21:39:00,success,,True,False
TXN_004893,CUST_01711,MER_0047,846.47,INR,NetBanking,SBI,2026-07-05 19:28:00,success,,True,False
TXN_004894,CUST_00623,MER_0036,1722.06,INR,UPI,HDFC,2026-08-05 04:42:00,failed,bank_timeout,True,False
TXN_004895,CUST_00796,MER_0038,3233.53,INR,UPI,SBI,2026-08-10 19:19:00,failed,authentication_failure,False,True
TXN_004896,CUST_01743,MER_0015,3315.41,INR,Wallet,YES,2026-08-10 01:26:00,success,,True,False
TXN_004897,CUST_00979,MER_0030,8965.55,INR,UPI,YES,2026-08-22 05:11:00,success,,True,True
TXN_004898,CUST_01214,MER_0035,2947.86,INR,UPI,AXIS,2026-08-12 00:34:00,success,,True,False
TXN_004899,CUST_00067,MER_0011,1792.17,INR,Wallet,HDFC,2026-08-03 12:50:00,success,,True,False
TXN_004900,CUST_01537,MER_0008,1173.09,INR,Card,YES,2026-08-21 00:55:00,success,,True,False
TXN_004901,CUST_00106,MER_0010,2980.03,INR,Wallet,ICICI,2026-08-04 19:00:00,failed,network_error,True,False
TXN_004902,CUST_01459,MER_0023,2106.05,INR,UPI,SBI,2026-08-12 02:10:00,success,,True,False
TXN_004903,CUST_00151,MER_0013,2070.05,INR,UPI,AXIS,2026-08-14 06:18:00,success,,True,False
TXN_004904,CUST_00331,MER_0045,819.28,INR,UPI,SBI,2026-08-21 00:34:00,success,,True,False
TXN_004905,CUST_00581,MER_0017,1161.41,INR,Wallet,ICICI,2026-07-04 07:41:00,failed,bank_declined,True,False
TXN_004906,CUST_01635,MER_0044,2935.31,INR,UPI,AXIS,2026-07-09 17:47:00,success,,True,False
TXN_004907,CUST_00598,MER_0022,2647.66,INR,UPI,YES,2026-08-20 03:03:00,failed,authentication_failure,True,False
TXN_004908,CUST_01672,MER_0049,2628.33,INR,UPI,YES,2026-07-04 06:04:00,success,,True,False
TXN_004909,CUST_00714,MER_0034,6596.47,INR,Card,YES,2026-07-11 08:02:00,success,,True,False
TXN_004910,CUST_01410,MER_0047,2693.89,INR,UPI,ICICI,2026-07-02 02:30:00,failed,authentication_failure,False,False
TXN_004911,CUST_01917,MER_0020,8992.12,INR,UPI,ICICI,2026-07-01 15:14:00,failed,network_error,True,False
TXN_004912,CUST_01094,MER_0009,1523.24,INR,UPI,YES,2026-08-11 15:25:00,success,,True,False
TXN_004913,CUST_00587,MER_0009,895.41,INR,UPI,SBI,2026-08-17 21:24:00,success,,True,False
TXN_004914,CUST_00067,MER_0037,3350.05,INR,UPI,ICICI,2026-07-12 00:12:00,success,,True,True
TXN_004915,CUST_01445,MER_0015,2222.22,INR,Card,ICICI,2026-08-02 02:18:00,failed,authentication_failure,True,False
TXN_004916,CUST_01470,MER_0008,1850.62,INR,UPI,ICICI,2026-07-30 01:54:00,success,,True,False
TXN_004917,CUST_00852,MER_0028,1249.0,INR,Card,YES,2026-08-17 07:13:00,failed,authentication_failure,True,False
TXN_004918,CUST_01898,MER_0040,5116.5,INR,UPI,ICICI,2026-08-01 09:45:00,success,,True,True
TXN_004919,CUST_00778,MER_0014,2793.14,INR,UPI,KOTAK,2026-08-26 11:51:00,success,,True,False
TXN_004920,CUST_01608,MER_0024,4192.64,INR,Wallet,SBI,2026-07-26 05:26:00,failed,insufficient_funds,True,False
TXN_004921,CUST_01473,MER_0005,2942.73,INR,Card,AXIS,2026-07-24 07:06:00,success,,True,False
TXN_004922,CUST_01591,MER_0049,6198.07,INR,UPI,KOTAK,2026-08-15 05:59:00,success,,True,False
TXN_004923,CUST_01001,MER_0050,4024.9,INR,Card,KOTAK,2026-07-28 10:38:00,success,,True,False
TXN_004924,CUST_00797,MER_0023,2131.5,INR,NetBanking,SBI,2026-08-13 16:57:00,success,,True,True
TXN_004925,CUST_01900,MER_0036,7200.39,INR,UPI,SBI,2026-08-23 01:47:00,success,,True,False
TXN_004926,CUST_01467,MER_0038,368.01,INR,UPI,SBI,2026-08-25 11:30:00,failed,network_error,True,False
TXN_004927,CUST_01383,MER_0020,623.43,INR,NetBanking,AXIS,2026-07-17 12:53:00,success,,True,False
TXN_004928,CUST_00092,MER_0003,1477.82,INR,NetBanking,KOTAK,2026-07-04 10:13:00,success,,True,False
TXN_004929,CUST_01546,MER_0045,2362.0,INR,Wallet,AXIS,2026-07-15 17:18:00,success,,True,False
TXN_004930,CUST_00592,MER_0033,2170.72,INR,UPI,YES,2026-07-19 03:29:00,success,,True,False
TXN_004931,CUST_00956,MER_0001,5459.59,INR,NetBanking,YES,2026-08-10 05:33:00,failed,bank_declined,True,True
TXN_004932,CUST_01477,MER_0038,3006.75,INR,NetBanking,YES,2026-07-19 09:03:00,success,,True,False
TXN_004933,CUST_00750,MER_0009,1536.76,INR,NetBanking,AXIS,2026-07-16 11:03:00,success,,True,True
TXN_004934,CUST_01169,MER_0019,3090.58,INR,Card,SBI,2026-08-07 16:05:00,success,,True,False
TXN_004935,CUST_01612,MER_0009,2317.36,INR,Card,SBI,2026-07-18 12:37:00,success,,True,False
TXN_004936,CUST_00409,MER_0047,2628.97,INR,Wallet,SBI,2026-07-15 21:34:00,success,,True,False
TXN_004937,CUST_00044,MER_0043,1571.93,INR,UPI,KOTAK,2026-08-10 20:34:00,success,,True,False
TXN_004938,CUST_00787,MER_0028,1622.87,INR,Card,ICICI,2026-07-23 22:01:00,success,,True,False
TXN_004939,CUST_01243,MER_0009,3071.18,INR,Card,AXIS,2026-08-11 23:11:00,success,,True,True
TXN_004940,CUST_01973,MER_0037,5192.51,INR,Card,HDFC,2026-08-05 03:03:00,success,,True,False
TXN_004941,CUST_01447,MER_0030,1512.28,INR,UPI,HDFC,2026-07-08 02:42:00,failed,bank_declined,True,False
TXN_004942,CUST_00257,MER_0021,3986.9,INR,Card,SBI,2026-08-13 10:59:00,success,,True,False
TXN_004943,CUST_00995,MER_0007,2377.96,INR,Card,AXIS,2026-08-11 09:11:00,failed,bank_declined,True,False
TXN_004944,CUST_01708,MER_0018,1182.47,INR,UPI,HDFC,2026-08-15 10:13:00,failed,bank_declined,False,False
TXN_004945,CUST_01084,MER_0003,1593.35,INR,NetBanking,KOTAK,2026-07-29 05:56:00,success,,True,True
TXN_004946,CUST_00590,MER_0020,1322.02,INR,UPI,HDFC,2026-08-08 01:38:00,success,,True,False
TXN_004947,CUST_00613,MER_0029,2291.52,INR,Card,HDFC,2026-08-23 15:06:00,success,,True,False
TXN_004948,CUST_00876,MER_0043,1466.34,INR,NetBanking,YES,2026-07-26 03:09:00,success,,True,False
TXN_004949,CUST_00331,MER_0008,4415.22,INR,UPI,SBI,2026-08-22 03:25:00,failed,network_error,True,False
TXN_004950,CUST_01196,MER_0024,2752.82,INR,Card,SBI,2026-08-04 05:27:00,success,,True,False
TXN_004951,CUST_00915,MER_0027,2768.63,INR,Card,ICICI,2026-08-26 04:39:00,success,,True,False
TXN_004952,CUST_01134,MER_0024,2852.54,INR,UPI,YES,2026-08-12 08:35:00,success,,True,False
TXN_004953,CUST_00808,MER_0034,2393.94,INR,Card,AXIS,2026-07-28 04:14:00,failed,authentication_failure,True,False
TXN_004954,CUST_01475,MER_0050,1291.39,INR,UPI,HDFC,2026-07-22 16:01:00,failed,bank_timeout,True,True
TXN_004955,CUST_00919,MER_0037,2019.83,INR,NetBanking,YES,2026-08-16 09:10:00,success,,True,True
TXN_004956,CUST_00099,MER_0035,854.71,INR,Card,YES,2026-08-03 16:59:00,success,,True,True
TXN_004957,CUST_00635,MER_0006,2836.88,INR,Card,YES,2026-08-14 23:14:00,failed,bank_declined,True,False
TXN_004958,CUST_01197,MER_0016,4155.83,INR,UPI,HDFC,2026-08-10 15:05:00,failed,network_error,True,True
TXN_004959,CUST_01220,MER_0049,1300.81,INR,NetBanking,YES,2026-07-03 17:29:00,success,,True,True
TXN_004960,CUST_00730,MER_0012,3184.01,INR,UPI,HDFC,2026-08-23 17:19:00,success,,True,True
TXN_004961,CUST_01610,MER_0020,599.2,INR,UPI,SBI,2026-08-12 08:09:00,success,,True,True
TXN_004962,CUST_00946,MER_0033,3509.13,INR,Card,KOTAK,2026-07-07 14:10:00,success,,True,False
TXN_004963,CUST_01164,MER_0008,1201.62,INR,NetBanking,HDFC,2026-08-21 09:55:00,success,,True,False
TXN_004964,CUST_01557,MER_0040,1480.5,INR,Card,HDFC,2026-08-15 21:34:00,failed,insufficient_funds,True,False
TXN_004965,CUST_01052,MER_0042,4384.02,INR,NetBanking,ICICI,2026-08-24 21:23:00,success,,True,False
TXN_004966,CUST_00703,MER_0044,5463.49,INR,UPI,SBI,2026-07-03 07:39:00,success,,True,False
TXN_004967,CUST_01860,MER_0022,2486.69,INR,Card,AXIS,2026-08-06 05:49:00,success,,True,False
TXN_004968,CUST_01703,MER_0032,1222.26,INR,UPI,ICICI,2026-07-23 17:46:00,failed,network_error,True,True
TXN_004969,CUST_00569,MER_0045,1338.99,INR,UPI,AXIS,2026-08-05 12:33:00,success,,True,False
TXN_004970,CUST_00910,MER_0006,432.84,INR,UPI,AXIS,2026-07-01 21:38:00,failed,bank_timeout,True,False
TXN_004971,CUST_01504,MER_0022,1008.46,INR,Card,ICICI,2026-07-25 05:12:00,success,,True,True
TXN_004972,CUST_00308,MER_0045,5382.39,INR,UPI,YES,2026-07-22 01:29:00,success,,True,True
TXN_004973,CUST_00200,MER_0018,1799.19,INR,UPI,KOTAK,2026-07-25 18:29:00,success,,True,False
TXN_004974,CUST_00134,MER_0038,3955.93,INR,UPI,KOTAK,2026-07-09 19:13:00,failed,bank_declined,True,False
TXN_004975,CUST_00458,MER_0030,927.89,INR,NetBanking,YES,2026-08-18 01:52:00,failed,bank_timeout,True,False
TXN_004976,CUST_01033,MER_0038,2297.24,INR,UPI,SBI,2026-08-22 13:06:00,success,,True,False
TXN_004977,CUST_00416,MER_0017,8350.2,INR,UPI,YES,2026-08-21 12:23:00,success,,True,False
TXN_004978,CUST_01743,MER_0019,1441.29,INR,Card,ICICI,2026-07-21 04:35:00,success,,True,False
TXN_004979,CUST_01436,MER_0035,1516.86,INR,Card,AXIS,2026-07-20 12:56:00,success,,True,True
TXN_004980,CUST_00414,MER_0040,3577.83,INR,UPI,HDFC,2026-07-17 08:07:00,success,,True,False
TXN_004981,CUST_00066,MER_0019,1537.97,INR,UPI,ICICI,2026-08-08 03:20:00,failed,network_error,True,False
TXN_004982,CUST_00288,MER_0031,705.4,INR,NetBanking,ICICI,2026-08-17 15:03:00,success,,True,False
TXN_004983,CUST_00483,MER_0010,14349.41,INR,UPI,HDFC,2026-07-11 10:49:00,success,,True,False
TXN_004984,CUST_00756,MER_0046,830.34,INR,UPI,KOTAK,2026-08-13 07:11:00,failed,bank_timeout,True,True
TXN_004985,CUST_00841,MER_0029,2378.0,INR,UPI,HDFC,2026-08-08 16:29:00,success,,True,False
TXN_004986,CUST_01148,MER_0044,11272.83,INR,UPI,AXIS,2026-07-16 05:30:00,failed,authentication_failure,True,False
TXN_004987,CUST_01278,MER_0007,11931.81,INR,Wallet,KOTAK,2026-07-22 18:04:00,failed,bank_declined,True,False
TXN_004988,CUST_01605,MER_0015,3407.3,INR,UPI,HDFC,2026-08-03 20:36:00,failed,authentication_failure,True,False
TXN_004989,CUST_00991,MER_0038,3854.18,INR,Card,YES,2026-08-12 03:11:00,success,,True,False
TXN_004990,CUST_01665,MER_0039,1368.14,INR,Card,ICICI,2026-08-05 04:05:00,success,,True,False
TXN_004991,CUST_01819,MER_0016,6723.26,INR,UPI,YES,2026-07-01 14:03:00,failed,bank_timeout,False,False
TXN_004992,CUST_00171,MER_0044,2229.37,INR,UPI,HDFC,2026-08-19 20:20:00,success,,True,False
TXN_004993,CUST_01162,MER_0004,1565.22,INR,NetBanking,KOTAK,2026-08-13 07:21:00,failed,bank_timeout,True,False
TXN_004994,CUST_00855,MER_0030,4416.29,INR,UPI,AXIS,2026-07-13 07:33:00,failed,bank_declined,True,False
TXN_004995,CUST_01969,MER_0037,6420.22,INR,Card,AXIS,2026-07-08 04:37:00,failed,network_error,True,False
TXN_004996,CUST_00645,MER_0004,5717.78,INR,UPI,HDFC,2026-08-06 17:10:00,success,,True,False
TXN_004997,CUST_00934,MER_0049,18112.53,INR,UPI,SBI,2026-07-19 22:14:00,success,,True,True
TXN_004998,CUST_00771,MER_0029,1700.52,INR,UPI,KOTAK,2026-08-10 02:37:00,success,,True,False
TXN_004999,CUST_01144,MER_0014,11115.76,INR,UPI,KOTAK,2026-07-30 16:49:00,success,,True,False
TXN_005000,CUST_01389,MER_0026,1977.27,INR,UPI,HDFC,2026-07-07 18:15:00,failed,network_error,True,True
TXN_005001,CUST_01964,MER_0009,1911.21,INR,UPI,AXIS,2026-07-09 11:35:00,success,,True,False
TXN_005002,CUST_01736,MER_0003,5645.21,INR,UPI,AXIS,2026-08-25 14:01:00,success,,True,False
TXN_005003,CUST_01127,MER_0020,1248.2,INR,UPI,AXIS,2026-08-11 08:04:00,success,,True,False
TXN_005004,CUST_01083,MER_0041,1509.79,INR,NetBanking,HDFC,2026-08-17 23:39:00,success,,True,False
TXN_005005,CUST_01637,MER_0033,3923.86,INR,UPI,AXIS,2026-07-15 01:37:00,success,,True,True
TXN_005006,CUST_00817,MER_0005,2446.58,INR,Card,ICICI,2026-07-27 06:36:00,success,,True,False
TXN_005007,CUST_00660,MER_0022,3895.97,INR,NetBanking,HDFC,2026-07-09 20:20:00,success,,True,False
TXN_005008,CUST_00303,MER_0014,2952.08,INR,Wallet,YES,2026-07-06 01:47:00,failed,bank_timeout,True,False
TXN_005009,CUST_00081,MER_0023,1727.03,INR,UPI,ICICI,2026-08-06 05:27:00,success,,True,False
TXN_005010,CUST_01017,MER_0026,2937.71,INR,UPI,YES,2026-08-13 09:30:00,success,,True,False
TXN_005011,CUST_00920,MER_0028,1162.24,INR,Card,SBI,2026-07-24 12:04:00,success,,True,False
TXN_005012,CUST_00839,MER_0014,6841.39,INR,UPI,ICICI,2026-07-23 09:37:00,failed,authentication_failure,True,False
TXN_005013,CUST_01922,MER_0009,6021.42,INR,UPI,YES,2026-07-31 13:18:00,failed,bank_timeout,True,True
TXN_005014,CUST_00622,MER_0003,2868.66,INR,UPI,AXIS,2026-07-17 05:01:00,success,,True,False
TXN_005015,CUST_00323,MER_0004,1642.59,INR,UPI,ICICI,2026-07-31 02:50:00,success,,True,False
TXN_005016,CUST_00370,MER_0026,1082.69,INR,UPI,YES,2026-07-13 09:54:00,success,,True,False
TXN_005017,CUST_01757,MER_0032,604.37,INR,NetBanking,ICICI,2026-07-05 03:42:00,success,,True,True
TXN_005018,CUST_01158,MER_0022,1049.16,INR,UPI,KOTAK,2026-08-08 12:38:00,failed,bank_timeout,True,False
TXN_005019,CUST_00510,MER_0044,2891.42,INR,Card,ICICI,2026-08-23 21:49:00,success,,True,False
TXN_005020,CUST_01485,MER_0046,5476.95,INR,Card,KOTAK,2026-07-02 18:07:00,success,,True,False
TXN_005021,CUST_00838,MER_0046,1708.54,INR,Card,SBI,2026-08-02 22:00:00,success,,True,False
TXN_005022,CUST_00957,MER_0021,1205.24,INR,UPI,KOTAK,2026-07-29 12:44:00,success,,True,False
TXN_005023,CUST_00911,MER_0050,769.57,INR,Card,AXIS,2026-07-17 04:32:00,success,,True,False
TXN_005024,CUST_00984,MER_0041,3583.34,INR,Card,HDFC,2026-08-16 10:21:00,failed,expired_card,True,False
TXN_005025,CUST_01836,MER_0021,6721.48,INR,UPI,YES,2026-08-26 15:27:00,success,,True,False
TXN_005026,CUST_00505,MER_0031,4306.78,INR,Wallet,SBI,2026-07-15 01:56:00,success,,True,True
TXN_005027,CUST_00185,MER_0001,4067.71,INR,Card,AXIS,2026-07-29 17:49:00,success,,True,False
TXN_005028,CUST_00744,MER_0017,9491.0,INR,UPI,HDFC,2026-08-24 20:33:00,success,,True,False
TXN_005029,CUST_00698,MER_0011,3183.27,INR,NetBanking,AXIS,2026-07-31 02:25:00,success,,True,False
TXN_005030,CUST_01534,MER_0038,4092.47,INR,UPI,SBI,2026-07-11 07:23:00,success,,True,True
TXN_005031,CUST_00031,MER_0001,1888.19,INR,Card,YES,2026-08-20 21:15:00,success,,True,False
TXN_005032,CUST_00891,MER_0042,820.87,INR,UPI,SBI,2026-07-05 19:05:00,success,,True,False
TXN_005033,CUST_00732,MER_0024,1412.22,INR,UPI,ICICI,2026-07-03 19:12:00,success,,True,False
TXN_005034,CUST_01382,MER_0044,2422.78,INR,Card,HDFC,2026-07-19 10:38:00,success,,True,False
TXN_005035,CUST_00570,MER_0040,2562.22,INR,Wallet,ICICI,2026-08-15 19:15:00,success,,True,False
TXN_005036,CUST_01416,MER_0043,11396.13,INR,UPI,AXIS,2026-08-01 11:11:00,success,,True,True
TXN_005037,CUST_01632,MER_0050,2604.57,INR,Card,ICICI,2026-08-15 17:53:00,success,,True,False
TXN_005038,CUST_00546,MER_0006,6267.14,INR,UPI,ICICI,2026-08-26 01:09:00,success,,True,False
TXN_005039,CUST_00620,MER_0002,1723.2,INR,Card,HDFC,2026-08-03 09:01:00,success,,True,False
TXN_005040,CUST_00867,MER_0036,1902.0,INR,UPI,YES,2026-07-15 16:14:00,failed,bank_declined,False,False
TXN_005041,CUST_00659,MER_0004,1347.68,INR,UPI,HDFC,2026-07-26 21:45:00,success,,True,False
TXN_005042,CUST_01642,MER_0031,3720.39,INR,UPI,HDFC,2026-08-08 23:31:00,success,,True,True
TXN_005043,CUST_01023,MER_0009,2455.41,INR,UPI,YES,2026-08-14 13:35:00,success,,True,False
TXN_005044,CUST_01465,MER_0001,5189.28,INR,UPI,HDFC,2026-08-03 11:33:00,success,,True,False
TXN_005045,CUST_00481,MER_0001,2821.44,INR,UPI,HDFC,2026-07-07 00:12:00,success,,True,False
TXN_005046,CUST_00531,MER_0047,1840.95,INR,UPI,YES,2026-07-26 19:06:00,success,,True,False
TXN_005047,CUST_01525,MER_0040,13611.05,INR,UPI,HDFC,2026-08-24 01:13:00,failed,authentication_failure,True,False
TXN_005048,CUST_00292,MER_0018,6188.21,INR,Card,HDFC,2026-07-01 13:02:00,success,,True,False
TXN_005049,CUST_01935,MER_0031,1770.53,INR,NetBanking,HDFC,2026-08-23 03:45:00,failed,bank_timeout,True,False
TXN_005050,CUST_01272,MER_0008,5127.7,INR,Card,SBI,2026-08-19 04:36:00,success,,True,False
TXN_005051,CUST_00761,MER_0022,2883.6,INR,Card,AXIS,2026-07-08 14:46:00,success,,True,True
TXN_005052,CUST_00202,MER_0032,371.08,INR,UPI,ICICI,2026-08-22 11:09:00,failed,bank_timeout,True,False
TXN_005053,CUST_01707,MER_0046,6531.34,INR,UPI,KOTAK,2026-08-12 04:50:00,success,,True,False
TXN_005054,CUST_01006,MER_0041,3721.88,INR,Card,SBI,2026-08-14 15:55:00,success,,True,False
TXN_005055,CUST_01553,MER_0001,3486.56,INR,Wallet,ICICI,2026-07-19 04:50:00,success,,True,False
TXN_005056,CUST_01373,MER_0027,615.35,INR,UPI,SBI,2026-07-12 07:45:00,failed,network_error,True,False
TXN_005057,CUST_01776,MER_0026,3391.7,INR,UPI,ICICI,2026-08-09 21:45:00,failed,bank_timeout,True,False
TXN_005058,CUST_00277,MER_0033,6449.34,INR,Card,KOTAK,2026-07-01 17:01:00,success,,True,False
TXN_005059,CUST_01662,MER_0020,2173.53,INR,Card,ICICI,2026-07-03 23:49:00,success,,True,False
TXN_005060,CUST_01131,MER_0029,3376.72,INR,Card,AXIS,2026-07-12 19:22:00,success,,True,False
TXN_005061,CUST_00014,MER_0046,2472.78,INR,Card,AXIS,2026-08-11 10:38:00,success,,True,False
TXN_005062,CUST_00062,MER_0041,1108.15,INR,UPI,YES,2026-08-01 04:11:00,success,,True,False
TXN_005063,CUST_01391,MER_0021,401.56,INR,NetBanking,SBI,2026-08-10 17:08:00,success,,True,False
TXN_005064,CUST_01794,MER_0027,3445.44,INR,UPI,AXIS,2026-08-15 04:01:00,failed,bank_declined,True,True
TXN_005065,CUST_00956,MER_0041,1488.4,INR,NetBanking,KOTAK,2026-08-24 15:50:00,success,,True,True
TXN_005066,CUST_01636,MER_0050,668.25,INR,UPI,AXIS,2026-08-19 12:53:00,success,,True,False
TXN_005067,CUST_01339,MER_0047,4039.16,INR,Card,SBI,2026-07-09 17:03:00,success,,True,False
TXN_005068,CUST_02000,MER_0019,1972.91,INR,Wallet,YES,2026-07-20 11:41:00,success,,True,False
TXN_005069,CUST_00003,MER_0047,3810.44,INR,UPI,HDFC,2026-07-10 21:57:00,failed,bank_timeout,True,False
TXN_005070,CUST_00229,MER_0009,440.04,INR,Wallet,SBI,2026-08-20 11:21:00,success,,True,False
TXN_005071,CUST_00721,MER_0027,1394.54,INR,Card,ICICI,2026-07-09 17:52:00,success,,True,False
TXN_005072,CUST_01267,MER_0024,2064.2,INR,Card,YES,2026-07-24 10:21:00,success,,True,False
TXN_005073,CUST_01508,MER_0001,7815.47,INR,Wallet,ICICI,2026-08-23 23:53:00,success,,True,True
TXN_005074,CUST_00817,MER_0015,659.1,INR,NetBanking,AXIS,2026-08-10 13:32:00,failed,bank_declined,False,False
TXN_005075,CUST_00928,MER_0006,2720.81,INR,UPI,HDFC,2026-07-23 18:02:00,failed,network_error,True,True
TXN_005076,CUST_01965,MER_0035,2082.97,INR,UPI,YES,2026-07-26 11:31:00,failed,bank_declined,True,False
TXN_005077,CUST_00114,MER_0048,5644.82,INR,Card,ICICI,2026-07-08 12:39:00,failed,bank_declined,True,False
TXN_005078,CUST_00839,MER_0015,3217.41,INR,UPI,ICICI,2026-07-30 16:39:00,failed,bank_declined,True,False
TXN_005079,CUST_01420,MER_0013,1326.49,INR,Card,YES,2026-08-03 05:54:00,success,,True,True
TXN_005080,CUST_00266,MER_0026,19317.76,INR,NetBanking,AXIS,2026-08-17 07:43:00,success,,True,True
TXN_005081,CUST_00056,MER_0016,3412.64,INR,UPI,HDFC,2026-07-30 11:35:00,failed,network_error,False,False
TXN_005082,CUST_00485,MER_0047,6064.59,INR,NetBanking,ICICI,2026-08-07 07:32:00,failed,network_error,False,False
TXN_005083,CUST_01109,MER_0047,9915.29,INR,UPI,YES,2026-08-02 02:09:00,success,,True,False
TXN_005084,CUST_01106,MER_0009,327.94,INR,Card,YES,2026-08-08 10:40:00,success,,True,False
TXN_005085,CUST_01051,MER_0035,1319.47,INR,UPI,AXIS,2026-07-17 08:24:00,success,,True,False
TXN_005086,CUST_00712,MER_0022,1690.49,INR,UPI,KOTAK,2026-08-07 16:31:00,success,,True,True
TXN_005087,CUST_01150,MER_0022,3886.94,INR,NetBanking,AXIS,2026-08-06 18:58:00,success,,True,False
TXN_005088,CUST_00003,MER_0019,2907.28,INR,UPI,YES,2026-07-19 00:54:00,success,,True,False
TXN_005089,CUST_00922,MER_0008,2135.7,INR,UPI,HDFC,2026-07-20 21:42:00,success,,True,False
TXN_005090,CUST_01805,MER_0049,2417.29,INR,NetBanking,AXIS,2026-07-29 17:58:00,success,,True,False
TXN_005091,CUST_01674,MER_0037,1116.08,INR,Card,YES,2026-07-03 11:49:00,success,,True,False
TXN_005092,CUST_01979,MER_0025,736.72,INR,Wallet,YES,2026-07-28 20:17:00,failed,bank_declined,True,False
TXN_005093,CUST_01435,MER_0009,4251.24,INR,Card,YES,2026-07-23 06:40:00,success,,True,False
TXN_005094,CUST_00252,MER_0041,8669.75,INR,UPI,YES,2026-07-14 15:30:00,success,,True,False
TXN_005095,CUST_00211,MER_0014,1297.23,INR,UPI,SBI,2026-07-11 10:37:00,success,,True,False
TXN_005096,CUST_00180,MER_0003,4248.21,INR,UPI,HDFC,2026-08-17 03:59:00,failed,network_error,True,False
TXN_005097,CUST_00109,MER_0037,6325.73,INR,Card,HDFC,2026-07-22 02:57:00,success,,True,False
TXN_005098,CUST_00651,MER_0015,5527.94,INR,Card,KOTAK,2026-07-31 02:23:00,success,,True,True
TXN_005099,CUST_00062,MER_0044,2889.87,INR,NetBanking,ICICI,2026-07-23 23:46:00,success,,True,False
TXN_005100,CUST_01122,MER_0004,1860.08,INR,NetBanking,SBI,2026-08-04 05:56:00,success,,True,True
TXN_005101,CUST_01815,MER_0031,5264.52,INR,UPI,AXIS,2026-08-20 09:34:00,failed,bank_declined,False,False
TXN_005102,CUST_01966,MER_0047,1411.56,INR,Card,KOTAK,2026-07-19 05:13:00,success,,True,False
TXN_005103,CUST_01398,MER_0007,843.67,INR,UPI,AXIS,2026-08-12 15:00:00,success,,True,True
TXN_005104,CUST_01786,MER_0029,1937.54,INR,NetBanking,YES,2026-07-23 01:13:00,success,,True,False
TXN_005105,CUST_00001,MER_0007,8203.62,INR,Card,YES,2026-07-09 18:39:00,success,,True,False
TXN_005106,CUST_01070,MER_0034,6106.99,INR,UPI,SBI,2026-07-19 02:41:00,success,,True,False
TXN_005107,CUST_01833,MER_0014,1002.39,INR,UPI,HDFC,2026-07-06 10:55:00,success,,True,False
TXN_005108,CUST_00586,MER_0021,958.91,INR,UPI,HDFC,2026-07-11 13:12:00,success,,True,True
TXN_005109,CUST_01885,MER_0003,6766.55,INR,UPI,YES,2026-08-12 00:20:00,success,,True,False
TXN_005110,CUST_00889,MER_0016,983.87,INR,UPI,YES,2026-07-24 04:10:00,success,,True,False
TXN_005111,CUST_00710,MER_0039,3668.13,INR,Card,AXIS,2026-08-22 12:05:00,success,,True,True
TXN_005112,CUST_01016,MER_0004,1490.91,INR,NetBanking,YES,2026-08-21 08:12:00,success,,True,False
TXN_005113,CUST_01178,MER_0006,8898.48,INR,Card,SBI,2026-08-02 09:52:00,success,,True,False
TXN_005114,CUST_01246,MER_0013,1317.72,INR,UPI,AXIS,2026-08-11 09:58:00,success,,True,False
TXN_005115,CUST_00951,MER_0029,6091.74,INR,Card,AXIS,2026-07-19 04:08:00,success,,True,False
TXN_005116,CUST_00334,MER_0048,2829.59,INR,NetBanking,SBI,2026-08-25 03:25:00,success,,True,True
TXN_005117,CUST_00743,MER_0013,2986.2,INR,Card,SBI,2026-07-15 08:16:00,success,,True,True
TXN_005118,CUST_01617,MER_0030,504.59,INR,Card,AXIS,2026-08-14 17:15:00,success,,True,False
TXN_005119,CUST_00654,MER_0030,418.92,INR,Wallet,ICICI,2026-08-22 11:29:00,failed,bank_declined,True,False
TXN_005120,CUST_00728,MER_0004,2973.59,INR,UPI,KOTAK,2026-07-27 12:42:00,success,,True,False
TXN_005121,CUST_00985,MER_0009,992.12,INR,UPI,SBI,2026-08-01 09:15:00,success,,True,False
TXN_005122,CUST_01185,MER_0005,1021.52,INR,UPI,SBI,2026-07-01 23:01:00,success,,True,False
TXN_005123,CUST_00800,MER_0028,3824.48,INR,Card,KOTAK,2026-08-24 07:10:00,success,,True,False
TXN_005124,CUST_00440,MER_0004,3828.71,INR,UPI,HDFC,2026-08-05 22:31:00,success,,True,True
TXN_005125,CUST_01404,MER_0032,2185.95,INR,UPI,YES,2026-07-14 18:07:00,success,,True,True
TXN_005126,CUST_01326,MER_0046,4555.82,INR,Card,YES,2026-08-11 04:57:00,success,,True,False
TXN_005127,CUST_00240,MER_0038,953.98,INR,Card,ICICI,2026-08-05 03:36:00,success,,True,False
TXN_005128,CUST_01845,MER_0039,1835.83,INR,UPI,AXIS,2026-07-22 00:05:00,failed,network_error,True,False
TXN_005129,CUST_00609,MER_0028,2577.71,INR,Card,YES,2026-08-23 10:54:00,success,,True,True
TXN_005130,CUST_00497,MER_0020,2700.12,INR,Card,HDFC,2026-07-22 04:23:00,success,,True,False
TXN_005131,CUST_00573,MER_0033,15440.62,INR,UPI,AXIS,2026-08-25 14:53:00,success,,True,False
TXN_005132,CUST_00754,MER_0032,796.74,INR,UPI,ICICI,2026-07-06 20:58:00,success,,True,False
TXN_005133,CUST_01104,MER_0037,4615.36,INR,UPI,ICICI,2026-07-21 04:41:00,success,,True,False
TXN_005134,CUST_00855,MER_0044,9239.0,INR,Wallet,ICICI,2026-08-20 11:45:00,success,,True,False
TXN_005135,CUST_00569,MER_0028,1882.04,INR,Card,HDFC,2026-07-06 17:42:00,success,,True,False
TXN_005136,CUST_00456,MER_0028,4854.71,INR,Card,SBI,2026-07-08 13:05:00,failed,authentication_failure,True,True
TXN_005137,CUST_01000,MER_0006,1408.97,INR,NetBanking,ICICI,2026-07-19 04:08:00,failed,bank_timeout,True,False
TXN_005138,CUST_00553,MER_0041,4623.25,INR,Wallet,AXIS,2026-07-21 15:13:00,success,,True,False
TXN_005139,CUST_00446,MER_0045,5983.43,INR,UPI,YES,2026-07-17 18:23:00,failed,network_error,False,False
TXN_005140,CUST_00573,MER_0022,2312.4,INR,NetBanking,KOTAK,2026-08-04 16:42:00,success,,True,False
TXN_005141,CUST_00965,MER_0050,6341.62,INR,UPI,ICICI,2026-08-19 02:13:00,success,,True,False
TXN_005142,CUST_01207,MER_0043,1855.96,INR,UPI,HDFC,2026-08-04 22:37:00,success,,True,False
TXN_005143,CUST_01113,MER_0037,5022.45,INR,NetBanking,YES,2026-08-17 07:28:00,success,,True,False
TXN_005144,CUST_01705,MER_0031,2881.28,INR,NetBanking,HDFC,2026-07-15 10:30:00,failed,bank_timeout,True,False
TXN_005145,CUST_01984,MER_0030,3424.83,INR,NetBanking,ICICI,2026-08-09 21:11:00,success,,True,False
TXN_005146,CUST_00058,MER_0024,676.03,INR,UPI,ICICI,2026-08-15 01:27:00,success,,True,False
TXN_005147,CUST_01491,MER_0004,992.97,INR,NetBanking,KOTAK,2026-07-15 07:18:00,success,,True,False
TXN_005148,CUST_01674,MER_0032,2649.25,INR,UPI,SBI,2026-08-24 03:14:00,failed,bank_declined,False,False
TXN_005149,CUST_00029,MER_0008,4745.58,INR,Card,YES,2026-07-04 00:25:00,failed,network_error,True,False
TXN_005150,CUST_01575,MER_0032,3170.79,INR,UPI,YES,2026-07-09 01:48:00,failed,bank_declined,True,False
TXN_005151,CUST_01405,MER_0033,7362.18,INR,Card,AXIS,2026-08-15 21:55:00,success,,True,False
TXN_005152,CUST_01471,MER_0020,12453.64,INR,UPI,KOTAK,2026-08-10 16:46:00,success,,True,False
TXN_005153,CUST_01650,MER_0045,2745.34,INR,Card,HDFC,2026-07-07 09:58:00,success,,True,True
TXN_005154,CUST_01437,MER_0039,3671.77,INR,NetBanking,AXIS,2026-07-05 22:05:00,success,,True,True
TXN_005155,CUST_00552,MER_0038,2868.06,INR,Card,ICICI,2026-08-21 07:41:00,success,,True,False
TXN_005156,CUST_00426,MER_0007,3730.49,INR,UPI,YES,2026-08-24 06:58:00,success,,True,False
TXN_005157,CUST_00545,MER_0034,2217.98,INR,Wallet,AXIS,2026-08-03 14:31:00,success,,True,False
TXN_005158,CUST_00999,MER_0037,2374.04,INR,Card,ICICI,2026-07-02 00:42:00,failed,network_error,False,False
TXN_005159,CUST_01308,MER_0007,15938.6,INR,UPI,ICICI,2026-07-03 15:07:00,success,,True,False
TXN_005160,CUST_00034,MER_0015,796.27,INR,UPI,ICICI,2026-08-23 19:12:00,failed,network_error,True,False
TXN_005161,CUST_00562,MER_0037,949.21,INR,UPI,YES,2026-08-07 16:18:00,failed,bank_declined,True,False
TXN_005162,CUST_01474,MER_0027,1525.09,INR,UPI,ICICI,2026-07-08 21:43:00,success,,True,True
TXN_005163,CUST_00022,MER_0041,769.27,INR,UPI,HDFC,2026-07-18 07:44:00,success,,True,True
TXN_005164,CUST_01030,MER_0013,4066.55,INR,Wallet,KOTAK,2026-08-10 06:31:00,success,,True,False
TXN_005165,CUST_01149,MER_0042,9852.19,INR,Card,KOTAK,2026-08-15 12:22:00,failed,network_error,True,False
TXN_005166,CUST_01059,MER_0004,2875.09,INR,Wallet,HDFC,2026-08-25 05:59:00,failed,insufficient_funds,True,False
TXN_005167,CUST_01151,MER_0005,7569.43,INR,UPI,YES,2026-07-10 10:37:00,failed,authentication_failure,True,False
TXN_005168,CUST_00880,MER_0031,2231.71,INR,Card,AXIS,2026-08-08 22:30:00,success,,True,False
TXN_005169,CUST_01430,MER_0047,1699.09,INR,UPI,YES,2026-08-09 06:03:00,failed,bank_declined,True,False
TXN_005170,CUST_01472,MER_0006,1876.76,INR,NetBanking,SBI,2026-07-02 16:44:00,success,,True,False
TXN_005171,CUST_01305,MER_0015,5920.5,INR,UPI,YES,2026-07-04 22:36:00,success,,True,False
TXN_005172,CUST_00203,MER_0025,3840.21,INR,NetBanking,KOTAK,2026-07-27 23:51:00,success,,True,False
TXN_005173,CUST_00549,MER_0040,4086.52,INR,UPI,ICICI,2026-07-31 03:08:00,failed,network_error,False,False
TXN_005174,CUST_01453,MER_0050,3709.52,INR,Wallet,ICICI,2026-07-29 17:27:00,success,,True,False
TXN_005175,CUST_02000,MER_0007,1286.3,INR,Card,AXIS,2026-07-08 06:04:00,failed,expired_card,False,False
TXN_005176,CUST_01722,MER_0048,2845.81,INR,UPI,YES,2026-08-25 16:42:00,success,,True,True
TXN_005177,CUST_01889,MER_0042,3047.3,INR,UPI,AXIS,2026-08-19 05:29:00,success,,True,False
TXN_005178,CUST_01065,MER_0029,3153.13,INR,Card,SBI,2026-07-13 00:00:00,success,,True,True
TXN_005179,CUST_01562,MER_0035,2184.91,INR,UPI,YES,2026-08-18 01:21:00,success,,True,False
TXN_005180,CUST_00131,MER_0028,1804.54,INR,NetBanking,SBI,2026-08-23 19:15:00,success,,True,False
TXN_005181,CUST_00937,MER_0049,30522.43,INR,NetBanking,AXIS,2026-08-04 22:02:00,success,,True,False
TXN_005182,CUST_00728,MER_0042,5041.35,INR,Card,YES,2026-07-18 20:33:00,success,,True,False
TXN_005183,CUST_00110,MER_0014,3396.56,INR,Card,ICICI,2026-07-11 12:54:00,success,,True,False
TXN_005184,CUST_01741,MER_0031,2025.22,INR,UPI,YES,2026-07-14 16:03:00,success,,True,False
TXN_005185,CUST_01793,MER_0032,1701.09,INR,Card,SBI,2026-07-21 16:31:00,success,,True,False
TXN_005186,CUST_00063,MER_0021,2198.12,INR,UPI,KOTAK,2026-07-10 08:53:00,success,,True,False
TXN_005187,CUST_01945,MER_0002,3084.86,INR,NetBanking,HDFC,2026-07-15 04:24:00,failed,bank_timeout,True,True
TXN_005188,CUST_00533,MER_0024,695.4,INR,Card,HDFC,2026-08-06 09:35:00,success,,True,False
TXN_005189,CUST_01917,MER_0042,1466.29,INR,Card,ICICI,2026-07-07 09:46:00,success,,True,True
TXN_005190,CUST_00395,MER_0028,2880.48,INR,UPI,YES,2026-07-17 16:46:00,success,,True,True
TXN_005191,CUST_01715,MER_0010,2015.42,INR,NetBanking,KOTAK,2026-07-04 16:25:00,success,,True,True
TXN_005192,CUST_00585,MER_0017,7962.49,INR,UPI,YES,2026-08-03 23:06:00,success,,True,False
TXN_005193,CUST_00562,MER_0030,745.52,INR,Card,ICICI,2026-08-08 20:34:00,success,,True,False
TXN_005194,CUST_00015,MER_0016,1337.99,INR,Card,YES,2026-07-15 20:55:00,success,,True,False
TXN_005195,CUST_00607,MER_0047,8234.38,INR,UPI,AXIS,2026-08-22 14:39:00,success,,True,False
TXN_005196,CUST_00523,MER_0026,2710.52,INR,Card,KOTAK,2026-07-10 11:47:00,success,,True,False
TXN_005197,CUST_01663,MER_0036,4953.62,INR,NetBanking,AXIS,2026-08-04 03:29:00,success,,True,False
TXN_005198,CUST_00391,MER_0048,12594.27,INR,UPI,SBI,2026-07-03 16:45:00,success,,True,False
TXN_005199,CUST_01321,MER_0046,1401.02,INR,Card,ICICI,2026-07-31 18:32:00,success,,True,False
TXN_005200,CUST_01859,MER_0024,2254.2,INR,UPI,KOTAK,2026-08-08 17:50:00,failed,authentication_failure,True,False
TXN_005201,CUST_01558,MER_0019,510.98,INR,UPI,KOTAK,2026-08-16 11:58:00,failed,network_error,True,False
TXN_005202,CUST_01562,MER_0004,4938.66,INR,UPI,AXIS,2026-07-30 15:09:00,success,,True,False
TXN_005203,CUST_00208,MER_0029,3761.12,INR,Card,ICICI,2026-08-14 20:32:00,success,,True,False
TXN_005204,CUST_01201,MER_0039,4004.87,INR,UPI,YES,2026-08-06 14:56:00,failed,network_error,False,False
TXN_005205,CUST_00757,MER_0018,1443.93,INR,UPI,AXIS,2026-07-11 08:44:00,failed,bank_timeout,True,False
TXN_005206,CUST_00648,MER_0007,1639.5,INR,Card,SBI,2026-08-19 20:40:00,failed,expired_card,True,False
TXN_005207,CUST_00207,MER_0024,2781.28,INR,Wallet,ICICI,2026-07-17 15:56:00,success,,True,False
TXN_005208,CUST_01070,MER_0023,7858.68,INR,UPI,ICICI,2026-08-21 13:32:00,success,,True,False
TXN_005209,CUST_01429,MER_0001,5308.85,INR,UPI,KOTAK,2026-08-13 10:12:00,success,,True,False
TXN_005210,CUST_01152,MER_0045,865.92,INR,UPI,HDFC,2026-07-02 19:45:00,success,,True,False
TXN_005211,CUST_01838,MER_0028,943.84,INR,UPI,YES,2026-08-14 19:24:00,failed,bank_declined,True,False
TXN_005212,CUST_00342,MER_0033,2318.16,INR,Card,YES,2026-07-15 11:46:00,success,,True,False
TXN_005213,CUST_00948,MER_0015,1695.72,INR,NetBanking,SBI,2026-07-16 13:01:00,success,,True,False
TXN_005214,CUST_00778,MER_0007,5499.99,INR,Card,AXIS,2026-08-01 19:35:00,success,,True,False
TXN_005215,CUST_00291,MER_0010,2835.48,INR,UPI,YES,2026-07-28 10:29:00,success,,True,False
TXN_005216,CUST_01333,MER_0006,2545.2,INR,Card,SBI,2026-07-16 08:05:00,success,,True,True
TXN_005217,CUST_01068,MER_0001,4554.46,INR,UPI,SBI,2026-08-17 02:02:00,success,,True,False
TXN_005218,CUST_00035,MER_0040,1807.88,INR,UPI,YES,2026-07-28 23:40:00,success,,True,False
TXN_005219,CUST_01833,MER_0003,8559.66,INR,NetBanking,HDFC,2026-07-17 12:13:00,failed,network_error,True,False
TXN_005220,CUST_01760,MER_0010,4127.98,INR,Card,HDFC,2026-08-01 11:40:00,success,,True,True
TXN_005221,CUST_00571,MER_0040,7685.31,INR,NetBanking,KOTAK,2026-08-13 02:45:00,success,,True,False
TXN_005222,CUST_00764,MER_0023,810.92,INR,Wallet,ICICI,2026-08-25 19:58:00,success,,True,True
TXN_005223,CUST_00803,MER_0017,1854.43,INR,UPI,SBI,2026-07-28 11:33:00,failed,bank_timeout,True,False
TXN_005224,CUST_00043,MER_0040,6159.78,INR,NetBanking,KOTAK,2026-08-06 12:45:00,success,,True,False
TXN_005225,CUST_00863,MER_0037,2127.71,INR,Card,ICICI,2026-07-04 08:08:00,success,,True,False
TXN_005226,CUST_00472,MER_0021,1355.96,INR,Card,HDFC,2026-07-31 00:27:00,success,,True,False
TXN_005227,CUST_00930,MER_0028,5243.52,INR,Card,YES,2026-07-05 00:26:00,success,,True,False
TXN_005228,CUST_01876,MER_0027,6290.77,INR,NetBanking,YES,2026-08-20 02:10:00,success,,True,False
TXN_005229,CUST_01663,MER_0019,961.28,INR,UPI,KOTAK,2026-08-11 03:51:00,failed,bank_declined,False,False
TXN_005230,CUST_00959,MER_0005,2922.53,INR,UPI,ICICI,2026-08-04 15:02:00,success,,True,False
TXN_005231,CUST_00886,MER_0039,4037.93,INR,Card,KOTAK,2026-07-26 04:36:00,success,,True,False
TXN_005232,CUST_01568,MER_0001,1921.28,INR,Card,ICICI,2026-08-05 09:47:00,failed,authentication_failure,True,True
TXN_005233,CUST_01156,MER_0007,1382.83,INR,Card,ICICI,2026-08-11 13:56:00,failed,bank_declined,True,False
TXN_005234,CUST_00270,MER_0036,1738.68,INR,Wallet,SBI,2026-07-01 20:16:00,success,,True,False
TXN_005235,CUST_01304,MER_0028,2567.24,INR,UPI,SBI,2026-07-30 02:22:00,success,,True,True
TXN_005236,CUST_01247,MER_0042,1957.31,INR,NetBanking,HDFC,2026-08-13 12:43:00,failed,network_error,True,True
TXN_005237,CUST_00030,MER_0024,571.05,INR,UPI,HDFC,2026-08-07 22:08:00,success,,True,False
TXN_005238,CUST_01655,MER_0007,1617.65,INR,UPI,HDFC,2026-07-09 22:57:00,success,,True,False
TXN_005239,CUST_01219,MER_0004,5004.66,INR,UPI,YES,2026-07-24 12:50:00,success,,True,True
TXN_005240,CUST_01686,MER_0024,6667.22,INR,UPI,SBI,2026-08-09 00:42:00,success,,True,False
TXN_005241,CUST_01814,MER_0024,6311.77,INR,Card,AXIS,2026-07-22 16:32:00,success,,True,False
TXN_005242,CUST_00738,MER_0031,1270.64,INR,Card,ICICI,2026-08-07 03:17:00,success,,True,False
TXN_005243,CUST_00722,MER_0015,969.75,INR,UPI,KOTAK,2026-08-23 20:15:00,failed,bank_timeout,False,True
TXN_005244,CUST_01439,MER_0030,4056.52,INR,UPI,SBI,2026-08-01 02:25:00,success,,True,False
TXN_005245,CUST_00501,MER_0012,3361.48,INR,UPI,YES,2026-07-15 05:44:00,failed,bank_timeout,True,True
TXN_005246,CUST_01527,MER_0041,1219.86,INR,Wallet,HDFC,2026-08-20 07:28:00,success,,True,False
TXN_005247,CUST_01245,MER_0040,2383.32,INR,NetBanking,KOTAK,2026-07-16 03:20:00,success,,True,False
TXN_005248,CUST_00097,MER_0016,3603.91,INR,UPI,HDFC,2026-07-14 10:32:00,success,,True,False
TXN_005249,CUST_01492,MER_0012,4509.07,INR,Card,SBI,2026-08-10 05:14:00,success,,True,False
TXN_005250,CUST_00096,MER_0036,2739.15,INR,UPI,KOTAK,2026-07-03 22:28:00,success,,True,False
TXN_005251,CUST_01109,MER_0003,3179.97,INR,UPI,SBI,2026-08-05 19:39:00,success,,True,False
TXN_005252,CUST_00923,MER_0049,2612.05,INR,UPI,HDFC,2026-07-21 16:00:00,success,,True,False
TXN_005253,CUST_01102,MER_0006,4223.82,INR,NetBanking,SBI,2026-07-15 23:22:00,success,,True,False
TXN_005254,CUST_00356,MER_0022,3134.71,INR,UPI,HDFC,2026-08-05 21:41:00,failed,network_error,True,False
TXN_005255,CUST_00471,MER_0034,1969.05,INR,Wallet,HDFC,2026-07-23 22:51:00,success,,True,False
TXN_005256,CUST_01665,MER_0008,2604.6,INR,Wallet,SBI,2026-07-28 13:52:00,failed,bank_declined,True,False
TXN_005257,CUST_00997,MER_0024,3022.93,INR,UPI,ICICI,2026-07-26 13:20:00,success,,True,False
TXN_005258,CUST_00196,MER_0021,3309.86,INR,Card,ICICI,2026-08-19 21:38:00,success,,True,False
TXN_005259,CUST_00261,MER_0032,7145.07,INR,UPI,SBI,2026-08-08 21:11:00,success,,True,False
TXN_005260,CUST_01701,MER_0011,3017.34,INR,Card,SBI,2026-07-19 04:31:00,failed,bank_declined,True,False
TXN_005261,CUST_00701,MER_0040,4948.73,INR,Card,KOTAK,2026-08-11 13:22:00,failed,insufficient_funds,True,False
TXN_005262,CUST_00034,MER_0043,1027.48,INR,UPI,ICICI,2026-07-13 02:57:00,success,,True,True
TXN_005263,CUST_00515,MER_0005,3192.88,INR,Card,ICICI,2026-07-23 14:42:00,failed,authentication_failure,True,True
TXN_005264,CUST_00071,MER_0037,901.41,INR,Card,AXIS,2026-07-11 05:59:00,failed,bank_declined,True,True
TXN_005265,CUST_01394,MER_0034,1502.87,INR,Card,YES,2026-08-03 09:19:00,success,,True,True
TXN_005266,CUST_01518,MER_0046,1653.52,INR,Card,YES,2026-08-13 23:14:00,success,,True,True
TXN_005267,CUST_01547,MER_0020,5192.02,INR,UPI,HDFC,2026-08-25 15:24:00,failed,network_error,True,False
TXN_005268,CUST_00098,MER_0004,2403.55,INR,UPI,KOTAK,2026-07-16 09:52:00,failed,bank_timeout,True,True
TXN_005269,CUST_01810,MER_0019,829.05,INR,UPI,ICICI,2026-08-02 14:44:00,failed,network_error,True,False
TXN_005270,CUST_01494,MER_0020,3919.39,INR,UPI,ICICI,2026-08-01 23:31:00,success,,True,False
TXN_005271,CUST_00817,MER_0007,1386.68,INR,NetBanking,AXIS,2026-08-09 03:15:00,failed,authentication_failure,True,False
TXN_005272,CUST_01277,MER_0013,2307.27,INR,UPI,KOTAK,2026-07-18 00:14:00,success,,True,True
TXN_005273,CUST_00014,MER_0005,1939.75,INR,Card,KOTAK,2026-07-05 00:31:00,success,,True,False
TXN_005274,CUST_01868,MER_0024,3457.04,INR,UPI,HDFC,2026-08-12 10:12:00,success,,True,True
TXN_005275,CUST_01034,MER_0023,1348.57,INR,UPI,KOTAK,2026-08-24 23:34:00,success,,True,False
TXN_005276,CUST_00894,MER_0013,1853.8,INR,Card,ICICI,2026-07-25 18:44:00,failed,network_error,True,False
TXN_005277,CUST_00890,MER_0005,1636.7,INR,UPI,KOTAK,2026-07-20 18:04:00,failed,network_error,True,True
TXN_005278,CUST_01911,MER_0025,10886.22,INR,UPI,SBI,2026-07-01 08:03:00,failed,bank_timeout,True,False
TXN_005279,CUST_01066,MER_0014,644.13,INR,UPI,ICICI,2026-08-01 21:46:00,success,,True,False
TXN_005280,CUST_01615,MER_0030,492.06,INR,UPI,ICICI,2026-08-20 16:56:00,failed,network_error,False,True
TXN_005281,CUST_00069,MER_0015,1435.79,INR,UPI,SBI,2026-08-23 04:48:00,failed,bank_declined,True,False
TXN_005282,CUST_01044,MER_0030,2713.73,INR,NetBanking,SBI,2026-08-23 12:36:00,failed,bank_declined,True,False
TXN_005283,CUST_01193,MER_0004,571.4,INR,Card,KOTAK,2026-08-05 21:14:00,success,,True,True
TXN_005284,CUST_00828,MER_0001,3092.54,INR,Card,HDFC,2026-07-17 22:20:00,success,,True,True
TXN_005285,CUST_01433,MER_0025,2719.88,INR,UPI,HDFC,2026-08-08 20:59:00,success,,True,False
TXN_005286,CUST_01163,MER_0024,1736.01,INR,UPI,YES,2026-07-04 21:52:00,success,,True,True
TXN_005287,CUST_00294,MER_0019,648.26,INR,NetBanking,ICICI,2026-07-28 01:23:00,failed,bank_timeout,True,False
TXN_005288,CUST_00770,MER_0030,6751.5,INR,Card,KOTAK,2026-07-13 18:21:00,success,,True,False
TXN_005289,CUST_00772,MER_0020,3048.44,INR,UPI,KOTAK,2026-08-06 05:42:00,failed,bank_timeout,True,False
TXN_005290,CUST_00591,MER_0026,2529.16,INR,UPI,HDFC,2026-07-11 17:34:00,success,,True,False
TXN_005291,CUST_01991,MER_0040,818.2,INR,Card,AXIS,2026-07-13 18:17:00,failed,expired_card,True,False
TXN_005292,CUST_00129,MER_0005,2605.75,INR,UPI,YES,2026-08-18 23:53:00,success,,True,False
TXN_005293,CUST_00737,MER_0014,593.17,INR,Card,YES,2026-08-20 08:56:00,failed,insufficient_funds,True,False
TXN_005294,CUST_00872,MER_0046,3535.61,INR,Card,KOTAK,2026-07-28 17:45:00,success,,True,False
TXN_005295,CUST_00743,MER_0024,1869.75,INR,UPI,SBI,2026-07-14 01:13:00,success,,True,True
TXN_005296,CUST_01307,MER_0045,1957.23,INR,UPI,SBI,2026-07-12 02:11:00,success,,True,False
TXN_005297,CUST_01899,MER_0019,916.42,INR,Card,AXIS,2026-08-24 00:43:00,success,,True,False
TXN_005298,CUST_00001,MER_0047,3840.02,INR,Card,KOTAK,2026-08-21 05:10:00,success,,True,False
TXN_005299,CUST_00514,MER_0023,1452.77,INR,UPI,SBI,2026-07-27 03:35:00,failed,bank_timeout,False,True
TXN_005300,CUST_00676,MER_0009,1813.46,INR,UPI,SBI,2026-07-24 03:38:00,failed,authentication_failure,True,False
TXN_005301,CUST_00326,MER_0017,1790.87,INR,Wallet,ICICI,2026-07-27 07:52:00,success,,True,False
TXN_005302,CUST_01301,MER_0009,9802.45,INR,UPI,SBI,2026-07-21 06:55:00,success,,True,True
TXN_005303,CUST_00074,MER_0003,3439.82,INR,UPI,HDFC,2026-08-23 21:05:00,success,,True,False
TXN_005304,CUST_01135,MER_0032,3200.32,INR,Card,HDFC,2026-08-19 02:40:00,success,,True,False
TXN_005305,CUST_01263,MER_0039,2202.35,INR,UPI,ICICI,2026-07-28 18:19:00,failed,bank_timeout,True,False
TXN_005306,CUST_00178,MER_0014,1976.85,INR,UPI,AXIS,2026-08-22 19:12:00,success,,True,True
TXN_005307,CUST_01140,MER_0022,1916.36,INR,UPI,KOTAK,2026-07-30 08:26:00,failed,bank_declined,True,False
TXN_005308,CUST_01422,MER_0041,1154.4,INR,Card,YES,2026-07-25 00:13:00,success,,True,False
TXN_005309,CUST_01766,MER_0028,1032.03,INR,UPI,YES,2026-08-07 07:56:00,failed,bank_declined,True,False
TXN_005310,CUST_01203,MER_0028,12538.05,INR,UPI,KOTAK,2026-07-26 19:26:00,success,,True,False
TXN_005311,CUST_01907,MER_0034,3730.41,INR,Wallet,KOTAK,2026-08-11 04:12:00,success,,True,False
TXN_005312,CUST_00642,MER_0036,3113.78,INR,Wallet,YES,2026-07-30 09:18:00,success,,True,True
TXN_005313,CUST_00992,MER_0006,1047.32,INR,Card,YES,2026-07-01 01:13:00,failed,authentication_failure,True,False
TXN_005314,CUST_00794,MER_0011,2223.29,INR,NetBanking,HDFC,2026-07-09 17:13:00,success,,True,False
TXN_005315,CUST_00315,MER_0027,2896.72,INR,Wallet,KOTAK,2026-07-28 18:11:00,success,,True,False
TXN_005316,CUST_00308,MER_0018,1117.34,INR,UPI,HDFC,2026-07-25 05:30:00,success,,True,True
TXN_005317,CUST_01442,MER_0045,2774.47,INR,UPI,HDFC,2026-07-20 23:55:00,success,,True,False
TXN_005318,CUST_00380,MER_0040,1738.77,INR,Wallet,YES,2026-07-24 23:21:00,success,,True,False
TXN_005319,CUST_01717,MER_0002,1322.81,INR,UPI,AXIS,2026-08-01 02:15:00,success,,True,False
TXN_005320,CUST_00901,MER_0004,4390.88,INR,Wallet,ICICI,2026-07-30 11:16:00,success,,True,True
TXN_005321,CUST_00720,MER_0041,713.25,INR,Card,KOTAK,2026-08-18 11:17:00,success,,True,False
TXN_005322,CUST_01162,MER_0013,3834.6,INR,Wallet,KOTAK,2026-07-20 06:57:00,failed,bank_timeout,True,False
TXN_005323,CUST_00380,MER_0036,1207.47,INR,UPI,AXIS,2026-07-09 21:56:00,success,,True,True
TXN_005324,CUST_01815,MER_0033,1266.15,INR,UPI,HDFC,2026-08-13 09:18:00,failed,network_error,False,False
TXN_005325,CUST_01860,MER_0007,3058.34,INR,UPI,SBI,2026-08-20 02:02:00,success,,True,True
TXN_005326,CUST_00506,MER_0046,2159.68,INR,UPI,SBI,2026-07-31 21:28:00,failed,bank_timeout,True,False
TXN_005327,CUST_01112,MER_0029,10000.43,INR,UPI,YES,2026-07-18 23:31:00,failed,network_error,False,False
TXN_005328,CUST_00668,MER_0017,618.85,INR,UPI,HDFC,2026-07-30 09:39:00,success,,True,False
TXN_005329,CUST_01003,MER_0044,4725.55,INR,UPI,KOTAK,2026-08-14 23:57:00,success,,True,False
TXN_005330,CUST_00676,MER_0034,9382.97,INR,Card,YES,2026-07-12 15:26:00,success,,True,False
TXN_005331,CUST_00943,MER_0033,3341.63,INR,NetBanking,HDFC,2026-08-06 03:20:00,success,,True,False
TXN_005332,CUST_00767,MER_0010,1022.29,INR,UPI,AXIS,2026-07-25 04:11:00,success,,True,False
TXN_005333,CUST_00019,MER_0050,2210.31,INR,Card,KOTAK,2026-08-21 16:39:00,failed,authentication_failure,True,False
TXN_005334,CUST_01829,MER_0007,4081.76,INR,NetBanking,YES,2026-07-21 21:15:00,failed,network_error,True,False
TXN_005335,CUST_00738,MER_0032,1919.65,INR,Card,HDFC,2026-08-04 13:17:00,failed,network_error,True,False
TXN_005336,CUST_00820,MER_0009,2701.22,INR,UPI,HDFC,2026-07-21 07:51:00,failed,bank_timeout,True,False
TXN_005337,CUST_00461,MER_0018,2811.32,INR,UPI,SBI,2026-07-05 06:30:00,success,,True,False
TXN_005338,CUST_00107,MER_0007,2484.63,INR,UPI,KOTAK,2026-07-27 17:10:00,failed,bank_timeout,True,False
TXN_005339,CUST_01999,MER_0024,4029.92,INR,UPI,ICICI,2026-07-02 20:14:00,success,,True,False
TXN_005340,CUST_00923,MER_0042,2347.22,INR,Wallet,SBI,2026-08-14 19:24:00,failed,bank_timeout,True,False
TXN_005341,CUST_01083,MER_0046,14658.0,INR,UPI,HDFC,2026-08-17 10:17:00,success,,True,True
TXN_005342,CUST_00510,MER_0041,3572.94,INR,UPI,ICICI,2026-08-26 11:05:00,success,,True,False
TXN_005343,CUST_00479,MER_0043,2158.98,INR,UPI,ICICI,2026-08-22 20:19:00,success,,True,False
TXN_005344,CUST_00614,MER_0046,7571.63,INR,UPI,AXIS,2026-07-23 14:57:00,success,,True,False
TXN_005345,CUST_00133,MER_0015,10651.46,INR,UPI,HDFC,2026-08-12 20:44:00,success,,True,False
TXN_005346,CUST_01173,MER_0019,2172.69,INR,UPI,AXIS,2026-07-19 03:00:00,failed,authentication_failure,False,False
TXN_005347,CUST_00407,MER_0033,1107.21,INR,UPI,AXIS,2026-08-26 11:24:00,failed,network_error,True,False
TXN_005348,CUST_01504,MER_0023,2081.3,INR,UPI,KOTAK,2026-08-10 13:32:00,failed,authentication_failure,False,True
TXN_005349,CUST_01512,MER_0025,3185.0,INR,UPI,KOTAK,2026-08-11 16:25:00,success,,True,False
TXN_005350,CUST_00600,MER_0020,3819.45,INR,UPI,YES,2026-08-24 06:20:00,success,,True,False
TXN_005351,CUST_01555,MER_0013,2951.63,INR,UPI,HDFC,2026-08-14 07:56:00,failed,bank_timeout,True,False
TXN_005352,CUST_00284,MER_0011,1151.97,INR,Card,AXIS,2026-08-12 16:31:00,failed,expired_card,True,False
TXN_005353,CUST_00375,MER_0048,1947.32,INR,UPI,AXIS,2026-07-08 14:11:00,success,,True,False
TXN_005354,CUST_00778,MER_0019,5656.83,INR,Card,SBI,2026-08-14 05:07:00,success,,True,False
TXN_005355,CUST_01463,MER_0012,962.61,INR,NetBanking,KOTAK,2026-07-30 19:19:00,success,,True,False
TXN_005356,CUST_01702,MER_0050,1833.66,INR,UPI,HDFC,2026-08-06 12:58:00,success,,True,False
TXN_005357,CUST_00650,MER_0040,5231.26,INR,UPI,ICICI,2026-07-11 11:30:00,success,,True,False
TXN_005358,CUST_00929,MER_0003,1920.03,INR,NetBanking,KOTAK,2026-07-22 01:28:00,success,,True,True
TXN_005359,CUST_01730,MER_0046,3527.46,INR,NetBanking,ICICI,2026-07-19 16:28:00,success,,True,False
TXN_005360,CUST_00685,MER_0048,2182.81,INR,UPI,ICICI,2026-07-04 04:41:00,success,,True,True
TXN_005361,CUST_01695,MER_0042,2997.18,INR,UPI,ICICI,2026-08-25 18:01:00,success,,True,False
TXN_005362,CUST_01648,MER_0037,2032.91,INR,NetBanking,YES,2026-08-25 03:19:00,success,,True,True
TXN_005363,CUST_01237,MER_0010,4161.59,INR,Wallet,HDFC,2026-07-30 05:12:00,failed,bank_timeout,True,False
TXN_005364,CUST_01413,MER_0023,1825.03,INR,UPI,YES,2026-07-08 08:13:00,success,,True,False
TXN_005365,CUST_01364,MER_0032,3094.12,INR,Card,AXIS,2026-08-20 08:18:00,success,,True,False
TXN_005366,CUST_01704,MER_0011,3740.43,INR,UPI,AXIS,2026-07-25 14:56:00,success,,True,False
TXN_005367,CUST_01148,MER_0026,8057.53,INR,UPI,KOTAK,2026-08-15 10:00:00,failed,network_error,True,False
TXN_005368,CUST_01180,MER_0033,7971.16,INR,UPI,AXIS,2026-07-18 06:45:00,failed,network_error,True,False
TXN_005369,CUST_00727,MER_0041,7065.06,INR,UPI,KOTAK,2026-08-14 14:59:00,failed,bank_timeout,True,True
TXN_005370,CUST_00508,MER_0042,1175.25,INR,UPI,HDFC,2026-07-19 02:52:00,success,,True,False
TXN_005371,CUST_00422,MER_0005,3120.13,INR,Card,YES,2026-07-29 20:10:00,success,,True,False
TXN_005372,CUST_01508,MER_0041,2342.59,INR,UPI,HDFC,2026-07-30 09:32:00,success,,True,False
TXN_005373,CUST_00061,MER_0019,4025.75,INR,UPI,ICICI,2026-07-29 03:18:00,success,,True,False
TXN_005374,CUST_01733,MER_0036,2041.38,INR,NetBanking,HDFC,2026-07-10 17:45:00,failed,authentication_failure,True,False
TXN_005375,CUST_00806,MER_0027,7297.42,INR,NetBanking,SBI,2026-08-23 01:59:00,success,,True,False
TXN_005376,CUST_00926,MER_0008,2255.27,INR,Wallet,YES,2026-08-11 14:36:00,failed,bank_timeout,True,False
TXN_005377,CUST_01269,MER_0011,2037.99,INR,UPI,YES,2026-07-22 20:30:00,failed,bank_declined,True,False
TXN_005378,CUST_01296,MER_0021,1418.47,INR,UPI,HDFC,2026-08-21 04:02:00,success,,True,False
TXN_005379,CUST_00238,MER_0046,1493.21,INR,UPI,KOTAK,2026-07-18 16:20:00,failed,bank_timeout,True,False
TXN_005380,CUST_01157,MER_0050,1709.65,INR,NetBanking,YES,2026-08-25 11:38:00,success,,True,False
TXN_005381,CUST_00618,MER_0024,8785.51,INR,Card,HDFC,2026-08-22 01:48:00,failed,insufficient_funds,True,False
TXN_005382,CUST_00878,MER_0026,2156.58,INR,Card,KOTAK,2026-08-07 00:30:00,failed,insufficient_funds,True,True
TXN_005383,CUST_00811,MER_0006,2403.17,INR,UPI,AXIS,2026-07-26 01:40:00,failed,bank_timeout,True,True
TXN_005384,CUST_01793,MER_0050,6209.12,INR,Card,AXIS,2026-07-06 18:36:00,failed,bank_declined,True,False
TXN_005385,CUST_00506,MER_0006,1410.94,INR,UPI,YES,2026-08-15 08:43:00,success,,True,False
TXN_005386,CUST_00061,MER_0036,4632.93,INR,UPI,KOTAK,2026-07-11 03:13:00,failed,bank_declined,True,False
TXN_005387,CUST_01177,MER_0048,5760.22,INR,UPI,SBI,2026-08-18 10:05:00,success,,True,False
TXN_005388,CUST_01953,MER_0041,3637.14,INR,Card,ICICI,2026-08-20 11:11:00,success,,True,False
TXN_005389,CUST_01142,MER_0049,515.95,INR,UPI,HDFC,2026-07-06 20:09:00,success,,True,False
TXN_005390,CUST_01560,MER_0039,2155.25,INR,UPI,SBI,2026-07-24 00:14:00,failed,bank_timeout,True,False
TXN_005391,CUST_00452,MER_0025,2075.41,INR,UPI,HDFC,2026-07-25 23:59:00,success,,True,False
TXN_005392,CUST_01084,MER_0026,5345.46,INR,Card,SBI,2026-08-24 14:07:00,success,,True,False
TXN_005393,CUST_01903,MER_0009,3115.42,INR,Card,HDFC,2026-08-08 17:49:00,success,,True,False
TXN_005394,CUST_00888,MER_0034,6114.83,INR,NetBanking,HDFC,2026-08-02 03:36:00,success,,True,False
TXN_005395,CUST_01689,MER_0009,3208.0,INR,UPI,SBI,2026-07-17 08:44:00,failed,network_error,True,False
TXN_005396,CUST_00894,MER_0037,324.84,INR,UPI,ICICI,2026-08-11 13:46:00,failed,bank_declined,True,False
TXN_005397,CUST_01988,MER_0013,2056.7,INR,UPI,KOTAK,2026-07-02 02:08:00,success,,True,False
TXN_005398,CUST_00709,MER_0028,1117.05,INR,Wallet,KOTAK,2026-07-25 08:17:00,success,,True,True
TXN_005399,CUST_01105,MER_0035,626.09,INR,Card,KOTAK,2026-08-06 07:21:00,success,,True,False
TXN_005400,CUST_01224,MER_0047,1355.88,INR,Card,YES,2026-07-04 10:24:00,success,,True,False
TXN_005401,CUST_00736,MER_0024,2088.93,INR,Card,HDFC,2026-08-22 05:25:00,success,,True,False
TXN_005402,CUST_01744,MER_0025,4157.64,INR,NetBanking,YES,2026-07-18 03:26:00,success,,True,False
TXN_005403,CUST_01578,MER_0027,2838.14,INR,UPI,SBI,2026-07-30 03:49:00,success,,True,False
TXN_005404,CUST_00542,MER_0003,8834.8,INR,Wallet,HDFC,2026-07-07 17:49:00,success,,True,True
TXN_005405,CUST_01026,MER_0041,1065.84,INR,Card,KOTAK,2026-07-13 12:32:00,success,,True,False
TXN_005406,CUST_01944,MER_0012,4938.65,INR,NetBanking,AXIS,2026-07-12 12:20:00,success,,True,False
TXN_005407,CUST_00194,MER_0030,2534.72,INR,UPI,SBI,2026-07-02 08:06:00,failed,authentication_failure,True,False
TXN_005408,CUST_00354,MER_0005,1721.22,INR,Card,YES,2026-08-18 22:50:00,success,,True,False
TXN_005409,CUST_00538,MER_0049,5752.24,INR,UPI,SBI,2026-07-14 09:33:00,success,,True,True
TXN_005410,CUST_00290,MER_0043,3090.78,INR,NetBanking,KOTAK,2026-07-24 07:24:00,failed,authentication_failure,True,True
TXN_005411,CUST_00524,MER_0037,2417.24,INR,UPI,HDFC,2026-07-04 08:26:00,success,,True,False
TXN_005412,CUST_01579,MER_0023,2014.96,INR,Card,YES,2026-08-12 19:21:00,success,,True,True
TXN_005413,CUST_00296,MER_0020,3609.57,INR,UPI,SBI,2026-07-28 11:21:00,success,,True,True
TXN_005414,CUST_01727,MER_0029,949.73,INR,Card,HDFC,2026-08-13 20:24:00,failed,insufficient_funds,True,False
TXN_005415,CUST_00838,MER_0026,3348.43,INR,Card,HDFC,2026-08-19 20:18:00,success,,True,False
TXN_005416,CUST_01538,MER_0049,2505.94,INR,UPI,KOTAK,2026-07-27 09:06:00,success,,True,False
TXN_005417,CUST_01445,MER_0009,7169.23,INR,UPI,AXIS,2026-07-06 14:05:00,success,,True,False
TXN_005418,CUST_01046,MER_0043,4533.36,INR,Wallet,HDFC,2026-07-30 15:37:00,success,,True,False
TXN_005419,CUST_01395,MER_0044,2426.04,INR,Card,SBI,2026-08-13 06:08:00,success,,True,False
TXN_005420,CUST_00518,MER_0018,2902.57,INR,Card,YES,2026-08-09 15:46:00,success,,True,False
TXN_005421,CUST_01151,MER_0043,3091.87,INR,Card,HDFC,2026-08-14 04:43:00,failed,bank_declined,True,False
TXN_005422,CUST_00422,MER_0031,566.5,INR,UPI,SBI,2026-07-03 10:59:00,success,,True,False
TXN_005423,CUST_01813,MER_0035,1917.5,INR,UPI,YES,2026-08-21 18:19:00,success,,True,False
TXN_005424,CUST_01440,MER_0029,744.3,INR,Card,KOTAK,2026-08-15 12:33:00,success,,True,True
TXN_005425,CUST_01586,MER_0037,6786.05,INR,UPI,KOTAK,2026-07-13 17:56:00,success,,True,False
TXN_005426,CUST_00890,MER_0046,2324.64,INR,UPI,ICICI,2026-07-02 03:27:00,failed,bank_declined,True,False
TXN_005427,CUST_00643,MER_0005,5001.22,INR,Wallet,SBI,2026-07-02 09:59:00,success,,True,False
TXN_005428,CUST_01374,MER_0028,3421.59,INR,Card,ICICI,2026-08-20 12:12:00,success,,True,False
TXN_005429,CUST_01684,MER_0014,989.39,INR,UPI,ICICI,2026-07-31 07:45:00,failed,network_error,True,False
TXN_005430,CUST_01606,MER_0016,1866.59,INR,Wallet,ICICI,2026-08-23 02:08:00,success,,True,False
TXN_005431,CUST_00767,MER_0039,604.48,INR,UPI,KOTAK,2026-07-25 19:11:00,success,,True,False
TXN_005432,CUST_01156,MER_0046,1404.98,INR,Card,HDFC,2026-08-20 16:07:00,success,,True,True
TXN_005433,CUST_00092,MER_0005,2107.31,INR,Card,YES,2026-08-06 20:50:00,success,,True,False
TXN_005434,CUST_00845,MER_0033,2226.17,INR,NetBanking,SBI,2026-07-26 15:13:00,success,,True,False
TXN_005435,CUST_01397,MER_0037,745.62,INR,UPI,HDFC,2026-08-18 01:21:00,failed,bank_declined,True,False
TXN_005436,CUST_00163,MER_0041,2249.17,INR,Card,ICICI,2026-08-03 00:52:00,success,,True,False
TXN_005437,CUST_01940,MER_0038,2515.04,INR,Wallet,SBI,2026-07-24 00:47:00,failed,bank_timeout,True,False
TXN_005438,CUST_01695,MER_0024,1299.25,INR,Card,ICICI,2026-08-01 12:43:00,success,,True,False
TXN_005439,CUST_00356,MER_0012,3516.02,INR,UPI,HDFC,2026-07-29 10:53:00,success,,True,True
TXN_005440,CUST_00225,MER_0036,1819.54,INR,UPI,YES,2026-07-02 10:56:00,failed,bank_timeout,True,False
TXN_005441,CUST_01902,MER_0014,3861.3,INR,UPI,YES,2026-07-18 17:43:00,success,,True,True
TXN_005442,CUST_01902,MER_0010,8049.29,INR,UPI,AXIS,2026-07-31 12:28:00,success,,True,False
TXN_005443,CUST_00870,MER_0018,4358.41,INR,Wallet,AXIS,2026-08-25 18:36:00,success,,True,False
TXN_005444,CUST_00539,MER_0008,5107.07,INR,Wallet,SBI,2026-08-02 09:39:00,failed,bank_declined,True,False
TXN_005445,CUST_01916,MER_0041,679.87,INR,Wallet,AXIS,2026-08-20 11:45:00,success,,True,False
TXN_005446,CUST_01299,MER_0036,8039.4,INR,UPI,SBI,2026-07-24 02:59:00,success,,True,False
TXN_005447,CUST_00660,MER_0009,12627.24,INR,UPI,ICICI,2026-07-17 13:10:00,success,,True,True
TXN_005448,CUST_00406,MER_0040,8385.38,INR,Card,SBI,2026-07-06 13:36:00,success,,True,True
TXN_005449,CUST_00668,MER_0032,1865.66,INR,Wallet,ICICI,2026-07-21 03:40:00,failed,network_error,True,False
TXN_005450,CUST_01615,MER_0027,1040.5,INR,Card,KOTAK,2026-07-29 22:29:00,success,,True,False
TXN_005451,CUST_00585,MER_0013,634.61,INR,UPI,KOTAK,2026-07-29 06:06:00,success,,True,False
TXN_005452,CUST_00812,MER_0027,2239.7,INR,Wallet,AXIS,2026-08-12 18:24:00,success,,True,False
TXN_005453,CUST_00854,MER_0029,8817.93,INR,Card,SBI,2026-08-16 05:57:00,success,,True,False
TXN_005454,CUST_00781,MER_0002,2179.11,INR,Card,SBI,2026-07-31 18:15:00,success,,True,False
TXN_005455,CUST_00385,MER_0005,3108.38,INR,UPI,SBI,2026-08-19 13:53:00,success,,True,False
TXN_005456,CUST_01552,MER_0021,7335.48,INR,Card,SBI,2026-07-15 02:55:00,failed,insufficient_funds,True,False
TXN_005457,CUST_01078,MER_0048,12436.93,INR,NetBanking,AXIS,2026-08-12 17:22:00,success,,True,False
TXN_005458,CUST_00090,MER_0041,12012.17,INR,UPI,AXIS,2026-08-21 01:48:00,success,,True,True
TXN_005459,CUST_00531,MER_0050,2197.58,INR,Card,KOTAK,2026-07-16 20:57:00,success,,True,True
TXN_005460,CUST_01516,MER_0045,1537.59,INR,UPI,YES,2026-08-25 05:37:00,failed,bank_timeout,True,False
TXN_005461,CUST_01970,MER_0048,1848.22,INR,Card,YES,2026-08-01 19:09:00,success,,True,False
TXN_005462,CUST_01311,MER_0013,967.54,INR,NetBanking,HDFC,2026-07-25 18:32:00,failed,bank_timeout,True,True
TXN_005463,CUST_00830,MER_0004,6458.54,INR,UPI,HDFC,2026-08-17 09:29:00,success,,True,True
TXN_005464,CUST_01978,MER_0049,2763.93,INR,Wallet,SBI,2026-07-29 23:24:00,success,,True,False
TXN_005465,CUST_00674,MER_0029,888.65,INR,Card,ICICI,2026-07-19 23:26:00,success,,True,True
TXN_005466,CUST_00356,MER_0015,912.67,INR,NetBanking,HDFC,2026-07-13 04:20:00,success,,True,False
TXN_005467,CUST_00275,MER_0036,2659.21,INR,Card,YES,2026-07-16 14:11:00,success,,True,False
TXN_005468,CUST_01790,MER_0040,1636.15,INR,Card,SBI,2026-08-07 17:30:00,success,,True,False
TXN_005469,CUST_00040,MER_0039,1857.76,INR,Card,AXIS,2026-07-14 04:43:00,success,,True,False
TXN_005470,CUST_01916,MER_0021,5527.94,INR,Card,SBI,2026-07-28 04:50:00,success,,True,False
TXN_005471,CUST_01877,MER_0030,4387.63,INR,UPI,ICICI,2026-07-17 10:12:00,success,,True,False
TXN_005472,CUST_01618,MER_0023,7350.43,INR,Card,KOTAK,2026-08-16 00:59:00,success,,True,False
TXN_005473,CUST_01449,MER_0002,1104.89,INR,Card,AXIS,2026-08-03 06:46:00,success,,True,False
TXN_005474,CUST_01413,MER_0028,1854.64,INR,UPI,YES,2026-07-22 17:08:00,success,,True,False
TXN_005475,CUST_00907,MER_0036,4479.14,INR,UPI,SBI,2026-07-18 10:15:00,success,,True,False
TXN_005476,CUST_01107,MER_0006,3492.81,INR,UPI,KOTAK,2026-08-13 09:33:00,success,,True,False
TXN_005477,CUST_01545,MER_0038,8315.73,INR,Wallet,AXIS,2026-07-20 19:59:00,failed,bank_declined,True,False
TXN_005478,CUST_00311,MER_0042,10705.23,INR,UPI,ICICI,2026-08-11 23:22:00,success,,True,True
TXN_005479,CUST_00700,MER_0033,3759.4,INR,UPI,SBI,2026-07-19 03:41:00,success,,True,False
TXN_005480,CUST_01670,MER_0015,5708.63,INR,UPI,HDFC,2026-08-19 18:20:00,success,,True,False
TXN_005481,CUST_00947,MER_0024,1884.07,INR,UPI,HDFC,2026-08-18 01:34:00,failed,bank_timeout,True,True
TXN_005482,CUST_01674,MER_0011,5058.15,INR,UPI,SBI,2026-08-26 18:09:00,success,,True,False
TXN_005483,CUST_00270,MER_0015,8869.58,INR,UPI,HDFC,2026-08-22 07:07:00,failed,authentication_failure,True,False
TXN_005484,CUST_00877,MER_0031,2283.5,INR,UPI,YES,2026-07-23 18:42:00,success,,True,True
TXN_005485,CUST_01187,MER_0028,7345.68,INR,NetBanking,SBI,2026-08-18 11:38:00,success,,True,False
TXN_005486,CUST_00414,MER_0010,422.6,INR,UPI,ICICI,2026-07-06 04:38:00,success,,True,False
TXN_005487,CUST_01859,MER_0023,782.28,INR,Wallet,SBI,2026-08-02 17:07:00,success,,True,True
TXN_005488,CUST_01421,MER_0011,4210.38,INR,Card,HDFC,2026-07-31 18:32:00,failed,authentication_failure,False,False
TXN_005489,CUST_01434,MER_0032,3961.63,INR,NetBanking,YES,2026-08-13 22:15:00,success,,True,True
TXN_005490,CUST_00890,MER_0020,2569.65,INR,UPI,YES,2026-08-22 11:43:00,success,,True,False
TXN_005491,CUST_01774,MER_0021,3853.57,INR,Card,AXIS,2026-07-05 03:31:00,failed,authentication_failure,True,False
TXN_005492,CUST_01703,MER_0009,3852.16,INR,UPI,AXIS,2026-08-21 10:05:00,success,,True,False
TXN_005493,CUST_00416,MER_0015,5407.44,INR,Card,SBI,2026-07-28 18:02:00,failed,expired_card,True,False
TXN_005494,CUST_00185,MER_0033,12220.17,INR,Card,ICICI,2026-07-25 06:29:00,success,,True,False
TXN_005495,CUST_00674,MER_0023,2966.92,INR,UPI,ICICI,2026-08-01 21:38:00,failed,bank_timeout,True,True
TXN_005496,CUST_00011,MER_0036,721.59,INR,UPI,ICICI,2026-07-28 14:08:00,success,,True,False
TXN_005497,CUST_01659,MER_0041,1595.39,INR,UPI,AXIS,2026-07-03 12:55:00,success,,True,False
TXN_005498,CUST_00140,MER_0046,2091.29,INR,Card,YES,2026-08-16 23:19:00,success,,True,False
TXN_005499,CUST_01552,MER_0043,5654.78,INR,Card,SBI,2026-07-15 22:35:00,success,,True,False
TXN_005500,CUST_00757,MER_0010,1496.97,INR,UPI,SBI,2026-08-20 00:54:00,failed,authentication_failure,False,False
TXN_005501,CUST_01983,MER_0012,2437.44,INR,UPI,HDFC,2026-07-23 08:02:00,failed,bank_timeout,True,False
TXN_005502,CUST_01723,MER_0025,2978.32,INR,UPI,AXIS,2026-07-08 00:31:00,success,,True,False
TXN_005503,CUST_01636,MER_0035,1784.82,INR,UPI,AXIS,2026-08-22 12:01:00,success,,True,False
TXN_005504,CUST_00649,MER_0050,1731.55,INR,UPI,AXIS,2026-07-13 19:22:00,failed,network_error,True,False
TXN_005505,CUST_00409,MER_0003,2001.47,INR,UPI,ICICI,2026-07-08 14:29:00,failed,bank_declined,True,True
TXN_005506,CUST_00850,MER_0048,1615.2,INR,UPI,HDFC,2026-08-14 23:43:00,success,,True,True
TXN_005507,CUST_00780,MER_0018,3406.7,INR,NetBanking,YES,2026-07-28 20:46:00,success,,True,False
TXN_005508,CUST_01052,MER_0048,4133.61,INR,UPI,SBI,2026-07-25 18:19:00,success,,True,False
TXN_005509,CUST_01580,MER_0041,2938.8,INR,Wallet,YES,2026-08-15 08:40:00,success,,True,False
TXN_005510,CUST_01954,MER_0018,5411.77,INR,UPI,KOTAK,2026-07-20 00:17:00,failed,authentication_failure,True,False
TXN_005511,CUST_00955,MER_0018,1927.45,INR,UPI,HDFC,2026-07-02 16:12:00,failed,bank_declined,True,True
TXN_005512,CUST_01051,MER_0031,3134.6,INR,UPI,ICICI,2026-08-11 04:49:00,success,,True,False
TXN_005513,CUST_01402,MER_0018,3862.28,INR,UPI,HDFC,2026-07-22 09:25:00,failed,network_error,True,False
TXN_005514,CUST_00225,MER_0004,6329.26,INR,UPI,SBI,2026-08-08 02:56:00,success,,True,True
TXN_005515,CUST_01606,MER_0025,1582.6,INR,UPI,YES,2026-07-18 17:03:00,success,,True,False
TXN_005516,CUST_01881,MER_0041,2249.35,INR,Wallet,SBI,2026-08-02 22:41:00,success,,True,False
TXN_005517,CUST_00104,MER_0026,4174.77,INR,Wallet,YES,2026-08-13 13:16:00,success,,True,False
TXN_005518,CUST_01233,MER_0021,5735.32,INR,Wallet,SBI,2026-08-10 11:58:00,success,,True,True
TXN_005519,CUST_00162,MER_0033,5172.83,INR,UPI,AXIS,2026-08-19 11:33:00,success,,True,True
TXN_005520,CUST_01515,MER_0014,2319.01,INR,UPI,ICICI,2026-08-17 18:49:00,failed,bank_timeout,True,False
TXN_005521,CUST_00224,MER_0002,1097.57,INR,UPI,ICICI,2026-08-10 18:29:00,failed,network_error,True,False
TXN_005522,CUST_01749,MER_0040,3209.21,INR,UPI,AXIS,2026-08-17 09:33:00,success,,True,False
TXN_005523,CUST_00429,MER_0031,1013.39,INR,NetBanking,AXIS,2026-07-16 07:48:00,success,,True,False
TXN_005524,CUST_00039,MER_0005,2529.19,INR,UPI,SBI,2026-07-13 13:42:00,failed,bank_timeout,True,False
TXN_005525,CUST_00950,MER_0035,971.67,INR,UPI,AXIS,2026-07-11 22:05:00,success,,True,False
TXN_005526,CUST_00613,MER_0050,5907.62,INR,Wallet,KOTAK,2026-08-08 20:57:00,success,,True,False
TXN_005527,CUST_01953,MER_0020,1804.38,INR,UPI,AXIS,2026-08-09 13:15:00,failed,authentication_failure,True,False
TXN_005528,CUST_01313,MER_0006,1592.78,INR,Card,AXIS,2026-07-21 17:09:00,success,,True,False
TXN_005529,CUST_00291,MER_0016,1073.52,INR,UPI,AXIS,2026-07-21 07:37:00,success,,True,False
TXN_005530,CUST_00448,MER_0008,1691.7,INR,Wallet,KOTAK,2026-08-25 04:35:00,success,,True,False
TXN_005531,CUST_00201,MER_0007,2261.72,INR,Card,AXIS,2026-07-08 22:30:00,success,,True,False
TXN_005532,CUST_00315,MER_0028,1788.65,INR,UPI,SBI,2026-08-12 09:22:00,success,,True,False
TXN_005533,CUST_00639,MER_0018,2053.29,INR,Card,ICICI,2026-07-12 00:58:00,success,,True,False
TXN_005534,CUST_00008,MER_0049,3188.07,INR,Card,ICICI,2026-07-22 11:42:00,success,,True,False
TXN_005535,CUST_00047,MER_0013,2128.25,INR,Card,SBI,2026-08-04 02:00:00,success,,True,False
TXN_005536,CUST_00122,MER_0030,2314.87,INR,UPI,YES,2026-07-16 08:40:00,success,,True,False
TXN_005537,CUST_01461,MER_0003,621.8,INR,Card,SBI,2026-08-23 07:56:00,failed,expired_card,True,False
TXN_005538,CUST_01342,MER_0029,2272.5,INR,Card,ICICI,2026-07-19 01:36:00,success,,True,False
TXN_005539,CUST_00519,MER_0013,8850.55,INR,UPI,KOTAK,2026-07-06 19:00:00,failed,bank_declined,True,False
TXN_005540,CUST_01292,MER_0012,574.42,INR,UPI,AXIS,2026-08-25 07:28:00,success,,True,False
TXN_005541,CUST_00394,MER_0030,4001.62,INR,Card,SBI,2026-07-07 16:10:00,success,,True,True
TXN_005542,CUST_00192,MER_0041,3220.27,INR,Card,HDFC,2026-08-20 02:07:00,failed,authentication_failure,True,False
TXN_005543,CUST_01399,MER_0036,717.81,INR,Card,SBI,2026-07-01 02:43:00,failed,bank_declined,True,False
TXN_005544,CUST_01955,MER_0047,7565.01,INR,NetBanking,KOTAK,2026-07-10 15:54:00,success,,True,False
TXN_005545,CUST_01145,MER_0019,333.63,INR,UPI,AXIS,2026-08-15 14:21:00,success,,True,False
TXN_005546,CUST_01550,MER_0034,1691.59,INR,Card,YES,2026-08-26 10:35:00,success,,True,False
TXN_005547,CUST_00825,MER_0024,9240.52,INR,NetBanking,YES,2026-08-04 06:41:00,failed,network_error,True,False
TXN_005548,CUST_01665,MER_0038,1648.32,INR,UPI,KOTAK,2026-07-30 23:28:00,failed,bank_timeout,True,False
TXN_005549,CUST_01726,MER_0048,995.54,INR,UPI,AXIS,2026-07-08 19:20:00,success,,True,False
TXN_005550,CUST_00767,MER_0038,624.02,INR,UPI,HDFC,2026-07-09 12:52:00,success,,True,False
TXN_005551,CUST_00651,MER_0008,5664.86,INR,UPI,KOTAK,2026-08-24 19:20:00,success,,True,False
TXN_005552,CUST_01320,MER_0029,558.72,INR,Card,YES,2026-08-23 17:08:00,success,,True,False
TXN_005553,CUST_00377,MER_0025,2974.46,INR,UPI,SBI,2026-08-04 14:28:00,success,,True,False
TXN_005554,CUST_01450,MER_0043,4960.51,INR,Wallet,KOTAK,2026-07-30 16:44:00,success,,True,False
TXN_005555,CUST_00157,MER_0041,764.34,INR,Card,HDFC,2026-07-30 10:51:00,failed,bank_declined,True,True
TXN_005556,CUST_00414,MER_0030,6441.67,INR,Card,YES,2026-07-06 22:40:00,success,,True,False
TXN_005557,CUST_00838,MER_0033,3738.03,INR,UPI,SBI,2026-07-29 01:46:00,success,,True,False
TXN_005558,CUST_01586,MER_0024,1489.46,INR,UPI,AXIS,2026-07-01 12:16:00,failed,authentication_failure,False,False
TXN_005559,CUST_01091,MER_0029,6407.53,INR,Card,KOTAK,2026-07-11 21:27:00,success,,True,False
TXN_005560,CUST_01818,MER_0046,3026.74,INR,Card,ICICI,2026-08-07 22:24:00,success,,True,False
TXN_005561,CUST_01774,MER_0032,1187.82,INR,UPI,ICICI,2026-07-04 17:28:00,success,,True,False
TXN_005562,CUST_00576,MER_0044,1753.28,INR,UPI,KOTAK,2026-08-16 19:52:00,success,,True,False
TXN_005563,CUST_01903,MER_0039,3069.01,INR,Card,HDFC,2026-07-27 04:20:00,failed,bank_declined,True,False
TXN_005564,CUST_00018,MER_0032,5172.78,INR,UPI,AXIS,2026-07-01 21:46:00,success,,True,False
TXN_005565,CUST_01913,MER_0048,717.79,INR,UPI,HDFC,2026-07-08 15:00:00,success,,True,True
TXN_005566,CUST_01549,MER_0034,738.48,INR,Card,KOTAK,2026-07-25 08:10:00,failed,insufficient_funds,True,False
TXN_005567,CUST_01952,MER_0045,1647.09,INR,Card,AXIS,2026-07-30 06:05:00,failed,expired_card,True,False
TXN_005568,CUST_00694,MER_0026,593.21,INR,UPI,HDFC,2026-07-05 23:06:00,success,,True,True
TXN_005569,CUST_00306,MER_0008,2479.06,INR,UPI,HDFC,2026-07-18 11:23:00,success,,True,False
TXN_005570,CUST_00168,MER_0011,2339.74,INR,Card,HDFC,2026-07-31 02:40:00,success,,True,False
TXN_005571,CUST_00165,MER_0043,4116.6,INR,Wallet,ICICI,2026-07-12 02:41:00,failed,insufficient_funds,True,False
TXN_005572,CUST_00607,MER_0031,2194.95,INR,UPI,HDFC,2026-07-31 08:45:00,success,,True,False
TXN_005573,CUST_00001,MER_0023,6257.9,INR,UPI,SBI,2026-07-06 06:15:00,success,,True,False
TXN_005574,CUST_01943,MER_0022,854.08,INR,UPI,HDFC,2026-07-27 10:17:00,success,,True,True
TXN_005575,CUST_01559,MER_0027,3748.5,INR,UPI,HDFC,2026-08-14 06:42:00,success,,True,False
TXN_005576,CUST_00502,MER_0046,641.03,INR,UPI,AXIS,2026-07-22 00:39:00,failed,authentication_failure,True,False
TXN_005577,CUST_01004,MER_0026,925.07,INR,UPI,HDFC,2026-08-21 13:24:00,success,,True,False
TXN_005578,CUST_01703,MER_0041,4562.17,INR,Card,AXIS,2026-08-01 17:18:00,success,,True,False
TXN_005579,CUST_01936,MER_0017,2316.17,INR,UPI,SBI,2026-07-10 09:21:00,success,,True,False
TXN_005580,CUST_00325,MER_0028,2414.38,INR,UPI,KOTAK,2026-07-05 23:23:00,success,,True,False
TXN_005581,CUST_00275,MER_0002,1006.88,INR,Card,YES,2026-07-17 06:42:00,success,,True,False
TXN_005582,CUST_01073,MER_0034,1920.32,INR,UPI,AXIS,2026-07-14 20:25:00,failed,bank_declined,True,False
TXN_005583,CUST_00609,MER_0004,3316.83,INR,UPI,KOTAK,2026-08-11 19:53:00,failed,bank_timeout,True,False
TXN_005584,CUST_00919,MER_0007,7071.55,INR,Card,ICICI,2026-08-11 00:35:00,success,,True,False
TXN_005585,CUST_01930,MER_0025,638.76,INR,NetBanking,ICICI,2026-08-06 23:04:00,success,,True,True
TXN_005586,CUST_01086,MER_0026,1280.22,INR,UPI,KOTAK,2026-07-15 04:34:00,success,,True,False
TXN_005587,CUST_01414,MER_0048,9337.19,INR,Card,HDFC,2026-08-14 20:44:00,failed,insufficient_funds,True,True
TXN_005588,CUST_00667,MER_0012,852.44,INR,NetBanking,KOTAK,2026-07-08 17:29:00,failed,authentication_failure,True,True
TXN_005589,CUST_00354,MER_0029,1668.51,INR,UPI,YES,2026-08-15 19:33:00,success,,True,False
TXN_005590,CUST_00259,MER_0006,1250.51,INR,UPI,ICICI,2026-08-09 05:05:00,failed,authentication_failure,True,False
TXN_005591,CUST_00556,MER_0023,22352.62,INR,UPI,YES,2026-08-18 18:32:00,success,,True,False
TXN_005592,CUST_00667,MER_0020,1995.72,INR,Wallet,YES,2026-08-23 21:37:00,failed,bank_timeout,False,False
TXN_005593,CUST_01817,MER_0028,8062.41,INR,Card,KOTAK,2026-08-12 20:49:00,success,,True,True
TXN_005594,CUST_01204,MER_0009,3979.28,INR,UPI,AXIS,2026-08-05 05:29:00,success,,True,True
TXN_005595,CUST_01280,MER_0025,1321.9,INR,UPI,AXIS,2026-07-01 07:14:00,success,,True,False
TXN_005596,CUST_00516,MER_0042,1156.91,INR,NetBanking,YES,2026-08-10 21:54:00,success,,True,False
TXN_005597,CUST_00711,MER_0011,4182.98,INR,UPI,ICICI,2026-07-09 08:36:00,failed,network_error,True,False
TXN_005598,CUST_00105,MER_0019,522.81,INR,UPI,ICICI,2026-08-03 16:33:00,success,,True,False
TXN_005599,CUST_01725,MER_0023,10196.42,INR,Card,SBI,2026-07-17 15:53:00,failed,authentication_failure,True,False
TXN_005600,CUST_01923,MER_0043,8074.43,INR,Card,AXIS,2026-08-14 10:58:00,failed,insufficient_funds,True,False
TXN_005601,CUST_00353,MER_0015,1095.75,INR,UPI,SBI,2026-07-08 19:41:00,success,,True,False
TXN_005602,CUST_01678,MER_0001,5577.81,INR,Card,YES,2026-08-14 20:36:00,success,,True,False
TXN_005603,CUST_01188,MER_0017,1449.31,INR,UPI,YES,2026-08-04 04:07:00,success,,True,False
TXN_005604,CUST_01154,MER_0028,548.2,INR,UPI,SBI,2026-08-20 00:01:00,failed,network_error,True,True
TXN_005605,CUST_00860,MER_0040,3354.67,INR,NetBanking,KOTAK,2026-07-31 05:37:00,failed,bank_timeout,False,False
TXN_005606,CUST_00335,MER_0044,1909.05,INR,UPI,SBI,2026-08-18 14:30:00,success,,True,False
TXN_005607,CUST_01788,MER_0036,6092.74,INR,NetBanking,KOTAK,2026-07-12 00:43:00,success,,True,False
TXN_005608,CUST_01716,MER_0001,2657.64,INR,Card,KOTAK,2026-07-12 05:50:00,success,,True,False
TXN_005609,CUST_00482,MER_0023,1243.1,INR,UPI,HDFC,2026-07-01 22:04:00,success,,True,False
TXN_005610,CUST_00028,MER_0010,4279.64,INR,UPI,SBI,2026-08-13 08:50:00,success,,True,True
TXN_005611,CUST_01086,MER_0047,2858.75,INR,UPI,KOTAK,2026-07-09 20:03:00,success,,True,False
TXN_005612,CUST_01280,MER_0021,324.64,INR,UPI,HDFC,2026-08-20 22:57:00,success,,True,True
TXN_005613,CUST_01259,MER_0036,3438.13,INR,Wallet,ICICI,2026-08-24 12:19:00,success,,True,False
TXN_005614,CUST_00925,MER_0037,3339.12,INR,NetBanking,KOTAK,2026-07-16 11:21:00,success,,True,False
TXN_005615,CUST_01676,MER_0043,2480.21,INR,UPI,ICICI,2026-07-11 14:43:00,success,,True,False
TXN_005616,CUST_00880,MER_0011,4980.87,INR,UPI,KOTAK,2026-07-01 22:08:00,success,,True,False
TXN_005617,CUST_00868,MER_0015,1425.23,INR,UPI,KOTAK,2026-07-07 16:44:00,failed,bank_timeout,False,False
TXN_005618,CUST_00091,MER_0038,696.75,INR,UPI,KOTAK,2026-07-11 23:01:00,failed,bank_timeout,False,True
TXN_005619,CUST_01853,MER_0002,11642.85,INR,Wallet,KOTAK,2026-08-09 15:35:00,success,,True,False
TXN_005620,CUST_00996,MER_0008,1101.16,INR,UPI,AXIS,2026-07-08 12:44:00,success,,True,False
TXN_005621,CUST_00229,MER_0026,1328.97,INR,UPI,KOTAK,2026-08-16 16:40:00,failed,bank_timeout,True,False
TXN_005622,CUST_00991,MER_0028,2708.09,INR,Card,KOTAK,2026-08-14 06:57:00,failed,insufficient_funds,True,False
TXN_005623,CUST_01014,MER_0041,3418.64,INR,UPI,SBI,2026-07-20 22:25:00,success,,True,False
TXN_005624,CUST_01006,MER_0037,4805.29,INR,Card,SBI,2026-08-13 21:11:00,success,,True,False
TXN_005625,CUST_00196,MER_0021,3742.38,INR,NetBanking,HDFC,2026-08-20 19:50:00,success,,True,False
TXN_005626,CUST_00583,MER_0032,593.04,INR,UPI,AXIS,2026-07-06 20:29:00,success,,True,False
TXN_005627,CUST_00314,MER_0048,5410.7,INR,Wallet,ICICI,2026-07-24 06:26:00,failed,insufficient_funds,False,False
TXN_005628,CUST_00986,MER_0022,4741.6,INR,Card,HDFC,2026-07-24 10:56:00,success,,True,False
TXN_005629,CUST_00796,MER_0042,3288.79,INR,Wallet,AXIS,2026-07-16 03:45:00,success,,True,False
TXN_005630,CUST_00620,MER_0015,2910.71,INR,Card,HDFC,2026-07-25 03:45:00,failed,insufficient_funds,False,False
TXN_005631,CUST_00532,MER_0022,11370.88,INR,Card,KOTAK,2026-08-15 03:54:00,success,,True,False
TXN_005632,CUST_00932,MER_0021,1138.61,INR,Card,SBI,2026-07-08 16:14:00,failed,insufficient_funds,True,False
TXN_005633,CUST_01410,MER_0017,2277.94,INR,UPI,YES,2026-07-01 23:53:00,failed,network_error,False,False
TXN_005634,CUST_01152,MER_0018,713.92,INR,UPI,AXIS,2026-07-23 09:03:00,success,,True,False
TXN_005635,CUST_00514,MER_0021,1943.35,INR,UPI,KOTAK,2026-08-08 21:20:00,success,,True,True
TXN_005636,CUST_01337,MER_0032,1099.04,INR,Card,YES,2026-07-22 11:07:00,failed,expired_card,True,False
TXN_005637,CUST_01177,MER_0042,1013.79,INR,NetBanking,SBI,2026-07-24 20:33:00,success,,True,False
TXN_005638,CUST_01411,MER_0014,1704.24,INR,UPI,SBI,2026-08-09 09:18:00,failed,bank_timeout,False,True
TXN_005639,CUST_01348,MER_0039,2637.02,INR,Card,ICICI,2026-07-13 06:30:00,failed,expired_card,False,True
TXN_005640,CUST_01251,MER_0023,767.84,INR,UPI,KOTAK,2026-08-22 19:36:00,success,,True,False
TXN_005641,CUST_00545,MER_0018,3260.16,INR,UPI,HDFC,2026-07-04 12:49:00,success,,True,True
TXN_005642,CUST_00976,MER_0029,1289.55,INR,Card,SBI,2026-07-07 00:36:00,success,,True,False
TXN_005643,CUST_00441,MER_0011,5765.37,INR,NetBanking,HDFC,2026-08-04 13:03:00,success,,True,False
TXN_005644,CUST_00096,MER_0038,2922.56,INR,UPI,YES,2026-07-23 18:11:00,failed,bank_timeout,True,False
TXN_005645,CUST_01353,MER_0030,7544.35,INR,Wallet,HDFC,2026-08-20 05:02:00,success,,True,False
TXN_005646,CUST_00414,MER_0033,1904.99,INR,Card,HDFC,2026-07-31 21:25:00,success,,True,False
TXN_005647,CUST_01109,MER_0025,1541.34,INR,Wallet,YES,2026-08-10 22:55:00,failed,bank_timeout,True,True
TXN_005648,CUST_00586,MER_0016,3668.77,INR,Wallet,ICICI,2026-07-21 11:26:00,success,,True,False
TXN_005649,CUST_00833,MER_0042,2100.93,INR,Card,KOTAK,2026-08-11 03:58:00,failed,insufficient_funds,True,False
TXN_005650,CUST_00180,MER_0009,2059.47,INR,UPI,AXIS,2026-07-28 23:53:00,success,,True,True
TXN_005651,CUST_01376,MER_0043,2505.44,INR,Wallet,SBI,2026-08-08 15:08:00,success,,True,False
TXN_005652,CUST_00136,MER_0012,2482.39,INR,UPI,SBI,2026-08-25 11:56:00,success,,True,False
TXN_005653,CUST_00341,MER_0037,1155.54,INR,Card,SBI,2026-07-06 20:18:00,success,,True,False
TXN_005654,CUST_01764,MER_0040,2596.89,INR,UPI,HDFC,2026-08-23 22:30:00,success,,True,True
TXN_005655,CUST_01475,MER_0038,7460.73,INR,Wallet,SBI,2026-07-20 22:00:00,success,,True,False
TXN_005656,CUST_01891,MER_0011,3484.13,INR,Card,SBI,2026-07-10 03:44:00,success,,True,False
TXN_005657,CUST_00730,MER_0040,2502.01,INR,UPI,YES,2026-07-14 19:52:00,success,,True,False
TXN_005658,CUST_01339,MER_0004,2144.34,INR,UPI,AXIS,2026-07-25 13:43:00,success,,True,False
TXN_005659,CUST_00109,MER_0017,3180.18,INR,Card,ICICI,2026-07-01 08:12:00,failed,network_error,True,False
TXN_005660,CUST_00123,MER_0007,3973.45,INR,Wallet,SBI,2026-07-24 01:59:00,success,,True,False
TXN_005661,CUST_01906,MER_0028,1871.52,INR,UPI,HDFC,2026-08-13 21:17:00,success,,True,False
TXN_005662,CUST_00202,MER_0007,3164.74,INR,Card,ICICI,2026-07-30 04:05:00,success,,True,False
TXN_005663,CUST_01989,MER_0014,3582.99,INR,NetBanking,KOTAK,2026-08-11 07:48:00,success,,True,False
TXN_005664,CUST_01990,MER_0006,1090.34,INR,UPI,YES,2026-07-29 05:55:00,success,,True,False
TXN_005665,CUST_00083,MER_0005,2792.2,INR,NetBanking,ICICI,2026-07-09 14:50:00,failed,bank_timeout,True,False
TXN_005666,CUST_01396,MER_0050,3590.43,INR,NetBanking,YES,2026-08-10 01:57:00,failed,bank_timeout,False,False
TXN_005667,CUST_00613,MER_0050,4438.35,INR,UPI,KOTAK,2026-08-19 12:42:00,failed,bank_timeout,True,False
TXN_005668,CUST_01494,MER_0048,3125.15,INR,Card,AXIS,2026-07-22 06:35:00,success,,True,False
TXN_005669,CUST_00468,MER_0035,7624.81,INR,Wallet,ICICI,2026-07-16 12:55:00,failed,bank_timeout,True,False
TXN_005670,CUST_00950,MER_0049,2384.3,INR,UPI,AXIS,2026-07-13 22:10:00,success,,True,False
TXN_005671,CUST_01085,MER_0009,2728.36,INR,UPI,AXIS,2026-08-18 18:50:00,success,,True,False
TXN_005672,CUST_00823,MER_0001,5935.63,INR,UPI,ICICI,2026-08-25 02:51:00,success,,True,False
TXN_005673,CUST_01697,MER_0022,734.62,INR,UPI,SBI,2026-08-21 22:58:00,failed,bank_timeout,True,False
TXN_005674,CUST_01718,MER_0019,7104.31,INR,UPI,YES,2026-07-05 16:00:00,success,,True,True
TXN_005675,CUST_01959,MER_0020,5324.96,INR,UPI,YES,2026-08-15 11:40:00,success,,True,False
TXN_005676,CUST_00632,MER_0028,3279.38,INR,Card,KOTAK,2026-08-18 12:51:00,failed,insufficient_funds,True,True
TXN_005677,CUST_00712,MER_0045,2345.07,INR,Wallet,YES,2026-07-18 04:10:00,success,,True,False
TXN_005678,CUST_01129,MER_0025,1522.44,INR,UPI,KOTAK,2026-08-16 05:53:00,failed,bank_timeout,False,True
TXN_005679,CUST_00255,MER_0043,1277.32,INR,Card,YES,2026-08-21 23:40:00,success,,True,True
TXN_005680,CUST_00373,MER_0040,1074.3,INR,Card,YES,2026-08-17 05:27:00,success,,True,True
TXN_005681,CUST_01652,MER_0009,467.83,INR,Wallet,KOTAK,2026-07-11 15:05:00,success,,True,True
TXN_005682,CUST_01483,MER_0040,6486.28,INR,Wallet,KOTAK,2026-07-14 01:53:00,success,,True,False
TXN_005683,CUST_00943,MER_0017,1772.57,INR,UPI,YES,2026-08-15 23:50:00,success,,True,False
TXN_005684,CUST_00615,MER_0032,2767.55,INR,Wallet,YES,2026-08-25 08:22:00,failed,bank_timeout,True,True
TXN_005685,CUST_00789,MER_0003,1039.04,INR,UPI,SBI,2026-08-22 13:12:00,success,,True,False
TXN_005686,CUST_00103,MER_0046,891.36,INR,UPI,HDFC,2026-07-13 18:42:00,success,,True,False
TXN_005687,CUST_00445,MER_0044,1091.98,INR,Card,ICICI,2026-07-30 18:04:00,failed,expired_card,True,False
TXN_005688,CUST_01758,MER_0035,3272.42,INR,Card,HDFC,2026-08-01 13:58:00,success,,True,False
TXN_005689,CUST_00970,MER_0023,1291.33,INR,UPI,AXIS,2026-07-21 10:38:00,failed,network_error,True,True
TXN_005690,CUST_01233,MER_0042,5550.93,INR,Card,SBI,2026-08-13 08:04:00,failed,insufficient_funds,True,False
TXN_005691,CUST_01543,MER_0044,2217.8,INR,Wallet,KOTAK,2026-07-11 04:56:00,failed,bank_declined,True,False
TXN_005692,CUST_00638,MER_0020,2050.0,INR,Card,KOTAK,2026-07-23 22:41:00,success,,True,False
TXN_005693,CUST_01732,MER_0048,2380.32,INR,UPI,SBI,2026-07-06 23:52:00,failed,bank_timeout,True,True
TXN_005694,CUST_01826,MER_0015,4278.93,INR,UPI,KOTAK,2026-07-06 09:12:00,failed,network_error,True,False
TXN_005695,CUST_01264,MER_0021,1668.87,INR,UPI,YES,2026-08-10 05:01:00,success,,True,False
TXN_005696,CUST_01914,MER_0008,1593.37,INR,NetBanking,AXIS,2026-07-12 00:21:00,success,,True,False
TXN_005697,CUST_00458,MER_0041,4072.13,INR,NetBanking,ICICI,2026-07-04 21:10:00,success,,True,False
TXN_005698,CUST_00612,MER_0016,4325.09,INR,NetBanking,KOTAK,2026-08-16 07:17:00,failed,network_error,True,False
TXN_005699,CUST_00005,MER_0049,685.57,INR,Card,YES,2026-08-07 06:29:00,success,,True,True
TXN_005700,CUST_01587,MER_0044,2067.61,INR,Card,HDFC,2026-08-02 07:11:00,success,,True,False
TXN_005701,CUST_01647,MER_0029,4019.13,INR,UPI,KOTAK,2026-07-20 18:09:00,success,,True,False
TXN_005702,CUST_00764,MER_0024,10345.77,INR,UPI,KOTAK,2026-07-08 11:48:00,failed,bank_timeout,True,False
TXN_005703,CUST_00084,MER_0046,1734.97,INR,Card,ICICI,2026-08-13 15:46:00,success,,True,True
TXN_005704,CUST_00553,MER_0033,1787.33,INR,NetBanking,SBI,2026-07-18 12:22:00,success,,True,False
TXN_005705,CUST_01704,MER_0006,7220.25,INR,Card,SBI,2026-08-07 20:33:00,success,,True,False
TXN_005706,CUST_01419,MER_0005,2373.32,INR,UPI,AXIS,2026-08-17 07:15:00,failed,bank_timeout,True,False
TXN_005707,CUST_01411,MER_0034,3815.99,INR,Card,KOTAK,2026-07-20 19:06:00,failed,authentication_failure,False,False
TXN_005708,CUST_01306,MER_0015,916.43,INR,UPI,KOTAK,2026-08-14 05:11:00,success,,True,True
TXN_005709,CUST_00178,MER_0003,1194.86,INR,UPI,SBI,2026-08-26 02:21:00,success,,True,False
TXN_005710,CUST_01710,MER_0038,9771.58,INR,UPI,YES,2026-07-26 18:06:00,failed,network_error,True,False
TXN_005711,CUST_00233,MER_0001,2660.34,INR,Card,YES,2026-07-31 16:38:00,failed,bank_declined,True,False
TXN_005712,CUST_01887,MER_0006,3083.19,INR,UPI,SBI,2026-07-13 01:46:00,failed,bank_timeout,True,False
TXN_005713,CUST_00077,MER_0004,3083.24,INR,UPI,YES,2026-07-22 14:50:00,failed,bank_timeout,True,False
TXN_005714,CUST_00418,MER_0022,4890.45,INR,Wallet,YES,2026-08-01 06:09:00,failed,insufficient_funds,True,False
TXN_005715,CUST_01964,MER_0023,1116.16,INR,UPI,ICICI,2026-07-25 20:20:00,failed,network_error,True,False
TXN_005716,CUST_00974,MER_0019,501.09,INR,Card,KOTAK,2026-07-13 19:47:00,failed,bank_declined,True,False
TXN_005717,CUST_01443,MER_0002,4866.86,INR,UPI,YES,2026-07-22 06:08:00,success,,True,False
TXN_005718,CUST_00273,MER_0047,1256.32,INR,UPI,SBI,2026-07-12 22:32:00,failed,authentication_failure,True,False
TXN_005719,CUST_01125,MER_0011,1466.3,INR,UPI,SBI,2026-08-15 04:45:00,success,,True,True
TXN_005720,CUST_01465,MER_0041,8383.64,INR,NetBanking,HDFC,2026-07-12 22:10:00,success,,True,False
TXN_005721,CUST_00862,MER_0029,783.76,INR,Card,ICICI,2026-08-08 15:06:00,success,,True,False
TXN_005722,CUST_01427,MER_0006,2674.67,INR,UPI,SBI,2026-08-02 12:36:00,success,,True,False
TXN_005723,CUST_01120,MER_0039,2237.64,INR,UPI,SBI,2026-08-25 09:03:00,failed,bank_declined,True,False
TXN_005724,CUST_00135,MER_0007,2245.75,INR,UPI,YES,2026-08-02 17:41:00,success,,True,False
TXN_005725,CUST_01935,MER_0023,597.91,INR,NetBanking,HDFC,2026-07-21 23:49:00,success,,True,False
TXN_005726,CUST_01416,MER_0011,1996.41,INR,UPI,HDFC,2026-08-11 06:48:00,success,,True,False
TXN_005727,CUST_01233,MER_0041,1121.33,INR,UPI,KOTAK,2026-08-03 09:37:00,success,,True,False
TXN_005728,CUST_01073,MER_0026,2601.03,INR,Card,ICICI,2026-07-01 21:16:00,success,,True,False
TXN_005729,CUST_01819,MER_0031,7687.43,INR,Card,KOTAK,2026-07-07 10:24:00,failed,insufficient_funds,False,False
TXN_005730,CUST_00709,MER_0025,1286.68,INR,UPI,AXIS,2026-07-18 03:29:00,success,,True,False
TXN_005731,CUST_01133,MER_0018,1568.45,INR,NetBanking,YES,2026-07-25 15:02:00,success,,True,False
TXN_005732,CUST_01188,MER_0044,1798.48,INR,UPI,AXIS,2026-07-19 08:04:00,success,,True,False
TXN_005733,CUST_00530,MER_0008,4412.08,INR,UPI,AXIS,2026-08-21 17:40:00,success,,True,False
TXN_005734,CUST_00767,MER_0009,2124.23,INR,UPI,AXIS,2026-07-08 14:41:00,success,,True,False
TXN_005735,CUST_01649,MER_0011,3403.78,INR,UPI,YES,2026-07-16 09:18:00,success,,True,False
TXN_005736,CUST_00584,MER_0006,1479.38,INR,UPI,HDFC,2026-07-02 05:39:00,success,,True,False
TXN_005737,CUST_00560,MER_0034,2933.46,INR,UPI,HDFC,2026-08-20 09:08:00,success,,True,False
TXN_005738,CUST_00165,MER_0005,4547.07,INR,UPI,HDFC,2026-08-17 04:24:00,failed,bank_timeout,True,False
TXN_005739,CUST_01323,MER_0031,4560.04,INR,Card,HDFC,2026-08-07 09:21:00,success,,True,True
TXN_005740,CUST_01406,MER_0004,2545.03,INR,UPI,HDFC,2026-07-12 08:47:00,success,,True,False
TXN_005741,CUST_00298,MER_0017,5632.84,INR,NetBanking,AXIS,2026-08-17 00:17:00,success,,True,True
TXN_005742,CUST_01709,MER_0003,2077.38,INR,Card,AXIS,2026-08-03 21:58:00,success,,True,False
TXN_005743,CUST_01454,MER_0013,3310.97,INR,UPI,SBI,2026-07-11 11:15:00,failed,bank_declined,True,True
TXN_005744,CUST_01653,MER_0026,2259.8,INR,UPI,KOTAK,2026-08-10 04:29:00,success,,True,True
TXN_005745,CUST_00070,MER_0045,3002.33,INR,UPI,AXIS,2026-07-10 04:29:00,success,,True,False
TXN_005746,CUST_00857,MER_0008,3749.76,INR,Card,KOTAK,2026-08-11 14:56:00,success,,True,False
TXN_005747,CUST_00540,MER_0045,898.16,INR,UPI,SBI,2026-08-18 09:26:00,success,,True,False
TXN_005748,CUST_01247,MER_0024,7684.09,INR,NetBanking,HDFC,2026-08-05 05:53:00,success,,True,False
TXN_005749,CUST_00650,MER_0013,551.29,INR,Wallet,YES,2026-07-21 13:17:00,success,,True,False
TXN_005750,CUST_00814,MER_0009,1411.14,INR,Card,SBI,2026-07-01 05:14:00,success,,True,False
TXN_005751,CUST_01299,MER_0009,2263.31,INR,Card,KOTAK,2026-08-15 09:25:00,success,,True,False
TXN_005752,CUST_01315,MER_0044,3394.41,INR,NetBanking,AXIS,2026-08-08 01:53:00,failed,network_error,True,False
TXN_005753,CUST_01159,MER_0049,551.9,INR,UPI,KOTAK,2026-08-19 04:24:00,failed,network_error,True,False
TXN_005754,CUST_01857,MER_0027,445.2,INR,Card,YES,2026-08-20 18:51:00,failed,insufficient_funds,True,False
TXN_005755,CUST_00659,MER_0009,3033.12,INR,Card,HDFC,2026-07-26 21:16:00,failed,bank_declined,True,False
TXN_005756,CUST_00322,MER_0015,2687.88,INR,UPI,ICICI,2026-07-15 10:24:00,failed,bank_timeout,False,False
TXN_005757,CUST_01592,MER_0006,3893.52,INR,UPI,KOTAK,2026-08-07 22:07:00,success,,True,False
TXN_005758,CUST_00362,MER_0011,1722.96,INR,Wallet,ICICI,2026-07-14 23:24:00,success,,True,True
TXN_005759,CUST_01445,MER_0047,790.63,INR,UPI,AXIS,2026-07-08 20:32:00,success,,True,False
TXN_005760,CUST_01930,MER_0033,3041.18,INR,Card,KOTAK,2026-07-26 06:43:00,failed,network_error,True,False
TXN_005761,CUST_00501,MER_0012,6878.57,INR,UPI,SBI,2026-07-23 22:35:00,success,,True,False
TXN_005762,CUST_00626,MER_0009,2143.83,INR,UPI,HDFC,2026-08-15 01:45:00,success,,True,False
TXN_005763,CUST_00322,MER_0040,6349.57,INR,NetBanking,YES,2026-08-09 16:48:00,success,,True,False
TXN_005764,CUST_01738,MER_0012,1662.09,INR,Card,KOTAK,2026-08-13 15:26:00,failed,insufficient_funds,True,False
TXN_005765,CUST_01528,MER_0018,2885.57,INR,NetBanking,ICICI,2026-08-16 01:43:00,success,,True,False
TXN_005766,CUST_00031,MER_0026,2354.22,INR,Card,YES,2026-08-20 18:47:00,failed,bank_declined,True,False
TXN_005767,CUST_01107,MER_0023,3340.8,INR,Card,AXIS,2026-08-01 03:11:00,success,,True,False
TXN_005768,CUST_01148,MER_0030,1163.36,INR,NetBanking,ICICI,2026-07-15 11:20:00,success,,True,False
TXN_005769,CUST_01316,MER_0050,927.46,INR,Wallet,HDFC,2026-07-12 08:25:00,success,,True,False
TXN_005770,CUST_01458,MER_0038,6596.28,INR,NetBanking,SBI,2026-08-20 23:02:00,failed,network_error,True,False
TXN_005771,CUST_01006,MER_0030,2572.71,INR,Wallet,KOTAK,2026-07-08 05:14:00,success,,True,False
TXN_005772,CUST_00347,MER_0039,9247.55,INR,Card,ICICI,2026-07-18 18:27:00,failed,expired_card,True,True
TXN_005773,CUST_00249,MER_0029,7031.55,INR,Card,AXIS,2026-07-10 01:51:00,failed,network_error,True,False
TXN_005774,CUST_01536,MER_0026,1075.13,INR,UPI,SBI,2026-07-31 08:27:00,success,,True,True
TXN_005775,CUST_01673,MER_0030,10704.64,INR,Card,SBI,2026-07-17 23:36:00,success,,True,False
TXN_005776,CUST_00617,MER_0037,5391.44,INR,Wallet,YES,2026-08-01 04:14:00,success,,True,False
TXN_005777,CUST_01085,MER_0034,2215.39,INR,NetBanking,YES,2026-08-15 17:35:00,failed,bank_timeout,True,False
TXN_005778,CUST_00792,MER_0036,1767.0,INR,UPI,SBI,2026-07-08 18:12:00,success,,True,False
TXN_005779,CUST_01156,MER_0021,4737.76,INR,Card,YES,2026-07-02 06:41:00,success,,True,True
TXN_005780,CUST_00999,MER_0015,360.37,INR,Card,HDFC,2026-07-13 12:36:00,failed,authentication_failure,False,False
TXN_005781,CUST_00143,MER_0050,5342.28,INR,UPI,KOTAK,2026-08-10 18:37:00,failed,bank_declined,True,False
TXN_005782,CUST_01929,MER_0038,2881.41,INR,UPI,AXIS,2026-08-03 01:19:00,success,,True,True
TXN_005783,CUST_01538,MER_0016,830.95,INR,NetBanking,YES,2026-08-12 19:37:00,success,,True,False
TXN_005784,CUST_01396,MER_0037,10703.15,INR,UPI,HDFC,2026-07-27 06:05:00,failed,authentication_failure,True,False
TXN_005785,CUST_01445,MER_0025,2078.6,INR,Card,KOTAK,2026-08-18 08:47:00,success,,True,False
TXN_005786,CUST_01719,MER_0042,1765.6,INR,UPI,KOTAK,2026-08-04 13:53:00,success,,True,False
TXN_005787,CUST_01149,MER_0018,5561.84,INR,Card,HDFC,2026-08-04 11:58:00,failed,authentication_failure,True,True
TXN_005788,CUST_01095,MER_0048,5234.4,INR,UPI,AXIS,2026-07-09 11:31:00,success,,True,True
TXN_005789,CUST_00161,MER_0002,13869.43,INR,UPI,YES,2026-08-16 16:13:00,success,,True,False
TXN_005790,CUST_00421,MER_0032,1166.92,INR,Card,SBI,2026-07-11 03:54:00,success,,True,False
TXN_005791,CUST_01394,MER_0032,1267.11,INR,Card,YES,2026-08-12 05:01:00,failed,network_error,True,False
TXN_005792,CUST_00053,MER_0035,3475.2,INR,UPI,AXIS,2026-07-29 12:28:00,success,,True,False
TXN_005793,CUST_00261,MER_0029,2808.72,INR,UPI,YES,2026-08-06 17:22:00,success,,True,False
TXN_005794,CUST_01929,MER_0013,2161.24,INR,Card,SBI,2026-07-26 11:18:00,success,,True,False
TXN_005795,CUST_01362,MER_0049,4662.97,INR,Card,KOTAK,2026-07-25 18:22:00,failed,bank_declined,True,False
TXN_005796,CUST_00478,MER_0049,720.16,INR,Wallet,ICICI,2026-08-09 04:17:00,success,,True,False
TXN_005797,CUST_00291,MER_0049,1513.87,INR,UPI,HDFC,2026-07-21 08:14:00,success,,True,False
TXN_005798,CUST_01572,MER_0035,4703.75,INR,NetBanking,HDFC,2026-08-20 00:26:00,failed,network_error,True,False
TXN_005799,CUST_00600,MER_0017,1288.76,INR,UPI,KOTAK,2026-08-01 23:10:00,success,,True,False
TXN_005800,CUST_01445,MER_0012,5512.81,INR,UPI,YES,2026-08-02 03:01:00,success,,True,False
TXN_005801,CUST_00790,MER_0010,869.92,INR,UPI,SBI,2026-08-11 09:56:00,success,,True,False
TXN_005802,CUST_00935,MER_0023,1917.42,INR,Card,SBI,2026-08-19 09:39:00,success,,True,False
TXN_005803,CUST_01960,MER_0034,3174.53,INR,NetBanking,YES,2026-08-08 05:57:00,failed,bank_declined,True,False
TXN_005804,CUST_01121,MER_0027,4566.6,INR,Wallet,KOTAK,2026-07-25 15:20:00,success,,True,False
TXN_005805,CUST_01467,MER_0009,1548.28,INR,NetBanking,YES,2026-08-19 12:49:00,failed,network_error,True,False
TXN_005806,CUST_00308,MER_0021,2207.03,INR,Wallet,KOTAK,2026-08-24 06:58:00,success,,True,False
TXN_005807,CUST_01550,MER_0050,4175.61,INR,UPI,HDFC,2026-08-08 02:23:00,failed,authentication_failure,True,True
TXN_005808,CUST_00041,MER_0024,1477.3,INR,UPI,HDFC,2026-07-03 05:54:00,success,,True,False
TXN_005809,CUST_01897,MER_0046,472.11,INR,UPI,YES,2026-07-07 20:44:00,failed,bank_timeout,True,False
TXN_005810,CUST_01099,MER_0033,2585.9,INR,UPI,YES,2026-07-07 05:43:00,success,,True,False
TXN_005811,CUST_00273,MER_0003,3807.24,INR,UPI,ICICI,2026-07-03 19:12:00,success,,True,False
TXN_005812,CUST_01479,MER_0049,2036.07,INR,Card,ICICI,2026-07-19 16:26:00,success,,True,False
TXN_005813,CUST_01033,MER_0028,1729.62,INR,NetBanking,YES,2026-07-30 17:30:00,failed,bank_timeout,True,True
TXN_005814,CUST_01711,MER_0044,751.53,INR,Card,SBI,2026-08-03 03:50:00,success,,True,False
TXN_005815,CUST_01035,MER_0039,4390.33,INR,Card,AXIS,2026-08-06 20:58:00,success,,True,False
TXN_005816,CUST_01751,MER_0019,1541.2,INR,NetBanking,HDFC,2026-08-09 05:14:00,failed,bank_declined,True,False
TXN_005817,CUST_00452,MER_0003,1893.76,INR,UPI,AXIS,2026-08-04 09:53:00,success,,True,False
TXN_005818,CUST_00225,MER_0038,1283.38,INR,NetBanking,YES,2026-07-17 01:51:00,success,,True,True
TXN_005819,CUST_01247,MER_0030,3854.43,INR,UPI,ICICI,2026-08-05 15:27:00,success,,True,False
TXN_005820,CUST_01645,MER_0031,7424.31,INR,UPI,SBI,2026-07-31 22:28:00,success,,True,True
TXN_005821,CUST_01340,MER_0012,3554.65,INR,UPI,ICICI,2026-08-15 04:00:00,success,,True,False
TXN_005822,CUST_01778,MER_0031,2651.04,INR,UPI,SBI,2026-08-26 09:44:00,success,,True,False
TXN_005823,CUST_01242,MER_0021,1108.59,INR,Card,ICICI,2026-08-13 00:27:00,success,,True,False
TXN_005824,CUST_01907,MER_0022,3690.29,INR,UPI,AXIS,2026-07-31 15:01:00,failed,bank_declined,True,False
TXN_005825,CUST_01297,MER_0013,1799.82,INR,Card,AXIS,2026-07-28 06:10:00,success,,True,False
TXN_005826,CUST_01463,MER_0020,1806.62,INR,UPI,YES,2026-08-07 01:18:00,success,,True,False
TXN_005827,CUST_01484,MER_0011,1557.95,INR,Card,YES,2026-07-08 17:03:00,success,,True,False
TXN_005828,CUST_01303,MER_0026,1649.9,INR,UPI,YES,2026-08-12 12:08:00,success,,True,True
TXN_005829,CUST_01576,MER_0012,271.45,INR,Card,KOTAK,2026-07-24 13:03:00,success,,True,False
TXN_005830,CUST_01624,MER_0048,3374.59,INR,Card,KOTAK,2026-07-20 02:25:00,success,,True,False
TXN_005831,CUST_00793,MER_0009,1240.86,INR,Card,SBI,2026-08-15 13:42:00,failed,authentication_failure,True,False
TXN_005832,CUST_00687,MER_0020,4458.43,INR,NetBanking,KOTAK,2026-08-10 13:51:00,failed,bank_declined,False,False
TXN_005833,CUST_01503,MER_0001,1861.36,INR,Card,SBI,2026-07-15 11:30:00,success,,True,True
TXN_005834,CUST_01992,MER_0039,7888.44,INR,UPI,AXIS,2026-07-11 14:24:00,success,,True,True
TXN_005835,CUST_01013,MER_0035,790.47,INR,Card,SBI,2026-07-21 13:33:00,failed,bank_declined,True,False
TXN_005836,CUST_01603,MER_0022,3027.36,INR,UPI,KOTAK,2026-08-15 20:46:00,success,,True,False
TXN_005837,CUST_01623,MER_0033,6121.67,INR,NetBanking,ICICI,2026-08-26 16:08:00,success,,True,False
TXN_005838,CUST_01863,MER_0033,692.65,INR,NetBanking,AXIS,2026-08-15 14:18:00,success,,True,True
TXN_005839,CUST_00295,MER_0022,3381.76,INR,UPI,KOTAK,2026-08-05 17:19:00,success,,True,False
TXN_005840,CUST_01216,MER_0046,3884.69,INR,UPI,ICICI,2026-07-06 16:12:00,success,,True,False
TXN_005841,CUST_01663,MER_0021,469.97,INR,UPI,AXIS,2026-07-19 16:16:00,success,,True,False
TXN_005842,CUST_01767,MER_0003,4623.01,INR,Card,YES,2026-08-20 11:40:00,success,,True,False
TXN_005843,CUST_01325,MER_0043,4921.09,INR,UPI,KOTAK,2026-08-20 12:44:00,success,,True,False
TXN_005844,CUST_00057,MER_0047,1901.83,INR,UPI,ICICI,2026-08-24 15:55:00,success,,True,False
TXN_005845,CUST_01469,MER_0047,6646.71,INR,NetBanking,AXIS,2026-07-24 05:07:00,success,,True,True
TXN_005846,CUST_00484,MER_0042,6058.18,INR,UPI,AXIS,2026-07-11 13:18:00,success,,True,False
TXN_005847,CUST_01158,MER_0035,2650.48,INR,UPI,HDFC,2026-08-22 12:32:00,failed,authentication_failure,True,True
TXN_005848,CUST_01888,MER_0047,1120.73,INR,Card,SBI,2026-08-15 13:57:00,failed,network_error,True,False
TXN_005849,CUST_00861,MER_0035,3849.92,INR,UPI,KOTAK,2026-07-13 07:40:00,failed,bank_timeout,True,False
TXN_005850,CUST_01477,MER_0011,420.73,INR,Card,YES,2026-07-12 00:16:00,success,,True,False
TXN_005851,CUST_01557,MER_0028,6734.31,INR,UPI,SBI,2026-08-01 20:50:00,success,,True,False
TXN_005852,CUST_01537,MER_0003,2841.76,INR,Card,HDFC,2026-07-10 18:19:00,success,,True,True
TXN_005853,CUST_01052,MER_0014,1801.37,INR,NetBanking,YES,2026-07-27 13:37:00,success,,True,True
TXN_005854,CUST_01118,MER_0001,4845.12,INR,Card,KOTAK,2026-08-22 13:51:00,success,,True,False
TXN_005855,CUST_01896,MER_0046,8264.39,INR,Card,HDFC,2026-07-26 04:54:00,success,,True,False
TXN_005856,CUST_01294,MER_0027,259.43,INR,UPI,ICICI,2026-08-25 20:47:00,success,,True,False
TXN_005857,CUST_00738,MER_0023,3454.42,INR,UPI,HDFC,2026-07-10 04:32:00,success,,True,False
TXN_005858,CUST_00001,MER_0013,779.52,INR,UPI,AXIS,2026-07-21 19:59:00,success,,True,True
TXN_005859,CUST_01544,MER_0005,3638.36,INR,Wallet,AXIS,2026-08-25 13:29:00,success,,True,False
TXN_005860,CUST_01092,MER_0011,2703.61,INR,UPI,KOTAK,2026-08-18 06:28:00,failed,bank_timeout,True,True
TXN_005861,CUST_00992,MER_0026,1636.97,INR,UPI,ICICI,2026-07-19 19:05:00,success,,True,False
TXN_005862,CUST_01754,MER_0032,545.34,INR,Card,HDFC,2026-07-30 18:41:00,success,,True,False
TXN_005863,CUST_01672,MER_0009,1702.25,INR,Wallet,ICICI,2026-07-08 10:53:00,success,,True,False
TXN_005864,CUST_00848,MER_0032,3379.48,INR,UPI,HDFC,2026-08-23 16:43:00,failed,bank_declined,True,False
TXN_005865,CUST_01793,MER_0036,955.79,INR,Card,AXIS,2026-08-14 13:07:00,success,,True,False
TXN_005866,CUST_00069,MER_0013,5550.53,INR,Card,AXIS,2026-08-13 06:34:00,success,,True,True
TXN_005867,CUST_00032,MER_0026,1453.46,INR,UPI,KOTAK,2026-07-19 23:44:00,success,,True,False
TXN_005868,CUST_01556,MER_0014,3261.56,INR,NetBanking,SBI,2026-07-23 22:22:00,success,,True,True
TXN_005869,CUST_00009,MER_0005,1623.09,INR,Card,YES,2026-08-21 19:20:00,success,,True,False
TXN_005870,CUST_00714,MER_0038,2823.51,INR,Card,SBI,2026-07-09 10:58:00,failed,network_error,True,False
TXN_005871,CUST_01458,MER_0047,914.51,INR,UPI,SBI,2026-08-20 21:17:00,success,,True,False
TXN_005872,CUST_00359,MER_0044,1416.69,INR,Card,KOTAK,2026-07-07 08:52:00,success,,True,False
TXN_005873,CUST_01448,MER_0001,2829.82,INR,UPI,YES,2026-08-18 06:59:00,success,,True,False
TXN_005874,CUST_00795,MER_0041,16668.35,INR,UPI,ICICI,2026-08-23 21:40:00,success,,True,False
TXN_005875,CUST_01328,MER_0009,1223.47,INR,UPI,HDFC,2026-08-21 00:12:00,failed,network_error,True,False
TXN_005876,CUST_01335,MER_0021,12131.23,INR,UPI,SBI,2026-08-13 11:18:00,success,,True,False
TXN_005877,CUST_01034,MER_0025,2257.81,INR,NetBanking,ICICI,2026-07-11 21:04:00,failed,bank_declined,True,False
TXN_005878,CUST_00865,MER_0032,1402.97,INR,UPI,YES,2026-07-10 21:09:00,failed,authentication_failure,True,False
TXN_005879,CUST_00974,MER_0032,792.05,INR,UPI,ICICI,2026-07-22 17:54:00,success,,True,False
TXN_005880,CUST_00602,MER_0047,2296.2,INR,UPI,KOTAK,2026-08-10 19:39:00,success,,True,False
TXN_005881,CUST_01676,MER_0006,8082.89,INR,UPI,SBI,2026-08-10 04:44:00,failed,network_error,True,False
TXN_005882,CUST_00540,MER_0016,2013.08,INR,NetBanking,SBI,2026-07-22 07:16:00,success,,True,False
TXN_005883,CUST_00853,MER_0020,625.84,INR,UPI,ICICI,2026-07-10 23:46:00,success,,True,False
TXN_005884,CUST_00650,MER_0009,3292.0,INR,UPI,AXIS,2026-08-25 07:06:00,success,,True,False
TXN_005885,CUST_00357,MER_0048,3015.69,INR,Card,ICICI,2026-07-15 00:05:00,failed,network_error,True,False
TXN_005886,CUST_00985,MER_0039,2051.93,INR,Wallet,YES,2026-07-19 02:54:00,success,,True,False
TXN_005887,CUST_00719,MER_0014,1931.0,INR,Card,HDFC,2026-08-24 01:29:00,success,,True,True
TXN_005888,CUST_00917,MER_0002,3646.49,INR,UPI,SBI,2026-07-14 07:26:00,failed,bank_declined,True,True
TXN_005889,CUST_01843,MER_0043,3140.0,INR,Card,AXIS,2026-08-14 00:40:00,failed,expired_card,True,False
TXN_005890,CUST_00217,MER_0034,5995.36,INR,Card,ICICI,2026-07-11 11:59:00,failed,expired_card,True,False
TXN_005891,CUST_00697,MER_0019,2847.76,INR,UPI,ICICI,2026-08-07 05:59:00,success,,True,False
TXN_005892,CUST_01850,MER_0039,8223.39,INR,UPI,SBI,2026-07-09 13:55:00,success,,True,False
TXN_005893,CUST_00707,MER_0009,3415.96,INR,NetBanking,ICICI,2026-07-06 14:29:00,success,,True,False
TXN_005894,CUST_01427,MER_0023,6932.46,INR,UPI,KOTAK,2026-08-20 03:29:00,success,,True,False
TXN_005895,CUST_00973,MER_0005,3966.16,INR,Card,ICICI,2026-08-17 00:44:00,success,,True,False
TXN_005896,CUST_01731,MER_0021,559.18,INR,UPI,AXIS,2026-07-29 21:15:00,failed,bank_timeout,True,False
TXN_005897,CUST_00504,MER_0032,2719.33,INR,UPI,SBI,2026-07-14 07:26:00,success,,True,False
TXN_005898,CUST_01350,MER_0031,2341.24,INR,Wallet,YES,2026-07-28 07:25:00,failed,bank_declined,False,False
TXN_005899,CUST_01732,MER_0020,1851.99,INR,Wallet,YES,2026-08-20 13:15:00,success,,True,False
TXN_005900,CUST_00192,MER_0005,2926.68,INR,UPI,YES,2026-08-26 18:55:00,success,,True,False
TXN_005901,CUST_01963,MER_0041,1520.05,INR,UPI,AXIS,2026-08-18 17:24:00,success,,True,False
TXN_005902,CUST_00873,MER_0007,6764.33,INR,NetBanking,YES,2026-08-19 23:05:00,success,,True,False
TXN_005903,CUST_01825,MER_0009,2228.6,INR,Wallet,KOTAK,2026-08-24 06:48:00,success,,True,False
TXN_005904,CUST_01985,MER_0040,1797.11,INR,UPI,SBI,2026-07-02 10:48:00,success,,True,True
TXN_005905,CUST_01016,MER_0023,1164.51,INR,Wallet,SBI,2026-07-24 03:18:00,failed,insufficient_funds,True,False
TXN_005906,CUST_00576,MER_0025,2834.68,INR,NetBanking,HDFC,2026-07-24 18:56:00,success,,True,True
TXN_005907,CUST_00988,MER_0005,3330.04,INR,Card,AXIS,2026-08-23 04:18:00,success,,True,False
TXN_005908,CUST_01559,MER_0006,1072.98,INR,Card,AXIS,2026-08-02 07:17:00,success,,True,False
TXN_005909,CUST_00825,MER_0011,677.94,INR,Card,SBI,2026-07-12 02:03:00,success,,True,False
TXN_005910,CUST_00339,MER_0005,4025.78,INR,Card,AXIS,2026-08-09 16:26:00,success,,True,True
TXN_005911,CUST_01511,MER_0016,8004.13,INR,UPI,ICICI,2026-08-24 13:50:00,success,,True,False
TXN_005912,CUST_00260,MER_0050,1073.75,INR,UPI,SBI,2026-08-15 15:16:00,failed,bank_declined,True,False
TXN_005913,CUST_01407,MER_0016,3062.93,INR,UPI,AXIS,2026-07-24 21:16:00,success,,True,True
TXN_005914,CUST_00877,MER_0016,2426.85,INR,NetBanking,ICICI,2026-08-25 10:12:00,success,,True,False
TXN_005915,CUST_00372,MER_0041,1775.72,INR,UPI,AXIS,2026-08-15 08:34:00,success,,True,False
TXN_005916,CUST_01293,MER_0006,806.24,INR,UPI,HDFC,2026-08-17 01:57:00,success,,True,False
TXN_005917,CUST_01195,MER_0014,5378.6,INR,Card,HDFC,2026-08-20 02:25:00,success,,True,False
TXN_005918,CUST_01427,MER_0047,1312.27,INR,UPI,HDFC,2026-08-11 02:16:00,success,,True,False
TXN_005919,CUST_00089,MER_0014,1307.87,INR,UPI,YES,2026-07-21 10:16:00,success,,True,False
TXN_005920,CUST_00106,MER_0007,5396.69,INR,Card,ICICI,2026-07-07 05:04:00,success,,True,False
TXN_005921,CUST_01811,MER_0037,541.1,INR,Card,ICICI,2026-07-17 03:31:00,failed,bank_declined,True,False
TXN_005922,CUST_00471,MER_0017,2405.45,INR,Card,AXIS,2026-07-08 22:10:00,success,,True,False
TXN_005923,CUST_00754,MER_0009,3085.99,INR,Card,SBI,2026-07-13 13:57:00,success,,True,True
TXN_005924,CUST_01548,MER_0019,3596.76,INR,NetBanking,ICICI,2026-08-18 21:00:00,failed,bank_declined,True,False
TXN_005925,CUST_00005,MER_0023,18477.25,INR,Card,KOTAK,2026-07-18 11:14:00,success,,True,True
TXN_005926,CUST_01417,MER_0011,2033.85,INR,UPI,AXIS,2026-07-25 23:24:00,failed,bank_timeout,False,False
TXN_005927,CUST_01883,MER_0013,1290.02,INR,Card,YES,2026-08-22 09:41:00,failed,insufficient_funds,False,True
TXN_005928,CUST_00084,MER_0005,3991.69,INR,Card,HDFC,2026-08-24 19:00:00,failed,insufficient_funds,True,False
TXN_005929,CUST_00936,MER_0029,741.42,INR,NetBanking,SBI,2026-07-18 06:19:00,success,,True,False
TXN_005930,CUST_00315,MER_0022,2004.61,INR,UPI,SBI,2026-08-06 15:34:00,failed,bank_timeout,True,False
TXN_005931,CUST_01420,MER_0012,3903.57,INR,UPI,AXIS,2026-07-17 22:13:00,success,,True,False
TXN_005932,CUST_00040,MER_0015,2453.42,INR,Card,AXIS,2026-08-25 03:46:00,failed,expired_card,True,False
TXN_005933,CUST_01639,MER_0011,1277.72,INR,UPI,HDFC,2026-08-24 23:18:00,success,,True,False
TXN_005934,CUST_00539,MER_0003,8487.28,INR,UPI,SBI,2026-07-01 21:38:00,failed,bank_declined,True,False
TXN_005935,CUST_01971,MER_0050,832.19,INR,NetBanking,SBI,2026-08-23 01:07:00,success,,True,True
TXN_005936,CUST_00620,MER_0043,1032.69,INR,Card,ICICI,2026-08-04 06:46:00,success,,True,False
TXN_005937,CUST_01418,MER_0041,1056.23,INR,Card,AXIS,2026-08-25 11:33:00,success,,True,False
TXN_005938,CUST_01774,MER_0020,4198.05,INR,Card,KOTAK,2026-08-06 16:22:00,success,,True,False
TXN_005939,CUST_00170,MER_0045,873.25,INR,UPI,ICICI,2026-08-15 21:57:00,success,,True,False
TXN_005940,CUST_00983,MER_0047,1872.78,INR,UPI,YES,2026-07-11 20:21:00,success,,True,False
TXN_005941,CUST_00657,MER_0021,3511.38,INR,Card,ICICI,2026-08-04 07:08:00,failed,bank_declined,True,False
TXN_005942,CUST_01163,MER_0033,3002.23,INR,NetBanking,KOTAK,2026-07-06 03:19:00,success,,True,False
TXN_005943,CUST_01684,MER_0033,1040.4,INR,UPI,KOTAK,2026-08-20 15:51:00,success,,True,False
TXN_005944,CUST_01564,MER_0017,3927.99,INR,Card,HDFC,2026-07-05 23:01:00,success,,True,False
TXN_005945,CUST_00871,MER_0028,1494.33,INR,UPI,SBI,2026-08-01 13:32:00,success,,True,False
TXN_005946,CUST_01350,MER_0028,1882.4,INR,UPI,YES,2026-08-21 22:08:00,success,,True,False
TXN_005947,CUST_01513,MER_0002,2951.84,INR,UPI,ICICI,2026-07-23 03:27:00,failed,bank_timeout,False,False
TXN_005948,CUST_00341,MER_0022,2487.87,INR,Card,ICICI,2026-07-10 07:17:00,success,,True,False
TXN_005949,CUST_01082,MER_0032,1338.76,INR,UPI,SBI,2026-08-06 14:34:00,success,,True,False
TXN_005950,CUST_00572,MER_0024,1920.54,INR,Card,AXIS,2026-07-06 05:43:00,failed,network_error,True,False
TXN_005951,CUST_00655,MER_0025,812.35,INR,Card,YES,2026-08-19 06:59:00,success,,True,True
TXN_005952,CUST_00280,MER_0011,1685.76,INR,NetBanking,HDFC,2026-08-21 09:46:00,success,,True,False
TXN_005953,CUST_00453,MER_0014,3328.06,INR,Card,YES,2026-08-11 22:27:00,failed,authentication_failure,False,True
TXN_005954,CUST_00774,MER_0017,6156.51,INR,Card,AXIS,2026-08-03 14:54:00,success,,True,False
TXN_005955,CUST_00700,MER_0009,6739.16,INR,UPI,HDFC,2026-08-04 02:57:00,success,,True,False
TXN_005956,CUST_01201,MER_0017,901.34,INR,NetBanking,YES,2026-08-05 04:53:00,success,,True,False
TXN_005957,CUST_00018,MER_0043,7230.73,INR,UPI,YES,2026-08-18 15:56:00,success,,True,False
TXN_005958,CUST_00459,MER_0015,2175.76,INR,Card,KOTAK,2026-08-13 15:46:00,failed,bank_declined,True,False
TXN_005959,CUST_00988,MER_0045,1640.37,INR,Card,YES,2026-07-21 22:24:00,success,,True,False
TXN_005960,CUST_01558,MER_0031,5107.35,INR,UPI,AXIS,2026-07-06 10:37:00,failed,authentication_failure,True,False
TXN_005961,CUST_01171,MER_0033,1272.42,INR,Card,ICICI,2026-08-11 15:42:00,failed,authentication_failure,True,False
TXN_005962,CUST_00187,MER_0003,758.82,INR,UPI,YES,2026-08-25 19:52:00,success,,True,False
TXN_005963,CUST_01491,MER_0049,2836.58,INR,UPI,ICICI,2026-08-04 21:23:00,success,,True,False
TXN_005964,CUST_01646,MER_0037,3858.28,INR,Card,YES,2026-07-30 06:05:00,success,,True,False
TXN_005965,CUST_01200,MER_0042,4108.33,INR,UPI,KOTAK,2026-07-05 00:16:00,success,,True,False
TXN_005966,CUST_01045,MER_0004,2220.78,INR,UPI,YES,2026-08-19 04:24:00,success,,True,False
TXN_005967,CUST_00209,MER_0029,967.2,INR,Card,ICICI,2026-07-21 09:30:00,success,,True,False
TXN_005968,CUST_00666,MER_0018,1414.23,INR,UPI,YES,2026-08-03 05:25:00,failed,network_error,True,False
TXN_005969,CUST_00992,MER_0006,1656.23,INR,Card,AXIS,2026-07-19 17:41:00,success,,True,False
TXN_005970,CUST_01431,MER_0006,2737.32,INR,UPI,SBI,2026-08-06 12:57:00,failed,bank_declined,True,False
TXN_005971,CUST_01813,MER_0022,3194.76,INR,UPI,SBI,2026-08-15 07:09:00,success,,True,True
TXN_005972,CUST_01536,MER_0034,1692.31,INR,Card,KOTAK,2026-07-31 01:58:00,success,,True,False
TXN_005973,CUST_00839,MER_0028,5638.48,INR,UPI,KOTAK,2026-08-02 09:33:00,success,,True,False
TXN_005974,CUST_01440,MER_0033,4531.67,INR,UPI,HDFC,2026-08-17 01:47:00,success,,True,False
TXN_005975,CUST_00622,MER_0018,1641.61,INR,UPI,KOTAK,2026-07-18 17:33:00,failed,bank_declined,True,False
TXN_005976,CUST_01628,MER_0022,1570.43,INR,Card,AXIS,2026-07-30 15:00:00,success,,True,False
TXN_005977,CUST_01471,MER_0009,784.03,INR,UPI,AXIS,2026-08-19 11:28:00,success,,True,False
TXN_005978,CUST_00747,MER_0015,1229.11,INR,Card,HDFC,2026-08-25 20:53:00,success,,True,False
TXN_005979,CUST_00542,MER_0047,2859.99,INR,UPI,KOTAK,2026-08-14 13:33:00,success,,True,False
TXN_005980,CUST_00198,MER_0029,3165.95,INR,NetBanking,SBI,2026-07-09 06:27:00,success,,True,False
TXN_005981,CUST_00667,MER_0048,2748.58,INR,Card,YES,2026-07-14 15:25:00,failed,authentication_failure,True,False
TXN_005982,CUST_00288,MER_0008,5148.46,INR,Card,HDFC,2026-07-17 14:07:00,success,,True,False
TXN_005983,CUST_01962,MER_0028,2567.87,INR,UPI,YES,2026-07-25 07:09:00,success,,True,False
TXN_005984,CUST_00499,MER_0043,4283.83,INR,Card,ICICI,2026-08-09 04:52:00,success,,True,False
TXN_005985,CUST_01738,MER_0012,590.51,INR,UPI,HDFC,2026-07-19 06:14:00,failed,bank_timeout,True,False
TXN_005986,CUST_01075,MER_0042,3062.63,INR,Card,KOTAK,2026-08-15 07:20:00,success,,True,True
TXN_005987,CUST_01564,MER_0006,780.7,INR,UPI,ICICI,2026-07-22 15:16:00,success,,True,False
TXN_005988,CUST_00472,MER_0048,2059.13,INR,UPI,AXIS,2026-08-10 16:04:00,success,,True,False
TXN_005989,CUST_00907,MER_0006,1916.63,INR,UPI,ICICI,2026-08-07 23:12:00,success,,True,False
TXN_005990,CUST_00250,MER_0002,8689.93,INR,UPI,ICICI,2026-07-29 00:29:00,success,,True,False
TXN_005991,CUST_00232,MER_0018,3361.01,INR,Card,YES,2026-08-05 10:59:00,failed,bank_declined,True,False
TXN_005992,CUST_00033,MER_0010,4767.57,INR,Card,ICICI,2026-08-25 14:02:00,success,,True,False
TXN_005993,CUST_01169,MER_0016,3277.37,INR,Card,ICICI,2026-08-19 14:46:00,success,,True,True
TXN_005994,CUST_00960,MER_0001,1692.32,INR,Card,YES,2026-08-13 07:26:00,success,,True,False
TXN_005995,CUST_01988,MER_0016,5751.3,INR,NetBanking,YES,2026-07-30 06:46:00,success,,True,False
TXN_005996,CUST_00571,MER_0047,1004.45,INR,Wallet,SBI,2026-08-01 22:58:00,success,,True,False
TXN_005997,CUST_01899,MER_0024,3160.85,INR,NetBanking,AXIS,2026-07-06 22:51:00,success,,True,False
TXN_005998,CUST_01808,MER_0008,707.65,INR,Card,HDFC,2026-07-26 23:52:00,success,,True,False
TXN_005999,CUST_00653,MER_0010,2873.12,INR,Card,KOTAK,2026-07-12 05:36:00,success,,True,True
TXN_006000,CUST_00149,MER_0032,2848.06,INR,Card,KOTAK,2026-08-15 11:42:00,success,,True,False
TXN_006001,CUST_01633,MER_0014,9331.62,INR,Card,ICICI,2026-07-03 02:11:00,success,,True,True
TXN_006002,CUST_01191,MER_0036,697.86,INR,Card,KOTAK,2026-08-14 02:33:00,success,,True,False
TXN_006003,CUST_01838,MER_0010,1509.13,INR,Card,ICICI,2026-08-11 22:57:00,success,,True,False
TXN_006004,CUST_01327,MER_0029,4713.31,INR,Card,HDFC,2026-07-06 21:19:00,success,,True,False
TXN_006005,CUST_01675,MER_0001,3191.52,INR,Card,KOTAK,2026-07-14 10:28:00,success,,True,False
TXN_006006,CUST_00768,MER_0022,2819.3,INR,UPI,SBI,2026-07-09 09:06:00,success,,True,False
TXN_006007,CUST_01470,MER_0032,1135.8,INR,Card,KOTAK,2026-07-17 16:13:00,success,,True,True
TXN_006008,CUST_01173,MER_0038,1521.34,INR,UPI,YES,2026-08-10 06:28:00,failed,bank_declined,True,False
TXN_006009,CUST_01185,MER_0038,2342.08,INR,UPI,KOTAK,2026-08-15 05:58:00,success,,True,False
TXN_006010,CUST_01600,MER_0006,3295.42,INR,UPI,YES,2026-08-25 05:12:00,success,,True,False
TXN_006011,CUST_01320,MER_0003,2225.75,INR,UPI,YES,2026-07-25 06:56:00,failed,authentication_failure,True,False
TXN_006012,CUST_00747,MER_0030,5151.53,INR,Card,YES,2026-08-04 20:51:00,success,,True,False
TXN_006013,CUST_01549,MER_0028,3650.38,INR,Card,AXIS,2026-08-14 06:22:00,success,,True,False
TXN_006014,CUST_00902,MER_0002,15436.8,INR,UPI,KOTAK,2026-08-01 12:31:00,success,,True,False
TXN_006015,CUST_01286,MER_0004,1083.05,INR,Wallet,YES,2026-07-20 02:09:00,failed,bank_timeout,True,True
TXN_006016,CUST_00604,MER_0031,854.71,INR,UPI,ICICI,2026-08-24 11:05:00,success,,True,False
TXN_006017,CUST_01580,MER_0033,2767.99,INR,Card,HDFC,2026-07-20 20:46:00,success,,True,False
TXN_006018,CUST_00885,MER_0024,5330.53,INR,UPI,KOTAK,2026-07-02 12:44:00,success,,True,False
TXN_006019,CUST_00455,MER_0042,465.12,INR,Card,SBI,2026-08-12 02:58:00,success,,True,False
TXN_006020,CUST_00135,MER_0017,2071.55,INR,UPI,HDFC,2026-08-18 09:39:00,success,,True,False
TXN_006021,CUST_01622,MER_0034,1555.31,INR,NetBanking,KOTAK,2026-08-04 15:03:00,success,,True,True
TXN_006022,CUST_00239,MER_0011,1391.91,INR,UPI,YES,2026-08-03 08:40:00,failed,bank_timeout,True,False
TXN_006023,CUST_01234,MER_0014,5982.23,INR,UPI,AXIS,2026-07-01 00:57:00,failed,bank_declined,True,True
TXN_006024,CUST_00911,MER_0043,2876.67,INR,UPI,SBI,2026-07-31 01:49:00,success,,True,False
TXN_006025,CUST_01978,MER_0034,2674.31,INR,UPI,KOTAK,2026-07-26 01:13:00,failed,network_error,True,False
TXN_006026,CUST_00519,MER_0049,1020.99,INR,Card,KOTAK,2026-08-06 05:09:00,success,,True,False
TXN_006027,CUST_01429,MER_0021,5923.93,INR,UPI,SBI,2026-08-11 14:21:00,success,,True,False
TXN_006028,CUST_01011,MER_0015,3090.71,INR,UPI,HDFC,2026-07-14 01:30:00,success,,True,False
TXN_006029,CUST_01272,MER_0022,3347.29,INR,Card,HDFC,2026-08-02 04:02:00,success,,True,False
TXN_006030,CUST_01569,MER_0016,1280.23,INR,UPI,AXIS,2026-07-09 20:33:00,failed,authentication_failure,True,True
TXN_006031,CUST_01478,MER_0050,2119.83,INR,UPI,ICICI,2026-07-29 06:41:00,failed,bank_timeout,True,False
TXN_006032,CUST_01594,MER_0043,632.43,INR,UPI,ICICI,2026-07-09 00:19:00,success,,True,True
TXN_006033,CUST_00377,MER_0035,1509.3,INR,Card,AXIS,2026-08-22 23:00:00,success,,True,False
TXN_006034,CUST_00393,MER_0029,3707.14,INR,Card,HDFC,2026-07-14 06:17:00,success,,True,False
TXN_006035,CUST_00732,MER_0021,1447.35,INR,UPI,ICICI,2026-08-13 12:37:00,success,,True,False
TXN_006036,CUST_01398,MER_0028,1080.26,INR,UPI,ICICI,2026-07-03 03:54:00,success,,True,True
TXN_006037,CUST_00856,MER_0038,1271.88,INR,NetBanking,ICICI,2026-07-18 00:37:00,failed,bank_declined,True,False
TXN_006038,CUST_01434,MER_0047,1838.88,INR,NetBanking,ICICI,2026-08-19 03:44:00,success,,True,False
TXN_006039,CUST_01449,MER_0020,13799.91,INR,NetBanking,YES,2026-08-06 14:41:00,failed,bank_timeout,True,False
TXN_006040,CUST_00891,MER_0013,5540.39,INR,UPI,SBI,2026-07-09 18:38:00,success,,True,False
TXN_006041,CUST_00474,MER_0043,6215.89,INR,UPI,HDFC,2026-08-11 22:53:00,failed,bank_timeout,True,False
TXN_006042,CUST_00514,MER_0003,917.92,INR,UPI,KOTAK,2026-07-31 09:07:00,failed,bank_declined,True,False
TXN_006043,CUST_01187,MER_0009,7098.26,INR,NetBanking,SBI,2026-07-06 21:26:00,success,,True,False
TXN_006044,CUST_01004,MER_0011,1575.37,INR,NetBanking,SBI,2026-07-12 03:46:00,success,,True,False
TXN_006045,CUST_01901,MER_0035,896.87,INR,Card,SBI,2026-07-05 13:13:00,success,,True,False
TXN_006046,CUST_01807,MER_0018,1728.83,INR,NetBanking,AXIS,2026-07-30 22:11:00,success,,True,True
TXN_006047,CUST_01379,MER_0040,2016.49,INR,UPI,YES,2026-08-24 06:47:00,success,,True,False
TXN_006048,CUST_01445,MER_0001,3025.19,INR,UPI,HDFC,2026-08-23 12:31:00,success,,True,False
TXN_006049,CUST_00206,MER_0017,2983.23,INR,NetBanking,YES,2026-07-13 07:53:00,failed,bank_timeout,True,False
TXN_006050,CUST_01404,MER_0010,4223.95,INR,Card,KOTAK,2026-07-31 09:59:00,failed,insufficient_funds,True,False
TXN_006051,CUST_01985,MER_0002,2153.78,INR,UPI,HDFC,2026-08-20 23:27:00,success,,True,False
TXN_006052,CUST_00931,MER_0005,4227.72,INR,UPI,SBI,2026-07-01 16:46:00,success,,True,False
TXN_006053,CUST_01742,MER_0035,1460.51,INR,Card,ICICI,2026-07-05 14:12:00,success,,True,False
TXN_006054,CUST_01684,MER_0048,1547.69,INR,Card,SBI,2026-07-15 02:01:00,success,,True,False
TXN_006055,CUST_00595,MER_0049,3917.99,INR,Card,AXIS,2026-07-22 12:06:00,failed,expired_card,False,False
TXN_006056,CUST_00655,MER_0015,1793.93,INR,Wallet,YES,2026-07-06 19:50:00,success,,True,False
TXN_006057,CUST_01681,MER_0050,3806.99,INR,UPI,ICICI,2026-08-20 04:53:00,success,,True,True
TXN_006058,CUST_00124,MER_0015,12622.98,INR,UPI,SBI,2026-07-10 18:13:00,success,,True,False
TXN_006059,CUST_00369,MER_0027,3961.28,INR,UPI,YES,2026-08-15 18:32:00,success,,True,True
TXN_006060,CUST_01016,MER_0011,3562.12,INR,UPI,ICICI,2026-08-18 05:17:00,success,,True,False
TXN_006061,CUST_00981,MER_0040,3731.78,INR,UPI,ICICI,2026-07-31 23:42:00,failed,bank_timeout,True,False
TXN_006062,CUST_01583,MER_0016,2677.07,INR,Card,ICICI,2026-07-08 00:59:00,success,,True,False
TXN_006063,CUST_01567,MER_0018,2383.17,INR,Card,YES,2026-07-02 11:07:00,success,,True,False
TXN_006064,CUST_00737,MER_0016,3156.65,INR,Card,KOTAK,2026-08-15 06:00:00,success,,True,False
TXN_006065,CUST_01075,MER_0018,2679.02,INR,NetBanking,HDFC,2026-08-07 19:33:00,failed,bank_timeout,False,False
TXN_006066,CUST_00729,MER_0010,1902.31,INR,UPI,HDFC,2026-07-27 05:06:00,success,,True,False
TXN_006067,CUST_00446,MER_0007,2557.76,INR,UPI,SBI,2026-07-17 14:56:00,failed,bank_declined,True,True
TXN_006068,CUST_01987,MER_0008,1889.51,INR,NetBanking,HDFC,2026-08-24 22:04:00,success,,True,False
TXN_006069,CUST_01344,MER_0008,7425.44,INR,Wallet,HDFC,2026-08-17 15:21:00,success,,True,False
TXN_006070,CUST_01141,MER_0049,3149.65,INR,Card,ICICI,2026-08-09 14:38:00,success,,True,True
TXN_006071,CUST_00661,MER_0024,2400.09,INR,Card,YES,2026-07-17 03:37:00,success,,True,False
TXN_006072,CUST_01437,MER_0012,11124.43,INR,Card,AXIS,2026-07-18 10:49:00,success,,True,False
TXN_006073,CUST_00662,MER_0023,821.66,INR,NetBanking,KOTAK,2026-08-11 20:37:00,failed,network_error,True,False
TXN_006074,CUST_00704,MER_0049,9606.25,INR,Wallet,AXIS,2026-07-08 06:10:00,failed,network_error,True,True
TXN_006075,CUST_01008,MER_0011,2010.09,INR,Card,KOTAK,2026-08-26 13:23:00,failed,insufficient_funds,True,False
TXN_006076,CUST_01005,MER_0019,3491.75,INR,Card,AXIS,2026-07-26 16:44:00,failed,network_error,True,True
TXN_006077,CUST_00367,MER_0038,1016.79,INR,UPI,SBI,2026-08-19 00:07:00,success,,True,False
TXN_006078,CUST_01003,MER_0038,2181.53,INR,UPI,KOTAK,2026-08-14 23:29:00,success,,True,False
TXN_006079,CUST_01867,MER_0039,1866.07,INR,Wallet,SBI,2026-07-15 21:11:00,success,,True,False
TXN_006080,CUST_00963,MER_0025,2995.25,INR,UPI,HDFC,2026-08-17 11:04:00,failed,bank_declined,True,False
TXN_006081,CUST_00796,MER_0042,6644.59,INR,NetBanking,AXIS,2026-08-17 16:18:00,failed,bank_timeout,True,True
TXN_006082,CUST_00219,MER_0048,1825.23,INR,Card,YES,2026-08-19 15:17:00,success,,True,False
TXN_006083,CUST_01466,MER_0005,2052.61,INR,UPI,AXIS,2026-07-31 06:05:00,failed,bank_timeout,True,False
TXN_006084,CUST_00409,MER_0030,1309.44,INR,UPI,SBI,2026-07-16 19:38:00,success,,True,False
TXN_006085,CUST_01544,MER_0026,1711.72,INR,UPI,HDFC,2026-07-30 20:07:00,success,,True,False
TXN_006086,CUST_00253,MER_0046,1966.05,INR,UPI,YES,2026-08-05 19:51:00,success,,True,False
TXN_006087,CUST_01072,MER_0049,8868.8,INR,UPI,YES,2026-07-24 14:17:00,failed,bank_timeout,True,False
TXN_006088,CUST_01397,MER_0042,5155.01,INR,Wallet,KOTAK,2026-08-03 16:17:00,success,,True,False
TXN_006089,CUST_01755,MER_0008,3281.12,INR,Wallet,SBI,2026-08-24 23:24:00,success,,True,False
TXN_006090,CUST_00554,MER_0014,998.38,INR,UPI,AXIS,2026-08-03 11:42:00,success,,True,True
TXN_006091,CUST_00047,MER_0019,2360.92,INR,UPI,YES,2026-07-17 15:35:00,success,,True,False
TXN_006092,CUST_01145,MER_0011,5304.92,INR,Card,YES,2026-07-26 22:13:00,failed,network_error,False,False
TXN_006093,CUST_01468,MER_0026,4061.24,INR,Card,AXIS,2026-07-15 22:05:00,success,,True,False
TXN_006094,CUST_00766,MER_0032,15647.83,INR,UPI,AXIS,2026-07-15 21:16:00,success,,True,False
TXN_006095,CUST_01037,MER_0009,5707.03,INR,UPI,AXIS,2026-07-01 00:37:00,success,,True,False
TXN_006096,CUST_01123,MER_0001,7564.51,INR,UPI,YES,2026-08-05 09:24:00,failed,bank_timeout,True,False
TXN_006097,CUST_01712,MER_0035,5294.09,INR,Card,HDFC,2026-08-21 21:55:00,success,,True,True
TXN_006098,CUST_00618,MER_0031,1374.32,INR,NetBanking,KOTAK,2026-08-12 17:09:00,success,,True,False
TXN_006099,CUST_00227,MER_0008,4613.26,INR,NetBanking,ICICI,2026-07-24 14:08:00,success,,True,False
TXN_006100,CUST_01818,MER_0003,4119.6,INR,NetBanking,KOTAK,2026-08-11 00:07:00,failed,authentication_failure,True,True
TXN_006101,CUST_01469,MER_0021,6993.99,INR,UPI,YES,2026-08-22 12:16:00,success,,True,False
TXN_006102,CUST_00383,MER_0026,1586.0,INR,UPI,AXIS,2026-08-22 01:47:00,failed,bank_timeout,True,False
TXN_006103,CUST_00608,MER_0046,2634.29,INR,UPI,AXIS,2026-08-26 20:26:00,failed,network_error,True,False
TXN_006104,CUST_00335,MER_0004,2926.45,INR,Card,YES,2026-08-26 15:35:00,failed,bank_declined,True,False
TXN_006105,CUST_00486,MER_0021,5639.57,INR,NetBanking,KOTAK,2026-07-27 15:40:00,success,,True,False
TXN_006106,CUST_01930,MER_0031,2533.38,INR,UPI,KOTAK,2026-08-23 02:39:00,success,,True,False
TXN_006107,CUST_00402,MER_0032,1608.87,INR,UPI,YES,2026-07-08 01:34:00,failed,bank_timeout,True,False
TXN_006108,CUST_00391,MER_0002,2023.0,INR,Card,ICICI,2026-08-14 23:54:00,success,,True,False
TXN_006109,CUST_01627,MER_0033,4232.75,INR,UPI,ICICI,2026-07-22 10:54:00,failed,bank_timeout,True,True
TXN_006110,CUST_01339,MER_0010,1387.93,INR,Card,HDFC,2026-07-11 12:19:00,failed,bank_declined,True,False
TXN_006111,CUST_00651,MER_0022,4127.88,INR,UPI,ICICI,2026-07-22 23:42:00,success,,True,False
TXN_006112,CUST_00013,MER_0021,1369.39,INR,UPI,KOTAK,2026-08-05 07:31:00,success,,True,False
TXN_006113,CUST_01683,MER_0021,2560.42,INR,UPI,KOTAK,2026-08-11 06:01:00,success,,True,False
TXN_006114,CUST_00875,MER_0031,2694.6,INR,UPI,AXIS,2026-07-10 02:01:00,success,,True,False
TXN_006115,CUST_01350,MER_0046,3132.7,INR,NetBanking,SBI,2026-08-14 06:42:00,success,,True,False
TXN_006116,CUST_01689,MER_0016,4849.43,INR,NetBanking,KOTAK,2026-08-02 12:29:00,success,,True,False
TXN_006117,CUST_00169,MER_0029,888.58,INR,UPI,YES,2026-08-07 00:43:00,success,,True,False
TXN_006118,CUST_01022,MER_0036,529.04,INR,UPI,KOTAK,2026-07-09 07:36:00,success,,True,False
TXN_006119,CUST_01713,MER_0017,1550.05,INR,UPI,HDFC,2026-08-01 03:16:00,success,,True,False
TXN_006120,CUST_00862,MER_0017,10313.64,INR,UPI,KOTAK,2026-07-04 13:08:00,success,,True,False
TXN_006121,CUST_01976,MER_0033,12304.73,INR,UPI,HDFC,2026-07-13 20:26:00,failed,bank_declined,True,False
TXN_006122,CUST_00505,MER_0048,2091.45,INR,UPI,HDFC,2026-08-16 23:38:00,success,,True,False
TXN_006123,CUST_00061,MER_0014,586.58,INR,Card,SBI,2026-07-12 19:42:00,success,,True,False
TXN_006124,CUST_01030,MER_0037,374.49,INR,Card,AXIS,2026-08-16 16:50:00,failed,network_error,True,True
TXN_006125,CUST_00169,MER_0040,2082.95,INR,NetBanking,YES,2026-07-20 04:12:00,success,,True,False
TXN_006126,CUST_00810,MER_0009,6908.45,INR,Wallet,ICICI,2026-07-01 01:08:00,success,,True,False
TXN_006127,CUST_01383,MER_0036,4886.56,INR,Wallet,SBI,2026-08-04 12:48:00,failed,insufficient_funds,True,False
TXN_006128,CUST_01480,MER_0011,1197.66,INR,NetBanking,HDFC,2026-07-19 14:56:00,success,,True,False
TXN_006129,CUST_00380,MER_0032,1131.59,INR,UPI,YES,2026-07-21 02:53:00,success,,True,False
TXN_006130,CUST_00452,MER_0027,2990.82,INR,UPI,ICICI,2026-08-25 02:56:00,failed,bank_timeout,True,False
TXN_006131,CUST_01308,MER_0045,3339.26,INR,Card,HDFC,2026-07-30 09:20:00,failed,insufficient_funds,True,False
TXN_006132,CUST_00996,MER_0008,4107.35,INR,NetBanking,ICICI,2026-08-01 07:10:00,failed,network_error,True,False
TXN_006133,CUST_00541,MER_0025,1036.36,INR,UPI,YES,2026-07-01 22:48:00,success,,True,False
TXN_006134,CUST_00202,MER_0021,1303.15,INR,Wallet,KOTAK,2026-08-11 19:45:00,failed,bank_declined,True,False
TXN_006135,CUST_00122,MER_0017,2023.12,INR,Card,YES,2026-07-03 07:23:00,success,,True,False
TXN_006136,CUST_01935,MER_0032,8702.08,INR,UPI,SBI,2026-07-13 01:11:00,success,,True,False
TXN_006137,CUST_01731,MER_0050,3644.24,INR,UPI,HDFC,2026-07-09 19:34:00,success,,True,True
TXN_006138,CUST_01260,MER_0044,1653.58,INR,Card,ICICI,2026-08-04 11:27:00,success,,True,False
TXN_006139,CUST_00121,MER_0047,2420.76,INR,UPI,AXIS,2026-08-25 01:21:00,success,,True,True
TXN_006140,CUST_01624,MER_0028,2567.55,INR,UPI,YES,2026-08-15 10:06:00,success,,True,False
TXN_006141,CUST_00969,MER_0050,1362.79,INR,NetBanking,YES,2026-07-26 03:15:00,failed,bank_declined,False,False
TXN_006142,CUST_01138,MER_0050,4277.45,INR,UPI,HDFC,2026-07-07 01:12:00,success,,True,False
TXN_006143,CUST_00990,MER_0014,4799.27,INR,UPI,HDFC,2026-07-22 13:03:00,success,,True,False
TXN_006144,CUST_00995,MER_0044,3956.14,INR,UPI,AXIS,2026-08-18 03:34:00,failed,bank_timeout,False,False
TXN_006145,CUST_01098,MER_0001,1582.22,INR,UPI,ICICI,2026-08-05 21:29:00,success,,True,False
TXN_006146,CUST_01208,MER_0029,9315.33,INR,Card,SBI,2026-08-14 12:12:00,failed,insufficient_funds,True,False
TXN_006147,CUST_00316,MER_0041,1085.56,INR,Card,HDFC,2026-07-25 19:35:00,failed,insufficient_funds,True,False
TXN_006148,CUST_01903,MER_0041,1708.49,INR,NetBanking,SBI,2026-08-19 09:33:00,success,,True,False
TXN_006149,CUST_01264,MER_0025,1631.12,INR,Card,HDFC,2026-08-06 21:41:00,success,,True,False
TXN_006150,CUST_01124,MER_0044,3717.29,INR,Card,HDFC,2026-08-06 17:58:00,success,,True,True
TXN_006151,CUST_00074,MER_0001,2966.42,INR,Card,AXIS,2026-07-30 17:01:00,failed,expired_card,False,False
TXN_006152,CUST_01093,MER_0014,1782.58,INR,UPI,AXIS,2026-08-21 15:52:00,success,,True,False
TXN_006153,CUST_00834,MER_0032,1813.17,INR,Card,SBI,2026-07-15 18:27:00,success,,True,False
TXN_006154,CUST_01595,MER_0045,589.46,INR,UPI,YES,2026-07-07 07:39:00,failed,bank_timeout,True,False
TXN_006155,CUST_01302,MER_0042,1317.31,INR,Card,YES,2026-07-02 10:22:00,success,,True,False
TXN_006156,CUST_01364,MER_0018,7684.03,INR,UPI,HDFC,2026-07-09 22:55:00,success,,True,True
TXN_006157,CUST_01431,MER_0049,2844.55,INR,NetBanking,SBI,2026-07-20 22:14:00,failed,bank_declined,True,False
TXN_006158,CUST_00126,MER_0044,735.9,INR,Card,AXIS,2026-08-23 18:13:00,failed,authentication_failure,True,False
TXN_006159,CUST_01211,MER_0041,6911.08,INR,UPI,HDFC,2026-08-15 10:21:00,success,,True,False
TXN_006160,CUST_00134,MER_0029,493.4,INR,UPI,AXIS,2026-07-12 01:56:00,success,,True,False
TXN_006161,CUST_00969,MER_0044,1388.18,INR,Card,HDFC,2026-07-19 10:21:00,success,,True,True
TXN_006162,CUST_01765,MER_0029,3628.64,INR,Card,AXIS,2026-08-15 21:50:00,success,,True,False
TXN_006163,CUST_00793,MER_0049,4086.77,INR,UPI,AXIS,2026-07-05 09:20:00,success,,True,False
TXN_006164,CUST_01309,MER_0011,1418.29,INR,Card,SBI,2026-07-16 02:49:00,success,,True,False
TXN_006165,CUST_01183,MER_0035,1911.42,INR,NetBanking,AXIS,2026-07-30 14:58:00,success,,True,False
TXN_006166,CUST_00791,MER_0040,1513.37,INR,Wallet,KOTAK,2026-08-19 22:53:00,failed,bank_timeout,True,True
TXN_006167,CUST_00991,MER_0006,6359.74,INR,NetBanking,KOTAK,2026-08-12 20:21:00,failed,network_error,False,False
TXN_006168,CUST_01160,MER_0041,5435.23,INR,Card,AXIS,2026-08-14 07:47:00,success,,True,True
TXN_006169,CUST_00103,MER_0025,1305.92,INR,UPI,ICICI,2026-07-06 10:24:00,success,,True,False
TXN_006170,CUST_01165,MER_0011,1238.8,INR,UPI,HDFC,2026-08-02 17:39:00,success,,True,False
TXN_006171,CUST_01559,MER_0017,4697.92,INR,Card,KOTAK,2026-07-27 19:29:00,success,,True,False
TXN_006172,CUST_00160,MER_0046,5102.82,INR,Card,YES,2026-08-22 16:44:00,failed,authentication_failure,True,False
TXN_006173,CUST_01781,MER_0015,851.81,INR,UPI,HDFC,2026-07-26 02:27:00,success,,True,False
TXN_006174,CUST_01419,MER_0019,1681.16,INR,UPI,SBI,2026-07-26 20:05:00,success,,True,True
TXN_006175,CUST_01564,MER_0017,4714.47,INR,Wallet,HDFC,2026-07-24 23:58:00,success,,True,False
TXN_006176,CUST_00363,MER_0011,2523.07,INR,UPI,AXIS,2026-08-17 19:53:00,failed,bank_timeout,True,False
TXN_006177,CUST_01693,MER_0021,3521.54,INR,NetBanking,ICICI,2026-07-06 20:27:00,success,,True,False
TXN_006178,CUST_01221,MER_0020,1377.68,INR,Card,HDFC,2026-07-20 05:01:00,failed,insufficient_funds,True,False
TXN_006179,CUST_01042,MER_0017,8399.04,INR,UPI,ICICI,2026-07-02 00:55:00,success,,True,False
TXN_006180,CUST_00871,MER_0026,3957.14,INR,NetBanking,YES,2026-07-01 12:11:00,success,,True,False
TXN_006181,CUST_00850,MER_0014,7250.35,INR,Card,AXIS,2026-08-18 18:03:00,failed,insufficient_funds,True,False
TXN_006182,CUST_01865,MER_0012,4502.33,INR,UPI,YES,2026-07-12 08:46:00,failed,network_error,True,True
TXN_006183,CUST_01436,MER_0007,2970.24,INR,UPI,YES,2026-08-02 04:56:00,success,,True,True
TXN_006184,CUST_00831,MER_0046,1989.92,INR,Card,KOTAK,2026-07-30 15:18:00,success,,True,False
TXN_006185,CUST_01118,MER_0043,624.09,INR,Wallet,KOTAK,2026-07-05 19:53:00,success,,True,False
TXN_006186,CUST_01825,MER_0046,2283.57,INR,Card,ICICI,2026-08-24 15:38:00,success,,True,False
TXN_006187,CUST_00134,MER_0001,4716.11,INR,UPI,HDFC,2026-08-05 14:31:00,success,,True,False
TXN_006188,CUST_01900,MER_0021,5200.48,INR,Card,AXIS,2026-08-02 09:05:00,success,,True,True
TXN_006189,CUST_01439,MER_0011,3653.69,INR,UPI,HDFC,2026-07-25 11:51:00,success,,True,False
TXN_006190,CUST_00487,MER_0049,1582.82,INR,Card,KOTAK,2026-08-17 14:18:00,success,,True,True
TXN_006191,CUST_00945,MER_0002,501.97,INR,UPI,HDFC,2026-07-23 04:23:00,success,,True,False
TXN_006192,CUST_01380,MER_0027,1642.26,INR,NetBanking,SBI,2026-07-30 16:30:00,failed,network_error,True,False
TXN_006193,CUST_00138,MER_0002,1900.09,INR,UPI,ICICI,2026-08-13 19:06:00,failed,bank_declined,True,False
TXN_006194,CUST_01753,MER_0042,11950.65,INR,Wallet,ICICI,2026-08-07 00:39:00,success,,True,False
TXN_006195,CUST_01023,MER_0027,2694.11,INR,UPI,KOTAK,2026-07-23 20:35:00,success,,True,True
TXN_006196,CUST_01840,MER_0004,2052.09,INR,UPI,HDFC,2026-07-04 09:28:00,success,,True,False
TXN_006197,CUST_00071,MER_0002,1983.51,INR,Card,YES,2026-07-25 13:54:00,failed,expired_card,True,False
TXN_006198,CUST_01577,MER_0033,1258.11,INR,UPI,KOTAK,2026-08-10 17:27:00,failed,bank_timeout,True,False
TXN_006199,CUST_00730,MER_0043,3500.46,INR,NetBanking,ICICI,2026-08-22 18:23:00,success,,True,False
TXN_006200,CUST_00040,MER_0034,2886.35,INR,NetBanking,HDFC,2026-07-17 20:58:00,success,,True,False
TXN_006201,CUST_01305,MER_0028,3519.36,INR,NetBanking,KOTAK,2026-08-12 03:13:00,success,,True,False
TXN_006202,CUST_01821,MER_0049,3453.0,INR,Wallet,SBI,2026-07-17 23:03:00,success,,True,False
TXN_006203,CUST_01207,MER_0006,591.39,INR,Card,HDFC,2026-07-21 08:14:00,success,,True,False
TXN_006204,CUST_01036,MER_0025,4062.27,INR,Card,SBI,2026-07-19 20:08:00,failed,expired_card,True,True
TXN_006205,CUST_00637,MER_0036,1015.7,INR,Card,SBI,2026-08-21 11:38:00,success,,True,False
TXN_006206,CUST_01078,MER_0005,1008.72,INR,UPI,SBI,2026-07-23 13:37:00,success,,True,True
TXN_006207,CUST_00906,MER_0001,3452.43,INR,Card,AXIS,2026-07-20 22:55:00,failed,insufficient_funds,True,False
TXN_006208,CUST_00218,MER_0011,635.51,INR,Card,KOTAK,2026-07-25 03:16:00,success,,True,False
TXN_006209,CUST_01892,MER_0031,3577.54,INR,UPI,AXIS,2026-07-19 18:28:00,success,,True,True
TXN_006210,CUST_00853,MER_0032,771.48,INR,Card,YES,2026-07-09 16:56:00,failed,authentication_failure,True,False
TXN_006211,CUST_01121,MER_0010,2953.66,INR,UPI,SBI,2026-08-25 12:41:00,success,,True,False
TXN_006212,CUST_00329,MER_0045,4956.53,INR,Card,SBI,2026-07-13 18:52:00,success,,True,False
TXN_006213,CUST_00943,MER_0015,10151.21,INR,Card,HDFC,2026-08-12 13:22:00,success,,True,False
TXN_006214,CUST_00504,MER_0020,819.14,INR,UPI,KOTAK,2026-07-23 11:51:00,success,,True,False
TXN_006215,CUST_00021,MER_0030,2340.27,INR,UPI,HDFC,2026-07-22 21:36:00,success,,True,False
TXN_006216,CUST_01378,MER_0039,1956.54,INR,Wallet,YES,2026-07-09 18:04:00,failed,insufficient_funds,True,False
TXN_006217,CUST_01684,MER_0031,2900.2,INR,NetBanking,AXIS,2026-07-14 20:18:00,success,,True,False
TXN_006218,CUST_01549,MER_0050,1840.81,INR,Card,KOTAK,2026-08-01 07:02:00,success,,True,False
TXN_006219,CUST_00079,MER_0026,1715.19,INR,Card,YES,2026-08-14 13:05:00,success,,True,False
TXN_006220,CUST_01926,MER_0032,999.08,INR,UPI,HDFC,2026-08-13 16:27:00,success,,True,False
TXN_006221,CUST_01812,MER_0038,5379.17,INR,UPI,YES,2026-08-06 21:48:00,success,,True,False
TXN_006222,CUST_01034,MER_0023,3524.04,INR,UPI,AXIS,2026-07-21 14:18:00,success,,True,False
TXN_006223,CUST_00614,MER_0018,5085.84,INR,UPI,HDFC,2026-07-10 04:01:00,failed,bank_timeout,True,False
TXN_006224,CUST_01728,MER_0031,1443.08,INR,UPI,AXIS,2026-08-20 17:12:00,success,,True,False
TXN_006225,CUST_00353,MER_0014,1030.03,INR,UPI,ICICI,2026-07-25 07:05:00,success,,True,True
TXN_006226,CUST_00590,MER_0027,3252.35,INR,Card,ICICI,2026-07-20 06:36:00,success,,True,False
TXN_006227,CUST_01588,MER_0049,1062.27,INR,UPI,HDFC,2026-07-03 14:41:00,success,,True,False
TXN_006228,CUST_01918,MER_0011,10709.97,INR,UPI,HDFC,2026-07-24 14:24:00,success,,True,False
TXN_006229,CUST_01273,MER_0046,857.38,INR,UPI,HDFC,2026-07-05 05:22:00,success,,True,False
TXN_006230,CUST_00650,MER_0044,3037.92,INR,Card,YES,2026-08-19 08:43:00,success,,True,False
TXN_006231,CUST_00030,MER_0025,8548.27,INR,UPI,HDFC,2026-08-01 23:24:00,failed,bank_timeout,True,False
TXN_006232,CUST_01918,MER_0003,2808.87,INR,UPI,SBI,2026-07-31 23:43:00,success,,True,False
TXN_006233,CUST_01262,MER_0022,1124.63,INR,Card,ICICI,2026-07-10 04:18:00,success,,True,False
TXN_006234,CUST_00446,MER_0050,808.02,INR,UPI,SBI,2026-08-16 23:10:00,success,,True,False
TXN_006235,CUST_00538,MER_0020,4518.97,INR,Card,SBI,2026-07-18 04:37:00,success,,True,True
TXN_006236,CUST_01493,MER_0001,8143.03,INR,UPI,SBI,2026-07-10 00:02:00,success,,True,False
TXN_006237,CUST_01809,MER_0036,1718.01,INR,UPI,ICICI,2026-07-05 17:03:00,failed,bank_declined,True,False
TXN_006238,CUST_01184,MER_0046,341.54,INR,NetBanking,KOTAK,2026-07-08 16:41:00,success,,True,True
TXN_006239,CUST_01190,MER_0028,1113.64,INR,UPI,ICICI,2026-07-16 01:23:00,failed,bank_declined,True,False
TXN_006240,CUST_01514,MER_0047,8771.81,INR,UPI,YES,2026-07-27 12:13:00,success,,True,False
TXN_006241,CUST_00344,MER_0015,4181.84,INR,UPI,AXIS,2026-08-14 05:35:00,failed,authentication_failure,False,False
TXN_006242,CUST_01357,MER_0007,1772.07,INR,UPI,HDFC,2026-08-15 23:49:00,success,,True,False
TXN_006243,CUST_01546,MER_0025,1530.68,INR,NetBanking,KOTAK,2026-08-06 08:52:00,success,,True,True
TXN_006244,CUST_01709,MER_0034,7513.96,INR,Card,YES,2026-07-18 13:32:00,failed,bank_declined,True,True
TXN_006245,CUST_00957,MER_0037,453.92,INR,Card,SBI,2026-07-14 10:36:00,success,,True,False
TXN_006246,CUST_01590,MER_0030,1423.92,INR,NetBanking,AXIS,2026-07-28 13:09:00,failed,authentication_failure,True,True
TXN_006247,CUST_01665,MER_0024,1576.54,INR,UPI,YES,2026-08-24 20:02:00,success,,True,False
TXN_006248,CUST_00741,MER_0049,3828.88,INR,UPI,HDFC,2026-07-26 11:35:00,success,,True,False
TXN_006249,CUST_00348,MER_0036,2239.58,INR,UPI,AXIS,2026-08-12 16:14:00,success,,True,False
TXN_006250,CUST_00825,MER_0043,2295.04,INR,UPI,HDFC,2026-08-09 07:39:00,success,,True,False
TXN_006251,CUST_00834,MER_0044,6979.82,INR,UPI,HDFC,2026-07-18 11:39:00,success,,True,True
TXN_006252,CUST_01251,MER_0031,1398.05,INR,NetBanking,KOTAK,2026-08-25 02:48:00,success,,True,False
TXN_006253,CUST_01743,MER_0009,10843.92,INR,Card,HDFC,2026-07-06 19:09:00,success,,True,True
TXN_006254,CUST_00996,MER_0011,1426.46,INR,UPI,HDFC,2026-07-06 18:46:00,success,,True,False
TXN_006255,CUST_01363,MER_0027,2621.12,INR,UPI,ICICI,2026-07-12 09:22:00,failed,network_error,False,False
TXN_006256,CUST_00784,MER_0044,2693.87,INR,Card,KOTAK,2026-08-08 21:26:00,success,,True,True
TXN_006257,CUST_00877,MER_0038,3483.08,INR,UPI,SBI,2026-07-17 08:59:00,failed,bank_declined,True,False
TXN_006258,CUST_01555,MER_0009,1336.09,INR,UPI,KOTAK,2026-08-01 13:08:00,success,,True,False
TXN_006259,CUST_00288,MER_0025,993.93,INR,UPI,ICICI,2026-08-17 19:08:00,failed,bank_declined,True,False
TXN_006260,CUST_01512,MER_0031,1657.08,INR,UPI,SBI,2026-07-25 02:04:00,success,,True,True
TXN_006261,CUST_01351,MER_0004,4270.0,INR,Card,HDFC,2026-08-05 14:07:00,failed,network_error,False,True
TXN_006262,CUST_01098,MER_0020,1951.41,INR,UPI,ICICI,2026-07-10 09:03:00,failed,bank_timeout,False,False
TXN_006263,CUST_01001,MER_0024,3562.62,INR,Card,SBI,2026-07-31 00:52:00,success,,True,True
TXN_006264,CUST_01696,MER_0031,276.45,INR,NetBanking,YES,2026-08-06 05:21:00,success,,True,False
TXN_006265,CUST_00904,MER_0028,2787.53,INR,Card,YES,2026-08-09 18:21:00,success,,True,False
TXN_006266,CUST_00757,MER_0005,972.83,INR,Card,ICICI,2026-07-06 22:10:00,success,,True,False
TXN_006267,CUST_01713,MER_0045,3163.63,INR,UPI,HDFC,2026-07-25 16:41:00,failed,authentication_failure,True,False
TXN_006268,CUST_00118,MER_0011,1231.04,INR,UPI,KOTAK,2026-07-14 00:27:00,success,,True,False
TXN_006269,CUST_01237,MER_0049,1960.78,INR,Card,KOTAK,2026-07-06 10:22:00,success,,True,False
TXN_006270,CUST_01608,MER_0037,1051.67,INR,UPI,SBI,2026-08-23 02:16:00,success,,True,False
TXN_006271,CUST_01102,MER_0006,1668.32,INR,Card,YES,2026-08-26 17:37:00,success,,True,False
TXN_006272,CUST_01128,MER_0015,939.45,INR,UPI,KOTAK,2026-07-30 04:52:00,success,,True,False
TXN_006273,CUST_01115,MER_0012,563.1,INR,Card,AXIS,2026-07-05 07:10:00,success,,True,False
TXN_006274,CUST_00275,MER_0020,5510.25,INR,UPI,ICICI,2026-08-02 16:00:00,success,,True,False
TXN_006275,CUST_01687,MER_0048,865.37,INR,Card,HDFC,2026-08-17 16:31:00,success,,True,False
TXN_006276,CUST_00334,MER_0028,2115.52,INR,UPI,YES,2026-07-30 15:35:00,success,,True,False
TXN_006277,CUST_00705,MER_0034,4457.36,INR,Card,ICICI,2026-07-24 08:23:00,success,,True,False
TXN_006278,CUST_00024,MER_0005,1492.26,INR,UPI,KOTAK,2026-07-21 10:31:00,success,,True,False
TXN_006279,CUST_00058,MER_0046,1261.26,INR,UPI,YES,2026-07-17 08:32:00,success,,True,False
TXN_006280,CUST_01578,MER_0045,2924.83,INR,UPI,KOTAK,2026-07-23 08:37:00,failed,bank_timeout,True,False
TXN_006281,CUST_01126,MER_0022,957.71,INR,NetBanking,HDFC,2026-08-03 17:55:00,success,,True,False
TXN_006282,CUST_00194,MER_0029,2164.36,INR,UPI,HDFC,2026-08-03 22:40:00,success,,True,False
TXN_006283,CUST_00762,MER_0006,610.33,INR,UPI,YES,2026-08-20 20:19:00,success,,True,False
TXN_006284,CUST_01309,MER_0045,1781.91,INR,UPI,YES,2026-07-29 23:13:00,failed,bank_declined,True,False
TXN_006285,CUST_00441,MER_0015,1231.88,INR,UPI,ICICI,2026-07-18 16:05:00,success,,True,False
TXN_006286,CUST_01790,MER_0008,1693.25,INR,UPI,YES,2026-07-08 14:34:00,failed,authentication_failure,True,False
TXN_006287,CUST_01601,MER_0027,2595.83,INR,Card,HDFC,2026-08-21 23:45:00,success,,True,False
TXN_006288,CUST_00003,MER_0019,5679.14,INR,Card,YES,2026-08-09 00:38:00,success,,True,False
TXN_006289,CUST_01971,MER_0018,1014.64,INR,UPI,KOTAK,2026-08-14 12:51:00,failed,network_error,True,False
TXN_006290,CUST_00341,MER_0040,3648.37,INR,UPI,AXIS,2026-08-11 09:16:00,success,,True,False
TXN_006291,CUST_01570,MER_0019,6436.06,INR,UPI,SBI,2026-07-11 09:10:00,success,,True,False
TXN_006292,CUST_01962,MER_0030,739.11,INR,UPI,ICICI,2026-07-04 13:03:00,success,,True,False
TXN_006293,CUST_01313,MER_0019,2132.33,INR,NetBanking,AXIS,2026-07-13 23:28:00,success,,True,False
TXN_006294,CUST_00710,MER_0023,3061.02,INR,UPI,KOTAK,2026-08-11 19:15:00,success,,True,True
TXN_006295,CUST_01743,MER_0014,2249.26,INR,UPI,KOTAK,2026-08-16 12:19:00,success,,True,False
TXN_006296,CUST_01470,MER_0016,336.49,INR,UPI,HDFC,2026-08-15 13:56:00,success,,True,False
TXN_006297,CUST_01127,MER_0013,3644.13,INR,UPI,ICICI,2026-07-18 14:10:00,success,,True,False
TXN_006298,CUST_00088,MER_0027,8229.41,INR,Card,KOTAK,2026-08-03 06:39:00,success,,True,False
TXN_006299,CUST_00890,MER_0031,2679.35,INR,UPI,ICICI,2026-08-18 01:49:00,success,,True,False
TXN_006300,CUST_00215,MER_0008,1069.68,INR,Card,KOTAK,2026-08-13 09:19:00,failed,bank_declined,True,False
TXN_006301,CUST_01301,MER_0047,10056.06,INR,UPI,KOTAK,2026-08-24 05:32:00,success,,True,True
TXN_006302,CUST_00872,MER_0018,5054.18,INR,UPI,KOTAK,2026-07-26 10:13:00,success,,True,False
TXN_006303,CUST_00485,MER_0020,4072.54,INR,UPI,AXIS,2026-08-03 20:16:00,success,,True,False
TXN_006304,CUST_00432,MER_0014,3245.84,INR,UPI,ICICI,2026-07-26 19:51:00,failed,authentication_failure,False,True
TXN_006305,CUST_00870,MER_0042,2078.79,INR,UPI,KOTAK,2026-08-16 06:27:00,success,,True,False
TXN_006306,CUST_01304,MER_0045,2293.1,INR,UPI,SBI,2026-07-28 21:24:00,success,,True,False
TXN_006307,CUST_00970,MER_0011,3788.25,INR,Card,KOTAK,2026-07-28 22:46:00,failed,bank_declined,True,False
TXN_006308,CUST_01130,MER_0047,5971.0,INR,Wallet,AXIS,2026-08-13 09:14:00,success,,True,False
TXN_006309,CUST_00843,MER_0022,784.07,INR,Wallet,HDFC,2026-08-20 12:19:00,success,,True,True
TXN_006310,CUST_01402,MER_0020,2919.58,INR,UPI,YES,2026-08-01 16:39:00,failed,bank_timeout,True,False
TXN_006311,CUST_01934,MER_0025,4004.16,INR,UPI,ICICI,2026-08-03 10:40:00,success,,True,False
TXN_006312,CUST_00488,MER_0015,1475.29,INR,NetBanking,ICICI,2026-07-28 13:54:00,success,,True,False
TXN_006313,CUST_01457,MER_0012,25116.68,INR,UPI,ICICI,2026-08-25 03:09:00,success,,True,False
TXN_006314,CUST_01795,MER_0007,878.6,INR,UPI,KOTAK,2026-07-12 18:14:00,success,,True,False
TXN_006315,CUST_01038,MER_0045,1026.03,INR,UPI,HDFC,2026-07-10 15:28:00,failed,bank_timeout,False,False
TXN_006316,CUST_01889,MER_0022,13272.41,INR,UPI,ICICI,2026-07-14 01:12:00,success,,True,False
TXN_006317,CUST_01942,MER_0046,1250.18,INR,Wallet,AXIS,2026-08-02 17:58:00,success,,True,False
TXN_006318,CUST_00440,MER_0042,1973.05,INR,UPI,SBI,2026-07-21 17:16:00,failed,bank_timeout,True,False
TXN_006319,CUST_01158,MER_0015,2405.97,INR,Card,SBI,2026-07-30 03:22:00,success,,True,False
TXN_006320,CUST_01139,MER_0010,1867.43,INR,UPI,YES,2026-07-12 12:29:00,failed,bank_declined,True,True
TXN_006321,CUST_01885,MER_0049,3035.14,INR,UPI,HDFC,2026-07-09 20:03:00,success,,True,True
TXN_006322,CUST_00900,MER_0047,5565.55,INR,Card,KOTAK,2026-08-01 22:24:00,failed,insufficient_funds,True,False
TXN_006323,CUST_00429,MER_0017,3120.04,INR,Card,ICICI,2026-08-10 22:30:00,success,,True,False
TXN_006324,CUST_00124,MER_0046,3082.16,INR,UPI,SBI,2026-07-16 12:45:00,success,,True,False
TXN_006325,CUST_01850,MER_0048,2896.59,INR,UPI,YES,2026-07-11 04:18:00,failed,network_error,True,False
TXN_006326,CUST_01792,MER_0037,2550.73,INR,Wallet,HDFC,2026-08-11 05:15:00,success,,True,False
TXN_006327,CUST_01831,MER_0036,2439.41,INR,UPI,HDFC,2026-07-20 03:17:00,success,,True,False
TXN_006328,CUST_01010,MER_0020,6356.94,INR,UPI,SBI,2026-08-02 20:39:00,success,,True,False
TXN_006329,CUST_00716,MER_0036,8208.23,INR,UPI,KOTAK,2026-07-24 09:14:00,success,,True,False
TXN_006330,CUST_01190,MER_0025,730.67,INR,Card,KOTAK,2026-08-22 15:56:00,success,,True,False
TXN_006331,CUST_00430,MER_0049,2460.25,INR,UPI,ICICI,2026-07-19 00:35:00,failed,bank_timeout,True,True
TXN_006332,CUST_00500,MER_0002,1903.07,INR,UPI,ICICI,2026-08-07 09:13:00,failed,bank_timeout,True,False
TXN_006333,CUST_01041,MER_0034,4169.5,INR,Wallet,SBI,2026-08-25 02:53:00,success,,True,False
TXN_006334,CUST_01313,MER_0030,2231.21,INR,UPI,KOTAK,2026-07-31 07:12:00,failed,bank_declined,True,False
TXN_006335,CUST_01716,MER_0041,1127.73,INR,UPI,YES,2026-07-05 17:06:00,success,,True,False
TXN_006336,CUST_01020,MER_0033,5000.03,INR,NetBanking,KOTAK,2026-07-24 07:07:00,success,,True,False
TXN_006337,CUST_01067,MER_0011,272.51,INR,UPI,SBI,2026-08-25 08:25:00,success,,True,False
TXN_006338,CUST_00892,MER_0040,6310.32,INR,Card,HDFC,2026-07-21 09:13:00,failed,insufficient_funds,True,True
TXN_006339,CUST_00646,MER_0001,6994.93,INR,Wallet,KOTAK,2026-07-19 19:03:00,success,,True,False
TXN_006340,CUST_01573,MER_0017,2082.13,INR,Card,SBI,2026-07-20 05:15:00,success,,True,False
TXN_006341,CUST_01849,MER_0004,469.13,INR,Card,YES,2026-07-25 19:45:00,failed,bank_declined,True,False
TXN_006342,CUST_00251,MER_0034,6766.39,INR,Card,AXIS,2026-07-13 19:33:00,success,,True,False
TXN_006343,CUST_00339,MER_0023,5114.21,INR,UPI,SBI,2026-08-15 22:32:00,success,,True,False
TXN_006344,CUST_01372,MER_0025,1436.33,INR,UPI,AXIS,2026-07-03 08:40:00,success,,True,False
TXN_006345,CUST_00060,MER_0004,2616.02,INR,Card,SBI,2026-08-25 13:31:00,success,,True,False
TXN_006346,CUST_01916,MER_0023,1593.57,INR,UPI,KOTAK,2026-07-16 09:26:00,success,,True,True
TXN_006347,CUST_01416,MER_0024,1267.23,INR,UPI,YES,2026-08-01 23:05:00,failed,authentication_failure,True,False
TXN_006348,CUST_01446,MER_0035,936.34,INR,UPI,HDFC,2026-07-10 03:30:00,failed,bank_timeout,True,False
TXN_006349,CUST_00904,MER_0013,1009.07,INR,NetBanking,YES,2026-08-07 07:16:00,failed,network_error,False,False
TXN_006350,CUST_01595,MER_0048,2743.89,INR,UPI,AXIS,2026-07-13 19:37:00,failed,network_error,True,True
TXN_006351,CUST_00560,MER_0005,2105.06,INR,Card,KOTAK,2026-07-08 04:00:00,success,,True,False
TXN_006352,CUST_00935,MER_0035,731.72,INR,UPI,ICICI,2026-08-16 18:42:00,failed,bank_timeout,True,False
TXN_006353,CUST_01190,MER_0029,9400.91,INR,NetBanking,YES,2026-07-27 13:09:00,success,,True,False
TXN_006354,CUST_00039,MER_0020,1455.36,INR,Wallet,ICICI,2026-07-06 14:47:00,success,,True,False
TXN_006355,CUST_01838,MER_0015,1664.29,INR,NetBanking,HDFC,2026-08-12 06:08:00,success,,True,False
TXN_006356,CUST_01958,MER_0048,3686.85,INR,UPI,SBI,2026-07-04 12:17:00,success,,True,False
TXN_006357,CUST_01133,MER_0018,8932.92,INR,UPI,KOTAK,2026-08-03 20:31:00,success,,True,False
TXN_006358,CUST_00616,MER_0033,1610.23,INR,NetBanking,ICICI,2026-08-07 10:48:00,success,,True,False
TXN_006359,CUST_01800,MER_0024,840.54,INR,Card,HDFC,2026-07-06 11:28:00,success,,True,False
TXN_006360,CUST_00308,MER_0034,4044.59,INR,UPI,AXIS,2026-07-10 00:36:00,failed,bank_timeout,True,True
TXN_006361,CUST_01838,MER_0026,2452.6,INR,UPI,HDFC,2026-08-01 07:49:00,success,,True,False
TXN_006362,CUST_00369,MER_0024,1561.64,INR,UPI,SBI,2026-07-07 21:21:00,success,,True,False
TXN_006363,CUST_01490,MER_0030,5407.29,INR,NetBanking,AXIS,2026-08-25 03:07:00,success,,True,False
TXN_006364,CUST_00543,MER_0009,3723.54,INR,UPI,ICICI,2026-07-27 16:52:00,success,,True,False
TXN_006365,CUST_01552,MER_0017,1319.82,INR,Card,YES,2026-07-06 02:57:00,failed,authentication_failure,True,True
TXN_006366,CUST_01890,MER_0038,827.69,INR,UPI,KOTAK,2026-08-07 12:15:00,success,,True,False
TXN_006367,CUST_01577,MER_0010,4224.74,INR,UPI,YES,2026-07-14 03:04:00,success,,True,False
TXN_006368,CUST_01177,MER_0005,1978.74,INR,UPI,ICICI,2026-07-29 05:58:00,success,,True,False
TXN_006369,CUST_01553,MER_0015,1722.33,INR,NetBanking,AXIS,2026-07-13 08:47:00,failed,bank_timeout,True,True
TXN_006370,CUST_00950,MER_0017,2520.58,INR,UPI,HDFC,2026-08-21 04:31:00,success,,True,False
TXN_006371,CUST_00449,MER_0025,4993.76,INR,Wallet,ICICI,2026-07-24 22:51:00,success,,True,False
TXN_006372,CUST_00305,MER_0035,3916.18,INR,UPI,SBI,2026-07-08 03:18:00,failed,network_error,True,True
TXN_006373,CUST_00175,MER_0017,4495.96,INR,Card,YES,2026-07-10 02:39:00,success,,True,False
TXN_006374,CUST_01241,MER_0043,3363.0,INR,Card,SBI,2026-08-25 16:08:00,success,,True,False
TXN_006375,CUST_01581,MER_0006,1734.93,INR,UPI,AXIS,2026-07-08 14:54:00,failed,network_error,False,False
TXN_006376,CUST_00450,MER_0010,2167.7,INR,UPI,ICICI,2026-08-14 18:07:00,success,,True,True
TXN_006377,CUST_01009,MER_0039,3656.31,INR,UPI,SBI,2026-07-23 22:01:00,success,,True,False
TXN_006378,CUST_00741,MER_0030,1819.62,INR,UPI,ICICI,2026-07-13 01:34:00,success,,True,False
TXN_006379,CUST_01093,MER_0015,1785.89,INR,NetBanking,KOTAK,2026-07-11 09:21:00,success,,True,False
TXN_006380,CUST_01097,MER_0024,11789.99,INR,Card,AXIS,2026-07-04 09:58:00,success,,True,False
TXN_006381,CUST_00467,MER_0018,5176.0,INR,UPI,SBI,2026-08-22 13:18:00,success,,True,False
TXN_006382,CUST_00508,MER_0025,1328.12,INR,UPI,SBI,2026-08-06 14:47:00,success,,True,False
TXN_006383,CUST_00591,MER_0007,3853.56,INR,UPI,HDFC,2026-08-19 12:42:00,failed,bank_timeout,True,False
TXN_006384,CUST_01914,MER_0005,3338.38,INR,UPI,AXIS,2026-08-21 19:08:00,success,,True,False
TXN_006385,CUST_00880,MER_0043,2724.04,INR,Card,ICICI,2026-07-15 05:03:00,failed,insufficient_funds,True,False
TXN_006386,CUST_00035,MER_0044,3217.94,INR,Card,SBI,2026-07-29 00:39:00,failed,expired_card,True,True
TXN_006387,CUST_01640,MER_0031,5618.12,INR,UPI,AXIS,2026-07-13 01:56:00,success,,True,False
TXN_006388,CUST_01814,MER_0012,2941.36,INR,Wallet,AXIS,2026-07-23 14:57:00,success,,True,False
TXN_006389,CUST_00862,MER_0018,2689.69,INR,Wallet,SBI,2026-08-25 22:11:00,failed,insufficient_funds,True,False
TXN_006390,CUST_01199,MER_0017,2264.51,INR,NetBanking,AXIS,2026-07-26 12:35:00,success,,True,True
TXN_006391,CUST_00913,MER_0024,2458.68,INR,Card,HDFC,2026-07-27 13:20:00,success,,True,False
TXN_006392,CUST_00962,MER_0023,1526.36,INR,UPI,YES,2026-07-06 14:58:00,failed,network_error,True,True
TXN_006393,CUST_01267,MER_0031,1097.89,INR,NetBanking,ICICI,2026-08-26 05:55:00,success,,True,True
TXN_006394,CUST_01524,MER_0045,801.44,INR,Card,SBI,2026-07-13 03:22:00,success,,True,False
TXN_006395,CUST_00102,MER_0006,1207.4,INR,UPI,SBI,2026-08-26 03:21:00,success,,True,True
TXN_006396,CUST_01327,MER_0018,2123.0,INR,NetBanking,HDFC,2026-08-03 11:05:00,success,,True,False
TXN_006397,CUST_00991,MER_0001,2650.47,INR,Card,KOTAK,2026-07-18 05:26:00,failed,network_error,True,False
TXN_006398,CUST_00825,MER_0030,370.72,INR,Card,KOTAK,2026-07-28 11:14:00,success,,True,False
TXN_006399,CUST_01430,MER_0007,8601.3,INR,UPI,AXIS,2026-07-02 22:38:00,success,,True,False
TXN_006400,CUST_00834,MER_0005,5820.75,INR,UPI,SBI,2026-08-14 19:57:00,success,,True,True
TXN_006401,CUST_00675,MER_0032,3486.34,INR,UPI,SBI,2026-07-28 16:06:00,failed,network_error,False,False
TXN_006402,CUST_01659,MER_0012,1116.67,INR,UPI,KOTAK,2026-08-23 12:32:00,failed,network_error,True,False
TXN_006403,CUST_01500,MER_0045,1127.58,INR,UPI,SBI,2026-07-02 13:37:00,success,,True,False
TXN_006404,CUST_00690,MER_0006,2954.22,INR,UPI,KOTAK,2026-08-11 03:06:00,failed,bank_declined,True,False
TXN_006405,CUST_00447,MER_0050,2469.46,INR,UPI,YES,2026-07-17 20:59:00,success,,True,False
TXN_006406,CUST_00108,MER_0024,3324.03,INR,UPI,HDFC,2026-08-14 12:59:00,success,,True,False
TXN_006407,CUST_00518,MER_0013,2156.51,INR,UPI,ICICI,2026-08-18 09:48:00,success,,True,False
TXN_006408,CUST_01455,MER_0013,4320.39,INR,Card,YES,2026-07-25 20:03:00,success,,True,False
TXN_006409,CUST_01081,MER_0041,2641.79,INR,Card,SBI,2026-07-30 00:44:00,failed,insufficient_funds,False,False
TXN_006410,CUST_01087,MER_0004,1550.84,INR,UPI,KOTAK,2026-08-18 15:11:00,success,,True,False
TXN_006411,CUST_00755,MER_0013,4669.14,INR,UPI,KOTAK,2026-07-08 10:05:00,success,,True,False
TXN_006412,CUST_01112,MER_0004,1446.65,INR,UPI,KOTAK,2026-07-26 23:51:00,success,,True,False
TXN_006413,CUST_00679,MER_0010,5076.22,INR,NetBanking,ICICI,2026-07-10 11:55:00,success,,True,False
TXN_006414,CUST_01236,MER_0023,6490.98,INR,UPI,AXIS,2026-07-11 04:03:00,success,,True,False
TXN_006415,CUST_01548,MER_0024,642.28,INR,UPI,YES,2026-07-29 04:25:00,success,,True,True
TXN_006416,CUST_00433,MER_0028,6041.1,INR,UPI,SBI,2026-07-18 19:51:00,success,,True,False
TXN_006417,CUST_00535,MER_0032,12687.06,INR,UPI,HDFC,2026-07-16 15:35:00,success,,True,False
TXN_006418,CUST_01043,MER_0017,2985.74,INR,UPI,YES,2026-07-04 17:17:00,success,,True,False
TXN_006419,CUST_00676,MER_0046,3941.31,INR,UPI,ICICI,2026-08-06 08:53:00,success,,True,False
TXN_006420,CUST_00041,MER_0004,5594.86,INR,UPI,KOTAK,2026-08-14 14:19:00,success,,True,False
TXN_006421,CUST_00191,MER_0029,1957.87,INR,Card,HDFC,2026-08-07 02:23:00,success,,True,False
TXN_006422,CUST_00938,MER_0029,2823.76,INR,Card,KOTAK,2026-08-19 00:59:00,failed,bank_declined,True,True
TXN_006423,CUST_00336,MER_0014,2726.87,INR,Card,KOTAK,2026-08-25 16:39:00,failed,expired_card,False,False
TXN_006424,CUST_01624,MER_0019,3688.34,INR,UPI,HDFC,2026-07-09 21:11:00,success,,True,False
TXN_006425,CUST_01166,MER_0002,5723.52,INR,NetBanking,AXIS,2026-07-31 22:17:00,success,,True,False
TXN_006426,CUST_00170,MER_0038,1313.12,INR,UPI,YES,2026-07-22 22:45:00,success,,True,True
TXN_006427,CUST_01910,MER_0038,1593.86,INR,Card,HDFC,2026-08-14 17:32:00,success,,True,False
TXN_006428,CUST_00587,MER_0016,11118.95,INR,Card,ICICI,2026-07-02 15:35:00,failed,bank_declined,True,False
TXN_006429,CUST_00188,MER_0032,2864.15,INR,Card,YES,2026-08-26 20:26:00,success,,True,False
TXN_006430,CUST_00924,MER_0024,2313.21,INR,Wallet,HDFC,2026-08-08 16:50:00,failed,bank_declined,True,False
TXN_006431,CUST_01651,MER_0013,8944.76,INR,UPI,KOTAK,2026-07-26 08:40:00,failed,bank_timeout,True,False
TXN_006432,CUST_01473,MER_0035,990.46,INR,Card,SBI,2026-07-04 13:54:00,success,,True,True
TXN_006433,CUST_00252,MER_0018,1701.74,INR,UPI,HDFC,2026-07-05 14:46:00,success,,True,False
TXN_006434,CUST_00185,MER_0041,492.08,INR,UPI,HDFC,2026-08-23 18:55:00,failed,bank_declined,True,False
TXN_006435,CUST_01831,MER_0047,1124.95,INR,UPI,YES,2026-07-12 03:09:00,success,,True,False
TXN_006436,CUST_00717,MER_0047,3999.57,INR,UPI,HDFC,2026-07-25 06:39:00,failed,bank_timeout,True,False
TXN_006437,CUST_00752,MER_0020,4965.37,INR,UPI,SBI,2026-08-21 14:52:00,success,,True,False
TXN_006438,CUST_01569,MER_0010,7471.02,INR,Wallet,AXIS,2026-08-17 04:12:00,success,,True,False
TXN_006439,CUST_00974,MER_0018,4559.37,INR,Card,AXIS,2026-08-20 04:41:00,success,,True,False
TXN_006440,CUST_01862,MER_0034,2054.3,INR,NetBanking,KOTAK,2026-08-01 01:15:00,success,,True,True
TXN_006441,CUST_00801,MER_0025,2732.28,INR,UPI,ICICI,2026-07-29 09:36:00,success,,True,False
TXN_006442,CUST_01560,MER_0005,720.55,INR,Card,HDFC,2026-08-12 14:53:00,success,,True,True
TXN_006443,CUST_01684,MER_0010,2192.89,INR,NetBanking,HDFC,2026-07-17 04:56:00,success,,True,True
TXN_006444,CUST_01236,MER_0030,1226.17,INR,Card,HDFC,2026-08-25 07:53:00,success,,True,False
TXN_006445,CUST_00843,MER_0020,4253.35,INR,Card,KOTAK,2026-07-01 16:52:00,failed,expired_card,True,False
TXN_006446,CUST_01975,MER_0020,3640.43,INR,UPI,AXIS,2026-08-12 10:08:00,success,,True,False
TXN_006447,CUST_00228,MER_0009,496.25,INR,UPI,AXIS,2026-08-21 03:19:00,success,,True,False
TXN_006448,CUST_01306,MER_0002,1828.07,INR,UPI,KOTAK,2026-08-15 19:30:00,success,,True,True
TXN_006449,CUST_00620,MER_0018,2691.87,INR,UPI,SBI,2026-08-20 23:40:00,success,,True,False
TXN_006450,CUST_01847,MER_0026,2617.27,INR,UPI,AXIS,2026-07-06 17:05:00,failed,bank_timeout,True,True
TXN_006451,CUST_01335,MER_0046,2969.75,INR,UPI,SBI,2026-08-08 15:57:00,success,,True,False
TXN_006452,CUST_01192,MER_0027,903.25,INR,UPI,YES,2026-07-28 16:55:00,success,,True,False
TXN_006453,CUST_00555,MER_0017,1146.05,INR,Wallet,YES,2026-07-06 07:30:00,success,,True,False
TXN_006454,CUST_01189,MER_0038,4091.38,INR,Card,YES,2026-07-18 00:24:00,failed,insufficient_funds,True,True
TXN_006455,CUST_00843,MER_0045,3753.97,INR,Card,HDFC,2026-07-20 13:37:00,failed,authentication_failure,True,True
TXN_006456,CUST_01505,MER_0005,10015.21,INR,Card,AXIS,2026-08-07 01:57:00,success,,True,False
TXN_006457,CUST_01773,MER_0015,1313.68,INR,UPI,SBI,2026-07-14 21:08:00,success,,True,False
TXN_006458,CUST_00360,MER_0021,2040.74,INR,UPI,KOTAK,2026-07-14 08:43:00,failed,network_error,True,True
TXN_006459,CUST_01273,MER_0024,1552.65,INR,UPI,AXIS,2026-07-18 01:16:00,failed,bank_declined,False,True
TXN_006460,CUST_00366,MER_0013,3867.2,INR,Wallet,HDFC,2026-07-10 23:49:00,success,,True,False
TXN_006461,CUST_01303,MER_0037,5263.18,INR,UPI,KOTAK,2026-08-24 12:34:00,success,,True,True
TXN_006462,CUST_01695,MER_0005,4597.18,INR,Card,AXIS,2026-07-08 14:47:00,success,,True,False
TXN_006463,CUST_00172,MER_0014,2127.18,INR,UPI,HDFC,2026-07-08 18:37:00,failed,bank_declined,True,False
TXN_006464,CUST_00848,MER_0035,15983.09,INR,UPI,HDFC,2026-08-26 09:47:00,failed,bank_declined,True,True
TXN_006465,CUST_00199,MER_0005,1167.41,INR,UPI,KOTAK,2026-07-08 02:09:00,failed,authentication_failure,True,False
TXN_006466,CUST_01194,MER_0031,1866.62,INR,UPI,HDFC,2026-07-24 07:07:00,success,,True,False
TXN_006467,CUST_01770,MER_0023,2190.17,INR,UPI,ICICI,2026-07-24 11:07:00,success,,True,False
TXN_006468,CUST_00672,MER_0030,912.7,INR,UPI,ICICI,2026-08-12 03:39:00,failed,bank_timeout,False,False
TXN_006469,CUST_01203,MER_0009,10396.71,INR,NetBanking,HDFC,2026-07-13 23:42:00,success,,True,False
TXN_006470,CUST_00706,MER_0022,3878.72,INR,UPI,SBI,2026-08-25 08:48:00,failed,network_error,True,False
TXN_006471,CUST_00957,MER_0039,6459.96,INR,Card,SBI,2026-07-29 12:42:00,failed,insufficient_funds,False,True
TXN_006472,CUST_00139,MER_0024,1830.92,INR,UPI,YES,2026-07-16 14:37:00,success,,True,False
TXN_006473,CUST_01071,MER_0029,4332.11,INR,UPI,KOTAK,2026-07-02 22:59:00,failed,bank_declined,True,False
TXN_006474,CUST_00699,MER_0033,1675.38,INR,UPI,YES,2026-08-24 12:49:00,failed,bank_timeout,False,False
TXN_006475,CUST_00006,MER_0031,1963.76,INR,NetBanking,HDFC,2026-08-14 20:21:00,failed,authentication_failure,True,False
TXN_006476,CUST_00093,MER_0025,2320.08,INR,UPI,AXIS,2026-07-13 03:20:00,success,,True,False
TXN_006477,CUST_00899,MER_0048,2291.88,INR,UPI,ICICI,2026-08-14 17:43:00,success,,True,False
TXN_006478,CUST_00547,MER_0030,6365.8,INR,UPI,AXIS,2026-07-02 04:01:00,success,,True,True
TXN_006479,CUST_00809,MER_0013,2468.75,INR,NetBanking,SBI,2026-08-08 06:30:00,success,,True,False
TXN_006480,CUST_00394,MER_0011,1741.9,INR,NetBanking,ICICI,2026-08-02 05:05:00,success,,True,False
TXN_006481,CUST_01520,MER_0008,5631.01,INR,Card,AXIS,2026-07-24 21:19:00,success,,True,False
TXN_006482,CUST_01765,MER_0004,2688.21,INR,UPI,YES,2026-07-30 09:36:00,success,,True,False
TXN_006483,CUST_01132,MER_0025,1339.41,INR,UPI,HDFC,2026-07-14 08:10:00,success,,True,False
TXN_006484,CUST_01365,MER_0011,6148.71,INR,Card,KOTAK,2026-08-20 05:17:00,failed,bank_declined,False,False
TXN_006485,CUST_01861,MER_0014,2446.32,INR,Card,ICICI,2026-08-07 07:36:00,success,,True,False
TXN_006486,CUST_00639,MER_0040,2813.9,INR,UPI,AXIS,2026-08-14 04:56:00,success,,True,True
TXN_006487,CUST_01511,MER_0010,1036.36,INR,UPI,HDFC,2026-08-08 04:41:00,success,,True,False
TXN_006488,CUST_01930,MER_0048,1600.19,INR,Card,YES,2026-07-31 09:30:00,success,,True,False
TXN_006489,CUST_00639,MER_0027,2447.61,INR,Card,YES,2026-08-21 00:30:00,success,,True,False
TXN_006490,CUST_00961,MER_0041,2088.64,INR,NetBanking,KOTAK,2026-07-27 17:12:00,success,,True,False
TXN_006491,CUST_00003,MER_0012,6754.35,INR,UPI,KOTAK,2026-08-26 10:36:00,success,,True,True
TXN_006492,CUST_00355,MER_0012,2904.23,INR,Card,AXIS,2026-07-19 10:59:00,success,,True,False
TXN_006493,CUST_00187,MER_0009,4836.39,INR,UPI,HDFC,2026-08-06 11:51:00,success,,True,False
TXN_006494,CUST_00969,MER_0040,2459.02,INR,Card,SBI,2026-07-08 07:45:00,success,,True,False
TXN_006495,CUST_00599,MER_0031,5681.84,INR,UPI,HDFC,2026-07-08 18:30:00,success,,True,False
TXN_006496,CUST_00666,MER_0003,3354.38,INR,Card,HDFC,2026-08-21 08:43:00,success,,True,False
TXN_006497,CUST_01166,MER_0012,2466.95,INR,Wallet,HDFC,2026-08-13 20:11:00,success,,True,True
TXN_006498,CUST_01332,MER_0010,2414.8,INR,UPI,KOTAK,2026-07-09 23:18:00,success,,True,False
TXN_006499,CUST_00452,MER_0047,1137.34,INR,UPI,AXIS,2026-07-08 21:48:00,success,,True,False
TXN_006500,CUST_00687,MER_0024,3661.15,INR,UPI,HDFC,2026-07-12 18:31:00,success,,True,False
TXN_006501,CUST_00066,MER_0008,2363.35,INR,UPI,YES,2026-08-22 23:00:00,success,,True,False
TXN_006502,CUST_01285,MER_0041,1633.38,INR,NetBanking,AXIS,2026-07-24 14:27:00,success,,True,False
TXN_006503,CUST_00421,MER_0022,5914.54,INR,UPI,KOTAK,2026-07-14 16:01:00,failed,network_error,True,True
TXN_006504,CUST_01002,MER_0033,1740.63,INR,UPI,YES,2026-07-09 00:15:00,success,,True,False
TXN_006505,CUST_01405,MER_0024,5553.45,INR,Card,ICICI,2026-08-19 21:03:00,success,,True,False
TXN_006506,CUST_01378,MER_0043,3141.38,INR,UPI,KOTAK,2026-08-20 23:16:00,success,,True,False
TXN_006507,CUST_00611,MER_0017,2348.92,INR,UPI,SBI,2026-07-03 12:29:00,success,,True,False
TXN_006508,CUST_01498,MER_0015,2983.35,INR,NetBanking,SBI,2026-08-08 02:09:00,success,,True,False
TXN_006509,CUST_01814,MER_0040,2817.29,INR,Card,KOTAK,2026-07-21 12:13:00,failed,authentication_failure,True,False
TXN_006510,CUST_01081,MER_0023,1845.66,INR,Card,SBI,2026-07-21 09:43:00,failed,bank_declined,True,False
TXN_006511,CUST_01016,MER_0037,1440.2,INR,UPI,KOTAK,2026-08-02 22:25:00,success,,True,False
TXN_006512,CUST_00561,MER_0029,1891.94,INR,UPI,YES,2026-07-24 23:04:00,success,,True,False
TXN_006513,CUST_01175,MER_0041,1582.41,INR,UPI,ICICI,2026-07-10 07:02:00,failed,bank_declined,True,False
TXN_006514,CUST_01725,MER_0009,1530.73,INR,Card,SBI,2026-08-11 04:04:00,success,,True,False
TXN_006515,CUST_01302,MER_0023,3602.54,INR,Card,YES,2026-08-24 16:08:00,failed,expired_card,True,False
TXN_006516,CUST_01135,MER_0016,4531.64,INR,Wallet,KOTAK,2026-07-28 22:47:00,success,,True,True
TXN_006517,CUST_00840,MER_0033,1052.84,INR,UPI,HDFC,2026-08-13 15:34:00,success,,True,False
TXN_006518,CUST_00274,MER_0002,1858.88,INR,UPI,HDFC,2026-08-04 21:23:00,success,,True,False
TXN_006519,CUST_00193,MER_0012,2037.38,INR,UPI,KOTAK,2026-08-10 16:00:00,success,,True,True
TXN_006520,CUST_00188,MER_0030,3514.03,INR,UPI,AXIS,2026-07-04 00:21:00,failed,bank_timeout,True,False
TXN_006521,CUST_01960,MER_0002,5077.24,INR,NetBanking,SBI,2026-07-06 16:16:00,failed,network_error,True,False
TXN_006522,CUST_00171,MER_0039,1106.44,INR,UPI,AXIS,2026-07-18 22:33:00,success,,True,True
TXN_006523,CUST_00233,MER_0031,1647.97,INR,Card,HDFC,2026-08-10 05:55:00,success,,True,False
TXN_006524,CUST_00209,MER_0027,1594.72,INR,UPI,SBI,2026-08-24 11:12:00,success,,True,True
TXN_006525,CUST_00823,MER_0017,20048.49,INR,Card,ICICI,2026-07-29 19:07:00,success,,True,False
TXN_006526,CUST_01710,MER_0008,1730.35,INR,UPI,HDFC,2026-07-08 07:49:00,success,,True,False
TXN_006527,CUST_00462,MER_0015,9340.36,INR,Card,ICICI,2026-07-08 02:32:00,success,,True,False
TXN_006528,CUST_01613,MER_0041,885.98,INR,Card,HDFC,2026-07-23 04:20:00,failed,bank_declined,False,False
TXN_006529,CUST_01510,MER_0005,1409.11,INR,NetBanking,ICICI,2026-08-01 13:05:00,success,,True,False
TXN_006530,CUST_01761,MER_0036,1240.72,INR,NetBanking,AXIS,2026-08-18 00:20:00,success,,True,False
TXN_006531,CUST_01287,MER_0004,1969.79,INR,Card,SBI,2026-07-02 12:06:00,failed,expired_card,True,False
TXN_006532,CUST_01894,MER_0018,1267.15,INR,UPI,KOTAK,2026-07-02 09:19:00,failed,network_error,True,False
TXN_006533,CUST_01840,MER_0019,6496.6,INR,UPI,SBI,2026-08-12 12:13:00,failed,bank_timeout,True,True
TXN_006534,CUST_01219,MER_0009,3711.53,INR,NetBanking,AXIS,2026-07-24 18:24:00,success,,True,False
TXN_006535,CUST_00130,MER_0012,2628.57,INR,UPI,KOTAK,2026-07-14 22:11:00,success,,True,False
TXN_006536,CUST_01661,MER_0035,1639.88,INR,UPI,HDFC,2026-08-15 13:58:00,success,,True,False
TXN_006537,CUST_01695,MER_0021,1138.51,INR,Card,KOTAK,2026-08-10 09:20:00,success,,True,False
TXN_006538,CUST_00963,MER_0014,3262.98,INR,NetBanking,KOTAK,2026-07-24 16:46:00,success,,True,False
TXN_006539,CUST_01042,MER_0037,954.41,INR,UPI,YES,2026-07-16 20:17:00,success,,True,False
TXN_006540,CUST_00482,MER_0042,1101.98,INR,Card,KOTAK,2026-07-17 21:03:00,failed,expired_card,True,False
TXN_006541,CUST_01360,MER_0042,11164.78,INR,Card,YES,2026-08-21 05:45:00,success,,True,False
TXN_006542,CUST_00443,MER_0031,3343.04,INR,UPI,SBI,2026-08-11 13:10:00,success,,True,False
TXN_006543,CUST_01138,MER_0042,5914.52,INR,Wallet,ICICI,2026-08-05 14:24:00,failed,bank_timeout,True,False
TXN_006544,CUST_00795,MER_0035,837.03,INR,Card,KOTAK,2026-07-07 23:43:00,success,,True,False
TXN_006545,CUST_01135,MER_0004,3982.79,INR,UPI,HDFC,2026-07-19 15:40:00,failed,bank_declined,True,False
TXN_006546,CUST_01618,MER_0044,2584.62,INR,UPI,AXIS,2026-07-31 04:34:00,failed,bank_declined,True,False
TXN_006547,CUST_00384,MER_0044,5269.91,INR,Card,ICICI,2026-07-26 12:04:00,success,,True,False
TXN_006548,CUST_00460,MER_0009,1109.22,INR,UPI,SBI,2026-07-23 03:01:00,success,,True,False
TXN_006549,CUST_01728,MER_0001,1314.19,INR,NetBanking,HDFC,2026-08-04 17:29:00,success,,True,False
TXN_006550,CUST_00142,MER_0031,1089.54,INR,Card,SBI,2026-08-17 03:38:00,success,,True,False
TXN_006551,CUST_01768,MER_0011,2612.28,INR,UPI,KOTAK,2026-07-24 11:07:00,success,,True,False
TXN_006552,CUST_00329,MER_0047,1022.17,INR,Card,HDFC,2026-08-23 09:31:00,success,,True,False
TXN_006553,CUST_01484,MER_0036,1411.78,INR,UPI,HDFC,2026-08-16 16:48:00,failed,network_error,False,False
TXN_006554,CUST_00082,MER_0016,1981.31,INR,UPI,HDFC,2026-08-20 05:48:00,success,,True,False
TXN_006555,CUST_01508,MER_0013,742.56,INR,Card,YES,2026-07-21 19:48:00,failed,insufficient_funds,True,True
TXN_006556,CUST_00706,MER_0032,6619.95,INR,UPI,AXIS,2026-08-25 16:08:00,failed,network_error,True,False
TXN_006557,CUST_00258,MER_0048,8375.42,INR,Card,AXIS,2026-07-25 23:16:00,failed,bank_declined,True,False
TXN_006558,CUST_01399,MER_0045,4546.84,INR,UPI,AXIS,2026-07-27 20:14:00,success,,True,False
TXN_006559,CUST_01810,MER_0016,2590.87,INR,UPI,SBI,2026-08-26 09:15:00,success,,True,False
TXN_006560,CUST_00294,MER_0032,2484.93,INR,Card,ICICI,2026-08-05 21:38:00,success,,True,False
TXN_006561,CUST_01361,MER_0032,4496.43,INR,NetBanking,ICICI,2026-08-05 00:58:00,success,,True,True
TXN_006562,CUST_00217,MER_0008,1784.09,INR,UPI,YES,2026-08-22 14:52:00,failed,network_error,False,False
TXN_006563,CUST_01658,MER_0004,3617.73,INR,Card,SBI,2026-07-11 13:33:00,success,,True,False
TXN_006564,CUST_00172,MER_0019,987.47,INR,UPI,HDFC,2026-08-10 22:20:00,success,,True,False
TXN_006565,CUST_00635,MER_0033,1130.35,INR,Card,SBI,2026-08-02 20:39:00,success,,True,False
TXN_006566,CUST_00527,MER_0005,2441.04,INR,Card,YES,2026-08-22 07:49:00,failed,authentication_failure,True,True
TXN_006567,CUST_00490,MER_0050,788.66,INR,UPI,SBI,2026-08-25 11:56:00,success,,True,False
TXN_006568,CUST_01045,MER_0011,2786.09,INR,UPI,SBI,2026-08-13 22:09:00,failed,authentication_failure,True,False
TXN_006569,CUST_01432,MER_0007,989.63,INR,UPI,HDFC,2026-07-04 07:32:00,failed,network_error,True,False
TXN_006570,CUST_01759,MER_0044,700.55,INR,UPI,SBI,2026-08-25 23:00:00,success,,True,True
TXN_006571,CUST_00602,MER_0035,13277.94,INR,Card,AXIS,2026-08-07 00:13:00,success,,True,False
TXN_006572,CUST_00512,MER_0038,1756.35,INR,UPI,AXIS,2026-07-04 17:05:00,success,,True,False
TXN_006573,CUST_01551,MER_0010,2742.14,INR,UPI,HDFC,2026-07-31 11:14:00,failed,authentication_failure,True,False
TXN_006574,CUST_00213,MER_0026,2322.25,INR,Wallet,ICICI,2026-07-18 21:08:00,success,,True,False
TXN_006575,CUST_01535,MER_0028,2930.08,INR,Wallet,HDFC,2026-08-17 11:05:00,success,,True,True
TXN_006576,CUST_00653,MER_0036,2278.04,INR,UPI,SBI,2026-08-06 02:18:00,success,,True,False
TXN_006577,CUST_01023,MER_0005,1555.47,INR,UPI,AXIS,2026-08-20 19:57:00,failed,bank_timeout,True,False
TXN_006578,CUST_01526,MER_0031,6029.51,INR,UPI,KOTAK,2026-07-28 17:14:00,failed,bank_declined,True,False
TXN_006579,CUST_00617,MER_0017,8371.61,INR,UPI,ICICI,2026-07-15 04:34:00,success,,True,False
TXN_006580,CUST_01145,MER_0038,1601.69,INR,Card,ICICI,2026-07-17 18:55:00,success,,True,False
TXN_006581,CUST_01655,MER_0003,1723.59,INR,UPI,ICICI,2026-08-26 13:06:00,success,,True,False
TXN_006582,CUST_01778,MER_0026,4686.66,INR,Card,YES,2026-07-22 08:23:00,success,,True,False
TXN_006583,CUST_00056,MER_0044,666.22,INR,UPI,SBI,2026-08-05 02:44:00,success,,True,False
TXN_006584,CUST_00979,MER_0011,924.48,INR,NetBanking,HDFC,2026-07-18 14:37:00,success,,True,True
TXN_006585,CUST_00027,MER_0003,5872.22,INR,UPI,YES,2026-08-14 02:13:00,success,,True,False
TXN_006586,CUST_00488,MER_0005,955.71,INR,Card,HDFC,2026-08-03 20:54:00,failed,authentication_failure,True,False
TXN_006587,CUST_01967,MER_0023,10881.53,INR,UPI,HDFC,2026-08-05 02:26:00,success,,True,False
TXN_006588,CUST_01447,MER_0004,800.27,INR,Wallet,AXIS,2026-07-20 06:55:00,success,,True,True
TXN_006589,CUST_01794,MER_0005,2827.92,INR,UPI,YES,2026-08-12 13:12:00,success,,True,False
TXN_006590,CUST_01597,MER_0034,2579.29,INR,Wallet,YES,2026-07-06 04:27:00,success,,True,False
TXN_006591,CUST_00266,MER_0011,257.62,INR,UPI,HDFC,2026-08-20 22:16:00,success,,True,False
TXN_006592,CUST_01121,MER_0014,1970.7,INR,Card,ICICI,2026-07-02 01:32:00,success,,True,True
TXN_006593,CUST_00324,MER_0042,3493.75,INR,UPI,KOTAK,2026-08-07 15:09:00,success,,True,False
TXN_006594,CUST_00527,MER_0030,3240.39,INR,UPI,YES,2026-07-30 12:32:00,success,,True,False
TXN_006595,CUST_01217,MER_0041,5028.2,INR,NetBanking,YES,2026-07-07 00:44:00,success,,True,False
TXN_006596,CUST_00249,MER_0009,1790.06,INR,UPI,ICICI,2026-08-19 11:31:00,success,,True,False
TXN_006597,CUST_01679,MER_0013,4315.65,INR,UPI,SBI,2026-08-07 10:12:00,success,,True,True
TXN_006598,CUST_01658,MER_0002,1406.05,INR,Wallet,KOTAK,2026-08-25 08:41:00,success,,True,False
TXN_006599,CUST_01844,MER_0009,789.68,INR,NetBanking,SBI,2026-07-19 21:13:00,success,,True,False
TXN_006600,CUST_01130,MER_0033,864.21,INR,UPI,HDFC,2026-07-17 03:06:00,success,,True,False
TXN_006601,CUST_00827,MER_0013,757.72,INR,UPI,SBI,2026-08-03 14:43:00,success,,True,False
TXN_006602,CUST_00616,MER_0013,5473.47,INR,Wallet,ICICI,2026-07-01 11:52:00,success,,True,False
TXN_006603,CUST_01424,MER_0015,726.57,INR,UPI,HDFC,2026-08-12 22:23:00,success,,True,False
TXN_006604,CUST_00028,MER_0014,3038.84,INR,Card,AXIS,2026-07-31 23:29:00,success,,True,False
TXN_006605,CUST_01953,MER_0008,1972.9,INR,Wallet,YES,2026-08-25 12:38:00,success,,True,True
TXN_006606,CUST_01824,MER_0010,2248.19,INR,UPI,HDFC,2026-07-05 03:32:00,success,,True,True
TXN_006607,CUST_01739,MER_0036,7265.45,INR,UPI,YES,2026-07-04 17:19:00,success,,True,False
TXN_006608,CUST_01050,MER_0015,1718.59,INR,UPI,KOTAK,2026-08-11 02:09:00,failed,bank_declined,True,False
TXN_006609,CUST_01676,MER_0011,2515.06,INR,UPI,KOTAK,2026-07-10 19:10:00,success,,True,False
TXN_006610,CUST_00733,MER_0047,2161.13,INR,Card,HDFC,2026-08-04 04:04:00,failed,insufficient_funds,True,False
TXN_006611,CUST_01577,MER_0024,770.41,INR,Card,KOTAK,2026-07-01 12:22:00,success,,True,False
TXN_006612,CUST_01686,MER_0029,6845.22,INR,UPI,KOTAK,2026-07-28 17:04:00,failed,network_error,True,True
TXN_006613,CUST_01984,MER_0023,1663.0,INR,Wallet,KOTAK,2026-08-16 21:37:00,success,,True,False
TXN_006614,CUST_00638,MER_0002,8986.29,INR,Card,KOTAK,2026-07-12 23:25:00,success,,True,True
TXN_006615,CUST_01664,MER_0037,556.41,INR,UPI,AXIS,2026-07-24 08:43:00,success,,True,False
TXN_006616,CUST_00609,MER_0010,1607.74,INR,Wallet,YES,2026-07-17 18:55:00,success,,True,True
TXN_006617,CUST_01219,MER_0030,928.17,INR,UPI,KOTAK,2026-08-05 07:04:00,success,,True,True
TXN_006618,CUST_01582,MER_0039,3393.67,INR,Card,SBI,2026-08-09 13:22:00,success,,True,False
TXN_006619,CUST_01721,MER_0044,1001.8,INR,Card,HDFC,2026-07-18 01:50:00,success,,True,False
TXN_006620,CUST_00540,MER_0017,3451.11,INR,NetBanking,SBI,2026-07-21 08:14:00,success,,True,False
TXN_006621,CUST_01868,MER_0013,2102.43,INR,Card,ICICI,2026-07-27 06:29:00,failed,insufficient_funds,True,False
TXN_006622,CUST_01693,MER_0027,3330.63,INR,NetBanking,YES,2026-07-19 10:26:00,success,,True,False
TXN_006623,CUST_00132,MER_0043,1968.65,INR,UPI,KOTAK,2026-07-04 17:54:00,success,,True,False
TXN_006624,CUST_00358,MER_0023,1021.57,INR,UPI,HDFC,2026-07-31 01:28:00,success,,True,True
TXN_006625,CUST_01341,MER_0001,22950.58,INR,Wallet,ICICI,2026-08-12 07:18:00,success,,True,False
TXN_006626,CUST_00171,MER_0038,1652.87,INR,UPI,AXIS,2026-07-23 17:47:00,success,,True,False
TXN_006627,CUST_00583,MER_0049,414.02,INR,Card,SBI,2026-07-02 20:19:00,success,,True,False
TXN_006628,CUST_01724,MER_0002,1244.29,INR,NetBanking,SBI,2026-08-04 17:32:00,success,,True,False
TXN_006629,CUST_00554,MER_0045,885.52,INR,Card,AXIS,2026-08-16 02:15:00,success,,True,False
TXN_006630,CUST_01932,MER_0029,4726.39,INR,Card,AXIS,2026-07-26 17:51:00,success,,True,False
TXN_006631,CUST_01308,MER_0028,3156.83,INR,Card,YES,2026-07-01 21:41:00,failed,expired_card,True,False
TXN_006632,CUST_01781,MER_0028,1815.26,INR,UPI,SBI,2026-07-14 06:39:00,failed,bank_timeout,True,False
TXN_006633,CUST_01599,MER_0013,1813.94,INR,UPI,SBI,2026-08-25 07:45:00,success,,True,False
TXN_006634,CUST_00239,MER_0047,2287.11,INR,UPI,YES,2026-08-01 23:52:00,failed,authentication_failure,True,True
TXN_006635,CUST_01018,MER_0044,3193.46,INR,UPI,SBI,2026-08-17 17:46:00,success,,True,False
TXN_006636,CUST_00081,MER_0025,3641.28,INR,UPI,ICICI,2026-07-14 02:51:00,failed,bank_declined,True,False
TXN_006637,CUST_01515,MER_0019,4952.04,INR,UPI,HDFC,2026-07-24 09:54:00,failed,bank_declined,True,False
TXN_006638,CUST_01022,MER_0015,3252.17,INR,Card,HDFC,2026-07-06 17:23:00,success,,True,False
TXN_006639,CUST_00396,MER_0046,6317.29,INR,UPI,SBI,2026-07-07 18:45:00,success,,True,False
TXN_006640,CUST_01769,MER_0009,1433.63,INR,UPI,YES,2026-07-23 03:31:00,success,,True,False
TXN_006641,CUST_00782,MER_0018,1230.78,INR,Card,YES,2026-08-04 19:07:00,success,,True,False
TXN_006642,CUST_00320,MER_0015,945.07,INR,UPI,KOTAK,2026-07-17 14:45:00,failed,network_error,True,False
TXN_006643,CUST_01867,MER_0015,553.92,INR,NetBanking,SBI,2026-07-22 15:43:00,failed,bank_declined,False,False
TXN_006644,CUST_00218,MER_0045,2236.45,INR,Card,KOTAK,2026-08-04 00:52:00,success,,True,True
TXN_006645,CUST_01028,MER_0028,6049.38,INR,UPI,HDFC,2026-08-13 04:56:00,success,,True,False
TXN_006646,CUST_01437,MER_0049,1425.77,INR,UPI,ICICI,2026-07-29 08:22:00,success,,True,False
TXN_006647,CUST_00574,MER_0043,2074.23,INR,Card,HDFC,2026-07-18 23:08:00,failed,bank_declined,True,False
TXN_006648,CUST_00947,MER_0010,7379.85,INR,UPI,KOTAK,2026-08-18 01:06:00,success,,True,True
TXN_006649,CUST_01692,MER_0030,1416.41,INR,UPI,SBI,2026-07-17 17:06:00,failed,bank_declined,True,True
TXN_006650,CUST_00702,MER_0034,3088.79,INR,UPI,AXIS,2026-08-15 00:09:00,failed,network_error,True,False
TXN_006651,CUST_00402,MER_0032,1978.19,INR,Wallet,YES,2026-07-13 13:15:00,success,,True,True
TXN_006652,CUST_00395,MER_0046,6802.92,INR,NetBanking,AXIS,2026-08-07 17:43:00,success,,True,False
TXN_006653,CUST_00373,MER_0032,538.2,INR,Card,KOTAK,2026-08-08 21:28:00,failed,authentication_failure,True,False
TXN_006654,CUST_01755,MER_0001,3492.4,INR,UPI,ICICI,2026-07-26 04:26:00,failed,network_error,True,False
TXN_006655,CUST_00249,MER_0021,7202.67,INR,UPI,ICICI,2026-08-16 06:04:00,failed,bank_declined,True,True
TXN_006656,CUST_01354,MER_0034,1942.18,INR,NetBanking,SBI,2026-08-02 18:58:00,success,,True,False
TXN_006657,CUST_01247,MER_0024,6904.28,INR,Card,SBI,2026-07-31 09:47:00,failed,authentication_failure,True,False
TXN_006658,CUST_00403,MER_0007,5139.49,INR,Wallet,ICICI,2026-08-24 09:42:00,failed,network_error,True,False
TXN_006659,CUST_00056,MER_0043,6450.77,INR,UPI,ICICI,2026-08-04 18:50:00,success,,True,False
TXN_006660,CUST_01768,MER_0048,2656.11,INR,Card,AXIS,2026-08-08 14:18:00,success,,True,False
TXN_006661,CUST_01682,MER_0022,1871.65,INR,UPI,AXIS,2026-07-21 03:43:00,failed,bank_timeout,True,True
TXN_006662,CUST_01438,MER_0025,3128.88,INR,UPI,ICICI,2026-07-10 09:11:00,success,,True,True
TXN_006663,CUST_00991,MER_0042,1000.07,INR,Wallet,YES,2026-07-06 08:04:00,success,,True,False
TXN_006664,CUST_01715,MER_0030,1294.0,INR,Card,HDFC,2026-07-04 13:15:00,success,,True,True
TXN_006665,CUST_01966,MER_0027,941.43,INR,UPI,ICICI,2026-08-06 07:52:00,success,,True,False
TXN_006666,CUST_01642,MER_0024,1688.65,INR,UPI,YES,2026-08-07 06:26:00,failed,authentication_failure,True,True
TXN_006667,CUST_00780,MER_0018,3037.81,INR,Card,YES,2026-08-07 04:08:00,failed,bank_declined,True,True
TXN_006668,CUST_00865,MER_0013,5741.22,INR,UPI,HDFC,2026-08-21 13:02:00,failed,bank_timeout,True,False
TXN_006669,CUST_01496,MER_0043,1299.61,INR,Card,ICICI,2026-08-17 19:41:00,success,,True,True
TXN_006670,CUST_00379,MER_0016,2924.95,INR,UPI,YES,2026-07-11 04:07:00,failed,network_error,True,False
TXN_006671,CUST_01027,MER_0012,3191.12,INR,UPI,SBI,2026-07-03 05:52:00,failed,bank_declined,True,False
TXN_006672,CUST_01964,MER_0038,719.12,INR,UPI,YES,2026-07-10 03:08:00,failed,bank_declined,True,False
TXN_006673,CUST_00991,MER_0042,2945.23,INR,NetBanking,YES,2026-07-21 04:06:00,success,,True,False
TXN_006674,CUST_00622,MER_0045,1789.94,INR,Card,KOTAK,2026-08-24 19:29:00,success,,True,False
TXN_006675,CUST_01185,MER_0006,644.0,INR,UPI,ICICI,2026-07-02 22:41:00,failed,bank_declined,True,False
TXN_006676,CUST_00659,MER_0047,7813.68,INR,UPI,AXIS,2026-08-14 15:13:00,success,,True,True
TXN_006677,CUST_00384,MER_0008,7686.35,INR,Wallet,HDFC,2026-07-20 23:00:00,success,,True,False
TXN_006678,CUST_00920,MER_0009,1200.73,INR,NetBanking,AXIS,2026-07-17 22:40:00,success,,True,False
TXN_006679,CUST_00494,MER_0041,4180.58,INR,UPI,HDFC,2026-08-09 18:40:00,failed,bank_timeout,True,False
TXN_006680,CUST_01335,MER_0030,7505.96,INR,UPI,YES,2026-08-16 23:59:00,failed,bank_declined,True,False
TXN_006681,CUST_00514,MER_0049,5217.18,INR,UPI,HDFC,2026-07-10 15:50:00,success,,True,False
TXN_006682,CUST_01686,MER_0020,618.89,INR,NetBanking,YES,2026-07-02 03:18:00,failed,bank_timeout,True,True
TXN_006683,CUST_00182,MER_0043,2425.66,INR,UPI,AXIS,2026-08-05 14:31:00,success,,True,False
TXN_006684,CUST_01607,MER_0028,4824.89,INR,NetBanking,KOTAK,2026-07-12 02:04:00,success,,True,False
TXN_006685,CUST_00718,MER_0045,5074.05,INR,UPI,YES,2026-07-23 09:51:00,failed,bank_timeout,True,True
TXN_006686,CUST_00964,MER_0021,1509.2,INR,Card,YES,2026-08-11 04:26:00,failed,bank_declined,True,True
TXN_006687,CUST_00958,MER_0040,2325.93,INR,Card,YES,2026-07-29 18:44:00,failed,network_error,False,False
TXN_006688,CUST_01031,MER_0038,1168.97,INR,UPI,AXIS,2026-08-06 17:31:00,failed,bank_declined,True,False
TXN_006689,CUST_00668,MER_0040,1622.57,INR,Card,AXIS,2026-08-08 15:29:00,success,,True,False
TXN_006690,CUST_01264,MER_0008,5896.73,INR,UPI,YES,2026-07-12 01:42:00,success,,True,False
TXN_006691,CUST_00326,MER_0042,2813.72,INR,UPI,SBI,2026-07-22 20:58:00,success,,True,False
TXN_006692,CUST_00333,MER_0017,1597.49,INR,UPI,KOTAK,2026-08-21 12:13:00,success,,True,False
TXN_006693,CUST_01896,MER_0024,4646.57,INR,UPI,AXIS,2026-08-17 08:46:00,success,,True,False
TXN_006694,CUST_00361,MER_0023,1253.91,INR,Wallet,SBI,2026-08-26 10:07:00,success,,True,False
TXN_006695,CUST_01013,MER_0043,2634.06,INR,UPI,YES,2026-08-14 19:13:00,success,,True,False
TXN_006696,CUST_00572,MER_0044,2113.91,INR,UPI,SBI,2026-07-18 10:55:00,success,,True,False
TXN_006697,CUST_00470,MER_0012,4551.92,INR,Card,ICICI,2026-07-05 03:20:00,success,,True,False
TXN_006698,CUST_01609,MER_0019,691.05,INR,Wallet,KOTAK,2026-07-19 09:12:00,success,,True,True
TXN_006699,CUST_01532,MER_0016,1236.25,INR,UPI,YES,2026-08-06 11:26:00,success,,True,False
TXN_006700,CUST_00753,MER_0019,658.13,INR,UPI,KOTAK,2026-08-22 14:00:00,success,,True,True
TXN_006701,CUST_01016,MER_0040,1982.91,INR,NetBanking,YES,2026-07-22 00:47:00,success,,True,False
TXN_006702,CUST_00426,MER_0029,6432.65,INR,Card,YES,2026-07-25 09:43:00,failed,insufficient_funds,True,False
TXN_006703,CUST_00853,MER_0037,1622.06,INR,Card,SBI,2026-07-07 05:36:00,failed,network_error,True,False
TXN_006704,CUST_01225,MER_0028,5737.85,INR,Wallet,AXIS,2026-07-24 12:35:00,success,,True,False
TXN_006705,CUST_00987,MER_0015,2273.65,INR,UPI,YES,2026-07-19 23:10:00,success,,True,False
TXN_006706,CUST_00401,MER_0003,4220.77,INR,UPI,AXIS,2026-08-22 10:04:00,failed,bank_declined,True,False
TXN_006707,CUST_00018,MER_0025,7349.44,INR,Wallet,AXIS,2026-07-14 11:36:00,success,,True,False
TXN_006708,CUST_00897,MER_0033,13615.51,INR,UPI,YES,2026-08-23 21:00:00,success,,True,True
TXN_006709,CUST_00857,MER_0031,3703.27,INR,NetBanking,SBI,2026-08-14 03:27:00,success,,True,True
TXN_006710,CUST_01588,MER_0028,460.6,INR,Wallet,SBI,2026-07-27 23:27:00,success,,True,False
TXN_006711,CUST_01212,MER_0026,1561.52,INR,UPI,AXIS,2026-07-14 08:18:00,success,,True,False
TXN_006712,CUST_01273,MER_0008,3984.87,INR,UPI,HDFC,2026-07-04 14:25:00,success,,True,False
TXN_006713,CUST_00929,MER_0025,1742.04,INR,Card,KOTAK,2026-08-26 06:16:00,failed,expired_card,True,True
TXN_006714,CUST_00933,MER_0033,3907.0,INR,NetBanking,HDFC,2026-07-23 14:11:00,failed,network_error,False,False
TXN_006715,CUST_00509,MER_0045,2504.42,INR,UPI,YES,2026-07-04 03:57:00,failed,network_error,True,False
TXN_006716,CUST_01107,MER_0022,2108.92,INR,UPI,SBI,2026-08-05 23:35:00,success,,True,True
TXN_006717,CUST_01198,MER_0048,1566.07,INR,NetBanking,YES,2026-07-24 10:33:00,success,,True,False
TXN_006718,CUST_01582,MER_0041,6246.71,INR,UPI,YES,2026-07-26 03:43:00,success,,True,False
TXN_006719,CUST_00904,MER_0036,13264.01,INR,Card,AXIS,2026-07-25 00:12:00,success,,True,False
TXN_006720,CUST_01386,MER_0029,776.7,INR,NetBanking,SBI,2026-07-28 00:52:00,failed,network_error,False,False
TXN_006721,CUST_00783,MER_0007,2005.93,INR,NetBanking,YES,2026-07-10 02:58:00,success,,True,False
TXN_006722,CUST_00305,MER_0022,724.34,INR,Wallet,AXIS,2026-07-30 07:54:00,success,,True,True
TXN_006723,CUST_00498,MER_0044,2532.52,INR,Card,HDFC,2026-08-01 05:25:00,success,,True,False
TXN_006724,CUST_01952,MER_0043,4443.28,INR,UPI,SBI,2026-08-15 15:13:00,success,,True,False
TXN_006725,CUST_01879,MER_0045,8065.2,INR,UPI,SBI,2026-08-14 16:01:00,success,,True,False
TXN_006726,CUST_00722,MER_0011,2867.27,INR,UPI,HDFC,2026-08-15 22:30:00,success,,True,True
TXN_006727,CUST_00374,MER_0017,2091.16,INR,NetBanking,KOTAK,2026-08-15 08:42:00,success,,True,False
TXN_006728,CUST_00462,MER_0012,501.34,INR,UPI,SBI,2026-08-08 02:58:00,success,,True,False
TXN_006729,CUST_00988,MER_0012,2492.27,INR,UPI,SBI,2026-08-21 17:55:00,success,,True,True
TXN_006730,CUST_00026,MER_0022,2583.83,INR,NetBanking,AXIS,2026-08-02 02:25:00,success,,True,False
TXN_006731,CUST_01696,MER_0041,4069.05,INR,Card,AXIS,2026-07-01 07:32:00,success,,True,False
TXN_006732,CUST_01408,MER_0026,1384.66,INR,Card,AXIS,2026-07-01 11:36:00,failed,insufficient_funds,False,False
TXN_006733,CUST_01594,MER_0035,748.15,INR,Card,HDFC,2026-07-26 19:24:00,success,,True,True
TXN_006734,CUST_01828,MER_0036,390.32,INR,Wallet,SBI,2026-07-27 19:31:00,failed,bank_timeout,True,False
TXN_006735,CUST_00135,MER_0045,694.88,INR,Card,HDFC,2026-07-17 01:52:00,success,,True,False
TXN_006736,CUST_01817,MER_0025,3195.09,INR,UPI,AXIS,2026-08-10 21:55:00,success,,True,True
TXN_006737,CUST_01507,MER_0001,1612.42,INR,UPI,SBI,2026-07-19 17:57:00,success,,True,False
TXN_006738,CUST_00358,MER_0006,1586.7,INR,Card,HDFC,2026-07-19 17:34:00,success,,True,False
TXN_006739,CUST_01893,MER_0001,1110.39,INR,UPI,YES,2026-07-31 08:56:00,success,,True,False
TXN_006740,CUST_00351,MER_0046,183.82,INR,Card,SBI,2026-08-03 08:38:00,success,,True,False
TXN_006741,CUST_01504,MER_0020,8157.14,INR,Card,ICICI,2026-08-02 15:41:00,failed,insufficient_funds,True,False
TXN_006742,CUST_00329,MER_0049,1754.72,INR,NetBanking,SBI,2026-08-13 09:10:00,success,,True,False
TXN_006743,CUST_00239,MER_0048,762.11,INR,NetBanking,KOTAK,2026-07-02 11:40:00,success,,True,False
TXN_006744,CUST_01311,MER_0013,5311.05,INR,Card,HDFC,2026-08-07 20:29:00,success,,True,False
TXN_006745,CUST_01830,MER_0018,2737.34,INR,Card,YES,2026-07-29 21:50:00,success,,True,False
TXN_006746,CUST_00347,MER_0047,1260.05,INR,Card,AXIS,2026-07-15 14:49:00,failed,insufficient_funds,True,False
TXN_006747,CUST_01120,MER_0015,9344.51,INR,NetBanking,AXIS,2026-07-16 06:43:00,success,,True,True
TXN_006748,CUST_00972,MER_0036,2302.21,INR,NetBanking,AXIS,2026-08-05 21:28:00,failed,network_error,True,False
TXN_006749,CUST_00665,MER_0046,1149.28,INR,UPI,ICICI,2026-07-08 14:37:00,failed,bank_timeout,True,False
TXN_006750,CUST_00281,MER_0029,2147.31,INR,UPI,ICICI,2026-07-02 11:00:00,success,,True,False
TXN_006751,CUST_00512,MER_0005,3166.52,INR,UPI,KOTAK,2026-07-28 00:05:00,success,,True,True
TXN_006752,CUST_00035,MER_0029,5882.09,INR,Card,YES,2026-08-12 17:26:00,success,,True,True
TXN_006753,CUST_01879,MER_0024,403.91,INR,UPI,YES,2026-07-21 07:57:00,success,,True,False
TXN_006754,CUST_01587,MER_0031,992.2,INR,UPI,KOTAK,2026-08-14 01:53:00,success,,True,True
TXN_006755,CUST_01843,MER_0037,1533.65,INR,UPI,KOTAK,2026-08-06 14:53:00,success,,True,False
TXN_006756,CUST_01650,MER_0021,2433.82,INR,Wallet,KOTAK,2026-08-19 07:42:00,failed,insufficient_funds,False,False
TXN_006757,CUST_01559,MER_0042,2214.21,INR,Card,AXIS,2026-07-14 08:23:00,success,,True,False
TXN_006758,CUST_00587,MER_0002,3382.86,INR,Card,YES,2026-07-06 08:16:00,success,,True,False
TXN_006759,CUST_00110,MER_0013,1184.84,INR,UPI,AXIS,2026-08-01 05:26:00,success,,True,False
TXN_006760,CUST_00353,MER_0003,5152.89,INR,Card,AXIS,2026-08-08 01:26:00,failed,authentication_failure,True,False
TXN_006761,CUST_00928,MER_0022,1889.63,INR,Card,YES,2026-07-01 09:22:00,failed,network_error,True,False
TXN_006762,CUST_00283,MER_0015,8477.18,INR,Card,HDFC,2026-08-22 02:13:00,success,,True,False
TXN_006763,CUST_01186,MER_0025,5147.76,INR,UPI,SBI,2026-08-03 15:24:00,failed,authentication_failure,True,False
TXN_006764,CUST_00069,MER_0026,8631.35,INR,Card,KOTAK,2026-07-14 01:51:00,success,,True,False
TXN_006765,CUST_01654,MER_0031,4609.19,INR,UPI,KOTAK,2026-07-29 16:51:00,failed,network_error,False,False
TXN_006766,CUST_01342,MER_0044,6568.05,INR,UPI,SBI,2026-07-18 11:30:00,success,,True,False
TXN_006767,CUST_01489,MER_0016,8627.19,INR,UPI,KOTAK,2026-08-04 16:21:00,success,,True,True
TXN_006768,CUST_00357,MER_0038,4929.16,INR,UPI,KOTAK,2026-07-03 11:53:00,success,,True,False
TXN_006769,CUST_00802,MER_0038,7179.28,INR,Card,SBI,2026-08-17 17:26:00,success,,True,False
TXN_006770,CUST_01721,MER_0008,12031.69,INR,Card,AXIS,2026-08-22 01:41:00,success,,True,True
TXN_006771,CUST_00374,MER_0030,2902.26,INR,UPI,YES,2026-07-15 19:34:00,failed,bank_declined,True,False
TXN_006772,CUST_00652,MER_0049,1908.42,INR,Card,ICICI,2026-07-31 01:21:00,success,,True,False
TXN_006773,CUST_01416,MER_0049,3334.09,INR,Wallet,SBI,2026-08-17 17:56:00,success,,True,False
TXN_006774,CUST_00497,MER_0020,2591.29,INR,Card,YES,2026-08-18 07:22:00,success,,True,False
TXN_006775,CUST_00033,MER_0047,900.32,INR,UPI,AXIS,2026-07-15 08:35:00,success,,True,False
TXN_006776,CUST_00180,MER_0045,661.92,INR,UPI,KOTAK,2026-07-03 08:47:00,success,,True,False
TXN_006777,CUST_00744,MER_0042,1348.93,INR,Card,KOTAK,2026-07-04 11:45:00,success,,True,False
TXN_006778,CUST_00485,MER_0017,4657.3,INR,UPI,ICICI,2026-08-07 05:51:00,success,,True,True
TXN_006779,CUST_01207,MER_0038,8640.98,INR,UPI,KOTAK,2026-07-01 19:03:00,success,,True,False
TXN_006780,CUST_00662,MER_0007,5080.95,INR,Card,KOTAK,2026-07-13 03:20:00,success,,True,True
TXN_006781,CUST_02000,MER_0031,5687.02,INR,UPI,KOTAK,2026-07-26 20:31:00,success,,True,False
TXN_006782,CUST_01411,MER_0036,2287.8,INR,Wallet,HDFC,2026-07-25 11:00:00,success,,True,True
TXN_006783,CUST_00516,MER_0043,605.67,INR,UPI,KOTAK,2026-08-13 15:26:00,success,,True,False
TXN_006784,CUST_01704,MER_0043,1695.65,INR,Card,HDFC,2026-07-21 13:41:00,success,,True,False
TXN_006785,CUST_01418,MER_0012,1984.23,INR,NetBanking,AXIS,2026-07-14 01:05:00,failed,bank_declined,False,False
TXN_006786,CUST_01694,MER_0015,2549.76,INR,UPI,KOTAK,2026-07-25 14:18:00,success,,True,False
TXN_006787,CUST_00304,MER_0050,3474.26,INR,UPI,ICICI,2026-08-25 03:17:00,failed,bank_declined,True,False
TXN_006788,CUST_00642,MER_0033,1953.75,INR,NetBanking,SBI,2026-07-17 23:31:00,success,,True,False
TXN_006789,CUST_00498,MER_0005,532.19,INR,Card,AXIS,2026-08-02 06:56:00,success,,True,False
TXN_006790,CUST_00240,MER_0010,1658.55,INR,Card,KOTAK,2026-08-07 21:32:00,failed,authentication_failure,True,True
TXN_006791,CUST_01165,MER_0015,6491.48,INR,Card,KOTAK,2026-07-02 09:26:00,success,,True,False
TXN_006792,CUST_01784,MER_0032,1549.6,INR,Card,ICICI,2026-07-09 09:18:00,failed,network_error,True,False
TXN_006793,CUST_01186,MER_0037,3078.11,INR,UPI,YES,2026-08-09 15:13:00,success,,True,False
TXN_006794,CUST_01057,MER_0008,2527.84,INR,UPI,AXIS,2026-07-29 15:53:00,success,,True,False
TXN_006795,CUST_00339,MER_0045,5138.04,INR,UPI,ICICI,2026-08-03 01:43:00,success,,True,False
TXN_006796,CUST_00298,MER_0048,1438.46,INR,NetBanking,KOTAK,2026-08-18 13:27:00,success,,True,True
TXN_006797,CUST_01020,MER_0048,1540.48,INR,Card,KOTAK,2026-07-11 19:03:00,failed,bank_declined,True,False
TXN_006798,CUST_01188,MER_0033,1462.47,INR,NetBanking,ICICI,2026-07-22 22:35:00,success,,True,False
TXN_006799,CUST_00501,MER_0037,3664.36,INR,UPI,YES,2026-08-10 07:14:00,success,,True,False
TXN_006800,CUST_01158,MER_0050,1379.46,INR,Card,SBI,2026-08-19 18:43:00,failed,bank_declined,True,False
TXN_006801,CUST_01201,MER_0030,2252.65,INR,Card,AXIS,2026-07-29 10:46:00,failed,expired_card,True,False
TXN_006802,CUST_01435,MER_0009,1689.53,INR,Card,HDFC,2026-08-25 06:49:00,success,,True,False
TXN_006803,CUST_01559,MER_0013,1860.74,INR,NetBanking,AXIS,2026-08-12 10:20:00,success,,True,False
TXN_006804,CUST_01181,MER_0041,2635.45,INR,UPI,SBI,2026-08-05 19:28:00,success,,True,False
TXN_006805,CUST_01328,MER_0002,2868.83,INR,Card,ICICI,2026-08-20 15:57:00,failed,bank_declined,True,False
TXN_006806,CUST_00804,MER_0018,9549.94,INR,Card,ICICI,2026-08-06 14:47:00,failed,authentication_failure,True,False
TXN_006807,CUST_00739,MER_0004,2318.41,INR,UPI,SBI,2026-07-28 12:43:00,failed,authentication_failure,True,False
TXN_006808,CUST_01124,MER_0010,3286.79,INR,NetBanking,ICICI,2026-08-16 01:17:00,success,,True,False
TXN_006809,CUST_01113,MER_0024,1000.05,INR,NetBanking,YES,2026-08-10 14:21:00,success,,True,True
TXN_006810,CUST_00880,MER_0029,1953.45,INR,Wallet,AXIS,2026-07-04 02:17:00,success,,True,False
TXN_006811,CUST_00229,MER_0024,1812.29,INR,Wallet,SBI,2026-07-31 12:03:00,failed,network_error,True,False
TXN_006812,CUST_01995,MER_0031,1568.33,INR,Card,HDFC,2026-08-23 23:05:00,success,,True,False
TXN_006813,CUST_00236,MER_0045,1515.89,INR,Card,KOTAK,2026-07-07 23:29:00,failed,bank_declined,True,False
TXN_006814,CUST_01924,MER_0049,3064.54,INR,UPI,KOTAK,2026-08-07 04:04:00,success,,True,False
TXN_006815,CUST_00876,MER_0016,1558.0,INR,Card,AXIS,2026-08-03 09:07:00,failed,bank_declined,True,False
TXN_006816,CUST_00644,MER_0012,9102.31,INR,Card,HDFC,2026-07-04 00:38:00,failed,expired_card,True,False
TXN_006817,CUST_00116,MER_0022,1406.1,INR,NetBanking,HDFC,2026-08-21 01:52:00,failed,network_error,True,False
TXN_006818,CUST_01843,MER_0028,1572.94,INR,NetBanking,KOTAK,2026-07-06 01:50:00,failed,authentication_failure,True,True
TXN_006819,CUST_01940,MER_0009,876.8,INR,NetBanking,HDFC,2026-08-16 09:23:00,success,,True,False
TXN_006820,CUST_00415,MER_0026,992.91,INR,Card,YES,2026-07-24 13:53:00,success,,True,False
TXN_006821,CUST_01488,MER_0040,1257.08,INR,UPI,AXIS,2026-08-07 05:32:00,success,,True,False
TXN_006822,CUST_00229,MER_0007,3917.69,INR,Wallet,ICICI,2026-07-19 04:49:00,success,,True,False
TXN_006823,CUST_01079,MER_0032,1799.04,INR,UPI,HDFC,2026-07-10 20:12:00,success,,True,False
TXN_006824,CUST_01157,MER_0008,2067.86,INR,UPI,HDFC,2026-07-13 04:05:00,success,,True,False
TXN_006825,CUST_01595,MER_0022,6741.72,INR,UPI,KOTAK,2026-07-05 06:32:00,success,,True,False
TXN_006826,CUST_01332,MER_0044,6877.47,INR,UPI,AXIS,2026-08-26 09:37:00,success,,True,False
TXN_006827,CUST_01716,MER_0045,1947.5,INR,Card,ICICI,2026-07-20 11:18:00,success,,True,False
TXN_006828,CUST_01061,MER_0034,1473.37,INR,UPI,HDFC,2026-08-16 07:23:00,failed,bank_timeout,True,True
TXN_006829,CUST_01867,MER_0012,4248.07,INR,Card,AXIS,2026-07-21 10:27:00,failed,insufficient_funds,True,True
TXN_006830,CUST_01328,MER_0021,1791.49,INR,UPI,ICICI,2026-07-19 03:50:00,success,,True,False
TXN_006831,CUST_00863,MER_0040,1272.92,INR,UPI,AXIS,2026-07-03 05:23:00,success,,True,False
TXN_006832,CUST_01976,MER_0008,1318.52,INR,UPI,HDFC,2026-07-01 23:33:00,success,,True,True
TXN_006833,CUST_01937,MER_0036,3152.8,INR,UPI,KOTAK,2026-07-27 16:55:00,success,,True,False
TXN_006834,CUST_01834,MER_0025,852.05,INR,NetBanking,HDFC,2026-07-18 10:41:00,success,,True,False
TXN_006835,CUST_01981,MER_0039,5409.41,INR,UPI,AXIS,2026-08-25 12:37:00,failed,bank_timeout,True,False
TXN_006836,CUST_00420,MER_0020,2165.25,INR,UPI,AXIS,2026-08-16 04:06:00,failed,bank_timeout,False,False
TXN_006837,CUST_01304,MER_0003,2416.58,INR,UPI,HDFC,2026-08-19 04:54:00,success,,True,False
TXN_006838,CUST_01697,MER_0024,1876.84,INR,UPI,SBI,2026-08-17 01:44:00,failed,network_error,True,False
TXN_006839,CUST_00530,MER_0017,7921.75,INR,UPI,ICICI,2026-08-25 16:51:00,failed,network_error,True,False
TXN_006840,CUST_01305,MER_0039,1292.42,INR,UPI,AXIS,2026-07-05 00:12:00,success,,True,False
TXN_006841,CUST_00601,MER_0039,1381.53,INR,Card,HDFC,2026-08-04 00:47:00,failed,insufficient_funds,True,False
TXN_006842,CUST_01432,MER_0038,6897.78,INR,UPI,HDFC,2026-07-27 02:04:00,failed,bank_timeout,True,False
TXN_006843,CUST_00097,MER_0003,4234.29,INR,UPI,KOTAK,2026-07-07 16:34:00,success,,True,False
TXN_006844,CUST_00675,MER_0041,3975.04,INR,UPI,AXIS,2026-07-10 18:58:00,success,,True,False
TXN_006845,CUST_00211,MER_0017,7595.05,INR,UPI,KOTAK,2026-08-05 17:54:00,success,,True,False
TXN_006846,CUST_00516,MER_0043,513.03,INR,UPI,YES,2026-08-16 04:00:00,success,,True,False
TXN_006847,CUST_00743,MER_0048,4162.1,INR,UPI,SBI,2026-07-14 08:19:00,success,,True,False
TXN_006848,CUST_01601,MER_0034,5361.45,INR,Card,AXIS,2026-08-24 15:45:00,success,,True,True
TXN_006849,CUST_01960,MER_0017,836.33,INR,NetBanking,KOTAK,2026-08-05 14:10:00,success,,True,True
TXN_006850,CUST_01085,MER_0044,1201.67,INR,NetBanking,AXIS,2026-08-16 12:02:00,success,,True,True
TXN_006851,CUST_00156,MER_0035,1235.68,INR,Card,ICICI,2026-08-10 23:24:00,failed,bank_declined,True,False
TXN_006852,CUST_00789,MER_0036,1660.09,INR,UPI,YES,2026-08-21 06:42:00,success,,True,True
TXN_006853,CUST_01301,MER_0040,2963.37,INR,UPI,ICICI,2026-07-11 00:44:00,success,,True,False
TXN_006854,CUST_00456,MER_0027,4878.24,INR,Card,AXIS,2026-07-12 21:01:00,success,,True,False
TXN_006855,CUST_00654,MER_0006,5796.76,INR,Card,SBI,2026-08-15 02:48:00,success,,True,True
TXN_006856,CUST_01167,MER_0033,1248.55,INR,Card,YES,2026-07-12 20:22:00,success,,True,False
TXN_006857,CUST_00104,MER_0044,1241.7,INR,UPI,AXIS,2026-07-20 20:21:00,success,,True,False
TXN_006858,CUST_01404,MER_0050,6992.95,INR,Card,ICICI,2026-07-05 11:49:00,failed,network_error,True,False
TXN_006859,CUST_00867,MER_0012,2607.88,INR,Card,YES,2026-08-11 06:17:00,success,,True,False
TXN_006860,CUST_01712,MER_0015,3564.11,INR,Wallet,KOTAK,2026-07-07 04:21:00,failed,network_error,True,False
TXN_006861,CUST_01158,MER_0041,3713.27,INR,UPI,ICICI,2026-07-16 00:33:00,success,,True,False
TXN_006862,CUST_00106,MER_0036,1865.24,INR,Card,HDFC,2026-08-10 04:50:00,failed,authentication_failure,True,False
TXN_006863,CUST_01770,MER_0004,728.92,INR,UPI,AXIS,2026-08-21 21:48:00,failed,bank_timeout,False,False
TXN_006864,CUST_00035,MER_0047,1419.97,INR,UPI,SBI,2026-08-02 00:57:00,success,,True,False
TXN_006865,CUST_01492,MER_0006,1808.92,INR,Wallet,HDFC,2026-08-23 11:01:00,failed,bank_declined,True,False
TXN_006866,CUST_00646,MER_0033,1592.67,INR,UPI,SBI,2026-07-04 17:47:00,failed,network_error,True,False
TXN_006867,CUST_00186,MER_0007,3785.6,INR,UPI,ICICI,2026-08-01 03:40:00,success,,True,True
TXN_006868,CUST_01407,MER_0008,2284.7,INR,UPI,SBI,2026-07-25 18:21:00,success,,True,False
TXN_006869,CUST_01735,MER_0032,623.8,INR,UPI,AXIS,2026-07-05 01:26:00,success,,True,False
TXN_006870,CUST_00048,MER_0019,1251.55,INR,Card,ICICI,2026-07-22 20:20:00,failed,authentication_failure,True,False
TXN_006871,CUST_01896,MER_0040,1580.64,INR,Wallet,YES,2026-07-04 12:04:00,failed,bank_timeout,True,False
TXN_006872,CUST_00994,MER_0031,2299.22,INR,Card,SBI,2026-08-16 14:23:00,failed,bank_declined,False,False
TXN_006873,CUST_00343,MER_0036,773.49,INR,UPI,KOTAK,2026-07-24 11:57:00,success,,True,True
TXN_006874,CUST_01444,MER_0029,3789.93,INR,NetBanking,SBI,2026-07-31 14:32:00,success,,True,False
TXN_006875,CUST_00369,MER_0030,1286.61,INR,UPI,YES,2026-07-25 03:31:00,success,,True,False
TXN_006876,CUST_01963,MER_0049,2405.85,INR,UPI,HDFC,2026-07-31 07:03:00,success,,True,False
TXN_006877,CUST_01495,MER_0036,2372.42,INR,UPI,ICICI,2026-08-24 17:05:00,failed,bank_declined,False,False
TXN_006878,CUST_00013,MER_0028,1076.07,INR,Card,HDFC,2026-08-22 17:46:00,success,,True,False
TXN_006879,CUST_01783,MER_0021,1941.96,INR,UPI,YES,2026-07-29 10:09:00,success,,True,True
TXN_006880,CUST_01985,MER_0020,8957.66,INR,UPI,KOTAK,2026-07-17 09:34:00,success,,True,False
TXN_006881,CUST_01802,MER_0026,821.11,INR,UPI,ICICI,2026-08-08 11:44:00,failed,authentication_failure,True,False
TXN_006882,CUST_01809,MER_0040,1982.72,INR,Card,HDFC,2026-07-21 11:30:00,success,,True,False
TXN_006883,CUST_00118,MER_0040,2510.65,INR,UPI,AXIS,2026-07-31 23:08:00,success,,True,True
TXN_006884,CUST_00345,MER_0040,1023.14,INR,Card,YES,2026-07-27 04:00:00,success,,True,False
TXN_006885,CUST_01565,MER_0006,1316.83,INR,UPI,HDFC,2026-07-16 22:58:00,success,,True,False
TXN_006886,CUST_01237,MER_0035,1632.18,INR,UPI,KOTAK,2026-08-20 15:44:00,success,,True,False
TXN_006887,CUST_01716,MER_0038,1057.27,INR,UPI,ICICI,2026-07-04 19:36:00,failed,bank_declined,False,True
TXN_006888,CUST_00584,MER_0039,1762.32,INR,Card,AXIS,2026-07-12 21:37:00,success,,True,False
TXN_006889,CUST_00177,MER_0018,10728.13,INR,UPI,AXIS,2026-08-12 13:28:00,failed,authentication_failure,False,False
TXN_006890,CUST_01485,MER_0024,2649.57,INR,Card,KOTAK,2026-08-03 20:22:00,success,,True,False
TXN_006891,CUST_00481,MER_0017,2975.83,INR,UPI,YES,2026-07-01 08:58:00,success,,True,False
TXN_006892,CUST_01300,MER_0018,1036.64,INR,NetBanking,AXIS,2026-08-13 03:33:00,success,,True,False
TXN_006893,CUST_01180,MER_0032,4227.91,INR,Card,AXIS,2026-08-18 07:49:00,failed,bank_declined,True,False
TXN_006894,CUST_00829,MER_0034,332.32,INR,Wallet,SBI,2026-07-29 00:40:00,failed,network_error,True,True
TXN_006895,CUST_00508,MER_0050,998.69,INR,Card,YES,2026-07-18 16:40:00,failed,insufficient_funds,True,True
TXN_006896,CUST_01273,MER_0033,4231.54,INR,UPI,KOTAK,2026-07-10 14:53:00,success,,True,False
TXN_006897,CUST_01829,MER_0010,1848.76,INR,UPI,YES,2026-08-20 03:40:00,success,,True,False
TXN_006898,CUST_00376,MER_0012,5085.85,INR,UPI,YES,2026-08-13 14:31:00,success,,True,False
TXN_006899,CUST_01652,MER_0032,6426.16,INR,UPI,AXIS,2026-07-07 17:15:00,success,,True,False
TXN_006900,CUST_01254,MER_0010,1456.89,INR,UPI,HDFC,2026-07-28 20:19:00,success,,True,False
TXN_006901,CUST_00093,MER_0033,4603.67,INR,UPI,YES,2026-08-11 19:53:00,failed,bank_declined,False,False
TXN_006902,CUST_01688,MER_0006,14566.69,INR,NetBanking,KOTAK,2026-07-13 02:40:00,success,,True,False
TXN_006903,CUST_00994,MER_0005,1401.97,INR,NetBanking,HDFC,2026-08-07 23:30:00,failed,bank_declined,True,True
TXN_006904,CUST_00340,MER_0016,4793.58,INR,NetBanking,AXIS,2026-07-02 14:22:00,failed,bank_declined,True,False
TXN_006905,CUST_00797,MER_0037,1427.34,INR,UPI,HDFC,2026-08-21 22:52:00,success,,True,False
TXN_006906,CUST_00070,MER_0027,2162.2,INR,UPI,HDFC,2026-08-20 18:40:00,success,,True,False
TXN_006907,CUST_00361,MER_0018,435.78,INR,UPI,SBI,2026-07-04 06:14:00,success,,True,False
TXN_006908,CUST_01449,MER_0021,2920.58,INR,Card,HDFC,2026-07-04 17:26:00,success,,True,True
TXN_006909,CUST_01123,MER_0028,3228.24,INR,UPI,YES,2026-07-16 10:41:00,success,,True,True
TXN_006910,CUST_01096,MER_0048,2715.69,INR,Card,KOTAK,2026-07-28 17:44:00,failed,authentication_failure,True,False
TXN_006911,CUST_00444,MER_0029,886.69,INR,UPI,HDFC,2026-07-09 13:26:00,success,,True,False
TXN_006912,CUST_01515,MER_0039,1341.48,INR,UPI,ICICI,2026-07-09 08:56:00,success,,True,False
TXN_006913,CUST_00775,MER_0040,3081.98,INR,Card,ICICI,2026-07-20 18:15:00,success,,True,False
TXN_006914,CUST_00018,MER_0003,3076.26,INR,UPI,HDFC,2026-07-02 21:19:00,success,,True,False
TXN_006915,CUST_01230,MER_0024,2129.88,INR,UPI,HDFC,2026-07-21 16:48:00,failed,authentication_failure,True,False
TXN_006916,CUST_00737,MER_0034,1073.85,INR,UPI,AXIS,2026-08-23 14:53:00,success,,True,False
TXN_006917,CUST_01537,MER_0017,3976.62,INR,UPI,ICICI,2026-08-10 19:46:00,failed,bank_timeout,True,False
TXN_006918,CUST_00382,MER_0006,3301.21,INR,Card,SBI,2026-08-08 18:51:00,success,,True,False
TXN_006919,CUST_00482,MER_0020,2109.84,INR,UPI,SBI,2026-07-31 22:50:00,failed,bank_declined,False,False
TXN_006920,CUST_01506,MER_0016,3621.18,INR,NetBanking,YES,2026-08-26 01:37:00,failed,bank_declined,True,False
TXN_006921,CUST_01883,MER_0006,2976.92,INR,Card,YES,2026-07-05 07:21:00,success,,True,True
TXN_006922,CUST_01754,MER_0046,4455.91,INR,UPI,AXIS,2026-07-27 17:43:00,success,,True,False
TXN_006923,CUST_00317,MER_0039,1524.64,INR,UPI,ICICI,2026-08-01 19:07:00,failed,network_error,True,False
TXN_006924,CUST_01087,MER_0022,3313.06,INR,Wallet,SBI,2026-07-18 19:18:00,success,,True,False
TXN_006925,CUST_01149,MER_0031,374.66,INR,UPI,AXIS,2026-08-13 13:43:00,failed,bank_timeout,True,False
TXN_006926,CUST_01837,MER_0038,1763.71,INR,Wallet,SBI,2026-07-18 10:34:00,failed,insufficient_funds,True,False
TXN_006927,CUST_01964,MER_0043,5194.58,INR,Wallet,SBI,2026-08-16 09:15:00,success,,True,False
TXN_006928,CUST_00679,MER_0011,2853.01,INR,UPI,AXIS,2026-07-15 03:00:00,success,,True,True
TXN_006929,CUST_00218,MER_0025,9248.36,INR,Card,ICICI,2026-07-18 04:48:00,failed,bank_declined,True,False
TXN_006930,CUST_01391,MER_0037,4023.29,INR,Card,KOTAK,2026-07-07 18:48:00,success,,True,False
TXN_006931,CUST_01924,MER_0037,4646.89,INR,UPI,KOTAK,2026-08-03 10:15:00,success,,True,False
TXN_006932,CUST_01589,MER_0049,2257.75,INR,Card,KOTAK,2026-07-12 09:24:00,success,,True,False
TXN_006933,CUST_01445,MER_0050,4550.62,INR,UPI,KOTAK,2026-08-03 00:08:00,success,,True,False
TXN_006934,CUST_00401,MER_0029,1516.65,INR,UPI,HDFC,2026-07-28 03:39:00,success,,True,False
TXN_006935,CUST_01053,MER_0017,1740.53,INR,UPI,KOTAK,2026-07-05 01:00:00,success,,True,False
TXN_006936,CUST_01011,MER_0001,854.07,INR,Wallet,AXIS,2026-07-11 02:24:00,success,,True,True
TXN_006937,CUST_00008,MER_0009,2960.54,INR,UPI,AXIS,2026-07-16 10:28:00,failed,bank_timeout,True,False
TXN_006938,CUST_00700,MER_0011,6269.24,INR,NetBanking,HDFC,2026-08-14 00:16:00,failed,network_error,True,False
TXN_006939,CUST_01053,MER_0031,1943.34,INR,Wallet,HDFC,2026-07-05 12:18:00,failed,insufficient_funds,True,False
TXN_006940,CUST_00587,MER_0039,3450.52,INR,UPI,ICICI,2026-08-22 08:13:00,success,,True,True
TXN_006941,CUST_00297,MER_0006,5934.88,INR,Card,AXIS,2026-07-18 22:16:00,success,,True,True
TXN_006942,CUST_00924,MER_0017,4465.55,INR,UPI,ICICI,2026-07-25 05:36:00,success,,True,False
TXN_006943,CUST_00802,MER_0014,5811.43,INR,UPI,ICICI,2026-08-12 16:36:00,success,,True,False
TXN_006944,CUST_00009,MER_0014,2060.06,INR,UPI,AXIS,2026-07-09 20:14:00,failed,authentication_failure,True,False
TXN_006945,CUST_01930,MER_0016,1353.54,INR,UPI,YES,2026-07-16 05:24:00,success,,True,True
TXN_006946,CUST_00934,MER_0044,2333.87,INR,Card,ICICI,2026-07-09 05:07:00,success,,True,False
TXN_006947,CUST_01518,MER_0032,2291.88,INR,Card,SBI,2026-08-03 07:18:00,success,,True,False
TXN_006948,CUST_00926,MER_0005,2879.41,INR,NetBanking,ICICI,2026-07-02 21:16:00,success,,True,False
TXN_006949,CUST_00244,MER_0045,2200.77,INR,UPI,KOTAK,2026-08-18 02:50:00,success,,True,False
TXN_006950,CUST_00989,MER_0010,2193.16,INR,UPI,YES,2026-07-10 09:33:00,failed,bank_declined,True,False
TXN_006951,CUST_00135,MER_0045,5183.81,INR,Card,ICICI,2026-07-02 21:08:00,failed,expired_card,True,False
TXN_006952,CUST_00162,MER_0035,2122.7,INR,UPI,HDFC,2026-07-18 11:55:00,success,,True,False
TXN_006953,CUST_01414,MER_0020,1342.19,INR,UPI,YES,2026-07-20 04:48:00,success,,True,False
TXN_006954,CUST_00548,MER_0030,840.9,INR,Wallet,AXIS,2026-07-10 14:37:00,success,,True,True
TXN_006955,CUST_01227,MER_0014,6949.13,INR,Wallet,SBI,2026-08-04 07:16:00,failed,bank_declined,True,False
TXN_006956,CUST_00342,MER_0015,665.72,INR,Wallet,ICICI,2026-07-05 03:39:00,success,,True,False
TXN_006957,CUST_01043,MER_0014,4494.07,INR,UPI,AXIS,2026-07-17 11:49:00,success,,True,False
TXN_006958,CUST_00806,MER_0025,5105.05,INR,UPI,SBI,2026-08-23 15:07:00,failed,network_error,True,False
TXN_006959,CUST_01759,MER_0015,8764.71,INR,Card,ICICI,2026-07-15 12:29:00,success,,True,False
TXN_006960,CUST_01700,MER_0024,2902.64,INR,UPI,HDFC,2026-07-14 11:26:00,success,,True,False
TXN_006961,CUST_00475,MER_0050,785.67,INR,UPI,YES,2026-07-16 08:53:00,failed,authentication_failure,True,False
TXN_006962,CUST_01655,MER_0030,2968.81,INR,UPI,KOTAK,2026-07-12 04:18:00,success,,True,False
TXN_006963,CUST_01596,MER_0026,1506.23,INR,Card,YES,2026-08-25 18:59:00,success,,True,False
TXN_006964,CUST_00340,MER_0015,3861.64,INR,UPI,AXIS,2026-07-02 21:19:00,success,,True,False
TXN_006965,CUST_00864,MER_0035,642.82,INR,Wallet,AXIS,2026-08-21 07:47:00,success,,True,False
TXN_006966,CUST_00497,MER_0029,5390.82,INR,UPI,AXIS,2026-08-05 03:21:00,success,,True,False
TXN_006967,CUST_00263,MER_0022,1208.94,INR,Card,HDFC,2026-07-06 00:36:00,failed,network_error,True,False
TXN_006968,CUST_00504,MER_0010,2228.18,INR,Wallet,SBI,2026-07-13 04:23:00,success,,True,False
TXN_006969,CUST_01295,MER_0033,3450.86,INR,Card,ICICI,2026-08-25 23:27:00,success,,True,True
TXN_006970,CUST_00055,MER_0006,2782.6,INR,NetBanking,YES,2026-08-18 00:26:00,success,,True,False
TXN_006971,CUST_01300,MER_0013,1347.32,INR,UPI,ICICI,2026-08-08 23:35:00,success,,True,False
TXN_006972,CUST_00465,MER_0005,1628.03,INR,NetBanking,YES,2026-08-05 12:52:00,success,,True,False
TXN_006973,CUST_01887,MER_0008,985.91,INR,Wallet,SBI,2026-07-06 13:09:00,failed,bank_declined,True,False
TXN_006974,CUST_00461,MER_0024,5767.63,INR,Wallet,KOTAK,2026-07-31 19:09:00,failed,bank_declined,True,True
TXN_006975,CUST_01537,MER_0048,4853.87,INR,UPI,KOTAK,2026-08-02 18:08:00,success,,True,False
TXN_006976,CUST_01695,MER_0037,7819.07,INR,UPI,YES,2026-07-18 21:09:00,success,,True,True
TXN_006977,CUST_01110,MER_0002,1524.75,INR,Wallet,ICICI,2026-08-05 17:40:00,success,,True,False
TXN_006978,CUST_00370,MER_0007,2102.2,INR,Card,KOTAK,2026-08-15 00:16:00,success,,True,False
TXN_006979,CUST_00441,MER_0011,13862.66,INR,Card,ICICI,2026-07-16 14:22:00,failed,authentication_failure,True,False
TXN_006980,CUST_01068,MER_0036,640.39,INR,Card,ICICI,2026-08-15 18:08:00,failed,authentication_failure,True,False
TXN_006981,CUST_00025,MER_0048,2441.7,INR,Card,KOTAK,2026-07-20 19:13:00,success,,True,True
TXN_006982,CUST_01973,MER_0044,4727.55,INR,Card,YES,2026-07-03 19:51:00,success,,True,False
TXN_006983,CUST_00876,MER_0044,1344.82,INR,UPI,AXIS,2026-08-12 08:13:00,failed,bank_timeout,True,False
TXN_006984,CUST_00925,MER_0021,1421.04,INR,Card,ICICI,2026-07-11 16:08:00,failed,network_error,True,False
TXN_006985,CUST_00836,MER_0010,4685.65,INR,UPI,ICICI,2026-08-19 15:38:00,success,,True,False
TXN_006986,CUST_01443,MER_0043,948.65,INR,UPI,SBI,2026-08-22 08:51:00,success,,True,True
TXN_006987,CUST_00024,MER_0050,1483.13,INR,Card,YES,2026-07-19 19:50:00,success,,True,False
TXN_006988,CUST_01244,MER_0001,583.35,INR,Card,HDFC,2026-07-26 02:47:00,success,,True,False
TXN_006989,CUST_00105,MER_0048,5462.68,INR,Card,YES,2026-07-25 07:37:00,success,,True,False
TXN_006990,CUST_00784,MER_0030,6746.8,INR,UPI,YES,2026-07-21 16:25:00,success,,True,False
TXN_006991,CUST_01944,MER_0026,1878.71,INR,UPI,HDFC,2026-07-29 01:06:00,failed,bank_timeout,True,False
TXN_006992,CUST_00823,MER_0034,3507.21,INR,UPI,YES,2026-07-14 07:55:00,success,,True,False
TXN_006993,CUST_01637,MER_0022,7939.34,INR,Card,ICICI,2026-07-14 09:20:00,success,,True,True
TXN_006994,CUST_01836,MER_0015,3384.25,INR,NetBanking,ICICI,2026-07-10 14:15:00,success,,True,True
TXN_006995,CUST_01170,MER_0041,1396.84,INR,UPI,ICICI,2026-07-13 00:11:00,success,,True,False
TXN_006996,CUST_01007,MER_0022,668.44,INR,Card,AXIS,2026-07-27 00:25:00,success,,True,False
TXN_006997,CUST_00137,MER_0041,1000.14,INR,UPI,HDFC,2026-08-01 08:48:00,failed,bank_timeout,True,False
TXN_006998,CUST_00126,MER_0007,1444.82,INR,UPI,AXIS,2026-07-17 13:18:00,success,,True,False
TXN_006999,CUST_00002,MER_0010,2852.57,INR,NetBanking,AXIS,2026-08-12 18:56:00,success,,True,False
TXN_007000,CUST_01332,MER_0008,1568.16,INR,Card,HDFC,2026-07-29 14:28:00,success,,True,False
TXN_007001,CUST_01705,MER_0028,1046.79,INR,UPI,SBI,2026-08-01 23:21:00,success,,True,False
TXN_007002,CUST_01147,MER_0021,951.82,INR,Card,KOTAK,2026-07-30 12:54:00,success,,True,False
TXN_007003,CUST_01491,MER_0011,8517.55,INR,NetBanking,SBI,2026-08-08 23:07:00,success,,True,False
TXN_007004,CUST_00783,MER_0036,4970.07,INR,Wallet,AXIS,2026-08-23 15:31:00,success,,True,False
TXN_007005,CUST_00129,MER_0018,9744.07,INR,Wallet,KOTAK,2026-07-12 11:20:00,success,,True,False
TXN_007006,CUST_00653,MER_0025,3759.2,INR,UPI,SBI,2026-08-21 15:26:00,success,,True,False
TXN_007007,CUST_01227,MER_0004,1730.23,INR,UPI,AXIS,2026-08-12 13:11:00,success,,True,False
TXN_007008,CUST_00607,MER_0011,7035.14,INR,Wallet,YES,2026-08-13 17:49:00,failed,network_error,True,True
TXN_007009,CUST_00411,MER_0005,2912.23,INR,Card,YES,2026-07-04 11:31:00,success,,True,False
TXN_007010,CUST_00308,MER_0025,2358.4,INR,Card,AXIS,2026-08-06 18:47:00,failed,authentication_failure,False,True
TXN_007011,CUST_00008,MER_0037,8811.28,INR,NetBanking,YES,2026-07-02 21:44:00,failed,authentication_failure,True,False
TXN_007012,CUST_00971,MER_0022,3177.53,INR,UPI,HDFC,2026-08-21 14:39:00,success,,True,False
TXN_007013,CUST_00415,MER_0008,2322.92,INR,UPI,ICICI,2026-07-05 20:20:00,success,,True,False
TXN_007014,CUST_00500,MER_0035,2781.49,INR,UPI,AXIS,2026-07-29 13:01:00,failed,authentication_failure,True,False
TXN_007015,CUST_00366,MER_0006,3996.86,INR,UPI,AXIS,2026-07-21 08:32:00,success,,True,False
TXN_007016,CUST_00937,MER_0003,857.76,INR,UPI,YES,2026-07-05 10:21:00,failed,bank_timeout,True,False
TXN_007017,CUST_00541,MER_0034,3824.79,INR,UPI,SBI,2026-07-04 13:53:00,success,,True,False
TXN_007018,CUST_01068,MER_0041,2081.96,INR,UPI,ICICI,2026-08-12 07:03:00,success,,True,False
TXN_007019,CUST_00551,MER_0013,3283.6,INR,NetBanking,SBI,2026-08-11 06:36:00,success,,True,False
TXN_007020,CUST_00476,MER_0003,1104.26,INR,Wallet,ICICI,2026-07-01 07:03:00,success,,True,False
TXN_007021,CUST_01532,MER_0041,1127.03,INR,NetBanking,YES,2026-08-01 01:05:00,success,,True,False
TXN_007022,CUST_01178,MER_0026,2949.45,INR,UPI,KOTAK,2026-07-03 08:15:00,failed,bank_declined,True,False
TXN_007023,CUST_01885,MER_0028,544.63,INR,UPI,SBI,2026-07-22 20:11:00,success,,True,False
TXN_007024,CUST_00957,MER_0038,3705.66,INR,UPI,ICICI,2026-07-18 09:09:00,success,,True,False
TXN_007025,CUST_01906,MER_0042,1580.41,INR,UPI,SBI,2026-08-09 01:29:00,failed,network_error,True,False
TXN_007026,CUST_01391,MER_0022,835.8,INR,UPI,SBI,2026-08-26 03:39:00,success,,True,False
TXN_007027,CUST_00720,MER_0041,1234.85,INR,Wallet,HDFC,2026-08-03 21:37:00,success,,True,True
TXN_007028,CUST_01391,MER_0002,5286.44,INR,UPI,ICICI,2026-07-18 00:27:00,success,,True,True
TXN_007029,CUST_00617,MER_0025,2505.62,INR,NetBanking,HDFC,2026-07-27 19:18:00,failed,bank_timeout,False,True
TXN_007030,CUST_01618,MER_0015,2223.44,INR,UPI,YES,2026-08-18 13:11:00,failed,bank_timeout,True,False
TXN_007031,CUST_01277,MER_0022,3471.69,INR,NetBanking,YES,2026-08-02 13:59:00,success,,True,False
TXN_007032,CUST_01387,MER_0040,2298.42,INR,UPI,AXIS,2026-07-30 10:17:00,success,,True,True
TXN_007033,CUST_01618,MER_0045,5851.0,INR,NetBanking,SBI,2026-08-06 03:15:00,success,,True,False
TXN_007034,CUST_00532,MER_0045,5304.81,INR,UPI,HDFC,2026-08-12 18:31:00,success,,True,True
TXN_007035,CUST_00589,MER_0029,3397.17,INR,NetBanking,AXIS,2026-07-02 05:18:00,success,,True,False
TXN_007036,CUST_00611,MER_0010,2549.59,INR,UPI,KOTAK,2026-08-07 23:53:00,success,,True,False
TXN_007037,CUST_01253,MER_0027,4129.27,INR,UPI,KOTAK,2026-07-26 11:14:00,failed,bank_declined,True,False
TXN_007038,CUST_01466,MER_0029,5702.39,INR,NetBanking,YES,2026-07-27 10:21:00,success,,True,False
TXN_007039,CUST_00751,MER_0020,5012.29,INR,Card,AXIS,2026-08-12 00:58:00,failed,insufficient_funds,True,False
TXN_007040,CUST_01735,MER_0005,1023.75,INR,UPI,SBI,2026-07-05 14:24:00,success,,True,False
TXN_007041,CUST_01049,MER_0047,1392.7,INR,Card,ICICI,2026-07-25 03:43:00,success,,True,False
TXN_007042,CUST_00017,MER_0012,5328.96,INR,NetBanking,KOTAK,2026-08-12 09:58:00,success,,True,False
TXN_007043,CUST_00869,MER_0034,691.56,INR,UPI,HDFC,2026-07-14 14:24:00,success,,True,True
TXN_007044,CUST_01956,MER_0050,3346.95,INR,Card,YES,2026-07-18 09:05:00,success,,True,False
TXN_007045,CUST_00171,MER_0044,3261.8,INR,Card,HDFC,2026-08-22 01:27:00,success,,True,False
TXN_007046,CUST_00878,MER_0029,6186.46,INR,Wallet,ICICI,2026-08-09 03:11:00,success,,True,False
TXN_007047,CUST_01931,MER_0009,2819.38,INR,UPI,ICICI,2026-08-09 01:23:00,success,,True,False
TXN_007048,CUST_01115,MER_0047,833.33,INR,Card,HDFC,2026-08-07 06:41:00,success,,True,False
TXN_007049,CUST_01285,MER_0011,1132.88,INR,UPI,YES,2026-07-14 03:05:00,success,,True,False
TXN_007050,CUST_01719,MER_0038,948.05,INR,UPI,HDFC,2026-07-30 17:28:00,failed,network_error,True,False
TXN_007051,CUST_01615,MER_0009,2108.39,INR,UPI,KOTAK,2026-07-14 04:09:00,success,,True,False
TXN_007052,CUST_00678,MER_0015,960.69,INR,UPI,SBI,2026-08-25 10:36:00,success,,True,False
TXN_007053,CUST_00977,MER_0029,7915.12,INR,Card,HDFC,2026-07-17 21:17:00,success,,True,False
TXN_007054,CUST_01628,MER_0035,845.37,INR,Card,YES,2026-07-15 02:40:00,success,,True,False
TXN_007055,CUST_01891,MER_0002,7164.42,INR,UPI,HDFC,2026-07-21 07:51:00,success,,True,False
TXN_007056,CUST_01360,MER_0016,6298.9,INR,Card,ICICI,2026-08-02 09:27:00,success,,True,False
TXN_007057,CUST_01121,MER_0009,5007.25,INR,NetBanking,YES,2026-08-18 19:14:00,failed,network_error,True,False
TXN_007058,CUST_00710,MER_0034,3209.79,INR,UPI,SBI,2026-07-12 15:04:00,failed,authentication_failure,True,True
TXN_007059,CUST_00295,MER_0041,5058.0,INR,NetBanking,YES,2026-08-10 18:34:00,failed,bank_declined,True,False
TXN_007060,CUST_01077,MER_0002,1759.08,INR,UPI,AXIS,2026-08-04 01:10:00,success,,True,False
TXN_007061,CUST_00730,MER_0034,916.91,INR,UPI,KOTAK,2026-07-30 12:31:00,success,,True,False
TXN_007062,CUST_00146,MER_0030,336.3,INR,UPI,HDFC,2026-08-02 18:59:00,success,,True,True
TXN_007063,CUST_01491,MER_0023,1063.34,INR,Card,YES,2026-07-22 14:31:00,success,,True,False
TXN_007064,CUST_01519,MER_0002,5944.6,INR,UPI,ICICI,2026-07-28 23:18:00,success,,True,True
TXN_007065,CUST_01331,MER_0030,1768.23,INR,UPI,AXIS,2026-07-29 10:50:00,failed,bank_declined,True,False
TXN_007066,CUST_01293,MER_0027,4123.44,INR,Card,HDFC,2026-08-26 09:31:00,success,,True,False
TXN_007067,CUST_01613,MER_0008,10347.86,INR,Card,KOTAK,2026-07-12 19:20:00,success,,True,True
TXN_007068,CUST_01162,MER_0019,7044.51,INR,Card,SBI,2026-08-08 04:56:00,failed,expired_card,True,False
TXN_007069,CUST_01700,MER_0050,515.92,INR,UPI,KOTAK,2026-07-24 15:48:00,failed,bank_timeout,True,False
TXN_007070,CUST_01904,MER_0045,14990.82,INR,UPI,SBI,2026-07-23 22:48:00,success,,True,False
TXN_007071,CUST_01702,MER_0039,2837.74,INR,UPI,SBI,2026-07-31 05:38:00,success,,True,True
TXN_007072,CUST_00237,MER_0042,883.25,INR,UPI,AXIS,2026-08-21 10:42:00,failed,network_error,True,False
TXN_007073,CUST_00089,MER_0023,2238.62,INR,NetBanking,YES,2026-07-02 13:35:00,success,,True,False
TXN_007074,CUST_01265,MER_0015,2229.68,INR,UPI,HDFC,2026-08-14 12:16:00,failed,authentication_failure,True,False
TXN_007075,CUST_00914,MER_0018,3189.12,INR,Card,AXIS,2026-07-07 07:26:00,success,,True,True
TXN_007076,CUST_01153,MER_0021,945.15,INR,NetBanking,HDFC,2026-07-30 15:52:00,success,,True,True
TXN_007077,CUST_01090,MER_0038,1882.22,INR,UPI,HDFC,2026-08-13 08:39:00,success,,True,False
TXN_007078,CUST_00453,MER_0015,4141.95,INR,Card,KOTAK,2026-07-24 20:47:00,success,,True,False
TXN_007079,CUST_00300,MER_0043,3670.94,INR,UPI,ICICI,2026-07-21 09:24:00,success,,True,False
TXN_007080,CUST_00538,MER_0040,3009.75,INR,UPI,ICICI,2026-08-22 06:33:00,success,,True,False
TXN_007081,CUST_01949,MER_0001,5149.93,INR,UPI,AXIS,2026-07-15 13:20:00,failed,bank_declined,True,False
TXN_007082,CUST_00867,MER_0005,2815.61,INR,Card,YES,2026-07-01 15:32:00,success,,True,False
TXN_007083,CUST_01234,MER_0014,163.95,INR,Card,KOTAK,2026-07-12 14:00:00,failed,bank_declined,True,False
TXN_007084,CUST_00150,MER_0005,4496.8,INR,UPI,HDFC,2026-07-09 14:00:00,success,,True,False
TXN_007085,CUST_00050,MER_0046,1785.91,INR,UPI,ICICI,2026-07-31 10:53:00,success,,True,True
TXN_007086,CUST_01375,MER_0039,1680.79,INR,Wallet,ICICI,2026-07-24 11:56:00,failed,bank_timeout,True,False
TXN_007087,CUST_01468,MER_0001,5446.31,INR,UPI,YES,2026-08-26 11:23:00,success,,True,False
TXN_007088,CUST_01759,MER_0027,3784.88,INR,Card,SBI,2026-08-06 05:51:00,success,,True,True
TXN_007089,CUST_01493,MER_0022,4723.62,INR,NetBanking,ICICI,2026-08-25 18:04:00,failed,bank_declined,False,True
TXN_007090,CUST_00542,MER_0038,2146.6,INR,NetBanking,YES,2026-07-05 04:39:00,failed,authentication_failure,True,True
TXN_007091,CUST_00209,MER_0004,1949.92,INR,UPI,YES,2026-07-16 19:30:00,failed,bank_timeout,True,False
TXN_007092,CUST_01436,MER_0047,1850.33,INR,UPI,YES,2026-07-07 19:21:00,failed,network_error,True,False
TXN_007093,CUST_01246,MER_0046,528.33,INR,UPI,YES,2026-08-21 06:02:00,success,,True,False
TXN_007094,CUST_00175,MER_0049,10115.62,INR,UPI,KOTAK,2026-07-15 10:11:00,success,,True,False
TXN_007095,CUST_00239,MER_0029,3594.19,INR,UPI,ICICI,2026-08-08 16:06:00,failed,authentication_failure,True,False
TXN_007096,CUST_01625,MER_0036,5041.54,INR,UPI,YES,2026-08-07 23:55:00,success,,True,True
TXN_007097,CUST_01169,MER_0002,763.97,INR,Card,HDFC,2026-07-26 17:30:00,success,,True,False
TXN_007098,CUST_00828,MER_0019,1434.02,INR,UPI,AXIS,2026-07-16 10:16:00,success,,True,False
TXN_007099,CUST_00040,MER_0013,2215.29,INR,Card,SBI,2026-08-02 15:40:00,failed,authentication_failure,False,False
TXN_007100,CUST_01472,MER_0027,2351.49,INR,Card,SBI,2026-07-20 07:39:00,failed,authentication_failure,True,False
TXN_007101,CUST_01144,MER_0015,1522.85,INR,NetBanking,YES,2026-08-16 04:57:00,success,,True,True
TXN_007102,CUST_00121,MER_0028,3602.83,INR,UPI,KOTAK,2026-07-19 13:10:00,success,,True,False
TXN_007103,CUST_00931,MER_0003,9337.48,INR,UPI,SBI,2026-08-22 18:02:00,success,,True,False
TXN_007104,CUST_00762,MER_0046,5412.26,INR,UPI,AXIS,2026-08-09 21:12:00,success,,True,True
TXN_007105,CUST_01894,MER_0032,2286.63,INR,Wallet,HDFC,2026-08-04 08:40:00,success,,True,False
TXN_007106,CUST_01466,MER_0011,4189.73,INR,UPI,YES,2026-07-07 02:28:00,success,,True,False
TXN_007107,CUST_01850,MER_0021,3873.89,INR,Card,AXIS,2026-08-10 06:58:00,success,,True,False
TXN_007108,CUST_00638,MER_0016,3660.19,INR,UPI,SBI,2026-07-04 13:34:00,success,,True,False
TXN_007109,CUST_01384,MER_0011,5940.58,INR,UPI,ICICI,2026-08-11 17:17:00,success,,True,False
TXN_007110,CUST_01417,MER_0048,5905.16,INR,Wallet,AXIS,2026-08-06 21:15:00,success,,True,True
TXN_007111,CUST_00056,MER_0006,2204.54,INR,UPI,AXIS,2026-07-15 14:21:00,success,,True,False
TXN_007112,CUST_01511,MER_0039,4078.58,INR,Card,AXIS,2026-07-08 19:44:00,success,,True,False
TXN_007113,CUST_00138,MER_0039,1796.37,INR,UPI,HDFC,2026-07-25 05:54:00,success,,True,False
TXN_007114,CUST_01833,MER_0018,1166.24,INR,UPI,KOTAK,2026-07-12 13:53:00,success,,True,False
TXN_007115,CUST_01925,MER_0003,1967.28,INR,UPI,ICICI,2026-07-11 03:47:00,success,,True,True
TXN_007116,CUST_00221,MER_0043,2296.12,INR,Card,ICICI,2026-07-06 12:05:00,failed,bank_declined,True,False
TXN_007117,CUST_00730,MER_0015,4857.44,INR,UPI,AXIS,2026-07-31 06:56:00,success,,True,False
TXN_007118,CUST_01269,MER_0010,266.7,INR,Card,SBI,2026-07-10 14:43:00,success,,True,False
TXN_007119,CUST_01189,MER_0029,21415.14,INR,Card,SBI,2026-07-01 11:03:00,success,,True,False
TXN_007120,CUST_00794,MER_0008,8115.27,INR,UPI,AXIS,2026-07-07 04:19:00,success,,True,False
TXN_007121,CUST_00584,MER_0016,1980.68,INR,UPI,HDFC,2026-07-18 09:05:00,success,,True,False
TXN_007122,CUST_01644,MER_0033,2459.08,INR,UPI,HDFC,2026-08-14 23:34:00,success,,True,False
TXN_007123,CUST_01621,MER_0048,3110.0,INR,NetBanking,AXIS,2026-08-05 03:20:00,success,,True,True
TXN_007124,CUST_00891,MER_0039,1523.36,INR,Card,ICICI,2026-08-15 19:13:00,success,,True,True
TXN_007125,CUST_01787,MER_0047,2847.21,INR,Card,ICICI,2026-07-27 17:07:00,success,,True,False
TXN_007126,CUST_01647,MER_0008,2175.03,INR,UPI,HDFC,2026-08-16 04:33:00,success,,True,False
TXN_007127,CUST_00471,MER_0038,2263.31,INR,Card,YES,2026-07-09 18:00:00,success,,True,False
TXN_007128,CUST_00492,MER_0025,2821.91,INR,Card,SBI,2026-07-13 20:42:00,success,,True,False
TXN_007129,CUST_00530,MER_0032,853.36,INR,UPI,YES,2026-08-10 15:56:00,failed,bank_declined,True,False
TXN_007130,CUST_01206,MER_0029,2781.53,INR,UPI,HDFC,2026-07-06 08:56:00,success,,True,False
TXN_007131,CUST_01815,MER_0043,2705.6,INR,UPI,YES,2026-08-09 23:00:00,failed,bank_timeout,False,False
TXN_007132,CUST_01873,MER_0034,6064.98,INR,Card,YES,2026-07-20 17:48:00,success,,True,False
TXN_007133,CUST_00176,MER_0017,1839.19,INR,Wallet,HDFC,2026-07-15 02:43:00,success,,True,False
TXN_007134,CUST_01382,MER_0050,2927.37,INR,UPI,ICICI,2026-08-09 23:57:00,success,,True,True
TXN_007135,CUST_01115,MER_0022,6890.08,INR,UPI,YES,2026-07-23 14:01:00,failed,network_error,True,False
TXN_007136,CUST_01910,MER_0022,2897.4,INR,NetBanking,YES,2026-07-24 23:26:00,failed,bank_timeout,True,False
TXN_007137,CUST_01551,MER_0041,6567.55,INR,UPI,ICICI,2026-07-12 14:18:00,failed,bank_timeout,True,False
TXN_007138,CUST_00725,MER_0022,6813.65,INR,Card,SBI,2026-08-15 12:10:00,success,,True,False
TXN_007139,CUST_01219,MER_0010,2246.5,INR,UPI,HDFC,2026-07-31 21:47:00,success,,True,True
TXN_007140,CUST_01332,MER_0025,1227.13,INR,UPI,YES,2026-07-02 14:05:00,success,,True,False
TXN_007141,CUST_01125,MER_0034,4202.77,INR,UPI,KOTAK,2026-07-21 22:59:00,failed,bank_declined,True,False
TXN_007142,CUST_01377,MER_0042,4009.42,INR,UPI,HDFC,2026-07-30 11:19:00,success,,True,False
TXN_007143,CUST_01701,MER_0037,274.92,INR,UPI,ICICI,2026-08-25 19:32:00,failed,bank_timeout,True,False
TXN_007144,CUST_00093,MER_0024,1689.72,INR,UPI,SBI,2026-07-06 20:09:00,success,,True,False
TXN_007145,CUST_00906,MER_0028,1042.52,INR,UPI,YES,2026-07-12 04:42:00,failed,bank_declined,False,False
TXN_007146,CUST_01286,MER_0015,1542.31,INR,NetBanking,YES,2026-08-16 03:19:00,success,,True,False
TXN_007147,CUST_00347,MER_0005,2348.69,INR,NetBanking,KOTAK,2026-08-13 01:26:00,success,,True,False
TXN_007148,CUST_01637,MER_0024,817.41,INR,Wallet,YES,2026-08-05 13:02:00,failed,network_error,True,False
TXN_007149,CUST_01449,MER_0035,7280.62,INR,UPI,SBI,2026-07-31 09:23:00,success,,True,True
TXN_007150,CUST_01551,MER_0046,3055.64,INR,Card,AXIS,2026-08-01 00:24:00,success,,True,False
TXN_007151,CUST_00718,MER_0031,4661.96,INR,NetBanking,KOTAK,2026-07-25 19:16:00,failed,bank_timeout,False,True
TXN_007152,CUST_00957,MER_0046,6562.92,INR,UPI,YES,2026-08-14 11:10:00,success,,True,True
TXN_007153,CUST_00958,MER_0030,10895.56,INR,UPI,ICICI,2026-07-06 20:19:00,failed,bank_timeout,True,True
TXN_007154,CUST_01758,MER_0041,1373.63,INR,UPI,SBI,2026-07-08 05:37:00,success,,True,False
TXN_007155,CUST_00922,MER_0012,4567.73,INR,Wallet,HDFC,2026-07-28 19:10:00,success,,True,False
TXN_007156,CUST_00850,MER_0049,4301.04,INR,NetBanking,HDFC,2026-08-23 20:56:00,failed,bank_timeout,True,False
TXN_007157,CUST_01832,MER_0010,11063.71,INR,Card,HDFC,2026-08-25 11:26:00,success,,True,False
TXN_007158,CUST_00655,MER_0010,2462.9,INR,UPI,YES,2026-07-29 22:53:00,success,,True,False
TXN_007159,CUST_00915,MER_0004,3432.09,INR,UPI,SBI,2026-07-09 17:47:00,success,,True,False
TXN_007160,CUST_00863,MER_0028,1113.97,INR,Card,KOTAK,2026-07-02 21:06:00,failed,bank_declined,False,False
TXN_007161,CUST_01713,MER_0048,1864.53,INR,Card,SBI,2026-08-23 10:00:00,success,,True,False
TXN_007162,CUST_01081,MER_0013,1907.27,INR,UPI,KOTAK,2026-07-07 03:36:00,failed,bank_timeout,True,False
TXN_007163,CUST_00141,MER_0039,1456.92,INR,UPI,SBI,2026-08-04 11:43:00,success,,True,False
TXN_007164,CUST_00557,MER_0048,1361.65,INR,Wallet,YES,2026-08-08 15:15:00,success,,True,False
TXN_007165,CUST_00825,MER_0027,1605.25,INR,UPI,AXIS,2026-07-03 01:56:00,success,,True,True
TXN_007166,CUST_00405,MER_0019,818.41,INR,UPI,ICICI,2026-08-26 04:59:00,success,,True,True
TXN_007167,CUST_00968,MER_0035,1302.12,INR,UPI,HDFC,2026-07-28 01:28:00,success,,True,False
TXN_007168,CUST_01903,MER_0012,11604.76,INR,Card,ICICI,2026-08-06 11:08:00,success,,True,False
TXN_007169,CUST_01564,MER_0028,4396.32,INR,UPI,AXIS,2026-07-06 11:04:00,success,,True,True
TXN_007170,CUST_01983,MER_0001,5119.05,INR,UPI,SBI,2026-08-10 21:40:00,success,,True,False
TXN_007171,CUST_00484,MER_0010,6258.95,INR,Wallet,KOTAK,2026-07-27 20:59:00,success,,True,False
TXN_007172,CUST_01285,MER_0004,10586.21,INR,Card,AXIS,2026-07-30 23:21:00,success,,True,False
TXN_007173,CUST_00167,MER_0024,591.62,INR,Card,SBI,2026-07-25 04:43:00,success,,True,True
TXN_007174,CUST_01749,MER_0019,912.41,INR,UPI,SBI,2026-07-27 21:02:00,failed,bank_timeout,True,False
TXN_007175,CUST_00370,MER_0002,1676.09,INR,Card,KOTAK,2026-08-09 02:05:00,success,,True,True
TXN_007176,CUST_00656,MER_0009,1918.97,INR,UPI,AXIS,2026-08-18 04:34:00,success,,True,False
TXN_007177,CUST_01418,MER_0004,1706.87,INR,UPI,SBI,2026-08-24 08:28:00,failed,network_error,True,False
TXN_007178,CUST_00540,MER_0043,2510.5,INR,Card,AXIS,2026-08-05 22:16:00,success,,True,False
TXN_007179,CUST_01560,MER_0001,1368.86,INR,UPI,SBI,2026-07-06 01:55:00,success,,True,False
TXN_007180,CUST_01643,MER_0043,428.19,INR,Wallet,HDFC,2026-07-31 22:23:00,failed,bank_declined,True,False
TXN_007181,CUST_00142,MER_0041,1572.79,INR,UPI,ICICI,2026-07-17 06:55:00,success,,True,False
TXN_007182,CUST_01451,MER_0029,2002.87,INR,NetBanking,HDFC,2026-08-12 01:42:00,failed,bank_declined,False,False
TXN_007183,CUST_00125,MER_0020,1648.06,INR,NetBanking,SBI,2026-07-16 21:21:00,success,,True,False
TXN_007184,CUST_01297,MER_0028,987.53,INR,UPI,KOTAK,2026-07-22 07:07:00,success,,True,False
TXN_007185,CUST_00455,MER_0012,2206.9,INR,Card,YES,2026-07-14 12:49:00,success,,True,False
TXN_007186,CUST_00377,MER_0015,1034.35,INR,UPI,YES,2026-07-06 02:10:00,success,,True,True
TXN_007187,CUST_01040,MER_0018,1237.53,INR,Card,YES,2026-07-26 12:04:00,success,,True,False
TXN_007188,CUST_00292,MER_0019,856.67,INR,UPI,ICICI,2026-08-23 00:52:00,success,,True,True
TXN_007189,CUST_00971,MER_0026,2158.57,INR,Card,SBI,2026-07-07 09:25:00,success,,True,False
TXN_007190,CUST_00904,MER_0036,1220.29,INR,UPI,ICICI,2026-07-22 13:52:00,success,,True,False
TXN_007191,CUST_00014,MER_0040,5041.34,INR,UPI,HDFC,2026-08-07 21:38:00,failed,bank_declined,True,False
TXN_007192,CUST_01919,MER_0032,2307.96,INR,UPI,YES,2026-07-31 09:55:00,success,,True,False
TXN_007193,CUST_00187,MER_0022,1289.5,INR,UPI,YES,2026-08-20 19:48:00,success,,True,True
TXN_007194,CUST_00590,MER_0048,3309.05,INR,Card,ICICI,2026-07-27 00:14:00,success,,True,False
TXN_007195,CUST_00710,MER_0013,4241.03,INR,NetBanking,KOTAK,2026-07-24 12:25:00,failed,bank_timeout,True,False
TXN_007196,CUST_00109,MER_0022,8804.0,INR,Card,HDFC,2026-07-10 07:41:00,failed,bank_declined,False,False
TXN_007197,CUST_00328,MER_0039,5068.93,INR,UPI,ICICI,2026-07-09 12:31:00,success,,True,False
TXN_007198,CUST_00445,MER_0005,2715.83,INR,UPI,ICICI,2026-07-08 05:16:00,failed,bank_declined,True,False
TXN_007199,CUST_01374,MER_0016,1290.23,INR,UPI,YES,2026-07-18 03:30:00,success,,True,False
TXN_007200,CUST_00117,MER_0010,1691.35,INR,UPI,KOTAK,2026-07-09 04:39:00,success,,True,False
TXN_007201,CUST_00710,MER_0041,3227.59,INR,UPI,SBI,2026-07-18 02:40:00,success,,True,False
TXN_007202,CUST_01667,MER_0025,3208.89,INR,UPI,YES,2026-08-15 16:37:00,success,,True,True
TXN_007203,CUST_01031,MER_0041,3663.19,INR,Card,SBI,2026-07-21 06:34:00,success,,True,False
TXN_007204,CUST_01057,MER_0037,5885.9,INR,Card,YES,2026-07-28 14:48:00,success,,True,False
TXN_007205,CUST_01511,MER_0001,780.57,INR,NetBanking,HDFC,2026-08-17 19:46:00,success,,True,False
TXN_007206,CUST_00500,MER_0028,1119.28,INR,Card,AXIS,2026-07-03 02:15:00,success,,True,True
TXN_007207,CUST_00605,MER_0045,2932.64,INR,UPI,SBI,2026-08-11 15:54:00,success,,True,False
TXN_007208,CUST_01201,MER_0003,1367.18,INR,UPI,SBI,2026-07-17 23:27:00,success,,True,False
TXN_007209,CUST_00538,MER_0011,36396.02,INR,UPI,YES,2026-08-22 14:14:00,failed,authentication_failure,True,False
TXN_007210,CUST_00929,MER_0015,2292.36,INR,Card,ICICI,2026-07-20 16:25:00,success,,True,False
TXN_007211,CUST_00742,MER_0038,1615.86,INR,UPI,YES,2026-07-13 05:09:00,success,,True,True
TXN_007212,CUST_00406,MER_0031,1662.15,INR,Card,ICICI,2026-07-11 21:51:00,success,,True,False
TXN_007213,CUST_01117,MER_0019,2500.17,INR,Card,ICICI,2026-08-18 11:44:00,failed,insufficient_funds,True,False
TXN_007214,CUST_01170,MER_0024,1693.65,INR,NetBanking,SBI,2026-08-04 17:04:00,success,,True,False
TXN_007215,CUST_01700,MER_0047,1961.53,INR,NetBanking,YES,2026-08-03 19:19:00,success,,True,True
TXN_007216,CUST_01231,MER_0018,7154.01,INR,UPI,YES,2026-07-17 09:20:00,success,,True,False
TXN_007217,CUST_00250,MER_0036,7387.94,INR,UPI,YES,2026-08-08 03:34:00,failed,authentication_failure,True,False
TXN_007218,CUST_01690,MER_0012,834.63,INR,UPI,AXIS,2026-07-07 22:07:00,success,,True,False
TXN_007219,CUST_01705,MER_0006,3754.85,INR,Card,KOTAK,2026-07-30 07:03:00,success,,True,True
TXN_007220,CUST_00564,MER_0010,8462.72,INR,Card,YES,2026-08-08 17:39:00,success,,True,False
TXN_007221,CUST_00051,MER_0010,7301.43,INR,UPI,ICICI,2026-08-11 17:05:00,failed,authentication_failure,False,False
TXN_007222,CUST_01634,MER_0001,7615.48,INR,UPI,KOTAK,2026-07-19 01:15:00,failed,bank_timeout,False,False
TXN_007223,CUST_00291,MER_0042,4033.87,INR,UPI,ICICI,2026-08-09 08:28:00,success,,True,False
TXN_007224,CUST_01809,MER_0016,1415.7,INR,Card,KOTAK,2026-07-14 13:08:00,failed,insufficient_funds,True,False
TXN_007225,CUST_01843,MER_0037,7070.08,INR,NetBanking,ICICI,2026-07-01 12:22:00,success,,True,False
TXN_007226,CUST_00743,MER_0004,1523.04,INR,UPI,ICICI,2026-07-10 12:34:00,success,,True,True
TXN_007227,CUST_01692,MER_0043,1225.18,INR,Card,YES,2026-07-04 16:24:00,success,,True,True
TXN_007228,CUST_01097,MER_0009,2638.57,INR,UPI,ICICI,2026-07-09 01:21:00,success,,True,False
TXN_007229,CUST_00468,MER_0010,2035.85,INR,UPI,ICICI,2026-07-22 01:08:00,success,,True,True
TXN_007230,CUST_01277,MER_0003,4102.36,INR,UPI,KOTAK,2026-07-19 01:33:00,success,,True,False
TXN_007231,CUST_01633,MER_0033,1698.32,INR,UPI,ICICI,2026-07-31 04:20:00,success,,True,False
TXN_007232,CUST_01014,MER_0040,9650.37,INR,UPI,HDFC,2026-08-01 17:32:00,success,,True,False
TXN_007233,CUST_01491,MER_0043,869.8,INR,Wallet,ICICI,2026-07-18 01:48:00,success,,True,False
TXN_007234,CUST_01729,MER_0031,6654.1,INR,Wallet,AXIS,2026-07-29 15:33:00,success,,True,False
TXN_007235,CUST_01986,MER_0031,1323.61,INR,NetBanking,ICICI,2026-07-29 19:18:00,success,,True,False
TXN_007236,CUST_00889,MER_0010,580.11,INR,Card,HDFC,2026-07-13 13:57:00,success,,True,True
TXN_007237,CUST_00059,MER_0037,2952.18,INR,Wallet,KOTAK,2026-07-17 23:21:00,success,,True,False
TXN_007238,CUST_00700,MER_0006,1990.84,INR,UPI,SBI,2026-07-31 17:57:00,failed,bank_timeout,True,False
TXN_007239,CUST_00532,MER_0010,635.81,INR,UPI,KOTAK,2026-07-24 23:04:00,failed,bank_timeout,True,False
TXN_007240,CUST_01219,MER_0022,5327.67,INR,Card,KOTAK,2026-07-18 04:08:00,success,,True,False
TXN_007241,CUST_01371,MER_0049,3897.0,INR,Card,KOTAK,2026-08-07 17:56:00,success,,True,False
TXN_007242,CUST_01376,MER_0048,2553.87,INR,UPI,ICICI,2026-07-11 00:40:00,success,,True,False
TXN_007243,CUST_01139,MER_0047,3579.86,INR,Card,HDFC,2026-07-31 12:07:00,success,,True,False
TXN_007244,CUST_00472,MER_0022,2388.04,INR,NetBanking,ICICI,2026-08-08 02:15:00,success,,True,False
TXN_007245,CUST_01327,MER_0023,777.61,INR,UPI,SBI,2026-07-02 00:56:00,success,,True,True
TXN_007246,CUST_01123,MER_0037,783.12,INR,Card,AXIS,2026-07-13 16:14:00,success,,True,True
TXN_007247,CUST_00872,MER_0031,2074.48,INR,Wallet,AXIS,2026-07-04 06:47:00,success,,True,False
TXN_007248,CUST_01747,MER_0008,2146.25,INR,NetBanking,SBI,2026-08-25 17:05:00,success,,True,False
TXN_007249,CUST_01023,MER_0003,4821.24,INR,UPI,KOTAK,2026-07-09 17:26:00,success,,True,False
TXN_007250,CUST_00281,MER_0028,4473.13,INR,UPI,SBI,2026-07-15 21:28:00,success,,True,False
TXN_007251,CUST_01943,MER_0040,3960.42,INR,Card,ICICI,2026-07-16 13:23:00,failed,expired_card,True,False
TXN_007252,CUST_00700,MER_0038,808.74,INR,UPI,AXIS,2026-07-05 18:14:00,success,,True,False
TXN_007253,CUST_00570,MER_0043,3393.64,INR,UPI,KOTAK,2026-08-11 23:31:00,success,,True,False
TXN_007254,CUST_00012,MER_0006,3715.01,INR,Card,SBI,2026-07-11 19:16:00,success,,True,False
TXN_007255,CUST_01548,MER_0001,361.11,INR,UPI,AXIS,2026-08-21 18:42:00,success,,True,False
TXN_007256,CUST_00302,MER_0025,1252.04,INR,UPI,HDFC,2026-07-04 15:33:00,success,,True,False
TXN_007257,CUST_00176,MER_0029,1404.11,INR,UPI,KOTAK,2026-07-17 21:09:00,failed,network_error,False,False
TXN_007258,CUST_01751,MER_0027,1283.46,INR,Card,AXIS,2026-07-03 10:01:00,success,,True,False
TXN_007259,CUST_00454,MER_0008,2367.27,INR,Card,SBI,2026-07-27 04:21:00,failed,network_error,True,False
TXN_007260,CUST_01353,MER_0016,2148.83,INR,UPI,YES,2026-07-20 21:54:00,success,,True,True
TXN_007261,CUST_00287,MER_0038,1375.93,INR,Card,HDFC,2026-08-16 20:52:00,success,,True,False
TXN_007262,CUST_00785,MER_0004,1463.83,INR,UPI,SBI,2026-07-24 05:01:00,success,,True,True
TXN_007263,CUST_01823,MER_0013,1028.43,INR,UPI,ICICI,2026-08-10 00:41:00,success,,True,False
TXN_007264,CUST_01942,MER_0003,3307.85,INR,NetBanking,ICICI,2026-08-07 23:16:00,failed,bank_declined,True,False
TXN_007265,CUST_00617,MER_0049,1317.52,INR,UPI,AXIS,2026-07-05 21:54:00,success,,True,False
TXN_007266,CUST_00720,MER_0039,8237.99,INR,UPI,YES,2026-07-26 03:26:00,failed,authentication_failure,True,False
TXN_007267,CUST_01548,MER_0027,8301.14,INR,Wallet,ICICI,2026-07-04 18:24:00,success,,True,False
TXN_007268,CUST_00018,MER_0049,1460.16,INR,Card,AXIS,2026-07-16 23:04:00,failed,authentication_failure,False,False
TXN_007269,CUST_01943,MER_0019,3366.94,INR,UPI,AXIS,2026-08-23 14:05:00,failed,authentication_failure,True,True
TXN_007270,CUST_01594,MER_0024,2508.69,INR,UPI,YES,2026-07-10 07:00:00,success,,True,True
TXN_007271,CUST_01747,MER_0044,1460.03,INR,UPI,HDFC,2026-07-25 06:03:00,success,,True,False
TXN_007272,CUST_01092,MER_0011,2374.03,INR,UPI,SBI,2026-08-11 14:44:00,success,,True,False
TXN_007273,CUST_00193,MER_0028,1621.31,INR,UPI,YES,2026-07-17 04:07:00,success,,True,False
TXN_007274,CUST_01957,MER_0044,1916.24,INR,UPI,SBI,2026-07-12 02:48:00,success,,True,False
TXN_007275,CUST_00083,MER_0008,4785.31,INR,NetBanking,HDFC,2026-07-03 13:18:00,success,,True,False
TXN_007276,CUST_00580,MER_0033,2828.14,INR,UPI,HDFC,2026-08-13 19:32:00,failed,bank_timeout,True,False
TXN_007277,CUST_01464,MER_0030,2027.39,INR,UPI,ICICI,2026-07-14 17:27:00,success,,True,False
TXN_007278,CUST_01485,MER_0016,1856.38,INR,NetBanking,ICICI,2026-08-10 07:36:00,failed,bank_declined,True,False
TXN_007279,CUST_01626,MER_0024,1815.24,INR,UPI,SBI,2026-07-10 12:05:00,success,,True,True
TXN_007280,CUST_01251,MER_0008,171.25,INR,UPI,YES,2026-07-21 17:05:00,success,,True,True
TXN_007281,CUST_00227,MER_0008,1522.06,INR,UPI,SBI,2026-07-09 09:00:00,success,,True,False
TXN_007282,CUST_00718,MER_0001,2285.87,INR,NetBanking,KOTAK,2026-07-31 04:12:00,failed,bank_declined,True,False
TXN_007283,CUST_00343,MER_0005,1968.56,INR,UPI,ICICI,2026-08-26 02:14:00,success,,True,False
TXN_007284,CUST_00480,MER_0038,3223.23,INR,Card,YES,2026-07-01 14:30:00,success,,True,True
TXN_007285,CUST_01686,MER_0009,426.74,INR,Card,AXIS,2026-07-31 09:07:00,success,,True,False
TXN_007286,CUST_00867,MER_0031,2332.11,INR,UPI,HDFC,2026-07-13 09:42:00,success,,True,True
TXN_007287,CUST_00596,MER_0015,636.76,INR,Card,ICICI,2026-08-14 10:22:00,success,,True,False
TXN_007288,CUST_00973,MER_0020,928.3,INR,Card,KOTAK,2026-07-22 15:00:00,failed,network_error,True,False
TXN_007289,CUST_00791,MER_0017,6775.11,INR,UPI,ICICI,2026-08-15 08:56:00,success,,True,False
TXN_007290,CUST_00942,MER_0007,3284.49,INR,NetBanking,YES,2026-07-07 11:06:00,success,,True,False
TXN_007291,CUST_01541,MER_0001,2476.46,INR,Card,ICICI,2026-08-15 22:01:00,success,,True,False
TXN_007292,CUST_01708,MER_0013,2402.77,INR,UPI,ICICI,2026-07-28 05:22:00,failed,bank_timeout,True,True
TXN_007293,CUST_01102,MER_0008,1579.42,INR,UPI,YES,2026-08-03 20:58:00,success,,True,False
TXN_007294,CUST_00377,MER_0045,3435.44,INR,Card,SBI,2026-08-20 16:17:00,failed,bank_declined,True,False
TXN_007295,CUST_01430,MER_0007,3922.34,INR,Card,KOTAK,2026-07-29 06:01:00,success,,True,True
TXN_007296,CUST_01289,MER_0050,1788.61,INR,Card,SBI,2026-08-11 18:13:00,failed,expired_card,True,False
TXN_007297,CUST_00403,MER_0045,5265.2,INR,UPI,AXIS,2026-08-09 17:36:00,success,,True,False
TXN_007298,CUST_01104,MER_0022,640.04,INR,Card,KOTAK,2026-07-31 02:04:00,failed,insufficient_funds,True,False
TXN_007299,CUST_00787,MER_0032,1230.99,INR,UPI,YES,2026-08-24 12:33:00,success,,True,False
TXN_007300,CUST_01724,MER_0011,572.39,INR,UPI,HDFC,2026-08-16 10:57:00,success,,True,False
TXN_007301,CUST_01119,MER_0034,1068.46,INR,Card,KOTAK,2026-07-04 18:54:00,success,,True,False
TXN_007302,CUST_01522,MER_0046,17205.85,INR,Card,ICICI,2026-08-23 18:35:00,failed,authentication_failure,True,False
TXN_007303,CUST_00876,MER_0047,11314.39,INR,UPI,HDFC,2026-07-24 07:32:00,success,,True,False
TXN_007304,CUST_01408,MER_0010,4737.57,INR,Card,YES,2026-07-04 15:10:00,failed,insufficient_funds,True,False
TXN_007305,CUST_00453,MER_0018,1798.27,INR,UPI,HDFC,2026-08-22 19:20:00,success,,True,False
TXN_007306,CUST_00679,MER_0031,3907.87,INR,UPI,HDFC,2026-07-30 02:12:00,success,,True,False
TXN_007307,CUST_01782,MER_0023,3463.4,INR,UPI,YES,2026-07-23 23:00:00,success,,True,False
TXN_007308,CUST_01072,MER_0029,1537.83,INR,Wallet,AXIS,2026-07-27 22:41:00,success,,True,True
TXN_007309,CUST_00255,MER_0001,729.24,INR,UPI,SBI,2026-07-27 10:56:00,success,,True,False
TXN_007310,CUST_00326,MER_0004,33867.43,INR,Card,SBI,2026-07-02 16:27:00,success,,True,False
TXN_007311,CUST_00628,MER_0039,2180.0,INR,UPI,AXIS,2026-07-11 22:35:00,success,,True,True
TXN_007312,CUST_01621,MER_0024,1880.72,INR,Card,ICICI,2026-07-15 12:00:00,success,,True,False
TXN_007313,CUST_01890,MER_0011,2672.23,INR,UPI,SBI,2026-07-17 18:54:00,success,,True,True
TXN_007314,CUST_00364,MER_0010,2009.85,INR,Card,HDFC,2026-07-07 16:05:00,failed,insufficient_funds,True,False
TXN_007315,CUST_00620,MER_0038,6833.26,INR,NetBanking,KOTAK,2026-07-14 19:56:00,success,,True,False
TXN_007316,CUST_00943,MER_0022,2209.15,INR,Card,ICICI,2026-07-18 21:25:00,success,,True,False
TXN_007317,CUST_00303,MER_0045,962.79,INR,UPI,KOTAK,2026-07-19 01:53:00,success,,True,False
TXN_007318,CUST_01379,MER_0049,2144.55,INR,UPI,SBI,2026-08-05 18:05:00,success,,True,True
TXN_007319,CUST_00298,MER_0040,1683.24,INR,Card,HDFC,2026-08-06 06:46:00,success,,True,False
TXN_007320,CUST_01264,MER_0015,7624.48,INR,UPI,YES,2026-07-13 11:09:00,failed,authentication_failure,True,False
TXN_007321,CUST_01459,MER_0024,2659.84,INR,Wallet,YES,2026-08-16 19:20:00,success,,True,False
TXN_007322,CUST_01736,MER_0016,877.44,INR,Wallet,KOTAK,2026-08-16 21:00:00,success,,True,False
TXN_007323,CUST_00591,MER_0014,915.33,INR,UPI,KOTAK,2026-08-01 06:58:00,success,,True,False
TXN_007324,CUST_00594,MER_0034,2470.31,INR,UPI,KOTAK,2026-07-11 20:54:00,success,,True,False
TXN_007325,CUST_01314,MER_0034,3194.09,INR,Card,SBI,2026-08-06 17:11:00,failed,network_error,True,False
TXN_007326,CUST_00230,MER_0026,1662.15,INR,UPI,ICICI,2026-07-30 06:47:00,failed,network_error,True,False
TXN_007327,CUST_00086,MER_0041,2395.35,INR,UPI,SBI,2026-08-12 18:27:00,success,,True,False
TXN_007328,CUST_01973,MER_0010,362.78,INR,Card,YES,2026-07-18 15:07:00,success,,True,True
TXN_007329,CUST_01399,MER_0030,1011.25,INR,UPI,KOTAK,2026-08-06 08:10:00,success,,True,False
TXN_007330,CUST_01977,MER_0029,1477.87,INR,Card,HDFC,2026-07-16 00:18:00,failed,expired_card,False,False
TXN_007331,CUST_01797,MER_0037,1272.77,INR,UPI,SBI,2026-07-30 19:46:00,success,,True,False
TXN_007332,CUST_00626,MER_0007,2819.67,INR,UPI,HDFC,2026-08-16 05:54:00,success,,True,True
TXN_007333,CUST_00342,MER_0028,2925.54,INR,UPI,ICICI,2026-07-21 12:32:00,success,,True,False
TXN_007334,CUST_00889,MER_0001,6893.49,INR,UPI,ICICI,2026-07-09 02:31:00,failed,bank_declined,True,False
TXN_007335,CUST_00879,MER_0002,2330.87,INR,NetBanking,HDFC,2026-08-09 10:31:00,failed,bank_declined,True,False
TXN_007336,CUST_00857,MER_0022,1435.02,INR,Card,YES,2026-08-10 08:44:00,success,,True,False
TXN_007337,CUST_01282,MER_0025,2012.53,INR,Card,KOTAK,2026-08-12 02:31:00,success,,True,False
TXN_007338,CUST_00180,MER_0013,1724.64,INR,Card,SBI,2026-07-01 12:24:00,failed,expired_card,True,True
TXN_007339,CUST_01805,MER_0047,3416.08,INR,Card,ICICI,2026-07-18 12:05:00,success,,True,True
TXN_007340,CUST_00448,MER_0038,3918.41,INR,Card,AXIS,2026-08-12 05:45:00,success,,True,False
TXN_007341,CUST_01878,MER_0043,6683.7,INR,NetBanking,ICICI,2026-08-16 07:41:00,success,,True,True
TXN_007342,CUST_01056,MER_0037,10832.38,INR,Card,HDFC,2026-07-29 18:46:00,success,,True,False
TXN_007343,CUST_01221,MER_0012,2696.56,INR,UPI,SBI,2026-07-12 04:44:00,success,,True,False
TXN_007344,CUST_00121,MER_0045,5881.52,INR,UPI,ICICI,2026-07-27 06:48:00,success,,True,False
TXN_007345,CUST_01618,MER_0028,1842.12,INR,UPI,AXIS,2026-07-08 12:58:00,success,,True,True
TXN_007346,CUST_01534,MER_0013,6298.11,INR,UPI,HDFC,2026-08-20 16:48:00,success,,True,True
TXN_007347,CUST_00202,MER_0010,5705.62,INR,UPI,SBI,2026-07-01 06:24:00,success,,True,False
TXN_007348,CUST_01986,MER_0014,5468.35,INR,UPI,ICICI,2026-07-05 03:58:00,success,,True,False
TXN_007349,CUST_00668,MER_0042,2631.36,INR,Card,SBI,2026-07-31 21:06:00,success,,True,True
TXN_007350,CUST_01400,MER_0019,1429.83,INR,UPI,SBI,2026-07-30 19:56:00,success,,True,False
TXN_007351,CUST_00524,MER_0015,799.81,INR,UPI,SBI,2026-07-11 05:33:00,success,,True,False
TXN_007352,CUST_00865,MER_0008,2363.67,INR,UPI,AXIS,2026-07-20 14:50:00,success,,True,False
TXN_007353,CUST_01222,MER_0024,8319.94,INR,Card,ICICI,2026-07-01 06:07:00,success,,True,False
TXN_007354,CUST_01615,MER_0028,1904.78,INR,Card,AXIS,2026-08-20 11:50:00,success,,True,True
TXN_007355,CUST_00604,MER_0020,4573.81,INR,UPI,HDFC,2026-08-11 09:51:00,failed,authentication_failure,True,False
TXN_007356,CUST_00964,MER_0004,1945.07,INR,Wallet,ICICI,2026-07-26 16:28:00,failed,network_error,True,False
TXN_007357,CUST_01729,MER_0036,238.19,INR,Card,AXIS,2026-07-21 04:56:00,failed,expired_card,True,False
TXN_007358,CUST_00571,MER_0009,1173.2,INR,Card,YES,2026-08-26 04:35:00,failed,expired_card,True,False
TXN_007359,CUST_01510,MER_0031,3193.94,INR,NetBanking,AXIS,2026-07-09 00:26:00,success,,True,False
TXN_007360,CUST_01490,MER_0038,3077.98,INR,Card,KOTAK,2026-07-13 08:33:00,success,,True,True
TXN_007361,CUST_01408,MER_0034,3344.9,INR,UPI,SBI,2026-07-10 13:43:00,success,,True,True
TXN_007362,CUST_01517,MER_0023,3931.85,INR,UPI,AXIS,2026-07-31 11:53:00,failed,bank_declined,True,False
TXN_007363,CUST_00112,MER_0047,921.0,INR,UPI,KOTAK,2026-08-17 14:14:00,success,,True,True
TXN_007364,CUST_01948,MER_0002,3351.14,INR,UPI,HDFC,2026-08-25 18:05:00,success,,True,True
TXN_007365,CUST_00499,MER_0030,1474.12,INR,Card,YES,2026-07-20 15:07:00,success,,True,False
TXN_007366,CUST_01767,MER_0019,694.8,INR,NetBanking,SBI,2026-07-03 19:04:00,success,,True,False
TXN_007367,CUST_00558,MER_0001,5308.56,INR,UPI,AXIS,2026-07-11 02:18:00,success,,True,False
TXN_007368,CUST_01775,MER_0020,7450.84,INR,NetBanking,KOTAK,2026-08-20 00:34:00,success,,True,False
TXN_007369,CUST_00303,MER_0038,8482.23,INR,Card,HDFC,2026-08-15 09:43:00,success,,True,True
TXN_007370,CUST_00966,MER_0036,2834.46,INR,UPI,KOTAK,2026-07-20 07:31:00,failed,bank_timeout,True,False
TXN_007371,CUST_00449,MER_0009,7301.93,INR,NetBanking,KOTAK,2026-07-07 11:42:00,success,,True,False
TXN_007372,CUST_01201,MER_0014,1460.99,INR,Card,YES,2026-08-08 20:27:00,success,,True,False
TXN_007373,CUST_01323,MER_0023,5934.52,INR,UPI,KOTAK,2026-07-15 12:22:00,failed,authentication_failure,True,False
TXN_007374,CUST_01542,MER_0041,5069.36,INR,NetBanking,SBI,2026-07-16 04:21:00,success,,True,False
TXN_007375,CUST_01448,MER_0050,2832.39,INR,UPI,ICICI,2026-07-12 04:12:00,success,,True,False
TXN_007376,CUST_01373,MER_0029,6884.35,INR,NetBanking,HDFC,2026-08-12 07:50:00,failed,bank_declined,True,False
TXN_007377,CUST_00081,MER_0028,744.58,INR,UPI,YES,2026-07-23 04:44:00,failed,bank_declined,True,False
TXN_007378,CUST_00794,MER_0049,1143.64,INR,Card,YES,2026-08-14 16:55:00,success,,True,False
TXN_007379,CUST_00451,MER_0013,6650.5,INR,NetBanking,ICICI,2026-08-05 13:24:00,failed,bank_declined,True,False
TXN_007380,CUST_00640,MER_0043,6252.95,INR,UPI,ICICI,2026-08-02 22:41:00,success,,True,False
TXN_007381,CUST_01124,MER_0046,6050.01,INR,Card,AXIS,2026-08-08 03:03:00,success,,True,False
TXN_007382,CUST_01137,MER_0012,3443.05,INR,Card,KOTAK,2026-07-04 22:09:00,success,,True,False
TXN_007383,CUST_00671,MER_0038,3665.9,INR,Wallet,KOTAK,2026-07-04 19:34:00,success,,True,True
TXN_007384,CUST_00990,MER_0020,3422.42,INR,UPI,YES,2026-07-09 15:20:00,success,,True,False
TXN_007385,CUST_00316,MER_0001,487.33,INR,NetBanking,SBI,2026-07-08 01:09:00,failed,bank_timeout,True,False
TXN_007386,CUST_01527,MER_0032,999.39,INR,UPI,HDFC,2026-07-16 18:50:00,success,,True,False
TXN_007387,CUST_00022,MER_0043,2798.81,INR,UPI,YES,2026-08-12 14:35:00,success,,True,False
TXN_007388,CUST_01087,MER_0016,978.13,INR,UPI,SBI,2026-07-29 02:34:00,success,,True,False
TXN_007389,CUST_01680,MER_0010,945.81,INR,Card,ICICI,2026-07-05 20:30:00,failed,authentication_failure,True,False
TXN_007390,CUST_01917,MER_0017,5741.97,INR,UPI,AXIS,2026-08-25 00:46:00,success,,True,False
TXN_007391,CUST_00452,MER_0045,2432.53,INR,NetBanking,HDFC,2026-07-31 09:08:00,success,,True,False
TXN_007392,CUST_00594,MER_0002,2829.39,INR,Card,AXIS,2026-08-09 06:13:00,failed,expired_card,True,False
TXN_007393,CUST_00220,MER_0029,3850.28,INR,UPI,YES,2026-07-04 23:59:00,success,,True,True
TXN_007394,CUST_00181,MER_0027,1421.06,INR,NetBanking,KOTAK,2026-07-16 04:10:00,success,,True,False
TXN_007395,CUST_00341,MER_0033,5404.53,INR,Card,ICICI,2026-08-15 22:12:00,failed,expired_card,True,False
TXN_007396,CUST_01281,MER_0044,1744.32,INR,Card,SBI,2026-07-12 04:33:00,failed,bank_declined,True,False
TXN_007397,CUST_00774,MER_0015,1520.94,INR,NetBanking,SBI,2026-07-17 10:13:00,success,,True,True
TXN_007398,CUST_01218,MER_0002,3174.63,INR,NetBanking,SBI,2026-07-22 22:22:00,success,,True,False
TXN_007399,CUST_01091,MER_0025,1587.81,INR,UPI,KOTAK,2026-07-15 21:44:00,success,,True,False
TXN_007400,CUST_00650,MER_0036,3550.41,INR,UPI,AXIS,2026-07-21 21:54:00,success,,True,False
TXN_007401,CUST_00761,MER_0002,6456.26,INR,Card,ICICI,2026-07-20 11:33:00,success,,True,False
TXN_007402,CUST_01800,MER_0008,1372.71,INR,UPI,HDFC,2026-07-30 17:30:00,failed,authentication_failure,True,True
TXN_007403,CUST_00352,MER_0027,3530.04,INR,Card,ICICI,2026-07-03 05:10:00,failed,insufficient_funds,True,False
TXN_007404,CUST_01871,MER_0045,3538.49,INR,UPI,ICICI,2026-08-19 10:06:00,success,,True,False
TXN_007405,CUST_01899,MER_0029,3805.94,INR,NetBanking,AXIS,2026-08-17 05:44:00,failed,bank_declined,True,False
TXN_007406,CUST_00118,MER_0017,1502.98,INR,Wallet,KOTAK,2026-08-01 16:57:00,success,,True,False
TXN_007407,CUST_01223,MER_0042,1148.0,INR,Wallet,SBI,2026-07-04 08:37:00,success,,True,False
TXN_007408,CUST_00578,MER_0026,1908.24,INR,Card,YES,2026-08-08 05:41:00,success,,True,True
TXN_007409,CUST_01882,MER_0039,1125.29,INR,Wallet,HDFC,2026-07-06 11:50:00,success,,True,False
TXN_007410,CUST_00028,MER_0012,3833.75,INR,Card,ICICI,2026-07-30 22:49:00,success,,True,False
TXN_007411,CUST_00795,MER_0010,963.53,INR,UPI,KOTAK,2026-07-01 09:05:00,success,,True,False
TXN_007412,CUST_01535,MER_0015,15778.65,INR,NetBanking,KOTAK,2026-07-16 19:54:00,success,,True,False
TXN_007413,CUST_01747,MER_0041,6882.53,INR,Wallet,KOTAK,2026-07-25 22:34:00,success,,True,False
TXN_007414,CUST_01672,MER_0013,2465.28,INR,NetBanking,HDFC,2026-07-17 03:03:00,failed,bank_declined,True,False
TXN_007415,CUST_01021,MER_0002,658.89,INR,NetBanking,HDFC,2026-07-05 19:51:00,failed,network_error,True,False
TXN_007416,CUST_01794,MER_0020,1522.07,INR,Wallet,AXIS,2026-07-27 04:09:00,failed,network_error,True,False
TXN_007417,CUST_01362,MER_0001,552.94,INR,Card,HDFC,2026-08-23 02:07:00,success,,True,True
TXN_007418,CUST_01746,MER_0017,3601.23,INR,UPI,AXIS,2026-07-28 14:04:00,success,,True,False
TXN_007419,CUST_01029,MER_0007,1007.2,INR,Card,AXIS,2026-08-18 13:00:00,failed,insufficient_funds,True,False
TXN_007420,CUST_00788,MER_0020,1579.05,INR,UPI,HDFC,2026-07-13 02:56:00,failed,network_error,True,False
TXN_007421,CUST_00857,MER_0011,1282.43,INR,UPI,SBI,2026-07-31 19:24:00,success,,True,True
TXN_007422,CUST_01158,MER_0049,2923.77,INR,UPI,KOTAK,2026-08-08 23:21:00,failed,bank_timeout,True,True
TXN_007423,CUST_00997,MER_0032,1340.7,INR,NetBanking,HDFC,2026-07-01 09:46:00,success,,True,False
TXN_007424,CUST_00748,MER_0003,4148.98,INR,NetBanking,HDFC,2026-07-09 17:42:00,failed,network_error,True,False
TXN_007425,CUST_01249,MER_0006,3576.25,INR,UPI,ICICI,2026-07-04 03:31:00,success,,True,False
TXN_007426,CUST_00974,MER_0044,1171.68,INR,Card,AXIS,2026-08-05 00:44:00,failed,bank_declined,True,True
TXN_007427,CUST_01503,MER_0019,2503.06,INR,UPI,AXIS,2026-07-09 18:35:00,success,,True,True
TXN_007428,CUST_00770,MER_0017,1845.42,INR,UPI,SBI,2026-07-25 21:10:00,failed,network_error,True,False
TXN_007429,CUST_01649,MER_0046,2904.39,INR,Card,SBI,2026-07-13 18:03:00,success,,True,True
TXN_007430,CUST_00520,MER_0009,5045.65,INR,Card,HDFC,2026-08-08 11:50:00,failed,network_error,True,False
TXN_007431,CUST_01703,MER_0050,7047.3,INR,Card,SBI,2026-07-27 17:29:00,success,,True,False
TXN_007432,CUST_00084,MER_0045,2136.26,INR,UPI,ICICI,2026-07-30 23:29:00,success,,True,False
TXN_007433,CUST_01818,MER_0025,1122.2,INR,Card,HDFC,2026-08-16 17:40:00,success,,True,False
TXN_007434,CUST_00579,MER_0027,13930.78,INR,UPI,ICICI,2026-07-08 13:00:00,success,,True,False
TXN_007435,CUST_00258,MER_0041,566.81,INR,Card,KOTAK,2026-07-31 18:51:00,success,,True,False
TXN_007436,CUST_01790,MER_0034,1351.55,INR,UPI,HDFC,2026-07-22 03:58:00,success,,True,False
TXN_007437,CUST_01252,MER_0009,1477.9,INR,Card,AXIS,2026-07-20 04:13:00,success,,True,True
TXN_007438,CUST_01570,MER_0004,18153.98,INR,UPI,ICICI,2026-07-21 19:44:00,success,,True,False
TXN_007439,CUST_01192,MER_0050,10357.72,INR,Card,HDFC,2026-08-14 18:11:00,failed,authentication_failure,False,False
TXN_007440,CUST_01189,MER_0002,1873.33,INR,UPI,YES,2026-07-30 01:13:00,success,,True,False
TXN_007441,CUST_00488,MER_0040,16999.55,INR,UPI,YES,2026-07-31 22:19:00,success,,True,False
TXN_007442,CUST_00510,MER_0007,3276.99,INR,Card,YES,2026-08-04 02:05:00,success,,True,False
TXN_007443,CUST_01200,MER_0045,5333.75,INR,UPI,AXIS,2026-08-11 19:33:00,success,,True,False
TXN_007444,CUST_00384,MER_0009,2817.93,INR,Card,AXIS,2026-08-01 23:39:00,success,,True,False
TXN_007445,CUST_01083,MER_0044,2345.91,INR,UPI,HDFC,2026-07-06 19:12:00,success,,True,False
TXN_007446,CUST_01421,MER_0005,1995.35,INR,UPI,ICICI,2026-07-02 04:50:00,success,,True,True
TXN_007447,CUST_01847,MER_0026,2063.77,INR,UPI,HDFC,2026-08-01 10:04:00,success,,True,False
TXN_007448,CUST_01377,MER_0039,3971.08,INR,NetBanking,KOTAK,2026-08-06 04:22:00,success,,True,False
TXN_007449,CUST_00112,MER_0002,3273.97,INR,Card,SBI,2026-08-04 13:29:00,failed,insufficient_funds,True,False
TXN_007450,CUST_00532,MER_0047,8165.06,INR,Card,YES,2026-07-28 12:50:00,success,,True,False
TXN_007451,CUST_01571,MER_0029,227.37,INR,UPI,YES,2026-07-25 14:26:00,failed,network_error,True,True
TXN_007452,CUST_00058,MER_0031,4333.76,INR,UPI,YES,2026-08-16 13:59:00,failed,bank_declined,False,False
TXN_007453,CUST_01457,MER_0016,2317.17,INR,UPI,ICICI,2026-07-15 20:05:00,failed,network_error,True,False
TXN_007454,CUST_00836,MER_0006,5370.94,INR,Card,YES,2026-08-26 11:29:00,failed,bank_declined,True,False
TXN_007455,CUST_00975,MER_0025,1919.02,INR,UPI,HDFC,2026-07-15 04:50:00,failed,bank_declined,True,False
TXN_007456,CUST_00118,MER_0026,9347.45,INR,UPI,ICICI,2026-08-08 00:20:00,success,,True,False
TXN_007457,CUST_00790,MER_0015,446.2,INR,UPI,SBI,2026-08-05 07:39:00,success,,True,False
TXN_007458,CUST_00754,MER_0009,1405.28,INR,NetBanking,AXIS,2026-07-24 01:20:00,success,,True,True
TXN_007459,CUST_00226,MER_0034,7884.62,INR,UPI,SBI,2026-08-11 18:12:00,success,,True,False
TXN_007460,CUST_01326,MER_0022,5849.03,INR,Card,HDFC,2026-07-16 23:03:00,failed,authentication_failure,True,False
TXN_007461,CUST_00902,MER_0003,1704.66,INR,UPI,HDFC,2026-07-25 11:50:00,success,,True,True
TXN_007462,CUST_00224,MER_0032,1205.37,INR,NetBanking,AXIS,2026-07-09 14:05:00,success,,True,False
TXN_007463,CUST_01142,MER_0003,1520.85,INR,Wallet,KOTAK,2026-08-04 15:00:00,success,,True,False
TXN_007464,CUST_00918,MER_0022,8420.35,INR,Wallet,YES,2026-07-13 18:42:00,success,,True,False
TXN_007465,CUST_00905,MER_0032,1476.23,INR,Card,AXIS,2026-07-14 10:13:00,success,,True,True
TXN_007466,CUST_01033,MER_0002,2646.88,INR,Card,KOTAK,2026-08-09 23:11:00,success,,True,True
TXN_007467,CUST_00875,MER_0039,1335.46,INR,Card,ICICI,2026-08-16 17:00:00,success,,True,False
TXN_007468,CUST_00080,MER_0024,4789.68,INR,UPI,YES,2026-07-20 04:33:00,success,,True,False
TXN_007469,CUST_00979,MER_0027,1586.08,INR,UPI,HDFC,2026-07-30 07:39:00,success,,True,False
TXN_007470,CUST_00478,MER_0026,2257.3,INR,UPI,AXIS,2026-07-23 06:01:00,success,,True,False
TXN_007471,CUST_00078,MER_0044,634.79,INR,Card,HDFC,2026-07-24 08:17:00,success,,True,False
TXN_007472,CUST_01416,MER_0013,671.36,INR,UPI,HDFC,2026-08-22 00:33:00,success,,True,False
TXN_007473,CUST_01027,MER_0041,2455.63,INR,Wallet,YES,2026-07-22 03:43:00,failed,bank_timeout,False,False
TXN_007474,CUST_01321,MER_0026,13148.58,INR,UPI,AXIS,2026-07-10 15:20:00,failed,authentication_failure,True,True
TXN_007475,CUST_01156,MER_0022,1286.73,INR,NetBanking,HDFC,2026-07-24 16:58:00,success,,True,False
TXN_007476,CUST_01321,MER_0017,2473.43,INR,UPI,AXIS,2026-07-19 05:05:00,success,,True,False
TXN_007477,CUST_00735,MER_0040,1822.37,INR,NetBanking,YES,2026-07-21 20:58:00,success,,True,False
TXN_007478,CUST_00853,MER_0028,1008.97,INR,Wallet,HDFC,2026-08-06 18:10:00,failed,bank_declined,True,False
TXN_007479,CUST_00996,MER_0043,1104.86,INR,Card,KOTAK,2026-07-17 22:54:00,success,,True,False
TXN_007480,CUST_01628,MER_0040,1940.35,INR,UPI,YES,2026-08-25 16:51:00,failed,bank_declined,True,False
TXN_007481,CUST_01840,MER_0011,2597.62,INR,NetBanking,HDFC,2026-07-20 06:34:00,success,,True,False
TXN_007482,CUST_01643,MER_0043,6287.51,INR,Wallet,SBI,2026-07-10 01:21:00,failed,bank_timeout,False,False
TXN_007483,CUST_01236,MER_0036,5949.66,INR,UPI,AXIS,2026-08-04 05:54:00,success,,True,False
TXN_007484,CUST_00001,MER_0032,259.83,INR,Card,KOTAK,2026-08-07 15:08:00,success,,True,False
TXN_007485,CUST_00775,MER_0042,1913.01,INR,UPI,AXIS,2026-07-05 13:04:00,failed,bank_timeout,True,True
TXN_007486,CUST_01461,MER_0006,1544.74,INR,UPI,ICICI,2026-07-26 14:25:00,success,,True,False
TXN_007487,CUST_01921,MER_0018,9996.38,INR,Card,ICICI,2026-07-11 08:04:00,success,,True,False
TXN_007488,CUST_01557,MER_0034,7999.32,INR,Wallet,SBI,2026-07-20 10:38:00,success,,True,True
TXN_007489,CUST_00788,MER_0047,1676.89,INR,Card,SBI,2026-07-20 20:16:00,success,,True,False
TXN_007490,CUST_01278,MER_0005,1631.85,INR,Card,HDFC,2026-07-29 00:21:00,failed,network_error,True,False
TXN_007491,CUST_01946,MER_0022,1474.87,INR,NetBanking,YES,2026-08-12 21:54:00,success,,True,False
TXN_007492,CUST_01975,MER_0049,910.44,INR,UPI,ICICI,2026-07-10 03:13:00,success,,True,False
TXN_007493,CUST_00024,MER_0025,3439.39,INR,NetBanking,HDFC,2026-07-20 19:54:00,failed,network_error,True,True
TXN_007494,CUST_00573,MER_0044,3955.99,INR,NetBanking,HDFC,2026-07-27 09:56:00,success,,True,False
TXN_007495,CUST_01744,MER_0042,4033.8,INR,NetBanking,SBI,2026-07-03 01:45:00,success,,True,False
TXN_007496,CUST_01681,MER_0046,646.15,INR,UPI,SBI,2026-07-23 03:31:00,success,,True,True
TXN_007497,CUST_00720,MER_0011,8432.55,INR,Wallet,ICICI,2026-08-09 08:55:00,success,,True,False
TXN_007498,CUST_01663,MER_0035,3680.81,INR,UPI,AXIS,2026-07-28 09:41:00,success,,True,False
TXN_007499,CUST_00558,MER_0043,4445.99,INR,UPI,YES,2026-07-16 05:17:00,success,,True,False
TXN_007500,CUST_01404,MER_0020,1330.18,INR,Card,SBI,2026-08-09 03:42:00,success,,True,False
TXN_007501,CUST_00689,MER_0032,4015.44,INR,UPI,KOTAK,2026-08-19 06:46:00,failed,network_error,True,False
TXN_007502,CUST_00839,MER_0038,2255.47,INR,UPI,YES,2026-07-29 11:45:00,success,,True,False
TXN_007503,CUST_01685,MER_0043,12106.99,INR,Card,KOTAK,2026-08-10 06:12:00,success,,True,False
TXN_007504,CUST_00442,MER_0034,2528.17,INR,UPI,ICICI,2026-07-22 16:00:00,success,,True,False
TXN_007505,CUST_00514,MER_0041,6079.2,INR,UPI,HDFC,2026-07-21 09:30:00,success,,True,False
TXN_007506,CUST_01250,MER_0028,3085.31,INR,Wallet,HDFC,2026-07-14 23:24:00,success,,True,True
TXN_007507,CUST_00833,MER_0040,3898.77,INR,UPI,YES,2026-08-07 09:24:00,success,,True,False
TXN_007508,CUST_01866,MER_0012,640.94,INR,Card,ICICI,2026-07-20 12:06:00,success,,True,False
TXN_007509,CUST_00523,MER_0038,3284.08,INR,Card,AXIS,2026-07-21 02:17:00,failed,insufficient_funds,True,False
TXN_007510,CUST_00004,MER_0014,1240.02,INR,Card,AXIS,2026-07-02 02:17:00,success,,True,False
TXN_007511,CUST_00217,MER_0024,9850.55,INR,Wallet,YES,2026-08-06 19:34:00,success,,True,False
TXN_007512,CUST_00931,MER_0005,2056.96,INR,Card,YES,2026-07-18 11:12:00,success,,True,False
TXN_007513,CUST_01813,MER_0026,1093.74,INR,UPI,HDFC,2026-08-26 20:56:00,success,,True,False
TXN_007514,CUST_01792,MER_0020,1831.14,INR,UPI,KOTAK,2026-07-19 03:31:00,success,,True,True
TXN_007515,CUST_01450,MER_0017,862.33,INR,NetBanking,SBI,2026-08-24 08:25:00,success,,True,True
TXN_007516,CUST_00818,MER_0015,7685.63,INR,NetBanking,ICICI,2026-07-30 13:50:00,success,,True,False
TXN_007517,CUST_00280,MER_0043,1398.92,INR,UPI,AXIS,2026-07-12 04:04:00,success,,True,False
TXN_007518,CUST_01041,MER_0044,3727.3,INR,UPI,YES,2026-07-28 03:08:00,success,,True,False
TXN_007519,CUST_00910,MER_0017,7221.99,INR,Card,ICICI,2026-08-10 20:49:00,failed,bank_declined,True,False
TXN_007520,CUST_00096,MER_0021,3735.43,INR,Card,AXIS,2026-07-04 01:53:00,success,,True,False
TXN_007521,CUST_01508,MER_0049,1070.55,INR,Card,AXIS,2026-07-16 00:09:00,success,,True,False
TXN_007522,CUST_01876,MER_0042,17268.09,INR,UPI,SBI,2026-08-17 13:56:00,success,,True,False
TXN_007523,CUST_00837,MER_0017,5162.13,INR,UPI,KOTAK,2026-07-29 13:55:00,failed,network_error,True,True
TXN_007524,CUST_00727,MER_0008,1315.19,INR,UPI,KOTAK,2026-07-26 18:38:00,success,,True,True
TXN_007525,CUST_01586,MER_0003,2227.87,INR,UPI,YES,2026-07-17 18:23:00,success,,True,False
TXN_007526,CUST_01084,MER_0049,1859.41,INR,NetBanking,AXIS,2026-08-25 17:19:00,failed,bank_timeout,True,False
TXN_007527,CUST_01734,MER_0030,915.59,INR,UPI,ICICI,2026-08-13 16:25:00,success,,True,False
TXN_007528,CUST_01600,MER_0017,2718.52,INR,UPI,KOTAK,2026-08-13 19:03:00,success,,True,False
TXN_007529,CUST_01279,MER_0023,2405.06,INR,Card,HDFC,2026-07-18 00:51:00,success,,True,False
TXN_007530,CUST_01525,MER_0047,2221.8,INR,UPI,HDFC,2026-08-22 19:30:00,success,,True,False
TXN_007531,CUST_01536,MER_0020,2237.48,INR,UPI,SBI,2026-08-09 21:36:00,failed,bank_declined,False,False
TXN_007532,CUST_01632,MER_0041,4907.17,INR,Wallet,ICICI,2026-08-04 21:41:00,failed,network_error,True,False
TXN_007533,CUST_00671,MER_0003,3412.26,INR,Card,ICICI,2026-08-23 18:37:00,failed,insufficient_funds,True,False
TXN_007534,CUST_00241,MER_0040,3102.1,INR,Card,ICICI,2026-07-14 13:06:00,success,,True,False
TXN_007535,CUST_00440,MER_0033,649.04,INR,Card,SBI,2026-07-22 09:20:00,success,,True,False
TXN_007536,CUST_01931,MER_0032,4093.09,INR,Card,KOTAK,2026-07-07 07:09:00,success,,True,False
TXN_007537,CUST_01062,MER_0049,7939.44,INR,UPI,YES,2026-07-07 03:22:00,success,,True,False
TXN_007538,CUST_00456,MER_0050,1163.29,INR,Card,YES,2026-07-18 15:25:00,success,,True,False
TXN_007539,CUST_00876,MER_0016,1979.45,INR,NetBanking,SBI,2026-07-25 12:56:00,failed,network_error,False,False
TXN_007540,CUST_00336,MER_0044,6557.37,INR,NetBanking,KOTAK,2026-07-31 17:02:00,success,,True,False
TXN_007541,CUST_01535,MER_0020,2633.38,INR,Wallet,KOTAK,2026-08-20 17:15:00,success,,True,True
TXN_007542,CUST_01076,MER_0029,9727.03,INR,UPI,ICICI,2026-07-14 14:45:00,success,,True,False
TXN_007543,CUST_00255,MER_0043,3398.21,INR,UPI,AXIS,2026-08-20 07:53:00,success,,True,False
TXN_007544,CUST_01505,MER_0002,2963.01,INR,UPI,SBI,2026-08-22 10:12:00,success,,True,True
TXN_007545,CUST_01566,MER_0047,2577.47,INR,Card,HDFC,2026-08-16 05:59:00,success,,True,False
TXN_007546,CUST_00973,MER_0041,4695.66,INR,UPI,AXIS,2026-07-13 03:32:00,success,,True,False
TXN_007547,CUST_01142,MER_0041,607.8,INR,Card,SBI,2026-08-22 19:35:00,success,,True,False
TXN_007548,CUST_01720,MER_0047,2613.05,INR,Card,YES,2026-07-07 04:01:00,success,,True,False
TXN_007549,CUST_01098,MER_0004,2307.6,INR,NetBanking,HDFC,2026-07-12 22:09:00,failed,bank_timeout,True,True
TXN_007550,CUST_00713,MER_0010,2100.31,INR,UPI,KOTAK,2026-07-10 02:06:00,success,,True,False
TXN_007551,CUST_00808,MER_0020,1063.17,INR,Card,SBI,2026-08-16 20:17:00,success,,True,False
TXN_007552,CUST_00427,MER_0040,2455.0,INR,Card,AXIS,2026-07-21 16:04:00,failed,network_error,True,True
TXN_007553,CUST_00804,MER_0013,523.11,INR,UPI,SBI,2026-08-23 11:48:00,failed,bank_timeout,True,False
TXN_007554,CUST_00971,MER_0041,3878.68,INR,UPI,KOTAK,2026-08-03 12:26:00,success,,True,True
TXN_007555,CUST_01306,MER_0031,3546.34,INR,UPI,KOTAK,2026-07-28 04:26:00,success,,True,False
TXN_007556,CUST_01680,MER_0047,6921.19,INR,Card,YES,2026-08-20 14:04:00,success,,True,False
TXN_007557,CUST_01153,MER_0027,1433.64,INR,UPI,AXIS,2026-07-13 04:47:00,success,,True,False
TXN_007558,CUST_00747,MER_0029,776.74,INR,UPI,YES,2026-08-10 22:33:00,success,,True,False
TXN_007559,CUST_00987,MER_0017,2307.63,INR,Card,HDFC,2026-07-07 21:39:00,success,,True,False
TXN_007560,CUST_01538,MER_0030,1848.26,INR,Card,YES,2026-07-28 13:09:00,success,,True,False
TXN_007561,CUST_01261,MER_0013,1244.09,INR,UPI,AXIS,2026-07-02 15:08:00,success,,True,True
TXN_007562,CUST_00345,MER_0004,2289.57,INR,Card,SBI,2026-08-12 16:12:00,success,,True,False
TXN_007563,CUST_01510,MER_0002,1496.25,INR,Card,SBI,2026-07-25 05:56:00,failed,insufficient_funds,True,False
TXN_007564,CUST_01908,MER_0041,1714.81,INR,NetBanking,YES,2026-08-23 08:10:00,success,,True,True
TXN_007565,CUST_00989,MER_0046,983.29,INR,NetBanking,YES,2026-08-03 06:23:00,success,,True,False
TXN_007566,CUST_00257,MER_0003,2937.51,INR,NetBanking,HDFC,2026-08-16 15:31:00,success,,True,False
TXN_007567,CUST_00039,MER_0037,1444.0,INR,UPI,ICICI,2026-07-11 02:31:00,success,,True,True
TXN_007568,CUST_00464,MER_0032,5939.05,INR,UPI,SBI,2026-08-24 17:05:00,failed,network_error,True,False
TXN_007569,CUST_01263,MER_0028,4202.8,INR,NetBanking,ICICI,2026-07-14 14:55:00,failed,authentication_failure,True,False
TXN_007570,CUST_00534,MER_0010,8136.84,INR,Card,KOTAK,2026-07-08 22:25:00,success,,True,False
TXN_007571,CUST_01585,MER_0044,8609.11,INR,UPI,SBI,2026-08-24 15:50:00,success,,True,False
TXN_007572,CUST_01154,MER_0016,2477.57,INR,Card,ICICI,2026-07-26 16:40:00,failed,network_error,True,True
TXN_007573,CUST_01442,MER_0049,1569.73,INR,UPI,KOTAK,2026-07-08 08:58:00,success,,True,True
TXN_007574,CUST_00868,MER_0043,548.4,INR,Card,KOTAK,2026-07-06 05:09:00,success,,True,False
TXN_007575,CUST_01287,MER_0013,1328.46,INR,Card,ICICI,2026-08-03 01:00:00,success,,True,False
TXN_007576,CUST_01917,MER_0029,9734.59,INR,Card,KOTAK,2026-07-01 02:29:00,failed,insufficient_funds,True,False
TXN_007577,CUST_01670,MER_0005,2439.67,INR,Card,SBI,2026-07-14 15:08:00,success,,True,False
TXN_007578,CUST_00361,MER_0016,2508.19,INR,NetBanking,YES,2026-07-12 16:25:00,success,,True,False
TXN_007579,CUST_01134,MER_0020,1619.09,INR,UPI,KOTAK,2026-07-16 21:03:00,success,,True,False
TXN_007580,CUST_00631,MER_0001,1711.6,INR,UPI,ICICI,2026-07-01 18:47:00,success,,True,True
TXN_007581,CUST_00637,MER_0025,2585.82,INR,Card,HDFC,2026-07-07 10:00:00,success,,True,False
TXN_007582,CUST_00546,MER_0008,1556.62,INR,UPI,HDFC,2026-08-10 18:25:00,success,,True,False
TXN_007583,CUST_00816,MER_0046,782.39,INR,UPI,AXIS,2026-07-04 08:13:00,failed,bank_declined,True,False
TXN_007584,CUST_00587,MER_0018,5760.0,INR,UPI,AXIS,2026-08-11 13:29:00,success,,True,False
TXN_007585,CUST_01234,MER_0016,4893.48,INR,Card,SBI,2026-07-02 18:17:00,failed,network_error,True,False
TXN_007586,CUST_00132,MER_0029,896.97,INR,Card,ICICI,2026-07-30 22:52:00,success,,True,True
TXN_007587,CUST_00397,MER_0010,1944.29,INR,UPI,AXIS,2026-07-30 12:07:00,success,,True,False
TXN_007588,CUST_01987,MER_0041,8554.68,INR,UPI,ICICI,2026-07-31 04:05:00,success,,True,False
TXN_007589,CUST_00241,MER_0039,4090.73,INR,UPI,HDFC,2026-08-25 15:49:00,failed,network_error,False,False
TXN_007590,CUST_00108,MER_0044,4973.53,INR,Wallet,AXIS,2026-07-05 07:24:00,success,,True,False
TXN_007591,CUST_00246,MER_0007,3417.32,INR,UPI,SBI,2026-07-22 08:12:00,success,,True,False
TXN_007592,CUST_01163,MER_0021,2687.82,INR,UPI,ICICI,2026-08-10 21:36:00,success,,True,False
TXN_007593,CUST_00002,MER_0018,4145.78,INR,Card,AXIS,2026-07-23 06:55:00,success,,True,False
TXN_007594,CUST_01438,MER_0029,1576.66,INR,Card,KOTAK,2026-08-14 04:32:00,success,,True,True
TXN_007595,CUST_01506,MER_0034,787.16,INR,UPI,KOTAK,2026-07-11 06:47:00,success,,True,False
TXN_007596,CUST_01755,MER_0012,4352.03,INR,UPI,KOTAK,2026-08-16 23:01:00,success,,True,False
TXN_007597,CUST_00909,MER_0021,6569.48,INR,UPI,AXIS,2026-07-02 04:07:00,success,,True,True
TXN_007598,CUST_00004,MER_0022,997.66,INR,Card,AXIS,2026-07-23 03:13:00,failed,network_error,True,False
TXN_007599,CUST_01599,MER_0044,9363.86,INR,Card,HDFC,2026-07-27 13:38:00,success,,True,False
TXN_007600,CUST_00625,MER_0044,2436.22,INR,Wallet,AXIS,2026-07-31 22:28:00,success,,True,False
TXN_007601,CUST_00355,MER_0028,1268.51,INR,UPI,KOTAK,2026-08-20 09:19:00,success,,True,False
TXN_007602,CUST_01336,MER_0003,2693.01,INR,NetBanking,YES,2026-07-28 08:23:00,success,,True,False
TXN_007603,CUST_01944,MER_0032,1571.17,INR,Card,ICICI,2026-07-28 19:58:00,success,,True,True
TXN_007604,CUST_01760,MER_0044,1490.13,INR,Card,AXIS,2026-08-12 17:59:00,success,,True,False
TXN_007605,CUST_00396,MER_0037,3451.44,INR,UPI,AXIS,2026-07-13 22:51:00,failed,bank_declined,True,True
TXN_007606,CUST_00427,MER_0031,768.82,INR,UPI,SBI,2026-07-13 11:16:00,success,,True,False
TXN_007607,CUST_01297,MER_0040,2478.56,INR,UPI,KOTAK,2026-07-29 02:44:00,success,,True,True
TXN_007608,CUST_00418,MER_0001,2397.43,INR,UPI,YES,2026-07-23 11:10:00,success,,True,False
TXN_007609,CUST_01224,MER_0007,3212.63,INR,Card,AXIS,2026-08-03 19:45:00,failed,network_error,True,False
TXN_007610,CUST_00858,MER_0013,2653.44,INR,Card,SBI,2026-08-08 05:50:00,success,,True,False
TXN_007611,CUST_00038,MER_0006,3938.43,INR,Wallet,YES,2026-07-20 06:47:00,success,,True,True
TXN_007612,CUST_00203,MER_0043,1118.31,INR,Card,ICICI,2026-07-16 23:37:00,failed,insufficient_funds,True,True
TXN_007613,CUST_01024,MER_0045,1601.81,INR,UPI,YES,2026-07-17 10:10:00,success,,True,False
TXN_007614,CUST_01092,MER_0001,2584.11,INR,Card,YES,2026-08-02 03:28:00,failed,authentication_failure,True,False
TXN_007615,CUST_01513,MER_0034,5576.85,INR,UPI,ICICI,2026-07-13 09:54:00,success,,True,True
TXN_007616,CUST_00201,MER_0023,855.78,INR,Card,AXIS,2026-08-02 10:08:00,failed,authentication_failure,True,True
TXN_007617,CUST_00035,MER_0006,2057.51,INR,UPI,ICICI,2026-07-31 11:08:00,failed,bank_timeout,True,False
TXN_007618,CUST_01627,MER_0031,2756.77,INR,Card,SBI,2026-08-25 12:04:00,success,,True,False
TXN_007619,CUST_01381,MER_0027,6540.46,INR,NetBanking,ICICI,2026-07-23 08:13:00,failed,bank_timeout,True,False
TXN_007620,CUST_00424,MER_0040,1554.52,INR,Card,AXIS,2026-07-09 21:43:00,success,,True,True
TXN_007621,CUST_01631,MER_0039,379.81,INR,UPI,HDFC,2026-07-02 20:03:00,success,,True,False
TXN_007622,CUST_00098,MER_0005,2018.58,INR,UPI,ICICI,2026-08-06 08:05:00,success,,True,False
TXN_007623,CUST_01297,MER_0001,5554.52,INR,Card,KOTAK,2026-07-27 12:00:00,success,,True,False
TXN_007624,CUST_01588,MER_0037,1783.55,INR,NetBanking,YES,2026-07-25 09:22:00,success,,True,False
TXN_007625,CUST_00512,MER_0034,2496.53,INR,Card,AXIS,2026-07-05 07:11:00,success,,True,True
TXN_007626,CUST_00573,MER_0038,3418.95,INR,UPI,KOTAK,2026-07-19 10:10:00,failed,bank_timeout,True,False
TXN_007627,CUST_01739,MER_0015,4018.2,INR,Card,HDFC,2026-08-11 01:43:00,failed,network_error,True,False
TXN_007628,CUST_01845,MER_0038,2125.47,INR,UPI,KOTAK,2026-08-01 21:55:00,failed,bank_timeout,True,False
TXN_007629,CUST_01227,MER_0028,2313.97,INR,UPI,YES,2026-07-11 07:36:00,success,,True,False
TXN_007630,CUST_01263,MER_0016,411.78,INR,Card,SBI,2026-07-20 07:53:00,success,,True,False
TXN_007631,CUST_00958,MER_0015,3195.58,INR,Wallet,KOTAK,2026-07-27 04:30:00,success,,True,False
TXN_007632,CUST_01499,MER_0003,3504.56,INR,Card,AXIS,2026-07-25 07:49:00,success,,True,False
TXN_007633,CUST_00450,MER_0009,9325.51,INR,UPI,ICICI,2026-08-08 15:00:00,success,,True,False
TXN_007634,CUST_00544,MER_0017,2089.76,INR,Card,HDFC,2026-07-15 19:44:00,failed,authentication_failure,True,False
TXN_007635,CUST_00351,MER_0005,1225.33,INR,NetBanking,HDFC,2026-07-07 08:00:00,success,,True,False
TXN_007636,CUST_01226,MER_0036,1835.11,INR,UPI,KOTAK,2026-07-24 08:13:00,success,,True,False
TXN_007637,CUST_01140,MER_0030,720.43,INR,UPI,KOTAK,2026-07-17 06:23:00,success,,True,False
TXN_007638,CUST_01699,MER_0035,2088.43,INR,Card,KOTAK,2026-08-18 17:17:00,success,,True,False
TXN_007639,CUST_00013,MER_0001,1911.71,INR,UPI,KOTAK,2026-08-19 11:27:00,failed,bank_timeout,True,False
TXN_007640,CUST_01567,MER_0045,1481.96,INR,UPI,HDFC,2026-08-25 12:33:00,success,,True,False
TXN_007641,CUST_01833,MER_0035,2608.88,INR,NetBanking,HDFC,2026-07-13 04:37:00,success,,True,False
TXN_007642,CUST_01803,MER_0016,1869.26,INR,Card,YES,2026-07-03 22:45:00,success,,True,False
TXN_007643,CUST_01897,MER_0034,1872.07,INR,UPI,ICICI,2026-08-12 12:22:00,success,,True,True
TXN_007644,CUST_01419,MER_0005,2602.66,INR,UPI,KOTAK,2026-08-14 01:32:00,success,,True,False
TXN_007645,CUST_00403,MER_0022,2521.02,INR,Card,ICICI,2026-08-13 13:06:00,success,,True,True
TXN_007646,CUST_01326,MER_0019,4487.0,INR,UPI,ICICI,2026-07-28 11:23:00,success,,True,True
TXN_007647,CUST_00859,MER_0032,2216.06,INR,Card,ICICI,2026-08-22 07:49:00,success,,True,False
TXN_007648,CUST_00923,MER_0031,1844.74,INR,UPI,SBI,2026-08-14 18:45:00,failed,authentication_failure,True,False
TXN_007649,CUST_00227,MER_0015,1377.84,INR,UPI,AXIS,2026-08-15 17:04:00,failed,bank_timeout,True,True
TXN_007650,CUST_01044,MER_0010,12393.49,INR,Card,AXIS,2026-08-10 01:51:00,failed,network_error,True,True
TXN_007651,CUST_00475,MER_0013,1952.91,INR,UPI,SBI,2026-08-13 17:21:00,success,,True,False
TXN_007652,CUST_01233,MER_0033,1790.07,INR,Wallet,HDFC,2026-08-19 18:30:00,success,,True,False
TXN_007653,CUST_00673,MER_0019,2002.72,INR,Card,KOTAK,2026-08-10 20:37:00,success,,True,False
TXN_007654,CUST_01800,MER_0022,1872.46,INR,UPI,YES,2026-07-05 06:09:00,failed,bank_declined,False,False
TXN_007655,CUST_00192,MER_0008,621.33,INR,UPI,ICICI,2026-08-17 21:18:00,success,,True,True
TXN_007656,CUST_01744,MER_0036,5595.61,INR,UPI,AXIS,2026-08-03 04:53:00,failed,authentication_failure,True,False
TXN_007657,CUST_00236,MER_0019,902.98,INR,Card,KOTAK,2026-07-26 07:39:00,success,,True,False
TXN_007658,CUST_01966,MER_0043,397.32,INR,Card,SBI,2026-08-07 15:10:00,success,,True,False
TXN_007659,CUST_01038,MER_0006,1116.93,INR,Card,KOTAK,2026-07-31 23:43:00,failed,bank_declined,False,False
TXN_007660,CUST_01800,MER_0035,19230.13,INR,NetBanking,SBI,2026-07-29 05:12:00,success,,True,False
TXN_007661,CUST_01220,MER_0047,3769.15,INR,UPI,AXIS,2026-08-17 17:42:00,failed,network_error,True,False
TXN_007662,CUST_01002,MER_0009,1405.68,INR,UPI,YES,2026-08-22 06:00:00,success,,True,False
TXN_007663,CUST_00614,MER_0046,2338.89,INR,UPI,SBI,2026-08-10 20:02:00,success,,True,False
TXN_007664,CUST_00796,MER_0027,2989.76,INR,UPI,SBI,2026-07-06 21:52:00,failed,bank_declined,True,False
TXN_007665,CUST_00363,MER_0018,2190.77,INR,UPI,SBI,2026-08-03 05:03:00,success,,True,False
TXN_007666,CUST_00840,MER_0022,1374.56,INR,Card,YES,2026-08-21 04:00:00,failed,insufficient_funds,True,True
TXN_007667,CUST_00259,MER_0050,3003.93,INR,Card,HDFC,2026-07-23 02:21:00,failed,insufficient_funds,True,False
TXN_007668,CUST_01186,MER_0013,4783.05,INR,UPI,SBI,2026-07-10 17:39:00,failed,bank_declined,False,False
TXN_007669,CUST_00388,MER_0047,1639.43,INR,Card,SBI,2026-08-08 16:20:00,success,,True,True
TXN_007670,CUST_01614,MER_0040,4322.72,INR,UPI,YES,2026-07-03 08:00:00,success,,True,True
TXN_007671,CUST_00419,MER_0012,3125.17,INR,UPI,HDFC,2026-07-30 22:19:00,success,,True,False
TXN_007672,CUST_00412,MER_0010,2716.65,INR,Card,YES,2026-07-06 23:03:00,failed,authentication_failure,True,False
TXN_007673,CUST_00517,MER_0008,1640.08,INR,UPI,HDFC,2026-08-06 22:56:00,success,,True,False
TXN_007674,CUST_01594,MER_0029,2589.21,INR,Card,YES,2026-08-06 09:15:00,failed,authentication_failure,True,True
TXN_007675,CUST_01499,MER_0027,3105.7,INR,Card,SBI,2026-08-11 13:43:00,success,,True,True
TXN_007676,CUST_01334,MER_0016,1496.75,INR,UPI,KOTAK,2026-07-26 09:18:00,success,,True,False
TXN_007677,CUST_00749,MER_0022,1253.99,INR,Card,SBI,2026-08-18 11:03:00,success,,True,False
TXN_007678,CUST_00036,MER_0048,1646.8,INR,UPI,ICICI,2026-08-03 11:57:00,failed,authentication_failure,True,False
TXN_007679,CUST_00886,MER_0005,1773.3,INR,Card,AXIS,2026-07-05 02:30:00,success,,True,False
TXN_007680,CUST_00873,MER_0027,5041.69,INR,UPI,SBI,2026-07-13 04:00:00,failed,authentication_failure,True,True
TXN_007681,CUST_00202,MER_0034,3007.75,INR,Card,ICICI,2026-08-21 19:29:00,success,,True,False
TXN_007682,CUST_00846,MER_0018,4598.09,INR,NetBanking,AXIS,2026-08-08 03:03:00,failed,bank_timeout,True,False
TXN_007683,CUST_01079,MER_0046,1461.34,INR,UPI,KOTAK,2026-07-30 13:36:00,success,,True,False
TXN_007684,CUST_00727,MER_0019,9201.26,INR,NetBanking,KOTAK,2026-07-14 01:00:00,success,,True,False
TXN_007685,CUST_00607,MER_0028,5365.12,INR,NetBanking,YES,2026-07-06 09:55:00,success,,True,False
TXN_007686,CUST_01751,MER_0010,4594.14,INR,UPI,HDFC,2026-07-23 09:42:00,failed,network_error,True,False
TXN_007687,CUST_00120,MER_0007,3525.09,INR,UPI,SBI,2026-07-20 09:54:00,success,,True,False
TXN_007688,CUST_00122,MER_0034,12261.51,INR,Wallet,ICICI,2026-07-21 18:27:00,success,,True,False
TXN_007689,CUST_00257,MER_0043,2527.86,INR,UPI,ICICI,2026-07-26 07:47:00,success,,True,False
TXN_007690,CUST_01314,MER_0004,3873.1,INR,Wallet,AXIS,2026-08-18 03:25:00,success,,True,False
TXN_007691,CUST_00324,MER_0037,764.54,INR,UPI,ICICI,2026-08-04 23:40:00,failed,bank_timeout,True,True
TXN_007692,CUST_00522,MER_0017,933.88,INR,UPI,SBI,2026-08-02 14:38:00,success,,True,True
TXN_007693,CUST_00290,MER_0028,6763.2,INR,Card,AXIS,2026-08-20 08:14:00,success,,True,False
TXN_007694,CUST_00820,MER_0007,316.7,INR,UPI,ICICI,2026-07-04 01:34:00,success,,True,True
TXN_007695,CUST_01743,MER_0047,1768.97,INR,Card,ICICI,2026-07-08 23:25:00,success,,True,False
TXN_007696,CUST_00208,MER_0037,222.52,INR,Wallet,KOTAK,2026-08-23 20:33:00,failed,bank_declined,True,False
TXN_007697,CUST_00163,MER_0001,1647.87,INR,Card,AXIS,2026-08-10 03:51:00,failed,insufficient_funds,True,False
TXN_007698,CUST_01321,MER_0011,3351.97,INR,UPI,SBI,2026-07-14 15:38:00,success,,True,False
TXN_007699,CUST_01610,MER_0030,1253.24,INR,Card,SBI,2026-08-09 04:30:00,success,,True,False
TXN_007700,CUST_01337,MER_0005,5725.99,INR,Wallet,YES,2026-08-23 18:16:00,success,,True,True
TXN_007701,CUST_01025,MER_0026,2475.67,INR,UPI,AXIS,2026-08-01 13:51:00,success,,True,False
TXN_007702,CUST_00983,MER_0030,2515.06,INR,Card,KOTAK,2026-07-31 04:11:00,failed,authentication_failure,True,False
TXN_007703,CUST_00223,MER_0046,1105.43,INR,UPI,ICICI,2026-08-09 11:25:00,success,,True,False
TXN_007704,CUST_00753,MER_0023,1261.33,INR,UPI,KOTAK,2026-08-19 20:00:00,success,,True,False
TXN_007705,CUST_00807,MER_0030,2533.02,INR,NetBanking,YES,2026-07-02 14:43:00,success,,True,False
TXN_007706,CUST_01067,MER_0048,2597.51,INR,UPI,SBI,2026-07-01 00:04:00,failed,bank_timeout,True,False
TXN_007707,CUST_01928,MER_0014,3321.08,INR,UPI,HDFC,2026-07-01 12:18:00,success,,True,False
TXN_007708,CUST_00271,MER_0013,279.76,INR,UPI,KOTAK,2026-07-21 22:16:00,success,,True,False
TXN_007709,CUST_01498,MER_0022,3011.26,INR,UPI,HDFC,2026-07-18 02:09:00,success,,True,False
TXN_007710,CUST_00816,MER_0020,765.08,INR,UPI,AXIS,2026-07-25 00:57:00,failed,network_error,False,True
TXN_007711,CUST_01702,MER_0025,1274.44,INR,Card,YES,2026-08-12 07:53:00,success,,True,False
TXN_007712,CUST_01453,MER_0044,1435.59,INR,Card,KOTAK,2026-07-13 23:27:00,success,,True,False
TXN_007713,CUST_00517,MER_0012,812.31,INR,UPI,KOTAK,2026-07-02 08:48:00,success,,True,False
TXN_007714,CUST_01486,MER_0001,2872.06,INR,UPI,ICICI,2026-08-06 10:40:00,success,,True,False
TXN_007715,CUST_01240,MER_0006,789.47,INR,Card,KOTAK,2026-08-16 09:55:00,failed,authentication_failure,True,False
TXN_007716,CUST_01804,MER_0038,14611.69,INR,UPI,HDFC,2026-07-11 05:19:00,success,,True,False
TXN_007717,CUST_01247,MER_0010,842.62,INR,Card,YES,2026-07-15 21:30:00,success,,True,True
TXN_007718,CUST_00801,MER_0028,1943.78,INR,UPI,AXIS,2026-08-05 11:49:00,failed,bank_declined,True,False
TXN_007719,CUST_00207,MER_0030,1918.41,INR,UPI,SBI,2026-07-19 02:53:00,success,,True,False
TXN_007720,CUST_00293,MER_0018,4081.31,INR,Card,HDFC,2026-07-12 11:34:00,success,,True,False
TXN_007721,CUST_00460,MER_0024,4343.83,INR,NetBanking,SBI,2026-07-29 07:07:00,success,,True,False
TXN_007722,CUST_00687,MER_0018,2596.43,INR,UPI,AXIS,2026-07-01 18:33:00,success,,True,True
TXN_007723,CUST_01066,MER_0026,4971.17,INR,UPI,SBI,2026-08-20 20:01:00,success,,True,False
TXN_007724,CUST_00151,MER_0049,18710.57,INR,NetBanking,SBI,2026-07-14 19:30:00,success,,True,False
TXN_007725,CUST_00154,MER_0021,9603.12,INR,UPI,HDFC,2026-07-30 05:31:00,success,,True,False
TXN_007726,CUST_00008,MER_0028,1606.77,INR,Card,KOTAK,2026-08-05 17:11:00,success,,True,False
TXN_007727,CUST_00216,MER_0025,764.42,INR,UPI,HDFC,2026-07-07 11:46:00,success,,True,True
TXN_007728,CUST_00666,MER_0031,1763.54,INR,Wallet,AXIS,2026-07-19 18:30:00,success,,True,True
TXN_007729,CUST_00134,MER_0020,1144.15,INR,UPI,AXIS,2026-08-04 19:47:00,success,,True,False
TXN_007730,CUST_00764,MER_0007,3501.96,INR,Card,SBI,2026-07-19 01:42:00,success,,True,True
TXN_007731,CUST_01220,MER_0022,948.65,INR,NetBanking,KOTAK,2026-07-30 17:25:00,failed,authentication_failure,True,True
TXN_007732,CUST_01865,MER_0015,4771.48,INR,UPI,ICICI,2026-08-10 11:48:00,success,,True,False
TXN_007733,CUST_01123,MER_0041,2251.71,INR,UPI,YES,2026-08-13 08:37:00,success,,True,True
TXN_007734,CUST_01607,MER_0027,1144.76,INR,UPI,YES,2026-07-30 18:32:00,success,,True,False
TXN_007735,CUST_00078,MER_0046,6246.97,INR,UPI,HDFC,2026-08-09 07:48:00,failed,bank_timeout,True,False
TXN_007736,CUST_00831,MER_0026,1877.63,INR,UPI,KOTAK,2026-07-07 19:14:00,success,,True,False
TXN_007737,CUST_01388,MER_0011,2360.6,INR,NetBanking,HDFC,2026-08-20 13:21:00,success,,True,True
TXN_007738,CUST_01889,MER_0044,2471.86,INR,UPI,HDFC,2026-07-06 20:28:00,success,,True,False
TXN_007739,CUST_01591,MER_0033,2819.73,INR,Card,KOTAK,2026-07-21 00:42:00,success,,True,False
TXN_007740,CUST_00191,MER_0045,3977.27,INR,UPI,AXIS,2026-07-12 04:47:00,success,,True,False
TXN_007741,CUST_01477,MER_0005,2372.44,INR,Wallet,AXIS,2026-07-22 20:51:00,failed,bank_declined,True,False
TXN_007742,CUST_00860,MER_0015,1761.51,INR,UPI,HDFC,2026-08-14 10:31:00,success,,True,False
TXN_007743,CUST_01354,MER_0047,1496.35,INR,Card,HDFC,2026-07-27 14:47:00,failed,insufficient_funds,True,False
TXN_007744,CUST_00294,MER_0036,1455.02,INR,UPI,HDFC,2026-08-16 03:15:00,failed,bank_declined,True,False
TXN_007745,CUST_00973,MER_0035,2477.98,INR,UPI,HDFC,2026-07-08 14:44:00,success,,True,False
TXN_007746,CUST_01060,MER_0017,1608.4,INR,UPI,HDFC,2026-07-26 20:45:00,success,,True,True
TXN_007747,CUST_01296,MER_0001,4002.71,INR,UPI,HDFC,2026-08-22 18:28:00,success,,True,False
TXN_007748,CUST_00988,MER_0021,1363.81,INR,UPI,SBI,2026-08-15 01:30:00,success,,True,True
TXN_007749,CUST_00678,MER_0030,4066.54,INR,Card,ICICI,2026-08-06 08:19:00,success,,True,False
TXN_007750,CUST_00265,MER_0037,2893.38,INR,UPI,YES,2026-07-25 12:01:00,failed,network_error,False,True
TXN_007751,CUST_00928,MER_0022,3725.32,INR,Card,YES,2026-08-22 13:28:00,failed,authentication_failure,True,False
TXN_007752,CUST_01160,MER_0010,6161.13,INR,UPI,AXIS,2026-08-19 18:40:00,failed,bank_timeout,True,False
TXN_007753,CUST_00205,MER_0030,3615.62,INR,Card,AXIS,2026-07-21 05:06:00,success,,True,False
TXN_007754,CUST_00723,MER_0025,990.22,INR,UPI,HDFC,2026-07-14 18:46:00,failed,bank_timeout,True,True
TXN_007755,CUST_01558,MER_0021,794.02,INR,UPI,HDFC,2026-08-26 19:14:00,success,,True,False
TXN_007756,CUST_01162,MER_0012,5215.61,INR,Card,ICICI,2026-08-20 22:42:00,success,,True,False
TXN_007757,CUST_00622,MER_0032,3446.2,INR,Card,HDFC,2026-07-31 00:41:00,failed,insufficient_funds,True,False
TXN_007758,CUST_01667,MER_0037,2209.58,INR,Wallet,KOTAK,2026-08-26 12:10:00,success,,True,False
TXN_007759,CUST_00080,MER_0020,2291.58,INR,UPI,KOTAK,2026-08-16 00:31:00,failed,bank_timeout,True,False
TXN_007760,CUST_00144,MER_0010,1379.33,INR,UPI,YES,2026-08-09 17:07:00,success,,True,False
TXN_007761,CUST_01197,MER_0005,1979.19,INR,Wallet,YES,2026-07-07 18:01:00,success,,True,False
TXN_007762,CUST_00226,MER_0001,376.59,INR,UPI,KOTAK,2026-08-19 18:55:00,success,,True,True
TXN_007763,CUST_00902,MER_0006,9777.22,INR,Card,ICICI,2026-08-25 01:06:00,success,,True,True
TXN_007764,CUST_00312,MER_0028,1036.52,INR,NetBanking,AXIS,2026-08-25 10:49:00,failed,authentication_failure,True,False
TXN_007765,CUST_01812,MER_0002,2250.42,INR,UPI,SBI,2026-07-20 15:34:00,success,,True,False
TXN_007766,CUST_00103,MER_0007,2256.57,INR,Card,SBI,2026-08-09 08:13:00,success,,True,False
TXN_007767,CUST_00400,MER_0024,4665.22,INR,Wallet,YES,2026-08-12 04:00:00,success,,True,True
TXN_007768,CUST_00893,MER_0046,9292.94,INR,Card,AXIS,2026-08-17 10:05:00,failed,authentication_failure,True,True
TXN_007769,CUST_01048,MER_0012,4121.87,INR,Wallet,ICICI,2026-07-16 04:28:00,success,,True,True
TXN_007770,CUST_01537,MER_0009,3175.16,INR,Card,HDFC,2026-07-17 03:25:00,success,,True,False
TXN_007771,CUST_01238,MER_0021,5508.38,INR,UPI,SBI,2026-07-13 00:30:00,success,,True,True
TXN_007772,CUST_00188,MER_0020,1685.25,INR,UPI,HDFC,2026-08-08 00:52:00,failed,bank_timeout,True,False
TXN_007773,CUST_01002,MER_0037,5933.68,INR,UPI,AXIS,2026-08-17 01:12:00,success,,True,False
TXN_007774,CUST_01811,MER_0010,5802.42,INR,Card,HDFC,2026-08-13 15:22:00,failed,authentication_failure,True,False
TXN_007775,CUST_01955,MER_0016,2133.1,INR,Card,AXIS,2026-07-23 18:09:00,failed,insufficient_funds,True,True
TXN_007776,CUST_00110,MER_0043,815.11,INR,UPI,AXIS,2026-08-21 19:49:00,success,,True,False
TXN_007777,CUST_00627,MER_0014,8742.37,INR,Card,SBI,2026-07-01 12:05:00,failed,expired_card,True,False
TXN_007778,CUST_00088,MER_0038,3062.98,INR,UPI,KOTAK,2026-07-05 05:33:00,success,,True,False
TXN_007779,CUST_01381,MER_0005,1538.24,INR,NetBanking,KOTAK,2026-07-06 15:59:00,success,,True,True
TXN_007780,CUST_00383,MER_0045,844.29,INR,Card,AXIS,2026-07-30 22:03:00,success,,True,True
TXN_007781,CUST_01682,MER_0022,1505.34,INR,UPI,KOTAK,2026-07-22 21:37:00,success,,True,False
TXN_007782,CUST_00405,MER_0008,2908.41,INR,UPI,YES,2026-07-29 16:42:00,success,,True,False
TXN_007783,CUST_00075,MER_0017,4182.83,INR,UPI,SBI,2026-08-23 12:53:00,success,,True,False
TXN_007784,CUST_01748,MER_0031,2777.85,INR,NetBanking,SBI,2026-08-25 20:28:00,success,,True,False
TXN_007785,CUST_00504,MER_0005,3220.78,INR,UPI,KOTAK,2026-08-20 03:58:00,success,,True,True
TXN_007786,CUST_01379,MER_0012,1863.81,INR,Card,SBI,2026-07-23 17:08:00,failed,insufficient_funds,True,True
TXN_007787,CUST_00931,MER_0045,7992.56,INR,Card,SBI,2026-08-24 21:24:00,success,,True,True
TXN_007788,CUST_00862,MER_0003,4289.1,INR,UPI,YES,2026-07-24 04:53:00,success,,True,True
TXN_007789,CUST_01795,MER_0017,4664.02,INR,UPI,SBI,2026-07-21 09:33:00,success,,True,True
TXN_007790,CUST_01938,MER_0037,3087.8,INR,UPI,KOTAK,2026-08-22 06:01:00,success,,True,True
TXN_007791,CUST_00324,MER_0038,733.24,INR,UPI,ICICI,2026-08-06 19:52:00,failed,bank_declined,True,True
TXN_007792,CUST_00133,MER_0005,3511.86,INR,UPI,YES,2026-08-08 02:50:00,success,,True,True
TXN_007793,CUST_00048,MER_0010,2419.34,INR,UPI,AXIS,2026-07-07 11:59:00,success,,True,False
TXN_007794,CUST_00461,MER_0045,3469.88,INR,UPI,KOTAK,2026-08-18 16:10:00,success,,True,False
TXN_007795,CUST_01791,MER_0016,9331.39,INR,UPI,SBI,2026-08-02 07:22:00,success,,True,False
TXN_007796,CUST_01671,MER_0014,4362.62,INR,UPI,AXIS,2026-07-23 16:45:00,failed,bank_timeout,False,False
TXN_007797,CUST_01966,MER_0020,2632.65,INR,UPI,AXIS,2026-07-10 21:47:00,success,,True,False
TXN_007798,CUST_00673,MER_0034,1279.5,INR,NetBanking,YES,2026-07-07 19:09:00,success,,True,True
TXN_007799,CUST_01011,MER_0036,2330.19,INR,NetBanking,SBI,2026-07-09 20:13:00,success,,True,False
TXN_007800,CUST_00575,MER_0033,1282.03,INR,UPI,AXIS,2026-08-05 10:49:00,failed,bank_timeout,True,False
TXN_007801,CUST_00168,MER_0039,4593.11,INR,UPI,YES,2026-08-15 09:40:00,failed,bank_declined,True,True
TXN_007802,CUST_00852,MER_0006,6560.06,INR,UPI,HDFC,2026-07-07 16:43:00,failed,bank_timeout,True,False
TXN_007803,CUST_00680,MER_0004,3906.94,INR,UPI,HDFC,2026-08-16 23:26:00,success,,True,True
TXN_007804,CUST_00029,MER_0032,855.33,INR,NetBanking,KOTAK,2026-08-24 16:29:00,success,,True,True
TXN_007805,CUST_01995,MER_0027,2426.48,INR,Card,HDFC,2026-07-28 04:25:00,success,,True,False
TXN_007806,CUST_00655,MER_0004,1901.95,INR,NetBanking,AXIS,2026-07-31 03:49:00,success,,True,False
TXN_007807,CUST_00899,MER_0028,4143.89,INR,UPI,YES,2026-07-17 02:15:00,success,,True,False
TXN_007808,CUST_00832,MER_0004,2929.39,INR,UPI,KOTAK,2026-07-22 18:45:00,success,,True,False
TXN_007809,CUST_00712,MER_0034,7158.77,INR,Card,SBI,2026-08-20 21:33:00,success,,True,False
TXN_007810,CUST_01781,MER_0019,1507.91,INR,UPI,SBI,2026-08-16 21:02:00,success,,True,False
TXN_007811,CUST_00939,MER_0023,4303.96,INR,UPI,AXIS,2026-08-05 09:59:00,success,,True,True
TXN_007812,CUST_01197,MER_0012,2778.81,INR,UPI,AXIS,2026-07-27 15:10:00,success,,True,False
TXN_007813,CUST_01450,MER_0022,659.69,INR,UPI,SBI,2026-08-23 09:12:00,failed,network_error,True,False
TXN_007814,CUST_00018,MER_0007,2164.83,INR,Card,KOTAK,2026-07-24 00:48:00,success,,True,False
TXN_007815,CUST_00824,MER_0021,5942.2,INR,Wallet,KOTAK,2026-08-13 11:38:00,success,,True,False
TXN_007816,CUST_01700,MER_0032,3536.8,INR,UPI,SBI,2026-07-24 22:16:00,success,,True,False
TXN_007817,CUST_00022,MER_0048,959.1,INR,NetBanking,ICICI,2026-07-28 23:51:00,failed,bank_timeout,True,False
TXN_007818,CUST_01201,MER_0002,12261.81,INR,UPI,SBI,2026-07-06 07:09:00,success,,True,False
TXN_007819,CUST_01540,MER_0012,2667.72,INR,UPI,AXIS,2026-07-08 17:17:00,failed,bank_timeout,True,False
TXN_007820,CUST_01987,MER_0008,3616.97,INR,UPI,SBI,2026-07-30 03:59:00,success,,True,True
TXN_007821,CUST_01516,MER_0025,4494.97,INR,Wallet,AXIS,2026-07-24 15:31:00,success,,True,False
TXN_007822,CUST_00913,MER_0012,1694.37,INR,Wallet,HDFC,2026-07-27 03:14:00,failed,bank_declined,True,False
TXN_007823,CUST_01404,MER_0031,1875.98,INR,Card,KOTAK,2026-07-01 05:45:00,success,,True,True
TXN_007824,CUST_00374,MER_0023,4339.27,INR,UPI,SBI,2026-08-25 17:37:00,success,,True,False
TXN_007825,CUST_00914,MER_0028,2795.47,INR,UPI,KOTAK,2026-07-14 22:43:00,success,,True,False
TXN_007826,CUST_01350,MER_0029,3588.8,INR,UPI,HDFC,2026-07-26 20:50:00,success,,True,True
TXN_007827,CUST_01046,MER_0021,1329.63,INR,UPI,ICICI,2026-08-20 20:46:00,success,,True,False
TXN_007828,CUST_00584,MER_0043,1265.18,INR,UPI,YES,2026-07-21 03:58:00,success,,True,True
TXN_007829,CUST_01647,MER_0018,5199.92,INR,Card,SBI,2026-08-05 08:52:00,success,,True,False
TXN_007830,CUST_00953,MER_0038,2290.4,INR,UPI,ICICI,2026-08-20 11:33:00,success,,True,False
TXN_007831,CUST_01874,MER_0036,3065.69,INR,Card,SBI,2026-07-13 17:19:00,success,,True,False
TXN_007832,CUST_00355,MER_0040,1910.05,INR,Card,HDFC,2026-08-03 09:13:00,success,,True,False
TXN_007833,CUST_01735,MER_0031,5008.95,INR,Card,AXIS,2026-07-10 17:26:00,failed,network_error,True,False
TXN_007834,CUST_01230,MER_0034,2189.7,INR,UPI,KOTAK,2026-07-07 16:11:00,failed,bank_timeout,False,False
TXN_007835,CUST_01322,MER_0008,6237.75,INR,UPI,ICICI,2026-08-11 01:10:00,success,,True,False
TXN_007836,CUST_01461,MER_0048,1605.18,INR,Card,KOTAK,2026-07-11 23:26:00,success,,True,False
TXN_007837,CUST_01688,MER_0041,11704.72,INR,Card,YES,2026-07-21 04:33:00,failed,network_error,True,True
TXN_007838,CUST_00272,MER_0036,1059.61,INR,UPI,YES,2026-07-31 19:25:00,success,,True,False
TXN_007839,CUST_00753,MER_0027,3278.83,INR,NetBanking,HDFC,2026-07-07 15:56:00,success,,True,False
TXN_007840,CUST_01139,MER_0042,1796.51,INR,UPI,SBI,2026-07-15 06:42:00,success,,True,False
TXN_007841,CUST_00174,MER_0041,3453.88,INR,UPI,ICICI,2026-08-08 20:49:00,success,,True,False
TXN_007842,CUST_01591,MER_0048,2358.34,INR,UPI,HDFC,2026-07-17 21:51:00,success,,True,False
TXN_007843,CUST_01352,MER_0017,2590.02,INR,UPI,KOTAK,2026-07-25 23:51:00,success,,True,False
TXN_007844,CUST_00267,MER_0022,1177.0,INR,UPI,KOTAK,2026-07-03 19:53:00,failed,network_error,True,False
TXN_007845,CUST_01563,MER_0043,967.87,INR,UPI,YES,2026-07-02 14:56:00,failed,authentication_failure,True,True
TXN_007846,CUST_01965,MER_0028,3274.39,INR,Card,AXIS,2026-07-18 08:48:00,success,,True,False
TXN_007847,CUST_00295,MER_0021,8797.96,INR,Card,KOTAK,2026-07-15 08:25:00,failed,network_error,True,False
TXN_007848,CUST_01302,MER_0040,4276.02,INR,UPI,SBI,2026-07-25 12:23:00,failed,bank_declined,True,False
TXN_007849,CUST_00360,MER_0044,4683.25,INR,Card,AXIS,2026-07-17 04:21:00,success,,True,False
TXN_007850,CUST_01182,MER_0043,1902.71,INR,UPI,ICICI,2026-08-04 23:35:00,failed,bank_declined,True,False
TXN_007851,CUST_00121,MER_0027,417.37,INR,Card,AXIS,2026-07-23 07:47:00,success,,True,True
TXN_007852,CUST_01889,MER_0039,1977.77,INR,UPI,KOTAK,2026-07-17 12:57:00,success,,True,False
TXN_007853,CUST_01126,MER_0009,6263.35,INR,UPI,AXIS,2026-08-22 03:00:00,success,,True,False
TXN_007854,CUST_00701,MER_0018,992.94,INR,Card,HDFC,2026-07-30 05:10:00,success,,True,True
TXN_007855,CUST_00180,MER_0012,4273.41,INR,NetBanking,AXIS,2026-07-20 17:41:00,failed,bank_timeout,True,False
TXN_007856,CUST_00814,MER_0033,2656.75,INR,UPI,KOTAK,2026-07-01 17:58:00,success,,True,False
TXN_007857,CUST_00787,MER_0050,4299.41,INR,UPI,KOTAK,2026-08-10 20:40:00,success,,True,False
TXN_007858,CUST_00613,MER_0026,1440.01,INR,UPI,YES,2026-08-01 18:41:00,success,,True,False
TXN_007859,CUST_00146,MER_0049,2797.24,INR,UPI,HDFC,2026-07-26 03:20:00,success,,True,False
TXN_007860,CUST_01360,MER_0014,1750.97,INR,NetBanking,ICICI,2026-07-03 15:33:00,success,,True,True
TXN_007861,CUST_00826,MER_0036,4290.33,INR,Card,SBI,2026-07-29 20:10:00,success,,True,False
TXN_007862,CUST_00710,MER_0001,2946.15,INR,UPI,HDFC,2026-07-09 05:34:00,failed,bank_timeout,True,True
TXN_007863,CUST_00738,MER_0014,8490.3,INR,Wallet,ICICI,2026-07-17 21:38:00,success,,True,False
TXN_007864,CUST_01608,MER_0001,4145.77,INR,NetBanking,SBI,2026-07-01 10:15:00,failed,network_error,False,True
TXN_007865,CUST_00115,MER_0015,2278.58,INR,UPI,HDFC,2026-08-26 14:04:00,success,,True,False
TXN_007866,CUST_01601,MER_0003,2296.82,INR,UPI,HDFC,2026-08-26 06:53:00,failed,bank_timeout,True,False
TXN_007867,CUST_01943,MER_0015,18390.83,INR,NetBanking,AXIS,2026-08-01 04:03:00,success,,True,True
TXN_007868,CUST_01358,MER_0038,3283.55,INR,UPI,YES,2026-08-14 18:47:00,failed,network_error,True,False
TXN_007869,CUST_01622,MER_0023,1580.92,INR,NetBanking,ICICI,2026-08-12 03:21:00,success,,True,True
TXN_007870,CUST_01069,MER_0043,520.14,INR,Card,ICICI,2026-07-20 16:55:00,success,,True,False
TXN_007871,CUST_00129,MER_0034,1874.62,INR,Wallet,AXIS,2026-08-06 04:31:00,success,,True,True
TXN_007872,CUST_00138,MER_0023,497.78,INR,Card,ICICI,2026-07-30 01:51:00,failed,insufficient_funds,True,False
TXN_007873,CUST_00511,MER_0002,723.01,INR,Card,KOTAK,2026-08-10 09:53:00,failed,expired_card,True,False
TXN_007874,CUST_00912,MER_0014,2441.66,INR,UPI,ICICI,2026-08-06 10:16:00,success,,True,False
TXN_007875,CUST_01224,MER_0043,3109.97,INR,UPI,AXIS,2026-07-12 01:01:00,failed,bank_timeout,True,True
TXN_007876,CUST_00837,MER_0027,799.96,INR,Card,HDFC,2026-07-16 18:13:00,success,,True,False
TXN_007877,CUST_00532,MER_0047,3680.55,INR,Wallet,ICICI,2026-07-05 07:13:00,success,,True,True
TXN_007878,CUST_01689,MER_0043,11359.16,INR,Wallet,KOTAK,2026-07-09 07:20:00,success,,True,False
TXN_007879,CUST_00959,MER_0050,3385.88,INR,UPI,SBI,2026-08-08 06:43:00,success,,True,False
TXN_007880,CUST_01935,MER_0018,1735.86,INR,UPI,AXIS,2026-07-12 18:58:00,success,,True,False
TXN_007881,CUST_00345,MER_0007,778.64,INR,NetBanking,ICICI,2026-08-11 00:13:00,success,,True,False
TXN_007882,CUST_01529,MER_0027,1180.33,INR,UPI,HDFC,2026-08-17 09:07:00,failed,authentication_failure,True,False
TXN_007883,CUST_00454,MER_0028,5758.86,INR,Card,SBI,2026-07-16 17:11:00,success,,True,True
TXN_007884,CUST_01745,MER_0033,3006.98,INR,UPI,KOTAK,2026-08-06 03:49:00,failed,network_error,True,False
TXN_007885,CUST_01294,MER_0027,4299.02,INR,Card,YES,2026-07-19 22:50:00,failed,bank_declined,True,False
TXN_007886,CUST_01837,MER_0017,1441.19,INR,UPI,SBI,2026-07-15 06:16:00,success,,True,False
TXN_007887,CUST_00803,MER_0038,2804.94,INR,UPI,ICICI,2026-08-17 17:39:00,success,,True,False
TXN_007888,CUST_00958,MER_0024,1238.06,INR,Card,AXIS,2026-07-16 09:27:00,success,,True,False
TXN_007889,CUST_01903,MER_0050,2474.87,INR,NetBanking,ICICI,2026-08-16 09:13:00,success,,True,True
TXN_007890,CUST_00712,MER_0049,3180.17,INR,Card,KOTAK,2026-07-07 14:21:00,success,,True,False
TXN_007891,CUST_00711,MER_0044,9349.02,INR,NetBanking,AXIS,2026-08-24 06:47:00,failed,network_error,True,False
TXN_007892,CUST_01228,MER_0045,3587.48,INR,UPI,SBI,2026-08-22 22:35:00,failed,network_error,True,False
TXN_007893,CUST_00401,MER_0010,4478.66,INR,UPI,AXIS,2026-08-15 10:41:00,success,,True,True
TXN_007894,CUST_01049,MER_0009,4752.17,INR,UPI,AXIS,2026-07-21 11:20:00,success,,True,False
TXN_007895,CUST_01219,MER_0038,3905.56,INR,UPI,HDFC,2026-07-05 12:33:00,success,,True,False
TXN_007896,CUST_00168,MER_0012,6895.8,INR,UPI,HDFC,2026-07-16 01:36:00,success,,True,True
TXN_007897,CUST_00031,MER_0033,1022.51,INR,UPI,SBI,2026-07-13 13:10:00,failed,bank_timeout,True,False
TXN_007898,CUST_00150,MER_0036,2428.27,INR,UPI,YES,2026-07-19 20:53:00,failed,authentication_failure,False,False
TXN_007899,CUST_01487,MER_0032,6532.31,INR,Card,ICICI,2026-08-14 07:54:00,success,,True,True
TXN_007900,CUST_01000,MER_0034,6480.62,INR,Card,SBI,2026-08-06 22:27:00,failed,expired_card,True,False
TXN_007901,CUST_01209,MER_0011,1814.17,INR,NetBanking,YES,2026-08-02 04:50:00,success,,True,True
TXN_007902,CUST_00893,MER_0032,2303.35,INR,Wallet,YES,2026-07-18 09:08:00,failed,bank_timeout,True,False
TXN_007903,CUST_01133,MER_0039,2701.98,INR,UPI,YES,2026-07-28 08:47:00,success,,True,False
TXN_007904,CUST_01020,MER_0020,3814.58,INR,UPI,YES,2026-07-10 03:55:00,success,,True,False
TXN_007905,CUST_00349,MER_0044,2125.79,INR,Card,ICICI,2026-08-14 17:04:00,success,,True,False
TXN_007906,CUST_01675,MER_0030,5190.34,INR,Wallet,KOTAK,2026-07-15 10:00:00,success,,True,False
TXN_007907,CUST_01527,MER_0028,3486.86,INR,Wallet,ICICI,2026-08-24 12:19:00,success,,True,True
TXN_007908,CUST_01506,MER_0043,1501.81,INR,UPI,HDFC,2026-07-21 04:19:00,success,,True,False
TXN_007909,CUST_01086,MER_0024,7101.7,INR,Card,AXIS,2026-08-07 09:45:00,success,,True,False
TXN_007910,CUST_01132,MER_0034,823.36,INR,UPI,HDFC,2026-07-03 02:38:00,success,,True,False
TXN_007911,CUST_01898,MER_0024,2267.12,INR,UPI,SBI,2026-07-24 16:44:00,failed,bank_declined,True,False
TXN_007912,CUST_00852,MER_0011,1368.6,INR,NetBanking,KOTAK,2026-08-01 21:57:00,success,,True,False
TXN_007913,CUST_00193,MER_0050,3126.42,INR,Card,AXIS,2026-08-15 02:18:00,success,,True,False
TXN_007914,CUST_00903,MER_0016,3769.4,INR,Card,YES,2026-08-26 04:32:00,success,,True,True
TXN_007915,CUST_01575,MER_0007,1226.08,INR,Card,YES,2026-08-22 12:18:00,success,,True,True
TXN_007916,CUST_00439,MER_0010,2303.11,INR,UPI,YES,2026-07-09 13:42:00,success,,True,True
TXN_007917,CUST_01119,MER_0023,2153.39,INR,UPI,AXIS,2026-08-09 18:07:00,success,,True,False
TXN_007918,CUST_01064,MER_0004,1569.65,INR,NetBanking,KOTAK,2026-08-06 21:32:00,failed,bank_timeout,True,False
TXN_007919,CUST_01974,MER_0034,1325.46,INR,UPI,SBI,2026-07-26 23:44:00,success,,True,True
TXN_007920,CUST_01202,MER_0023,5453.13,INR,UPI,HDFC,2026-07-09 07:10:00,success,,True,False
TXN_007921,CUST_01856,MER_0036,1782.48,INR,UPI,YES,2026-07-29 02:42:00,failed,network_error,True,False
TXN_007922,CUST_00680,MER_0008,2649.83,INR,Card,ICICI,2026-08-01 08:57:00,failed,network_error,True,True
TXN_007923,CUST_01937,MER_0006,5097.0,INR,Card,HDFC,2026-08-18 12:18:00,success,,True,False
TXN_007924,CUST_00504,MER_0044,8516.94,INR,Card,SBI,2026-07-06 12:45:00,success,,True,True
TXN_007925,CUST_01401,MER_0026,25750.18,INR,Wallet,SBI,2026-08-08 19:07:00,failed,bank_declined,True,True
TXN_007926,CUST_01105,MER_0040,1435.87,INR,UPI,SBI,2026-07-20 00:16:00,success,,True,False
TXN_007927,CUST_01843,MER_0013,3506.24,INR,UPI,SBI,2026-07-15 12:37:00,success,,True,False
TXN_007928,CUST_00508,MER_0024,1972.45,INR,UPI,AXIS,2026-07-12 00:22:00,success,,True,False
TXN_007929,CUST_01336,MER_0045,5119.3,INR,UPI,AXIS,2026-07-02 00:06:00,success,,True,False
TXN_007930,CUST_01678,MER_0009,864.6,INR,UPI,ICICI,2026-08-24 04:51:00,success,,True,False
TXN_007931,CUST_01159,MER_0016,16230.83,INR,Card,AXIS,2026-07-30 01:36:00,success,,True,False
TXN_007932,CUST_01648,MER_0006,4840.82,INR,UPI,YES,2026-08-21 00:45:00,success,,True,False
TXN_007933,CUST_00381,MER_0046,634.47,INR,UPI,HDFC,2026-07-15 04:38:00,failed,authentication_failure,True,False
TXN_007934,CUST_00314,MER_0021,4688.49,INR,UPI,AXIS,2026-08-14 11:26:00,success,,True,False
TXN_007935,CUST_00209,MER_0031,6254.62,INR,Card,HDFC,2026-08-24 05:52:00,failed,insufficient_funds,False,True
TXN_007936,CUST_00804,MER_0015,4317.45,INR,NetBanking,YES,2026-08-01 04:53:00,failed,authentication_failure,True,False
TXN_007937,CUST_01247,MER_0025,2272.26,INR,Card,AXIS,2026-08-07 06:29:00,success,,True,True
TXN_007938,CUST_00969,MER_0007,5941.03,INR,UPI,HDFC,2026-08-17 15:41:00,failed,authentication_failure,False,False
TXN_007939,CUST_01941,MER_0046,731.04,INR,Card,SBI,2026-08-16 22:32:00,failed,insufficient_funds,False,False
TXN_007940,CUST_01438,MER_0024,1504.51,INR,UPI,ICICI,2026-08-11 09:23:00,success,,True,False
TXN_007941,CUST_00385,MER_0006,4038.57,INR,UPI,ICICI,2026-08-15 23:18:00,success,,True,True
TXN_007942,CUST_01313,MER_0027,1202.0,INR,UPI,KOTAK,2026-07-27 04:10:00,success,,True,False
TXN_007943,CUST_01584,MER_0030,1315.39,INR,Card,KOTAK,2026-07-14 23:04:00,failed,insufficient_funds,True,False
TXN_007944,CUST_01307,MER_0038,2796.03,INR,UPI,KOTAK,2026-08-09 22:11:00,success,,True,False
TXN_007945,CUST_01597,MER_0007,2145.82,INR,UPI,AXIS,2026-07-25 19:27:00,success,,True,True
TXN_007946,CUST_01346,MER_0003,943.21,INR,UPI,AXIS,2026-07-26 09:32:00,success,,True,False
TXN_007947,CUST_01681,MER_0019,2849.9,INR,Card,SBI,2026-07-10 19:11:00,failed,expired_card,False,False
TXN_007948,CUST_00159,MER_0026,2054.0,INR,Card,YES,2026-08-08 02:14:00,success,,True,False
TXN_007949,CUST_01542,MER_0029,3024.6,INR,UPI,AXIS,2026-08-25 06:19:00,failed,network_error,True,False
TXN_007950,CUST_00482,MER_0027,931.26,INR,UPI,HDFC,2026-07-08 06:09:00,failed,bank_timeout,False,True
TXN_007951,CUST_01332,MER_0001,1674.58,INR,Card,KOTAK,2026-08-01 03:53:00,failed,expired_card,True,False
TXN_007952,CUST_01667,MER_0002,4515.96,INR,UPI,ICICI,2026-07-03 22:32:00,success,,True,False
TXN_007953,CUST_00307,MER_0026,2182.71,INR,Card,AXIS,2026-08-17 18:07:00,success,,True,False
TXN_007954,CUST_01969,MER_0044,3965.69,INR,UPI,HDFC,2026-08-14 23:46:00,failed,bank_timeout,True,False
TXN_007955,CUST_01121,MER_0033,785.16,INR,UPI,HDFC,2026-08-11 22:06:00,success,,True,True
TXN_007956,CUST_00163,MER_0011,1870.91,INR,NetBanking,HDFC,2026-08-18 13:52:00,success,,True,False
TXN_007957,CUST_00055,MER_0040,1495.12,INR,NetBanking,ICICI,2026-08-25 06:10:00,failed,bank_declined,False,False
TXN_007958,CUST_00127,MER_0034,859.88,INR,UPI,HDFC,2026-07-27 04:46:00,success,,True,False
TXN_007959,CUST_01768,MER_0021,6009.8,INR,Card,ICICI,2026-08-02 17:03:00,failed,network_error,True,False
TXN_007960,CUST_01511,MER_0012,5336.91,INR,Card,KOTAK,2026-07-07 14:01:00,success,,True,False
TXN_007961,CUST_01216,MER_0025,6744.1,INR,UPI,ICICI,2026-08-10 17:28:00,success,,True,False
TXN_007962,CUST_00464,MER_0009,1852.5,INR,Card,KOTAK,2026-07-28 13:46:00,success,,True,False
TXN_007963,CUST_01370,MER_0044,1467.03,INR,UPI,KOTAK,2026-07-16 00:17:00,success,,True,False
TXN_007964,CUST_01312,MER_0043,1309.15,INR,UPI,AXIS,2026-07-13 10:47:00,failed,network_error,False,True
TXN_007965,CUST_01493,MER_0023,2926.76,INR,Card,YES,2026-07-17 21:44:00,failed,network_error,True,False
TXN_007966,CUST_00573,MER_0018,6878.25,INR,Card,YES,2026-07-16 06:43:00,success,,True,False
TXN_007967,CUST_00419,MER_0026,3374.33,INR,Card,KOTAK,2026-08-19 09:54:00,success,,True,False
TXN_007968,CUST_01482,MER_0034,1247.72,INR,Card,ICICI,2026-07-21 09:04:00,success,,True,True
TXN_007969,CUST_00341,MER_0012,1415.55,INR,UPI,KOTAK,2026-07-01 13:26:00,success,,True,False
TXN_007970,CUST_01834,MER_0024,4211.59,INR,Wallet,AXIS,2026-08-21 16:28:00,success,,True,False
TXN_007971,CUST_01784,MER_0033,5616.06,INR,Card,AXIS,2026-08-17 17:04:00,success,,True,False
TXN_007972,CUST_01198,MER_0031,3794.64,INR,Card,HDFC,2026-08-17 03:15:00,failed,bank_declined,True,False
TXN_007973,CUST_00263,MER_0022,9027.27,INR,UPI,SBI,2026-08-10 03:02:00,success,,True,True
TXN_007974,CUST_01925,MER_0045,3473.19,INR,Wallet,AXIS,2026-07-05 10:26:00,success,,True,False
TXN_007975,CUST_01863,MER_0015,1247.8,INR,Card,KOTAK,2026-07-11 05:18:00,success,,True,False
TXN_007976,CUST_00910,MER_0018,855.78,INR,Card,HDFC,2026-08-10 00:18:00,success,,True,False
TXN_007977,CUST_00325,MER_0002,1790.22,INR,UPI,YES,2026-07-20 10:30:00,success,,True,False
TXN_007978,CUST_01325,MER_0027,4458.51,INR,UPI,SBI,2026-08-02 23:29:00,success,,True,True
TXN_007979,CUST_00049,MER_0034,10522.99,INR,UPI,YES,2026-08-16 13:32:00,success,,True,False
TXN_007980,CUST_01272,MER_0007,3408.26,INR,Card,ICICI,2026-07-26 06:29:00,failed,insufficient_funds,True,False
TXN_007981,CUST_00927,MER_0045,2005.71,INR,Card,SBI,2026-08-04 08:38:00,success,,True,False
TXN_007982,CUST_00876,MER_0004,4016.7,INR,UPI,HDFC,2026-08-13 02:55:00,success,,True,True
TXN_007983,CUST_01869,MER_0028,4715.85,INR,Card,YES,2026-08-07 14:53:00,success,,True,False
TXN_007984,CUST_01544,MER_0048,500.86,INR,UPI,ICICI,2026-07-04 04:31:00,success,,True,False
TXN_007985,CUST_01742,MER_0029,1753.29,INR,UPI,SBI,2026-08-23 12:19:00,success,,True,False
TXN_007986,CUST_00584,MER_0020,5217.43,INR,Card,HDFC,2026-08-13 23:21:00,success,,True,False
TXN_007987,CUST_00801,MER_0029,3039.88,INR,NetBanking,HDFC,2026-07-26 05:36:00,success,,True,False
TXN_007988,CUST_01860,MER_0009,937.1,INR,Wallet,ICICI,2026-08-18 19:04:00,success,,True,False
TXN_007989,CUST_00494,MER_0042,349.29,INR,UPI,AXIS,2026-08-10 19:57:00,failed,bank_declined,True,False
TXN_007990,CUST_01196,MER_0041,2304.76,INR,UPI,SBI,2026-07-07 07:23:00,failed,authentication_failure,True,False
TXN_007991,CUST_00826,MER_0034,2736.59,INR,Card,SBI,2026-07-31 22:44:00,success,,True,False
TXN_007992,CUST_01853,MER_0020,3659.6,INR,Card,HDFC,2026-07-29 19:58:00,failed,insufficient_funds,True,False
TXN_007993,CUST_01661,MER_0012,370.65,INR,Card,KOTAK,2026-07-21 01:40:00,success,,True,False
TXN_007994,CUST_00643,MER_0010,852.84,INR,Card,HDFC,2026-07-26 09:04:00,success,,True,True
TXN_007995,CUST_00140,MER_0024,1912.76,INR,Card,ICICI,2026-07-31 10:46:00,failed,network_error,True,True
TXN_007996,CUST_01533,MER_0029,3609.73,INR,Card,ICICI,2026-07-15 16:22:00,success,,True,True
TXN_007997,CUST_01545,MER_0046,3559.93,INR,UPI,AXIS,2026-07-26 17:42:00,success,,True,False
TXN_007998,CUST_00160,MER_0027,1795.91,INR,UPI,KOTAK,2026-08-24 19:47:00,success,,True,True
TXN_007999,CUST_01684,MER_0019,1877.87,INR,UPI,AXIS,2026-08-14 14:58:00,success,,True,False
TXN_008000,CUST_01651,MER_0028,1362.85,INR,Card,AXIS,2026-07-19 23:30:00,failed,expired_card,True,False
TXN_008001,CUST_00800,MER_0019,1168.66,INR,Wallet,SBI,2026-08-17 18:17:00,failed,network_error,False,True
TXN_008002,CUST_00920,MER_0028,2882.12,INR,UPI,YES,2026-08-13 09:03:00,success,,True,False
TXN_008003,CUST_01396,MER_0003,2354.22,INR,Card,YES,2026-07-30 21:43:00,failed,authentication_failure,True,False
TXN_008004,CUST_00911,MER_0008,825.15,INR,UPI,HDFC,2026-08-08 10:06:00,failed,authentication_failure,True,False
TXN_008005,CUST_00783,MER_0020,1874.31,INR,UPI,ICICI,2026-08-16 14:15:00,failed,authentication_failure,False,False
TXN_008006,CUST_00504,MER_0034,2084.15,INR,Card,YES,2026-07-17 04:27:00,success,,True,False
TXN_008007,CUST_00640,MER_0019,5112.72,INR,Card,AXIS,2026-08-02 04:25:00,success,,True,False
TXN_008008,CUST_01871,MER_0011,3842.1,INR,Card,ICICI,2026-07-23 06:39:00,success,,True,False
TXN_008009,CUST_00862,MER_0021,1640.96,INR,UPI,HDFC,2026-07-21 06:27:00,success,,True,False
TXN_008010,CUST_01870,MER_0004,2533.99,INR,UPI,ICICI,2026-07-23 03:29:00,success,,True,False
TXN_008011,CUST_01698,MER_0005,1564.1,INR,Card,YES,2026-07-20 13:59:00,success,,True,True
TXN_008012,CUST_00519,MER_0049,2749.04,INR,Card,SBI,2026-07-20 03:37:00,success,,True,False
TXN_008013,CUST_00759,MER_0005,8367.3,INR,NetBanking,HDFC,2026-07-14 17:09:00,success,,True,False
TXN_008014,CUST_00436,MER_0023,5296.49,INR,UPI,AXIS,2026-07-16 12:19:00,failed,network_error,True,False
TXN_008015,CUST_00026,MER_0020,1645.32,INR,Card,YES,2026-07-30 13:57:00,failed,insufficient_funds,True,False
TXN_008016,CUST_01848,MER_0032,633.02,INR,UPI,HDFC,2026-08-13 06:18:00,failed,network_error,True,True
TXN_008017,CUST_00251,MER_0011,3893.13,INR,NetBanking,ICICI,2026-07-24 12:22:00,failed,bank_timeout,True,False
TXN_008018,CUST_01065,MER_0040,4170.99,INR,UPI,HDFC,2026-07-04 05:49:00,success,,True,False
TXN_008019,CUST_01924,MER_0044,3089.81,INR,UPI,YES,2026-08-24 03:29:00,success,,True,True
TXN_008020,CUST_00506,MER_0015,2086.87,INR,Card,SBI,2026-08-05 19:00:00,failed,authentication_failure,True,True
TXN_008021,CUST_01370,MER_0005,1138.78,INR,NetBanking,AXIS,2026-07-12 20:18:00,success,,True,True
TXN_008022,CUST_01604,MER_0004,1241.73,INR,Card,KOTAK,2026-08-23 21:29:00,success,,True,True
TXN_008023,CUST_01937,MER_0011,2564.16,INR,UPI,AXIS,2026-08-12 20:07:00,failed,bank_declined,True,False
TXN_008024,CUST_00475,MER_0047,566.52,INR,Card,HDFC,2026-07-20 21:58:00,failed,insufficient_funds,True,True
TXN_008025,CUST_00615,MER_0005,4528.67,INR,NetBanking,ICICI,2026-08-05 13:06:00,success,,True,False
TXN_008026,CUST_00199,MER_0011,2294.27,INR,UPI,AXIS,2026-07-12 08:25:00,success,,True,True
TXN_008027,CUST_00515,MER_0019,16310.64,INR,UPI,HDFC,2026-07-19 16:44:00,success,,True,False
TXN_008028,CUST_01381,MER_0029,1413.26,INR,Card,ICICI,2026-07-16 12:11:00,success,,True,False
TXN_008029,CUST_01308,MER_0035,1828.28,INR,Wallet,YES,2026-08-15 21:38:00,failed,insufficient_funds,True,False
TXN_008030,CUST_01418,MER_0019,2296.29,INR,UPI,AXIS,2026-08-05 21:58:00,success,,True,True
TXN_008031,CUST_00928,MER_0031,1876.23,INR,UPI,HDFC,2026-08-04 14:44:00,success,,True,False
TXN_008032,CUST_00732,MER_0003,791.99,INR,UPI,HDFC,2026-07-04 04:58:00,failed,network_error,True,True
TXN_008033,CUST_00954,MER_0046,2257.25,INR,Wallet,SBI,2026-07-20 08:21:00,success,,True,False
TXN_008034,CUST_01176,MER_0013,6521.49,INR,UPI,KOTAK,2026-07-15 08:54:00,success,,True,False
TXN_008035,CUST_00741,MER_0032,14211.33,INR,Card,KOTAK,2026-07-10 05:14:00,success,,True,True
TXN_008036,CUST_01348,MER_0035,7103.76,INR,NetBanking,AXIS,2026-07-29 18:29:00,success,,True,False
TXN_008037,CUST_00696,MER_0050,1312.51,INR,Wallet,KOTAK,2026-08-21 21:26:00,success,,True,False
TXN_008038,CUST_00593,MER_0033,1398.78,INR,Card,YES,2026-07-10 04:01:00,success,,True,False
TXN_008039,CUST_01666,MER_0038,2148.53,INR,NetBanking,HDFC,2026-07-15 18:08:00,success,,True,False
TXN_008040,CUST_00214,MER_0034,10174.57,INR,UPI,AXIS,2026-07-18 14:24:00,success,,True,False
TXN_008041,CUST_01172,MER_0022,2138.07,INR,Card,HDFC,2026-07-05 18:09:00,success,,True,False
TXN_008042,CUST_00091,MER_0021,843.87,INR,Wallet,YES,2026-08-18 21:16:00,failed,bank_declined,True,False
TXN_008043,CUST_00980,MER_0043,4472.24,INR,UPI,HDFC,2026-08-02 04:28:00,success,,True,True
TXN_008044,CUST_01458,MER_0020,4238.45,INR,Card,SBI,2026-07-25 05:10:00,failed,network_error,True,False
TXN_008045,CUST_01611,MER_0016,4216.38,INR,Wallet,KOTAK,2026-08-17 07:23:00,success,,True,False
TXN_008046,CUST_00559,MER_0001,396.02,INR,UPI,KOTAK,2026-08-20 08:41:00,success,,True,True
TXN_008047,CUST_00429,MER_0038,2651.98,INR,Card,SBI,2026-07-31 11:09:00,failed,expired_card,True,False
TXN_008048,CUST_00659,MER_0030,1253.52,INR,UPI,YES,2026-07-26 15:05:00,failed,bank_declined,True,False
TXN_008049,CUST_01708,MER_0040,548.31,INR,UPI,ICICI,2026-07-27 02:34:00,success,,True,True
TXN_008050,CUST_01932,MER_0033,8707.3,INR,NetBanking,YES,2026-07-24 13:40:00,success,,True,True
TXN_008051,CUST_00405,MER_0038,1371.8,INR,NetBanking,SBI,2026-08-05 04:09:00,failed,bank_timeout,True,False
TXN_008052,CUST_01763,MER_0006,3956.57,INR,UPI,KOTAK,2026-08-02 03:17:00,failed,bank_declined,True,False
TXN_008053,CUST_00366,MER_0043,2157.88,INR,Wallet,YES,2026-08-08 11:39:00,failed,insufficient_funds,True,True
TXN_008054,CUST_01270,MER_0043,2803.02,INR,Card,SBI,2026-08-03 02:32:00,success,,True,False
TXN_008055,CUST_00820,MER_0012,6817.61,INR,Card,HDFC,2026-07-14 02:18:00,failed,insufficient_funds,True,True
TXN_008056,CUST_01551,MER_0047,1136.95,INR,UPI,ICICI,2026-07-07 23:38:00,success,,True,False
TXN_008057,CUST_01674,MER_0035,711.51,INR,Card,ICICI,2026-08-07 03:13:00,failed,insufficient_funds,True,True
TXN_008058,CUST_01702,MER_0012,4873.23,INR,UPI,SBI,2026-08-07 23:58:00,success,,True,False
TXN_008059,CUST_00235,MER_0013,1888.43,INR,UPI,YES,2026-07-18 09:58:00,success,,True,False
TXN_008060,CUST_00566,MER_0012,1501.14,INR,UPI,AXIS,2026-08-02 22:13:00,success,,True,False
TXN_008061,CUST_00510,MER_0047,1376.4,INR,NetBanking,KOTAK,2026-08-07 19:01:00,success,,True,False
TXN_008062,CUST_00080,MER_0047,2612.43,INR,Card,YES,2026-08-04 23:28:00,success,,True,False
TXN_008063,CUST_01229,MER_0011,2015.12,INR,UPI,ICICI,2026-07-26 19:57:00,failed,bank_timeout,False,False
TXN_008064,CUST_00335,MER_0028,7182.9,INR,UPI,KOTAK,2026-07-19 02:26:00,success,,True,False
TXN_008065,CUST_00193,MER_0040,8353.31,INR,UPI,HDFC,2026-07-29 09:27:00,success,,True,False
TXN_008066,CUST_01101,MER_0032,673.16,INR,Card,HDFC,2026-07-08 17:45:00,success,,True,True
TXN_008067,CUST_00132,MER_0006,3171.86,INR,UPI,HDFC,2026-07-01 13:31:00,failed,bank_timeout,True,False
TXN_008068,CUST_01327,MER_0025,2000.99,INR,NetBanking,YES,2026-08-20 07:46:00,success,,True,False
TXN_008069,CUST_00062,MER_0050,3125.73,INR,UPI,AXIS,2026-08-07 15:55:00,success,,True,False
TXN_008070,CUST_00271,MER_0009,2058.69,INR,UPI,KOTAK,2026-08-15 17:07:00,success,,True,False
TXN_008071,CUST_01570,MER_0046,2934.72,INR,UPI,YES,2026-07-20 15:43:00,success,,True,True
TXN_008072,CUST_01457,MER_0001,4181.29,INR,Card,ICICI,2026-08-14 23:43:00,success,,True,False
TXN_008073,CUST_00016,MER_0012,3089.18,INR,UPI,KOTAK,2026-07-01 01:43:00,success,,True,False
TXN_008074,CUST_01046,MER_0011,1454.67,INR,NetBanking,KOTAK,2026-07-16 09:33:00,failed,authentication_failure,True,False
TXN_008075,CUST_00090,MER_0005,771.42,INR,UPI,KOTAK,2026-08-04 00:00:00,success,,True,False
TXN_008076,CUST_01082,MER_0004,1232.58,INR,UPI,SBI,2026-08-08 07:43:00,success,,True,False
TXN_008077,CUST_00729,MER_0018,11727.06,INR,NetBanking,HDFC,2026-08-05 03:20:00,success,,True,False
TXN_008078,CUST_00972,MER_0042,1295.17,INR,NetBanking,KOTAK,2026-07-26 00:23:00,success,,True,False
TXN_008079,CUST_00458,MER_0006,939.45,INR,UPI,SBI,2026-07-17 16:47:00,success,,True,False
TXN_008080,CUST_00094,MER_0039,3152.47,INR,Card,SBI,2026-07-12 04:44:00,failed,network_error,True,False
TXN_008081,CUST_00580,MER_0008,2087.09,INR,UPI,HDFC,2026-07-29 13:29:00,success,,True,True
TXN_008082,CUST_00014,MER_0021,7534.42,INR,Card,AXIS,2026-07-02 02:29:00,success,,True,False
TXN_008083,CUST_00308,MER_0004,3786.89,INR,Card,AXIS,2026-07-16 11:28:00,failed,bank_declined,False,False
TXN_008084,CUST_01722,MER_0025,1737.88,INR,UPI,SBI,2026-08-11 19:45:00,success,,True,False
TXN_008085,CUST_00977,MER_0005,1632.6,INR,Card,YES,2026-08-22 13:46:00,failed,authentication_failure,True,False
TXN_008086,CUST_00845,MER_0017,1907.37,INR,NetBanking,YES,2026-08-15 03:24:00,success,,True,False
TXN_008087,CUST_01111,MER_0040,581.42,INR,Card,ICICI,2026-07-02 11:35:00,success,,True,False
TXN_008088,CUST_01347,MER_0045,2348.06,INR,Card,KOTAK,2026-08-16 06:36:00,failed,network_error,True,False
TXN_008089,CUST_00219,MER_0010,14008.01,INR,UPI,KOTAK,2026-07-03 05:22:00,success,,True,False
TXN_008090,CUST_00256,MER_0006,1127.17,INR,NetBanking,KOTAK,2026-07-29 14:06:00,success,,True,True
TXN_008091,CUST_01481,MER_0037,2144.17,INR,Wallet,HDFC,2026-07-02 04:26:00,success,,True,False
TXN_008092,CUST_00489,MER_0020,3000.58,INR,UPI,KOTAK,2026-08-07 19:52:00,failed,network_error,True,True
TXN_008093,CUST_00294,MER_0036,1935.22,INR,UPI,KOTAK,2026-07-18 04:48:00,failed,network_error,True,False
TXN_008094,CUST_00487,MER_0012,8274.82,INR,UPI,AXIS,2026-07-15 16:12:00,success,,True,False
TXN_008095,CUST_00048,MER_0045,4509.8,INR,Card,AXIS,2026-08-07 01:48:00,success,,True,False
TXN_008096,CUST_01563,MER_0029,7964.99,INR,UPI,YES,2026-08-02 12:39:00,success,,True,False
TXN_008097,CUST_00129,MER_0030,1056.49,INR,Card,AXIS,2026-07-18 18:58:00,success,,True,False
TXN_008098,CUST_01709,MER_0034,3146.01,INR,UPI,ICICI,2026-08-03 14:13:00,failed,bank_declined,True,True
TXN_008099,CUST_01178,MER_0011,3232.05,INR,Card,KOTAK,2026-08-08 14:53:00,success,,True,False
TXN_008100,CUST_01032,MER_0020,7339.2,INR,UPI,YES,2026-08-14 21:18:00,success,,True,False
TXN_008101,CUST_01105,MER_0033,2045.44,INR,Wallet,SBI,2026-07-11 17:58:00,success,,True,False
TXN_008102,CUST_00311,MER_0011,1764.46,INR,UPI,KOTAK,2026-08-03 13:29:00,success,,True,False
TXN_008103,CUST_01023,MER_0019,3741.29,INR,UPI,KOTAK,2026-07-23 09:51:00,success,,True,False
TXN_008104,CUST_00448,MER_0005,588.42,INR,UPI,ICICI,2026-07-26 19:26:00,success,,True,False
TXN_008105,CUST_01443,MER_0035,2019.32,INR,Wallet,ICICI,2026-07-24 16:34:00,success,,True,False
TXN_008106,CUST_01661,MER_0022,2192.16,INR,NetBanking,SBI,2026-07-28 12:19:00,success,,True,False
TXN_008107,CUST_00028,MER_0018,1168.78,INR,UPI,HDFC,2026-08-08 20:17:00,success,,True,False
TXN_008108,CUST_01127,MER_0035,5685.35,INR,Card,ICICI,2026-07-07 22:04:00,success,,True,False
TXN_008109,CUST_01519,MER_0003,1043.37,INR,UPI,KOTAK,2026-08-16 12:59:00,success,,True,False
TXN_008110,CUST_00684,MER_0014,2189.22,INR,NetBanking,YES,2026-08-02 19:10:00,failed,network_error,True,False
TXN_008111,CUST_00245,MER_0043,7206.66,INR,NetBanking,AXIS,2026-07-07 15:25:00,success,,True,False
TXN_008112,CUST_01996,MER_0020,2420.08,INR,NetBanking,YES,2026-07-03 20:56:00,success,,True,False
TXN_008113,CUST_00991,MER_0007,5161.19,INR,Wallet,ICICI,2026-08-11 19:14:00,failed,insufficient_funds,True,False
TXN_008114,CUST_01220,MER_0020,2693.96,INR,NetBanking,KOTAK,2026-08-24 12:13:00,success,,True,True
TXN_008115,CUST_01671,MER_0028,1020.85,INR,UPI,HDFC,2026-08-01 22:23:00,success,,True,False
TXN_008116,CUST_00927,MER_0049,774.59,INR,UPI,SBI,2026-08-03 13:38:00,failed,bank_declined,True,False
TXN_008117,CUST_00021,MER_0041,1581.05,INR,UPI,AXIS,2026-08-08 08:28:00,success,,True,False
TXN_008118,CUST_00826,MER_0031,5091.91,INR,UPI,KOTAK,2026-07-31 00:58:00,failed,bank_declined,True,False
TXN_008119,CUST_00454,MER_0025,2105.51,INR,Card,AXIS,2026-08-14 01:28:00,success,,True,False
TXN_008120,CUST_00403,MER_0046,966.64,INR,Card,AXIS,2026-08-09 15:03:00,success,,True,False
TXN_008121,CUST_00141,MER_0042,3672.36,INR,UPI,HDFC,2026-08-19 11:42:00,success,,True,False
TXN_008122,CUST_01006,MER_0011,1081.0,INR,UPI,HDFC,2026-08-11 02:05:00,success,,True,False
TXN_008123,CUST_01998,MER_0005,1330.39,INR,Card,ICICI,2026-07-27 00:08:00,success,,True,True
TXN_008124,CUST_01992,MER_0008,1114.84,INR,UPI,KOTAK,2026-07-01 13:05:00,success,,True,False
TXN_008125,CUST_00453,MER_0001,2184.62,INR,Card,KOTAK,2026-07-03 19:52:00,failed,insufficient_funds,True,False
TXN_008126,CUST_01705,MER_0003,2430.78,INR,Card,SBI,2026-08-19 01:08:00,success,,True,False
TXN_008127,CUST_00964,MER_0010,1712.01,INR,Card,KOTAK,2026-07-10 04:17:00,failed,authentication_failure,True,False
TXN_008128,CUST_01620,MER_0017,3795.99,INR,Wallet,ICICI,2026-07-22 19:22:00,failed,network_error,False,False
TXN_008129,CUST_00841,MER_0031,2681.18,INR,UPI,HDFC,2026-08-10 14:23:00,success,,True,False
TXN_008130,CUST_00123,MER_0019,1838.35,INR,Card,YES,2026-08-06 17:33:00,success,,True,False
TXN_008131,CUST_00058,MER_0045,4772.1,INR,Card,SBI,2026-07-31 22:02:00,failed,bank_declined,True,False
TXN_008132,CUST_01150,MER_0025,2328.22,INR,Card,ICICI,2026-08-13 21:43:00,success,,True,False
TXN_008133,CUST_01756,MER_0050,3599.67,INR,UPI,HDFC,2026-07-24 11:12:00,success,,True,False
TXN_008134,CUST_01141,MER_0019,13168.1,INR,UPI,AXIS,2026-07-01 00:24:00,failed,bank_timeout,True,False
TXN_008135,CUST_00697,MER_0041,2273.59,INR,UPI,YES,2026-07-27 23:52:00,failed,bank_timeout,False,False
TXN_008136,CUST_00678,MER_0007,1603.77,INR,UPI,YES,2026-08-09 21:10:00,success,,True,False
TXN_008137,CUST_01561,MER_0037,1141.39,INR,UPI,ICICI,2026-07-23 23:39:00,failed,bank_declined,False,False
TXN_008138,CUST_00360,MER_0040,1315.91,INR,NetBanking,KOTAK,2026-07-21 22:14:00,success,,True,False
TXN_008139,CUST_00091,MER_0036,4116.24,INR,Wallet,YES,2026-08-07 19:51:00,success,,True,False
TXN_008140,CUST_00884,MER_0043,1035.92,INR,Card,HDFC,2026-08-11 11:24:00,success,,True,False
TXN_008141,CUST_01051,MER_0050,7090.91,INR,Wallet,YES,2026-08-16 14:32:00,failed,bank_timeout,True,False
TXN_008142,CUST_00670,MER_0035,2480.96,INR,NetBanking,ICICI,2026-07-13 19:08:00,success,,True,False
TXN_008143,CUST_01859,MER_0020,2441.22,INR,NetBanking,HDFC,2026-07-03 06:05:00,success,,True,False
TXN_008144,CUST_00790,MER_0048,1562.71,INR,UPI,KOTAK,2026-07-15 12:33:00,failed,network_error,True,True
TXN_008145,CUST_01673,MER_0011,5828.26,INR,UPI,YES,2026-08-16 09:16:00,failed,bank_timeout,True,False
TXN_008146,CUST_01876,MER_0014,715.72,INR,Wallet,ICICI,2026-07-28 16:58:00,success,,True,False
TXN_008147,CUST_01247,MER_0023,4283.71,INR,Card,KOTAK,2026-07-29 12:50:00,success,,True,True
TXN_008148,CUST_00970,MER_0036,3163.69,INR,Card,HDFC,2026-08-23 12:09:00,failed,insufficient_funds,True,False
TXN_008149,CUST_00350,MER_0025,1357.35,INR,Card,ICICI,2026-07-17 12:13:00,success,,True,True
TXN_008150,CUST_01425,MER_0016,1227.48,INR,Card,ICICI,2026-08-03 11:18:00,success,,True,False
TXN_008151,CUST_01701,MER_0042,1367.0,INR,Card,KOTAK,2026-07-05 03:36:00,success,,True,False
TXN_008152,CUST_00617,MER_0032,1883.81,INR,UPI,YES,2026-07-30 07:37:00,success,,True,False
TXN_008153,CUST_01163,MER_0035,1971.92,INR,Card,SBI,2026-07-04 23:38:00,success,,True,False
TXN_008154,CUST_01024,MER_0022,1450.07,INR,UPI,AXIS,2026-08-22 02:32:00,success,,True,False
TXN_008155,CUST_01588,MER_0006,1330.71,INR,NetBanking,HDFC,2026-08-11 01:19:00,failed,bank_timeout,False,False
TXN_008156,CUST_00933,MER_0041,2790.99,INR,UPI,AXIS,2026-07-15 04:23:00,failed,bank_timeout,True,False
TXN_008157,CUST_00758,MER_0010,6166.79,INR,Card,SBI,2026-08-16 21:58:00,success,,True,False
TXN_008158,CUST_00158,MER_0035,3664.58,INR,UPI,KOTAK,2026-07-05 10:05:00,success,,True,False
TXN_008159,CUST_01421,MER_0048,683.57,INR,UPI,AXIS,2026-07-02 02:50:00,success,,True,True
TXN_008160,CUST_00953,MER_0036,3710.72,INR,UPI,ICICI,2026-07-08 16:32:00,success,,True,False
TXN_008161,CUST_00214,MER_0026,3961.73,INR,UPI,KOTAK,2026-07-25 14:24:00,success,,True,False
TXN_008162,CUST_01121,MER_0050,1723.67,INR,UPI,SBI,2026-08-04 16:49:00,success,,True,False
TXN_008163,CUST_00358,MER_0029,737.92,INR,UPI,ICICI,2026-07-09 00:59:00,success,,True,True
TXN_008164,CUST_01877,MER_0036,2456.4,INR,UPI,ICICI,2026-08-26 15:34:00,failed,bank_timeout,True,False
TXN_008165,CUST_00853,MER_0017,994.94,INR,Wallet,ICICI,2026-08-19 09:53:00,failed,insufficient_funds,False,False
TXN_008166,CUST_01594,MER_0003,2275.5,INR,Card,ICICI,2026-08-15 23:54:00,failed,authentication_failure,False,False
TXN_008167,CUST_01814,MER_0025,1747.93,INR,NetBanking,KOTAK,2026-07-12 11:42:00,success,,True,False
TXN_008168,CUST_01977,MER_0042,2283.06,INR,UPI,HDFC,2026-07-31 12:40:00,failed,bank_declined,True,False
TXN_008169,CUST_00016,MER_0029,1723.55,INR,UPI,ICICI,2026-07-05 07:25:00,success,,True,False
TXN_008170,CUST_01701,MER_0039,3739.32,INR,Card,ICICI,2026-07-14 05:17:00,success,,True,False
TXN_008171,CUST_00033,MER_0046,1844.61,INR,UPI,YES,2026-07-18 23:07:00,success,,True,False
TXN_008172,CUST_01975,MER_0011,640.61,INR,UPI,AXIS,2026-08-11 23:26:00,success,,True,False
TXN_008173,CUST_01513,MER_0029,1672.12,INR,NetBanking,AXIS,2026-07-28 00:15:00,success,,True,False
TXN_008174,CUST_00687,MER_0019,1036.78,INR,UPI,YES,2026-07-09 00:07:00,success,,True,True
TXN_008175,CUST_01210,MER_0007,3022.11,INR,UPI,YES,2026-07-24 23:01:00,success,,True,True
TXN_008176,CUST_01994,MER_0016,3149.72,INR,UPI,KOTAK,2026-08-09 19:54:00,success,,True,True
TXN_008177,CUST_00708,MER_0048,647.41,INR,UPI,YES,2026-08-25 00:05:00,success,,True,True
TXN_008178,CUST_01737,MER_0007,4479.25,INR,Card,AXIS,2026-07-09 12:03:00,success,,True,False
TXN_008179,CUST_01349,MER_0039,1002.5,INR,NetBanking,SBI,2026-07-26 13:42:00,success,,True,False
TXN_008180,CUST_00459,MER_0021,8495.96,INR,UPI,SBI,2026-07-29 10:41:00,success,,True,False
TXN_008181,CUST_00389,MER_0017,2347.2,INR,UPI,SBI,2026-08-02 04:48:00,success,,True,False
TXN_008182,CUST_00089,MER_0035,900.44,INR,UPI,HDFC,2026-07-06 12:18:00,success,,True,False
TXN_008183,CUST_01243,MER_0029,978.88,INR,Card,SBI,2026-08-25 00:17:00,success,,True,False
TXN_008184,CUST_01204,MER_0024,3224.32,INR,UPI,ICICI,2026-07-22 10:15:00,success,,True,False
TXN_008185,CUST_00804,MER_0033,1784.62,INR,Card,YES,2026-07-15 05:13:00,success,,True,True
TXN_008186,CUST_01329,MER_0042,2259.0,INR,Card,YES,2026-07-19 19:08:00,failed,insufficient_funds,True,False
TXN_008187,CUST_00034,MER_0023,1394.94,INR,UPI,HDFC,2026-08-03 18:47:00,success,,True,False
TXN_008188,CUST_01043,MER_0006,2560.53,INR,UPI,KOTAK,2026-07-29 14:46:00,success,,True,False
TXN_008189,CUST_00494,MER_0034,7599.79,INR,NetBanking,AXIS,2026-07-28 21:59:00,success,,True,False
TXN_008190,CUST_01742,MER_0024,3030.28,INR,Wallet,YES,2026-08-05 02:36:00,success,,True,False
TXN_008191,CUST_00047,MER_0036,675.0,INR,UPI,AXIS,2026-08-09 03:38:00,success,,True,True
TXN_008192,CUST_01243,MER_0034,3656.68,INR,UPI,KOTAK,2026-07-11 21:42:00,failed,bank_declined,True,True
TXN_008193,CUST_01277,MER_0028,7520.94,INR,UPI,HDFC,2026-08-02 18:27:00,success,,True,False
TXN_008194,CUST_00031,MER_0001,1263.58,INR,Card,ICICI,2026-08-16 16:32:00,success,,True,True
TXN_008195,CUST_00254,MER_0045,26254.89,INR,UPI,HDFC,2026-07-03 02:44:00,success,,True,True
TXN_008196,CUST_01709,MER_0027,7894.34,INR,UPI,YES,2026-07-08 02:13:00,failed,authentication_failure,True,False
TXN_008197,CUST_01778,MER_0015,2479.99,INR,NetBanking,KOTAK,2026-07-07 05:03:00,failed,bank_timeout,True,False
TXN_008198,CUST_01504,MER_0022,4568.45,INR,Card,HDFC,2026-07-08 10:13:00,success,,True,False
TXN_008199,CUST_00255,MER_0029,3476.8,INR,Card,HDFC,2026-07-30 22:38:00,failed,authentication_failure,True,False
TXN_008200,CUST_01716,MER_0021,2211.94,INR,UPI,KOTAK,2026-07-13 02:29:00,success,,True,False
TXN_008201,CUST_00796,MER_0007,1820.06,INR,Wallet,ICICI,2026-07-22 23:58:00,success,,True,False
TXN_008202,CUST_00389,MER_0032,1849.2,INR,UPI,AXIS,2026-07-31 15:04:00,failed,bank_timeout,True,False
TXN_008203,CUST_00241,MER_0024,3268.69,INR,UPI,KOTAK,2026-08-18 16:08:00,failed,authentication_failure,True,False
TXN_008204,CUST_01958,MER_0037,4610.94,INR,UPI,AXIS,2026-07-07 13:22:00,success,,True,False
TXN_008205,CUST_01673,MER_0036,473.03,INR,UPI,AXIS,2026-08-12 10:46:00,failed,bank_timeout,False,False
TXN_008206,CUST_01148,MER_0026,2906.94,INR,NetBanking,YES,2026-07-26 12:01:00,success,,True,False
TXN_008207,CUST_01338,MER_0048,9274.71,INR,Card,HDFC,2026-07-24 04:46:00,success,,True,True
TXN_008208,CUST_00496,MER_0032,718.47,INR,NetBanking,SBI,2026-07-13 11:04:00,success,,True,False
TXN_008209,CUST_01232,MER_0004,8482.41,INR,UPI,ICICI,2026-07-28 22:25:00,failed,bank_timeout,True,False
TXN_008210,CUST_00381,MER_0036,3609.02,INR,Card,AXIS,2026-08-08 03:49:00,success,,True,False
TXN_008211,CUST_00999,MER_0026,9327.62,INR,Wallet,KOTAK,2026-08-11 02:45:00,failed,bank_timeout,True,False
TXN_008212,CUST_00989,MER_0042,3362.01,INR,NetBanking,KOTAK,2026-07-08 08:42:00,success,,True,False
TXN_008213,CUST_01263,MER_0044,2962.63,INR,UPI,KOTAK,2026-07-07 12:17:00,success,,True,False
TXN_008214,CUST_01586,MER_0022,1657.75,INR,NetBanking,KOTAK,2026-07-10 16:27:00,success,,True,False
TXN_008215,CUST_01572,MER_0002,2385.61,INR,UPI,AXIS,2026-08-02 20:01:00,failed,bank_declined,True,True
TXN_008216,CUST_01336,MER_0001,2355.12,INR,UPI,AXIS,2026-08-01 00:26:00,success,,True,False
TXN_008217,CUST_00587,MER_0009,376.63,INR,UPI,KOTAK,2026-07-09 19:05:00,failed,bank_declined,True,True
TXN_008218,CUST_00524,MER_0010,2214.12,INR,Card,KOTAK,2026-08-23 06:04:00,success,,True,False
TXN_008219,CUST_00555,MER_0010,1865.04,INR,Card,AXIS,2026-08-13 16:56:00,failed,expired_card,True,False
TXN_008220,CUST_00913,MER_0008,775.22,INR,Wallet,SBI,2026-07-16 13:51:00,failed,network_error,True,False
TXN_008221,CUST_00265,MER_0018,2247.98,INR,UPI,YES,2026-07-27 18:17:00,failed,bank_declined,True,True
TXN_008222,CUST_00340,MER_0007,1127.42,INR,UPI,ICICI,2026-07-01 01:44:00,success,,True,True
TXN_008223,CUST_01414,MER_0025,2487.81,INR,UPI,HDFC,2026-07-21 18:53:00,success,,True,False
TXN_008224,CUST_00181,MER_0044,7402.46,INR,UPI,SBI,2026-08-03 05:04:00,success,,True,False
TXN_008225,CUST_01472,MER_0042,5589.99,INR,Card,ICICI,2026-08-13 23:19:00,failed,bank_declined,False,False
TXN_008226,CUST_01979,MER_0006,3778.64,INR,UPI,AXIS,2026-07-16 21:44:00,success,,True,False
TXN_008227,CUST_01569,MER_0035,1832.0,INR,Wallet,YES,2026-07-27 03:24:00,success,,True,False
TXN_008228,CUST_00637,MER_0010,765.0,INR,Card,KOTAK,2026-07-19 16:07:00,failed,authentication_failure,True,True
TXN_008229,CUST_01890,MER_0008,2020.91,INR,UPI,HDFC,2026-07-13 08:31:00,success,,True,True
TXN_008230,CUST_01518,MER_0044,5647.88,INR,NetBanking,SBI,2026-07-31 21:54:00,failed,network_error,True,False
TXN_008231,CUST_00714,MER_0042,8864.85,INR,UPI,YES,2026-07-01 05:39:00,success,,True,False
TXN_008232,CUST_00940,MER_0040,6361.32,INR,Card,ICICI,2026-07-09 21:55:00,success,,True,False
TXN_008233,CUST_00475,MER_0014,1693.92,INR,Card,YES,2026-08-06 13:52:00,success,,True,True
TXN_008234,CUST_00109,MER_0037,580.5,INR,UPI,AXIS,2026-07-19 02:17:00,success,,True,False
TXN_008235,CUST_01580,MER_0047,7394.27,INR,Card,YES,2026-07-05 22:24:00,success,,True,False
TXN_008236,CUST_01583,MER_0032,7240.95,INR,UPI,SBI,2026-07-03 23:18:00,success,,True,True
TXN_008237,CUST_00296,MER_0001,818.14,INR,NetBanking,SBI,2026-08-01 22:27:00,success,,True,False
TXN_008238,CUST_00888,MER_0007,8163.2,INR,Card,SBI,2026-08-06 22:57:00,failed,insufficient_funds,False,False
TXN_008239,CUST_00557,MER_0014,2775.4,INR,UPI,AXIS,2026-07-10 01:03:00,success,,True,False
TXN_008240,CUST_01218,MER_0042,8882.4,INR,Card,HDFC,2026-07-18 16:30:00,failed,insufficient_funds,False,False
TXN_008241,CUST_00952,MER_0040,4109.53,INR,UPI,HDFC,2026-07-24 02:33:00,success,,True,False
TXN_008242,CUST_01836,MER_0038,3563.77,INR,Card,ICICI,2026-07-09 00:39:00,success,,True,False
TXN_008243,CUST_00563,MER_0031,3996.26,INR,UPI,SBI,2026-07-16 21:23:00,success,,True,False
TXN_008244,CUST_00618,MER_0024,1772.16,INR,UPI,SBI,2026-08-07 17:46:00,success,,True,True
TXN_008245,CUST_00169,MER_0004,2335.35,INR,NetBanking,KOTAK,2026-08-10 01:25:00,failed,network_error,True,False
TXN_008246,CUST_01494,MER_0049,1869.77,INR,UPI,YES,2026-07-19 07:08:00,success,,True,False
TXN_008247,CUST_01562,MER_0027,1820.18,INR,UPI,KOTAK,2026-08-03 22:25:00,success,,True,False
TXN_008248,CUST_01814,MER_0022,1468.15,INR,Card,HDFC,2026-07-14 08:12:00,success,,True,False
TXN_008249,CUST_01000,MER_0050,2722.75,INR,Card,YES,2026-08-23 03:29:00,success,,True,True
TXN_008250,CUST_01283,MER_0026,1883.36,INR,UPI,KOTAK,2026-08-21 13:24:00,failed,bank_timeout,True,False
TXN_008251,CUST_00874,MER_0049,666.57,INR,Card,YES,2026-07-27 07:57:00,success,,True,True
TXN_008252,CUST_00784,MER_0012,2229.02,INR,Card,HDFC,2026-08-08 08:51:00,success,,True,False
TXN_008253,CUST_00967,MER_0032,2711.46,INR,NetBanking,ICICI,2026-08-11 08:42:00,failed,bank_timeout,True,False
TXN_008254,CUST_01601,MER_0008,2126.19,INR,Card,AXIS,2026-08-15 22:45:00,success,,True,False
TXN_008255,CUST_01741,MER_0026,686.64,INR,UPI,KOTAK,2026-08-23 16:15:00,success,,True,False
TXN_008256,CUST_01253,MER_0042,3246.01,INR,UPI,AXIS,2026-08-21 23:02:00,failed,authentication_failure,True,False
TXN_008257,CUST_00585,MER_0044,3622.17,INR,UPI,ICICI,2026-07-29 09:20:00,failed,authentication_failure,True,False
TXN_008258,CUST_01606,MER_0043,2867.58,INR,UPI,AXIS,2026-08-24 11:42:00,success,,True,False
TXN_008259,CUST_01996,MER_0036,3579.38,INR,Wallet,AXIS,2026-08-17 03:50:00,failed,bank_timeout,True,False
TXN_008260,CUST_01779,MER_0001,4230.35,INR,NetBanking,KOTAK,2026-08-10 16:17:00,success,,True,False
TXN_008261,CUST_00760,MER_0010,691.05,INR,UPI,KOTAK,2026-08-05 05:50:00,success,,True,False
TXN_008262,CUST_01713,MER_0003,1194.08,INR,UPI,SBI,2026-07-16 08:02:00,failed,bank_timeout,False,False
TXN_008263,CUST_01162,MER_0002,340.92,INR,Card,KOTAK,2026-07-09 05:04:00,success,,True,False
TXN_008264,CUST_01254,MER_0013,2181.7,INR,UPI,YES,2026-08-08 21:19:00,success,,True,False
TXN_008265,CUST_01216,MER_0027,6234.29,INR,UPI,ICICI,2026-08-06 06:40:00,success,,True,False
TXN_008266,CUST_01043,MER_0004,2265.14,INR,NetBanking,HDFC,2026-07-10 06:57:00,failed,bank_declined,True,True
TXN_008267,CUST_01018,MER_0020,2706.84,INR,Card,AXIS,2026-07-03 00:44:00,success,,True,False
TXN_008268,CUST_00396,MER_0044,1839.97,INR,Card,YES,2026-07-11 08:33:00,success,,True,False
TXN_008269,CUST_01178,MER_0041,2501.58,INR,NetBanking,ICICI,2026-08-07 00:31:00,success,,True,True
TXN_008270,CUST_01364,MER_0038,1412.75,INR,Card,KOTAK,2026-07-02 09:09:00,success,,True,True
TXN_008271,CUST_01331,MER_0012,5925.02,INR,UPI,YES,2026-07-11 14:46:00,success,,True,False
TXN_008272,CUST_01224,MER_0030,7620.61,INR,Card,YES,2026-08-09 16:45:00,failed,bank_declined,True,False
TXN_008273,CUST_00691,MER_0018,804.97,INR,UPI,YES,2026-07-12 13:07:00,success,,True,False
TXN_008274,CUST_00711,MER_0035,1605.07,INR,UPI,SBI,2026-07-13 04:52:00,success,,True,False
TXN_008275,CUST_00715,MER_0022,2106.55,INR,Wallet,ICICI,2026-07-08 04:58:00,success,,True,False
TXN_008276,CUST_01623,MER_0050,3657.12,INR,Card,ICICI,2026-07-29 20:46:00,failed,bank_declined,True,False
TXN_008277,CUST_00310,MER_0022,1319.05,INR,UPI,ICICI,2026-08-23 04:37:00,failed,network_error,False,False
TXN_008278,CUST_01021,MER_0014,5172.58,INR,Card,ICICI,2026-08-15 21:42:00,failed,insufficient_funds,True,True
TXN_008279,CUST_01332,MER_0011,840.02,INR,UPI,AXIS,2026-07-13 17:41:00,success,,True,False
TXN_008280,CUST_01913,MER_0001,33768.87,INR,Card,AXIS,2026-08-16 03:52:00,failed,bank_declined,True,False
TXN_008281,CUST_00228,MER_0011,1971.2,INR,NetBanking,HDFC,2026-08-15 05:24:00,success,,True,False
TXN_008282,CUST_00253,MER_0030,4891.36,INR,Card,KOTAK,2026-08-20 14:17:00,success,,True,True
TXN_008283,CUST_00836,MER_0048,2209.31,INR,Wallet,HDFC,2026-08-24 10:42:00,success,,True,False
TXN_008284,CUST_00340,MER_0013,4884.03,INR,Card,YES,2026-07-15 17:43:00,success,,True,False
TXN_008285,CUST_01329,MER_0004,2772.53,INR,UPI,HDFC,2026-07-14 20:03:00,failed,bank_timeout,True,True
TXN_008286,CUST_01028,MER_0035,2228.61,INR,NetBanking,KOTAK,2026-07-31 17:27:00,failed,bank_timeout,True,False
TXN_008287,CUST_01313,MER_0006,11504.3,INR,NetBanking,AXIS,2026-07-12 09:36:00,success,,True,False
TXN_008288,CUST_00382,MER_0044,1149.14,INR,NetBanking,SBI,2026-07-15 17:24:00,success,,True,False
TXN_008289,CUST_00798,MER_0038,822.2,INR,UPI,YES,2026-07-20 05:25:00,success,,True,True
TXN_008290,CUST_01417,MER_0048,2058.46,INR,NetBanking,SBI,2026-08-05 22:35:00,failed,bank_timeout,True,False
TXN_008291,CUST_00155,MER_0020,2341.69,INR,UPI,KOTAK,2026-07-26 07:19:00,failed,bank_declined,False,False
TXN_008292,CUST_00975,MER_0017,5411.29,INR,Card,ICICI,2026-07-12 00:48:00,success,,True,True
TXN_008293,CUST_01956,MER_0048,4683.42,INR,UPI,HDFC,2026-07-03 02:18:00,success,,True,True
TXN_008294,CUST_00940,MER_0047,1911.21,INR,UPI,AXIS,2026-07-30 22:09:00,failed,bank_declined,True,False
TXN_008295,CUST_01783,MER_0012,3382.27,INR,UPI,SBI,2026-08-01 09:40:00,failed,bank_timeout,True,False
TXN_008296,CUST_00725,MER_0035,3852.46,INR,Card,HDFC,2026-07-24 02:51:00,success,,True,False
TXN_008297,CUST_00193,MER_0016,760.64,INR,Card,KOTAK,2026-07-01 11:07:00,failed,expired_card,True,False
TXN_008298,CUST_00078,MER_0032,1765.85,INR,UPI,YES,2026-07-31 13:12:00,success,,True,False
TXN_008299,CUST_00056,MER_0034,2105.06,INR,Card,AXIS,2026-07-09 18:57:00,failed,authentication_failure,True,False
TXN_008300,CUST_00208,MER_0006,1474.43,INR,UPI,YES,2026-08-10 06:47:00,success,,True,False
TXN_008301,CUST_00631,MER_0015,15052.13,INR,UPI,SBI,2026-08-26 10:25:00,failed,authentication_failure,True,False
TXN_008302,CUST_00445,MER_0036,706.72,INR,UPI,HDFC,2026-07-01 13:20:00,success,,True,False
TXN_008303,CUST_01856,MER_0009,8130.44,INR,UPI,AXIS,2026-07-07 01:27:00,success,,True,False
TXN_008304,CUST_01181,MER_0020,6339.74,INR,NetBanking,AXIS,2026-07-03 21:49:00,success,,True,False
TXN_008305,CUST_01234,MER_0038,1948.92,INR,Wallet,KOTAK,2026-07-25 23:21:00,success,,True,False
TXN_008306,CUST_01575,MER_0019,3119.28,INR,UPI,ICICI,2026-08-22 21:07:00,success,,True,False
TXN_008307,CUST_01015,MER_0034,2411.6,INR,NetBanking,ICICI,2026-07-21 18:58:00,success,,True,False
TXN_008308,CUST_00664,MER_0026,11826.1,INR,Card,SBI,2026-07-11 12:06:00,success,,True,False
TXN_008309,CUST_01677,MER_0002,1290.74,INR,NetBanking,YES,2026-07-08 11:10:00,failed,bank_declined,True,True
TXN_008310,CUST_00580,MER_0043,1732.78,INR,UPI,SBI,2026-07-05 15:21:00,failed,bank_declined,False,False
TXN_008311,CUST_01883,MER_0029,14091.27,INR,Card,ICICI,2026-07-07 10:11:00,success,,True,True
TXN_008312,CUST_00341,MER_0024,948.37,INR,UPI,SBI,2026-08-02 22:27:00,success,,True,False
TXN_008313,CUST_01663,MER_0008,2910.57,INR,Card,YES,2026-07-17 13:41:00,success,,True,True
TXN_008314,CUST_01964,MER_0001,606.34,INR,Card,HDFC,2026-08-01 10:09:00,success,,True,False
TXN_008315,CUST_01757,MER_0020,1773.56,INR,Card,KOTAK,2026-07-26 04:01:00,success,,True,False
TXN_008316,CUST_01929,MER_0022,3420.61,INR,UPI,KOTAK,2026-07-24 11:08:00,failed,bank_timeout,True,False
TXN_008317,CUST_01393,MER_0031,3902.77,INR,UPI,SBI,2026-07-30 18:20:00,success,,True,False
TXN_008318,CUST_01846,MER_0041,1967.99,INR,UPI,ICICI,2026-08-18 03:47:00,failed,bank_declined,True,True
TXN_008319,CUST_01950,MER_0028,7254.73,INR,NetBanking,HDFC,2026-07-28 07:09:00,failed,bank_declined,True,False
TXN_008320,CUST_00396,MER_0028,2595.12,INR,Wallet,YES,2026-07-04 13:27:00,success,,True,False
TXN_008321,CUST_01154,MER_0021,2826.41,INR,Card,YES,2026-08-07 19:23:00,success,,True,False
TXN_008322,CUST_00818,MER_0018,4005.72,INR,UPI,YES,2026-07-21 22:43:00,failed,bank_timeout,True,False
TXN_008323,CUST_00729,MER_0005,2841.73,INR,UPI,ICICI,2026-07-01 00:53:00,success,,True,True
TXN_008324,CUST_01006,MER_0044,2008.76,INR,UPI,YES,2026-07-11 01:28:00,success,,True,True
TXN_008325,CUST_00916,MER_0001,2676.3,INR,NetBanking,KOTAK,2026-07-25 17:30:00,success,,True,False
TXN_008326,CUST_00189,MER_0036,6893.62,INR,Card,ICICI,2026-07-05 02:59:00,failed,insufficient_funds,True,False
TXN_008327,CUST_00565,MER_0010,4276.99,INR,UPI,KOTAK,2026-08-20 02:16:00,success,,True,True
TXN_008328,CUST_00872,MER_0010,4352.28,INR,Card,AXIS,2026-08-04 19:56:00,success,,True,False
TXN_008329,CUST_00056,MER_0047,2158.03,INR,UPI,ICICI,2026-07-01 00:14:00,success,,True,False
TXN_008330,CUST_01061,MER_0037,3149.7,INR,UPI,KOTAK,2026-08-25 03:52:00,success,,True,True
TXN_008331,CUST_01499,MER_0020,1024.4,INR,Card,KOTAK,2026-07-16 19:58:00,success,,True,True
TXN_008332,CUST_01689,MER_0008,6734.82,INR,UPI,KOTAK,2026-08-01 00:27:00,success,,True,True
TXN_008333,CUST_01325,MER_0017,263.39,INR,Card,ICICI,2026-08-14 06:44:00,success,,True,False
TXN_008334,CUST_01983,MER_0027,2276.24,INR,UPI,ICICI,2026-08-14 05:45:00,success,,True,False
TXN_008335,CUST_00658,MER_0016,6079.74,INR,Card,HDFC,2026-08-26 20:24:00,success,,True,False
TXN_008336,CUST_01901,MER_0022,819.67,INR,NetBanking,HDFC,2026-08-09 06:39:00,failed,authentication_failure,True,False
TXN_008337,CUST_00259,MER_0014,1415.71,INR,UPI,AXIS,2026-07-24 13:32:00,success,,True,True
TXN_008338,CUST_01718,MER_0002,1817.03,INR,Card,KOTAK,2026-07-03 08:27:00,success,,True,False
TXN_008339,CUST_00952,MER_0022,5201.76,INR,UPI,AXIS,2026-07-25 02:44:00,failed,bank_timeout,True,True
TXN_008340,CUST_00738,MER_0031,479.39,INR,UPI,ICICI,2026-08-01 04:32:00,success,,True,True
TXN_008341,CUST_01480,MER_0048,1117.51,INR,NetBanking,KOTAK,2026-07-23 09:43:00,success,,True,False
TXN_008342,CUST_01786,MER_0008,5325.54,INR,Card,HDFC,2026-08-11 03:02:00,failed,expired_card,True,False
TXN_008343,CUST_00548,MER_0016,9882.38,INR,Card,YES,2026-07-26 18:11:00,success,,True,False
TXN_008344,CUST_01769,MER_0013,9377.97,INR,UPI,ICICI,2026-07-31 13:31:00,success,,True,False
TXN_008345,CUST_01897,MER_0024,1856.05,INR,UPI,HDFC,2026-08-25 17:30:00,failed,network_error,True,False
TXN_008346,CUST_01572,MER_0039,2488.87,INR,Wallet,KOTAK,2026-08-23 22:16:00,success,,True,True
TXN_008347,CUST_00849,MER_0031,1129.88,INR,Card,YES,2026-07-26 17:08:00,failed,authentication_failure,True,False
TXN_008348,CUST_00479,MER_0026,401.26,INR,NetBanking,KOTAK,2026-07-23 03:00:00,success,,True,False
TXN_008349,CUST_00855,MER_0027,8827.39,INR,UPI,SBI,2026-07-20 04:51:00,failed,bank_timeout,True,False
TXN_008350,CUST_01726,MER_0010,1083.11,INR,Card,SBI,2026-08-15 07:04:00,failed,bank_declined,True,True
TXN_008351,CUST_00624,MER_0037,2634.6,INR,UPI,SBI,2026-08-15 04:25:00,failed,bank_timeout,True,False
TXN_008352,CUST_00360,MER_0002,599.39,INR,UPI,AXIS,2026-08-20 13:27:00,success,,True,True
TXN_008353,CUST_00539,MER_0011,2062.58,INR,UPI,KOTAK,2026-08-14 10:08:00,success,,True,False
TXN_008354,CUST_00328,MER_0031,1887.74,INR,Card,HDFC,2026-07-31 14:35:00,success,,True,False
TXN_008355,CUST_00717,MER_0038,1788.75,INR,Card,SBI,2026-08-09 01:55:00,success,,True,True
TXN_008356,CUST_00500,MER_0015,2916.6,INR,Card,HDFC,2026-08-11 20:49:00,success,,True,False
TXN_008357,CUST_01042,MER_0016,7658.84,INR,Wallet,YES,2026-08-23 21:09:00,success,,True,False
TXN_008358,CUST_01873,MER_0001,1915.1,INR,NetBanking,KOTAK,2026-07-29 09:47:00,failed,authentication_failure,True,False
TXN_008359,CUST_01456,MER_0038,4365.54,INR,UPI,ICICI,2026-07-06 17:46:00,success,,True,False
TXN_008360,CUST_00256,MER_0043,3802.12,INR,Card,YES,2026-07-21 19:38:00,failed,insufficient_funds,True,False
TXN_008361,CUST_00757,MER_0036,2636.22,INR,Card,HDFC,2026-08-07 04:00:00,success,,True,True
TXN_008362,CUST_01369,MER_0015,3782.09,INR,Card,HDFC,2026-08-03 20:10:00,success,,True,False
TXN_008363,CUST_00532,MER_0018,989.62,INR,Card,HDFC,2026-08-09 16:42:00,success,,True,False
TXN_008364,CUST_01871,MER_0034,6706.49,INR,UPI,AXIS,2026-08-13 03:00:00,success,,True,False
TXN_008365,CUST_00904,MER_0019,7671.53,INR,UPI,HDFC,2026-08-01 21:45:00,success,,True,False
TXN_008366,CUST_00334,MER_0026,1368.92,INR,Card,AXIS,2026-08-05 00:54:00,failed,expired_card,False,False
TXN_008367,CUST_00468,MER_0036,4079.88,INR,Card,KOTAK,2026-07-24 19:40:00,success,,True,False
TXN_008368,CUST_01903,MER_0005,1577.36,INR,Card,HDFC,2026-07-16 21:15:00,failed,authentication_failure,True,False
TXN_008369,CUST_01856,MER_0017,2781.11,INR,Wallet,AXIS,2026-08-07 15:34:00,success,,True,True
TXN_008370,CUST_01828,MER_0038,754.21,INR,UPI,KOTAK,2026-07-18 17:54:00,failed,bank_declined,True,False
TXN_008371,CUST_00610,MER_0002,1012.2,INR,UPI,SBI,2026-07-22 07:55:00,failed,bank_timeout,True,False
TXN_008372,CUST_01003,MER_0008,1426.57,INR,Card,KOTAK,2026-08-26 20:00:00,success,,True,False
TXN_008373,CUST_00288,MER_0002,2145.16,INR,UPI,YES,2026-08-26 08:54:00,failed,network_error,True,False
TXN_008374,CUST_00137,MER_0025,3630.43,INR,UPI,HDFC,2026-07-02 07:41:00,success,,True,False
TXN_008375,CUST_01366,MER_0040,1029.08,INR,UPI,ICICI,2026-08-06 04:05:00,success,,True,False
TXN_008376,CUST_00066,MER_0043,1083.62,INR,UPI,KOTAK,2026-08-03 06:39:00,success,,True,True
TXN_008377,CUST_01803,MER_0046,1511.05,INR,UPI,HDFC,2026-08-19 21:37:00,success,,True,False
TXN_008378,CUST_00213,MER_0031,3346.65,INR,UPI,ICICI,2026-07-18 04:23:00,success,,True,False
TXN_008379,CUST_01431,MER_0022,3250.75,INR,UPI,YES,2026-07-09 22:08:00,success,,True,False
TXN_008380,CUST_01787,MER_0031,1243.29,INR,Card,KOTAK,2026-08-06 21:15:00,success,,True,False
TXN_008381,CUST_00234,MER_0040,959.33,INR,UPI,YES,2026-07-04 04:06:00,success,,True,False
TXN_008382,CUST_00806,MER_0037,3057.24,INR,NetBanking,AXIS,2026-07-28 06:11:00,success,,True,False
TXN_008383,CUST_01125,MER_0037,2110.15,INR,UPI,YES,2026-08-11 13:00:00,success,,True,True
TXN_008384,CUST_00864,MER_0027,13708.52,INR,UPI,YES,2026-07-03 01:03:00,success,,True,False
TXN_008385,CUST_00385,MER_0038,2513.13,INR,UPI,YES,2026-08-01 00:50:00,failed,network_error,False,False
TXN_008386,CUST_01270,MER_0039,956.89,INR,NetBanking,KOTAK,2026-08-01 13:25:00,success,,True,False
TXN_008387,CUST_00183,MER_0027,693.28,INR,Card,KOTAK,2026-07-08 20:28:00,success,,True,True
TXN_008388,CUST_01633,MER_0034,996.18,INR,UPI,YES,2026-07-16 09:42:00,success,,True,False
TXN_008389,CUST_01513,MER_0023,6318.92,INR,NetBanking,AXIS,2026-08-25 06:41:00,success,,True,False
TXN_008390,CUST_01910,MER_0020,9945.56,INR,Wallet,HDFC,2026-08-09 01:14:00,failed,bank_declined,False,False
TXN_008391,CUST_01578,MER_0004,1688.42,INR,NetBanking,SBI,2026-08-02 01:56:00,failed,network_error,True,True
TXN_008392,CUST_01249,MER_0009,572.89,INR,Card,YES,2026-08-05 00:37:00,success,,True,False
TXN_008393,CUST_00842,MER_0004,4336.09,INR,Card,AXIS,2026-07-30 00:08:00,success,,True,False
TXN_008394,CUST_00236,MER_0034,2917.31,INR,Card,YES,2026-08-03 00:18:00,success,,True,False
TXN_008395,CUST_01316,MER_0016,2461.17,INR,Card,ICICI,2026-08-03 04:23:00,success,,True,False
TXN_008396,CUST_00980,MER_0040,796.28,INR,Card,KOTAK,2026-08-13 02:43:00,success,,True,False
TXN_008397,CUST_00392,MER_0013,9063.09,INR,Wallet,SBI,2026-07-12 19:03:00,success,,True,True
TXN_008398,CUST_00577,MER_0007,1631.6,INR,UPI,KOTAK,2026-08-19 20:40:00,failed,network_error,False,True
TXN_008399,CUST_01968,MER_0005,762.31,INR,UPI,SBI,2026-08-20 23:43:00,success,,True,False
TXN_008400,CUST_00473,MER_0033,2095.57,INR,Wallet,KOTAK,2026-08-18 08:16:00,failed,bank_declined,True,False
TXN_008401,CUST_01089,MER_0005,3170.55,INR,UPI,KOTAK,2026-07-01 21:00:00,success,,True,False
TXN_008402,CUST_00227,MER_0044,2762.02,INR,NetBanking,YES,2026-08-19 18:37:00,success,,True,False
TXN_008403,CUST_00930,MER_0039,3625.03,INR,Wallet,YES,2026-07-08 05:18:00,success,,True,False
TXN_008404,CUST_00975,MER_0007,987.9,INR,UPI,KOTAK,2026-08-13 10:06:00,success,,True,True
TXN_008405,CUST_01552,MER_0022,2858.06,INR,NetBanking,SBI,2026-07-02 23:24:00,success,,True,False
TXN_008406,CUST_01986,MER_0013,2673.13,INR,Wallet,KOTAK,2026-07-28 19:55:00,failed,insufficient_funds,True,False
TXN_008407,CUST_01971,MER_0032,2586.02,INR,UPI,HDFC,2026-08-05 14:18:00,success,,True,False
TXN_008408,CUST_00458,MER_0013,881.33,INR,UPI,AXIS,2026-08-01 14:24:00,failed,bank_timeout,True,False
TXN_008409,CUST_01391,MER_0016,415.13,INR,UPI,SBI,2026-08-18 22:02:00,success,,True,False
TXN_008410,CUST_00230,MER_0011,4693.94,INR,UPI,YES,2026-07-04 13:44:00,success,,True,False
TXN_008411,CUST_00561,MER_0002,4732.11,INR,UPI,AXIS,2026-08-09 21:28:00,success,,True,False
TXN_008412,CUST_00769,MER_0014,4792.66,INR,UPI,ICICI,2026-07-22 01:44:00,failed,bank_timeout,True,True
TXN_008413,CUST_01670,MER_0018,442.97,INR,Card,HDFC,2026-07-01 14:19:00,success,,True,False
TXN_008414,CUST_00091,MER_0032,1073.45,INR,UPI,HDFC,2026-07-30 08:27:00,success,,True,False
TXN_008415,CUST_01230,MER_0010,2797.08,INR,UPI,HDFC,2026-07-04 22:58:00,failed,bank_timeout,True,False
TXN_008416,CUST_00684,MER_0032,2042.24,INR,UPI,KOTAK,2026-07-05 12:49:00,failed,bank_timeout,True,True
TXN_008417,CUST_00034,MER_0029,2463.46,INR,Card,AXIS,2026-08-19 05:53:00,success,,True,False
TXN_008418,CUST_01111,MER_0035,2688.17,INR,Card,ICICI,2026-07-25 03:50:00,success,,True,False
TXN_008419,CUST_01378,MER_0023,1463.74,INR,Card,KOTAK,2026-08-12 05:00:00,failed,insufficient_funds,False,True
TXN_008420,CUST_01068,MER_0011,1729.15,INR,Card,ICICI,2026-07-25 05:49:00,failed,authentication_failure,True,False
TXN_008421,CUST_01048,MER_0021,1317.12,INR,Card,ICICI,2026-07-22 13:20:00,success,,True,False
TXN_008422,CUST_00260,MER_0041,1846.83,INR,UPI,KOTAK,2026-07-03 13:22:00,success,,True,False
TXN_008423,CUST_01160,MER_0031,5405.66,INR,Card,KOTAK,2026-08-02 21:25:00,success,,True,True
TXN_008424,CUST_01075,MER_0023,2359.45,INR,UPI,ICICI,2026-07-30 05:52:00,success,,True,True
TXN_008425,CUST_00981,MER_0012,2102.92,INR,UPI,AXIS,2026-07-19 07:54:00,failed,network_error,True,False
TXN_008426,CUST_01344,MER_0017,4575.11,INR,UPI,YES,2026-07-05 14:35:00,failed,bank_timeout,True,False
TXN_008427,CUST_00259,MER_0035,2252.91,INR,Wallet,SBI,2026-08-20 16:45:00,success,,True,False
TXN_008428,CUST_01241,MER_0020,7975.63,INR,Card,SBI,2026-08-02 19:29:00,success,,True,False
TXN_008429,CUST_00708,MER_0042,3666.57,INR,UPI,KOTAK,2026-07-01 23:59:00,failed,bank_timeout,True,True
TXN_008430,CUST_00587,MER_0006,592.52,INR,UPI,YES,2026-07-18 06:11:00,success,,True,True
TXN_008431,CUST_01428,MER_0006,2318.21,INR,UPI,AXIS,2026-07-02 19:22:00,success,,True,True
TXN_008432,CUST_01535,MER_0004,925.01,INR,Card,AXIS,2026-08-21 00:09:00,success,,True,False
TXN_008433,CUST_00267,MER_0011,4100.39,INR,UPI,HDFC,2026-07-02 22:58:00,failed,bank_timeout,False,False
TXN_008434,CUST_00205,MER_0050,2785.85,INR,UPI,SBI,2026-07-01 11:51:00,failed,bank_timeout,True,False
TXN_008435,CUST_01305,MER_0045,9829.14,INR,UPI,ICICI,2026-07-21 12:38:00,success,,True,False
TXN_008436,CUST_01515,MER_0038,23720.03,INR,NetBanking,SBI,2026-07-01 11:57:00,success,,True,False
TXN_008437,CUST_00091,MER_0005,1953.02,INR,UPI,KOTAK,2026-08-01 21:56:00,success,,True,False
TXN_008438,CUST_01095,MER_0040,3237.09,INR,Card,ICICI,2026-08-09 23:22:00,success,,True,False
TXN_008439,CUST_01086,MER_0011,2638.42,INR,Card,ICICI,2026-07-24 10:03:00,success,,True,False
TXN_008440,CUST_00423,MER_0024,1982.77,INR,Card,KOTAK,2026-07-21 15:30:00,failed,insufficient_funds,True,False
TXN_008441,CUST_00960,MER_0002,1024.57,INR,Card,YES,2026-07-30 05:24:00,success,,True,False
TXN_008442,CUST_01295,MER_0050,983.9,INR,Card,ICICI,2026-08-04 13:32:00,success,,True,False
TXN_008443,CUST_01229,MER_0033,3375.14,INR,UPI,HDFC,2026-07-18 01:24:00,success,,True,True
TXN_008444,CUST_00057,MER_0020,1610.44,INR,Wallet,ICICI,2026-08-21 09:38:00,failed,insufficient_funds,True,False
TXN_008445,CUST_00373,MER_0005,3483.83,INR,UPI,AXIS,2026-07-16 08:25:00,success,,True,False
TXN_008446,CUST_00984,MER_0020,2367.03,INR,Card,AXIS,2026-07-27 18:06:00,success,,True,False
TXN_008447,CUST_01940,MER_0048,7167.69,INR,Card,SBI,2026-08-13 08:10:00,success,,True,False
TXN_008448,CUST_01024,MER_0006,3289.52,INR,UPI,HDFC,2026-08-08 00:29:00,failed,bank_declined,True,False
TXN_008449,CUST_00493,MER_0049,410.04,INR,UPI,YES,2026-07-20 23:51:00,success,,True,False
TXN_008450,CUST_00590,MER_0043,1372.55,INR,NetBanking,KOTAK,2026-07-17 10:19:00,failed,bank_timeout,True,False
TXN_008451,CUST_01640,MER_0041,5190.2,INR,NetBanking,ICICI,2026-07-11 13:59:00,success,,True,False
TXN_008452,CUST_01157,MER_0022,2423.34,INR,UPI,KOTAK,2026-07-30 03:30:00,failed,bank_timeout,True,False
TXN_008453,CUST_00656,MER_0038,845.67,INR,UPI,KOTAK,2026-07-20 01:18:00,success,,True,False
TXN_008454,CUST_01713,MER_0017,5282.8,INR,Card,KOTAK,2026-08-24 16:33:00,success,,True,False
TXN_008455,CUST_01436,MER_0043,4345.04,INR,UPI,AXIS,2026-08-11 07:29:00,success,,True,True
TXN_008456,CUST_01937,MER_0018,485.61,INR,UPI,ICICI,2026-07-07 17:27:00,success,,True,True
TXN_008457,CUST_00040,MER_0029,7031.07,INR,Wallet,HDFC,2026-08-18 00:03:00,success,,True,False
TXN_008458,CUST_00212,MER_0011,2630.07,INR,UPI,ICICI,2026-08-09 22:20:00,failed,authentication_failure,False,False
TXN_008459,CUST_01430,MER_0041,1221.8,INR,Wallet,HDFC,2026-08-19 15:12:00,success,,True,False
TXN_008460,CUST_00079,MER_0037,6769.6,INR,UPI,YES,2026-08-10 07:59:00,success,,True,False
TXN_008461,CUST_01532,MER_0038,945.13,INR,UPI,SBI,2026-08-19 21:52:00,success,,True,False
TXN_008462,CUST_00256,MER_0050,4748.93,INR,UPI,HDFC,2026-08-14 03:24:00,success,,True,True
TXN_008463,CUST_01413,MER_0040,4705.49,INR,Card,SBI,2026-07-19 20:05:00,success,,True,False
TXN_008464,CUST_01531,MER_0005,1119.53,INR,UPI,HDFC,2026-07-04 06:17:00,success,,True,True
TXN_008465,CUST_01987,MER_0025,11928.66,INR,Card,YES,2026-08-04 11:21:00,failed,network_error,True,False
TXN_008466,CUST_01998,MER_0021,4117.96,INR,Card,KOTAK,2026-07-08 04:24:00,success,,True,True
TXN_008467,CUST_00188,MER_0016,719.32,INR,Wallet,ICICI,2026-07-26 18:23:00,success,,True,False
TXN_008468,CUST_00708,MER_0042,13282.25,INR,UPI,HDFC,2026-07-04 11:45:00,success,,True,False
TXN_008469,CUST_01121,MER_0005,916.31,INR,UPI,YES,2026-08-14 18:49:00,success,,True,False
TXN_008470,CUST_00807,MER_0033,5540.88,INR,Wallet,SBI,2026-07-24 04:19:00,success,,True,False
TXN_008471,CUST_00830,MER_0046,1101.23,INR,UPI,AXIS,2026-08-09 22:32:00,success,,True,False
TXN_008472,CUST_00124,MER_0020,1487.44,INR,Wallet,HDFC,2026-07-06 14:27:00,success,,True,False
TXN_008473,CUST_00479,MER_0006,4587.1,INR,UPI,SBI,2026-07-14 09:50:00,failed,bank_declined,False,True
TXN_008474,CUST_01179,MER_0028,882.69,INR,Card,AXIS,2026-07-27 17:37:00,success,,True,False
TXN_008475,CUST_01601,MER_0001,5839.37,INR,UPI,AXIS,2026-08-05 05:57:00,success,,True,False
TXN_008476,CUST_01694,MER_0001,5630.67,INR,UPI,ICICI,2026-08-01 20:08:00,success,,True,False
TXN_008477,CUST_00304,MER_0043,1152.44,INR,UPI,KOTAK,2026-08-26 16:25:00,failed,network_error,True,True
TXN_008478,CUST_00454,MER_0041,760.91,INR,NetBanking,HDFC,2026-07-05 18:23:00,failed,authentication_failure,True,False
TXN_008479,CUST_01607,MER_0025,3580.3,INR,UPI,YES,2026-08-09 09:53:00,success,,True,False
TXN_008480,CUST_00593,MER_0008,1232.93,INR,Wallet,HDFC,2026-07-10 04:22:00,failed,bank_declined,True,False
TXN_008481,CUST_01651,MER_0036,2959.75,INR,UPI,SBI,2026-08-01 05:28:00,success,,True,False
TXN_008482,CUST_00762,MER_0008,2101.36,INR,Card,YES,2026-08-15 10:41:00,success,,True,False
TXN_008483,CUST_01035,MER_0031,4750.1,INR,UPI,SBI,2026-07-06 10:59:00,success,,True,False
TXN_008484,CUST_00685,MER_0025,2033.09,INR,UPI,AXIS,2026-07-28 02:06:00,success,,True,False
TXN_008485,CUST_01902,MER_0018,2937.26,INR,UPI,ICICI,2026-07-18 07:08:00,failed,bank_declined,True,False
TXN_008486,CUST_00698,MER_0007,4594.2,INR,Card,AXIS,2026-08-08 17:51:00,success,,True,True
TXN_008487,CUST_01018,MER_0033,4577.07,INR,UPI,AXIS,2026-08-11 19:56:00,success,,True,False
TXN_008488,CUST_00310,MER_0028,973.26,INR,Wallet,ICICI,2026-08-17 02:00:00,failed,insufficient_funds,True,False
TXN_008489,CUST_00764,MER_0036,1208.58,INR,Wallet,YES,2026-08-17 07:57:00,failed,network_error,True,False
TXN_008490,CUST_01931,MER_0045,2304.54,INR,UPI,HDFC,2026-08-22 13:06:00,success,,True,False
TXN_008491,CUST_00449,MER_0014,1183.89,INR,Card,ICICI,2026-07-11 14:10:00,failed,bank_declined,True,False
TXN_008492,CUST_00069,MER_0040,4682.69,INR,UPI,HDFC,2026-07-22 05:07:00,success,,True,False
TXN_008493,CUST_00793,MER_0035,532.67,INR,Card,SBI,2026-07-10 12:58:00,success,,True,False
TXN_008494,CUST_01311,MER_0005,1258.1,INR,Card,KOTAK,2026-08-02 12:46:00,failed,expired_card,True,False
TXN_008495,CUST_00240,MER_0005,1685.63,INR,Card,ICICI,2026-08-08 20:51:00,failed,expired_card,True,False
TXN_008496,CUST_01451,MER_0048,2010.56,INR,UPI,YES,2026-08-10 14:35:00,failed,network_error,True,False
TXN_008497,CUST_00892,MER_0024,6905.97,INR,UPI,KOTAK,2026-07-07 08:10:00,success,,True,False
TXN_008498,CUST_00522,MER_0044,386.11,INR,NetBanking,KOTAK,2026-08-05 12:09:00,success,,True,False
TXN_008499,CUST_00997,MER_0007,6564.93,INR,Card,ICICI,2026-08-02 20:32:00,success,,True,False
TXN_008500,CUST_01575,MER_0017,1579.04,INR,NetBanking,SBI,2026-07-16 01:15:00,failed,authentication_failure,True,True
TXN_008501,CUST_00142,MER_0007,1600.56,INR,UPI,HDFC,2026-07-03 08:58:00,success,,True,True
TXN_008502,CUST_01686,MER_0019,8385.93,INR,UPI,HDFC,2026-07-03 01:14:00,failed,bank_declined,True,False
TXN_008503,CUST_00332,MER_0037,2463.62,INR,UPI,YES,2026-08-02 09:32:00,success,,True,False
TXN_008504,CUST_00723,MER_0007,3721.76,INR,UPI,KOTAK,2026-07-20 16:08:00,success,,True,True
TXN_008505,CUST_01688,MER_0040,672.63,INR,Wallet,ICICI,2026-08-01 05:50:00,success,,True,True
TXN_008506,CUST_01988,MER_0035,1169.21,INR,Card,KOTAK,2026-08-23 06:51:00,success,,True,False
TXN_008507,CUST_00027,MER_0028,2167.78,INR,UPI,YES,2026-08-09 15:22:00,success,,True,True
TXN_008508,CUST_00305,MER_0022,1200.71,INR,UPI,ICICI,2026-07-01 23:49:00,success,,True,False
TXN_008509,CUST_00490,MER_0029,1270.96,INR,Card,HDFC,2026-08-12 16:43:00,success,,True,False
TXN_008510,CUST_00257,MER_0006,1844.77,INR,NetBanking,KOTAK,2026-07-03 18:48:00,success,,True,False
TXN_008511,CUST_00074,MER_0022,4103.79,INR,Card,AXIS,2026-07-12 22:11:00,success,,True,False
TXN_008512,CUST_00322,MER_0039,1855.34,INR,Card,ICICI,2026-08-15 23:45:00,failed,expired_card,True,False
TXN_008513,CUST_00539,MER_0026,1098.6,INR,Card,HDFC,2026-08-17 13:11:00,failed,insufficient_funds,True,False
TXN_008514,CUST_01835,MER_0022,11396.67,INR,Wallet,KOTAK,2026-07-05 11:24:00,success,,True,True
TXN_008515,CUST_00358,MER_0021,1441.78,INR,UPI,AXIS,2026-08-14 08:26:00,success,,True,False
TXN_008516,CUST_01055,MER_0039,855.14,INR,Card,ICICI,2026-08-25 05:31:00,success,,True,False
TXN_008517,CUST_00473,MER_0026,605.68,INR,UPI,ICICI,2026-07-06 04:24:00,failed,network_error,True,False
TXN_008518,CUST_00363,MER_0046,1857.44,INR,Card,HDFC,2026-07-18 06:23:00,success,,True,False
TXN_008519,CUST_01440,MER_0041,1992.27,INR,NetBanking,AXIS,2026-07-12 15:17:00,failed,bank_timeout,True,False
TXN_008520,CUST_01608,MER_0033,5488.19,INR,Wallet,YES,2026-08-18 05:27:00,success,,True,False
TXN_008521,CUST_00051,MER_0035,2114.08,INR,UPI,SBI,2026-07-14 18:02:00,success,,True,False
TXN_008522,CUST_00646,MER_0030,15918.59,INR,NetBanking,KOTAK,2026-07-03 07:56:00,success,,True,False
TXN_008523,CUST_01962,MER_0028,2716.25,INR,UPI,HDFC,2026-08-22 10:49:00,success,,True,False
TXN_008524,CUST_00133,MER_0030,5706.88,INR,UPI,ICICI,2026-07-29 12:49:00,failed,network_error,True,False
TXN_008525,CUST_01637,MER_0022,2370.47,INR,Wallet,YES,2026-08-08 16:41:00,failed,bank_timeout,True,False
TXN_008526,CUST_00240,MER_0006,3182.97,INR,UPI,ICICI,2026-07-22 00:21:00,success,,True,False
TXN_008527,CUST_00486,MER_0043,3670.48,INR,Wallet,ICICI,2026-07-26 17:47:00,success,,True,False
TXN_008528,CUST_01496,MER_0030,1543.69,INR,Card,YES,2026-07-10 09:32:00,success,,True,False
TXN_008529,CUST_01227,MER_0023,2787.98,INR,Card,SBI,2026-08-11 05:02:00,success,,True,False
TXN_008530,CUST_01304,MER_0028,6561.43,INR,Card,ICICI,2026-07-19 10:22:00,failed,bank_declined,False,False
TXN_008531,CUST_00881,MER_0012,4834.32,INR,Card,ICICI,2026-07-12 04:17:00,success,,True,False
TXN_008532,CUST_00123,MER_0019,10831.43,INR,UPI,HDFC,2026-07-01 09:19:00,success,,True,False
TXN_008533,CUST_01038,MER_0026,1475.13,INR,NetBanking,ICICI,2026-08-22 05:46:00,success,,True,False
TXN_008534,CUST_00779,MER_0039,4279.13,INR,NetBanking,KOTAK,2026-07-05 16:50:00,failed,bank_timeout,True,True
TXN_008535,CUST_01736,MER_0046,1191.46,INR,UPI,ICICI,2026-08-22 16:41:00,success,,True,False
TXN_008536,CUST_00761,MER_0041,1654.95,INR,Card,ICICI,2026-07-22 23:09:00,success,,True,False
TXN_008537,CUST_01485,MER_0036,9801.82,INR,UPI,ICICI,2026-08-17 16:56:00,success,,True,False
TXN_008538,CUST_00812,MER_0039,1118.7,INR,Card,AXIS,2026-08-19 21:33:00,success,,True,False
TXN_008539,CUST_01761,MER_0037,834.72,INR,UPI,HDFC,2026-07-16 00:50:00,failed,bank_declined,True,False
TXN_008540,CUST_01214,MER_0008,6357.63,INR,UPI,ICICI,2026-08-18 03:41:00,success,,True,False
TXN_008541,CUST_00010,MER_0048,3448.51,INR,NetBanking,SBI,2026-08-23 13:11:00,success,,True,False
TXN_008542,CUST_00962,MER_0026,2352.96,INR,NetBanking,AXIS,2026-08-12 22:39:00,success,,True,False
TXN_008543,CUST_00269,MER_0001,1718.45,INR,UPI,HDFC,2026-08-01 14:33:00,success,,True,False
TXN_008544,CUST_01482,MER_0021,3058.13,INR,UPI,ICICI,2026-08-16 02:02:00,success,,True,True
TXN_008545,CUST_01938,MER_0010,8637.3,INR,UPI,ICICI,2026-07-19 17:48:00,success,,True,False
TXN_008546,CUST_00262,MER_0039,2953.82,INR,Card,SBI,2026-08-09 10:11:00,failed,expired_card,True,True
TXN_008547,CUST_00644,MER_0029,1189.93,INR,Wallet,SBI,2026-07-31 11:59:00,failed,bank_timeout,True,False
TXN_008548,CUST_01587,MER_0011,1810.85,INR,Card,SBI,2026-07-05 18:35:00,success,,True,False
TXN_008549,CUST_00853,MER_0039,1024.43,INR,UPI,AXIS,2026-08-02 02:54:00,failed,bank_declined,True,False
TXN_008550,CUST_01980,MER_0034,3407.94,INR,UPI,KOTAK,2026-08-06 04:00:00,success,,True,False
TXN_008551,CUST_00763,MER_0049,3712.22,INR,Wallet,HDFC,2026-07-20 17:13:00,success,,True,False
TXN_008552,CUST_00569,MER_0037,13854.45,INR,UPI,YES,2026-07-01 05:17:00,success,,True,False
TXN_008553,CUST_00803,MER_0010,3538.91,INR,UPI,KOTAK,2026-07-01 20:33:00,success,,True,False
TXN_008554,CUST_00956,MER_0050,6124.85,INR,NetBanking,SBI,2026-08-08 15:20:00,success,,True,False
TXN_008555,CUST_00280,MER_0011,2573.12,INR,UPI,HDFC,2026-07-24 11:31:00,failed,network_error,True,False
TXN_008556,CUST_00391,MER_0047,16626.61,INR,Wallet,YES,2026-08-23 23:57:00,failed,bank_timeout,True,False
TXN_008557,CUST_01267,MER_0040,1103.09,INR,Card,YES,2026-07-31 23:34:00,success,,True,False
TXN_008558,CUST_01038,MER_0033,1573.34,INR,UPI,YES,2026-08-03 12:22:00,success,,True,False
TXN_008559,CUST_01378,MER_0027,3058.09,INR,Wallet,SBI,2026-07-02 22:28:00,success,,True,False
TXN_008560,CUST_01485,MER_0024,3516.42,INR,Card,KOTAK,2026-07-31 12:18:00,success,,True,False
TXN_008561,CUST_01032,MER_0037,4267.32,INR,Card,HDFC,2026-08-04 18:02:00,success,,True,False
TXN_008562,CUST_00671,MER_0007,3526.84,INR,Card,HDFC,2026-07-23 09:34:00,success,,True,False
TXN_008563,CUST_00779,MER_0047,2454.28,INR,UPI,ICICI,2026-08-07 02:46:00,success,,True,False
TXN_008564,CUST_01551,MER_0024,1467.1,INR,Card,SBI,2026-08-04 06:44:00,failed,insufficient_funds,True,False
TXN_008565,CUST_00121,MER_0002,10764.29,INR,UPI,SBI,2026-07-18 04:17:00,success,,True,True
TXN_008566,CUST_01690,MER_0015,5518.95,INR,Card,KOTAK,2026-07-19 20:58:00,success,,True,False
TXN_008567,CUST_00136,MER_0016,3743.45,INR,Card,YES,2026-07-27 19:06:00,success,,True,False
TXN_008568,CUST_01115,MER_0024,5561.67,INR,UPI,HDFC,2026-07-05 08:10:00,success,,True,False
TXN_008569,CUST_00936,MER_0012,1813.74,INR,UPI,YES,2026-07-21 00:48:00,failed,authentication_failure,True,False
TXN_008570,CUST_00104,MER_0042,1341.81,INR,UPI,HDFC,2026-07-08 22:10:00,failed,bank_timeout,True,False
TXN_008571,CUST_01342,MER_0003,1741.31,INR,UPI,YES,2026-07-26 00:00:00,failed,bank_timeout,True,True
TXN_008572,CUST_00211,MER_0022,1668.6,INR,UPI,HDFC,2026-08-01 04:46:00,success,,True,False
TXN_008573,CUST_00773,MER_0003,1284.11,INR,UPI,AXIS,2026-07-08 04:24:00,success,,True,True
TXN_008574,CUST_00279,MER_0038,11545.62,INR,UPI,AXIS,2026-07-01 08:34:00,failed,network_error,True,False
TXN_008575,CUST_00366,MER_0018,2759.55,INR,Wallet,SBI,2026-07-10 11:40:00,success,,True,True
TXN_008576,CUST_01194,MER_0048,3501.89,INR,Card,SBI,2026-08-12 03:49:00,success,,True,False
TXN_008577,CUST_01117,MER_0042,983.04,INR,Card,KOTAK,2026-07-14 09:27:00,success,,True,False
TXN_008578,CUST_00308,MER_0019,6557.65,INR,Card,AXIS,2026-08-02 22:34:00,success,,True,False
TXN_008579,CUST_01149,MER_0025,4063.07,INR,Card,YES,2026-08-16 19:47:00,success,,True,True
TXN_008580,CUST_00919,MER_0050,8490.53,INR,Card,HDFC,2026-07-27 23:41:00,success,,True,False
TXN_008581,CUST_00581,MER_0043,1417.46,INR,Card,ICICI,2026-07-28 14:41:00,failed,bank_declined,True,False
TXN_008582,CUST_00241,MER_0050,2518.67,INR,UPI,KOTAK,2026-08-14 05:06:00,failed,network_error,True,False
TXN_008583,CUST_01812,MER_0015,762.28,INR,UPI,SBI,2026-07-19 23:37:00,success,,True,False
TXN_008584,CUST_00490,MER_0020,2666.89,INR,UPI,SBI,2026-07-18 03:50:00,success,,True,False
TXN_008585,CUST_01241,MER_0013,779.64,INR,UPI,SBI,2026-07-12 03:54:00,success,,True,False
TXN_008586,CUST_01033,MER_0012,3250.84,INR,Card,KOTAK,2026-07-03 06:29:00,failed,authentication_failure,True,False
TXN_008587,CUST_01506,MER_0049,554.87,INR,UPI,ICICI,2026-07-10 00:12:00,success,,True,False
TXN_008588,CUST_00137,MER_0038,4697.75,INR,Card,HDFC,2026-08-16 16:15:00,success,,True,True
TXN_008589,CUST_00864,MER_0042,1575.82,INR,UPI,YES,2026-07-28 03:17:00,success,,True,False
TXN_008590,CUST_00222,MER_0030,1107.34,INR,UPI,ICICI,2026-07-20 21:20:00,success,,True,False
TXN_008591,CUST_00659,MER_0035,6745.81,INR,UPI,ICICI,2026-08-08 10:44:00,success,,True,True
TXN_008592,CUST_00470,MER_0044,3171.95,INR,UPI,ICICI,2026-07-02 03:45:00,failed,authentication_failure,True,False
TXN_008593,CUST_00378,MER_0026,2136.68,INR,UPI,ICICI,2026-07-05 02:59:00,success,,True,False
TXN_008594,CUST_01817,MER_0036,20820.7,INR,NetBanking,HDFC,2026-07-11 17:05:00,failed,bank_timeout,False,False
TXN_008595,CUST_00333,MER_0046,9853.64,INR,UPI,AXIS,2026-08-12 00:44:00,failed,bank_timeout,True,False
TXN_008596,CUST_01394,MER_0013,649.62,INR,UPI,HDFC,2026-07-02 15:45:00,success,,True,True
TXN_008597,CUST_01814,MER_0001,3591.33,INR,UPI,HDFC,2026-08-07 18:39:00,success,,True,False
TXN_008598,CUST_01993,MER_0041,3139.47,INR,UPI,HDFC,2026-08-25 17:26:00,failed,network_error,True,False
TXN_008599,CUST_00721,MER_0018,1167.04,INR,Wallet,HDFC,2026-08-13 22:09:00,success,,True,False
TXN_008600,CUST_00803,MER_0050,2392.85,INR,UPI,AXIS,2026-07-18 05:56:00,success,,True,False
TXN_008601,CUST_00918,MER_0006,3228.58,INR,UPI,AXIS,2026-08-22 02:23:00,failed,authentication_failure,False,True
TXN_008602,CUST_00860,MER_0020,5667.46,INR,NetBanking,YES,2026-07-05 15:38:00,success,,True,False
TXN_008603,CUST_00280,MER_0022,1643.2,INR,NetBanking,AXIS,2026-07-26 08:03:00,failed,bank_declined,True,False
TXN_008604,CUST_01275,MER_0014,5181.52,INR,UPI,KOTAK,2026-07-14 01:50:00,success,,True,False
TXN_008605,CUST_00380,MER_0045,2394.92,INR,UPI,SBI,2026-07-07 22:57:00,failed,authentication_failure,True,True
TXN_008606,CUST_00581,MER_0049,3464.63,INR,UPI,SBI,2026-07-17 05:19:00,success,,True,False
TXN_008607,CUST_00383,MER_0031,2437.65,INR,Card,ICICI,2026-08-01 15:48:00,success,,True,False
TXN_008608,CUST_00102,MER_0041,2159.9,INR,NetBanking,YES,2026-07-30 22:45:00,success,,True,False
TXN_008609,CUST_01213,MER_0032,3590.94,INR,Card,KOTAK,2026-08-19 15:29:00,success,,True,True
TXN_008610,CUST_00580,MER_0022,1753.16,INR,UPI,YES,2026-07-14 02:41:00,success,,True,False
TXN_008611,CUST_01184,MER_0019,1233.91,INR,Card,YES,2026-07-15 14:50:00,success,,True,False
TXN_008612,CUST_00048,MER_0025,3975.59,INR,UPI,KOTAK,2026-07-14 05:01:00,success,,True,False
TXN_008613,CUST_00920,MER_0001,2174.19,INR,UPI,SBI,2026-07-22 19:26:00,success,,True,True
TXN_008614,CUST_00552,MER_0038,2507.03,INR,NetBanking,ICICI,2026-07-07 11:33:00,success,,True,False
TXN_008615,CUST_00348,MER_0006,5834.27,INR,Wallet,SBI,2026-08-14 03:11:00,success,,True,False
TXN_008616,CUST_00076,MER_0042,2228.09,INR,UPI,KOTAK,2026-07-31 04:16:00,failed,authentication_failure,True,False
TXN_008617,CUST_00985,MER_0036,1510.63,INR,UPI,HDFC,2026-07-04 07:31:00,success,,True,False
TXN_008618,CUST_00548,MER_0007,3444.7,INR,UPI,ICICI,2026-07-09 01:04:00,failed,bank_timeout,True,True
TXN_008619,CUST_01320,MER_0026,5017.16,INR,Card,HDFC,2026-07-29 04:30:00,success,,True,False
TXN_008620,CUST_01401,MER_0031,1535.63,INR,Card,YES,2026-07-19 09:58:00,success,,True,False
TXN_008621,CUST_00660,MER_0039,1692.14,INR,UPI,KOTAK,2026-07-08 01:38:00,failed,bank_timeout,True,False
TXN_008622,CUST_01039,MER_0001,2986.24,INR,UPI,KOTAK,2026-07-06 20:38:00,success,,True,False
TXN_008623,CUST_00509,MER_0022,1182.07,INR,Card,YES,2026-08-12 05:26:00,failed,expired_card,True,False
TXN_008624,CUST_01889,MER_0003,627.18,INR,UPI,HDFC,2026-07-07 10:08:00,success,,True,False
TXN_008625,CUST_00423,MER_0007,4570.73,INR,UPI,HDFC,2026-08-10 14:39:00,success,,True,False
TXN_008626,CUST_00736,MER_0007,886.99,INR,UPI,HDFC,2026-07-04 16:11:00,success,,True,False
TXN_008627,CUST_00743,MER_0023,11032.83,INR,Card,SBI,2026-08-13 05:43:00,success,,True,False
TXN_008628,CUST_01470,MER_0014,709.33,INR,Wallet,AXIS,2026-07-23 12:42:00,success,,True,False
TXN_008629,CUST_00598,MER_0041,6135.22,INR,Card,AXIS,2026-08-20 10:35:00,failed,expired_card,True,False
TXN_008630,CUST_01043,MER_0042,1820.23,INR,Card,SBI,2026-07-17 15:01:00,success,,True,False
TXN_008631,CUST_01870,MER_0037,2830.81,INR,UPI,HDFC,2026-07-06 14:32:00,failed,bank_timeout,True,False
TXN_008632,CUST_01490,MER_0006,1183.79,INR,UPI,SBI,2026-08-23 00:40:00,success,,True,False
TXN_008633,CUST_01315,MER_0009,1270.76,INR,Wallet,ICICI,2026-08-19 04:01:00,success,,True,True
TXN_008634,CUST_01591,MER_0025,4103.86,INR,Wallet,SBI,2026-07-14 01:06:00,failed,network_error,True,False
TXN_008635,CUST_00674,MER_0002,1529.38,INR,UPI,AXIS,2026-08-23 13:21:00,success,,True,False
TXN_008636,CUST_01115,MER_0037,27793.28,INR,UPI,KOTAK,2026-07-09 09:21:00,success,,True,False
TXN_008637,CUST_00567,MER_0010,1125.06,INR,Card,ICICI,2026-07-09 08:38:00,failed,authentication_failure,True,False
TXN_008638,CUST_00250,MER_0039,1527.27,INR,Card,AXIS,2026-07-26 10:06:00,failed,insufficient_funds,True,False
TXN_008639,CUST_01662,MER_0006,4119.49,INR,NetBanking,YES,2026-07-30 09:22:00,failed,authentication_failure,True,True
TXN_008640,CUST_00920,MER_0009,2079.32,INR,Card,AXIS,2026-07-30 05:10:00,success,,True,False
TXN_008641,CUST_01179,MER_0049,11981.36,INR,Wallet,AXIS,2026-08-07 07:31:00,success,,True,False
TXN_008642,CUST_00281,MER_0027,1523.14,INR,UPI,SBI,2026-07-26 08:36:00,success,,True,False
TXN_008643,CUST_01264,MER_0033,2943.56,INR,UPI,AXIS,2026-08-24 22:30:00,success,,True,False
TXN_008644,CUST_01968,MER_0010,2969.72,INR,Wallet,AXIS,2026-07-22 16:07:00,failed,bank_declined,True,False
TXN_008645,CUST_00009,MER_0049,1941.67,INR,UPI,AXIS,2026-07-27 06:29:00,success,,True,False
TXN_008646,CUST_00443,MER_0033,2777.23,INR,UPI,YES,2026-07-27 15:38:00,failed,bank_timeout,False,True
TXN_008647,CUST_00547,MER_0015,17201.28,INR,Wallet,YES,2026-08-01 10:49:00,success,,True,False
TXN_008648,CUST_00963,MER_0036,1247.75,INR,UPI,YES,2026-08-24 02:47:00,success,,True,False
TXN_008649,CUST_01599,MER_0030,6270.05,INR,NetBanking,SBI,2026-08-17 12:50:00,failed,authentication_failure,False,False
TXN_008650,CUST_00392,MER_0008,2413.69,INR,Card,ICICI,2026-08-05 06:15:00,failed,authentication_failure,True,True
TXN_008651,CUST_00080,MER_0016,1320.01,INR,Card,ICICI,2026-08-24 09:27:00,success,,True,True
TXN_008652,CUST_01736,MER_0042,1612.64,INR,UPI,KOTAK,2026-07-27 18:16:00,success,,True,False
TXN_008653,CUST_01609,MER_0032,584.88,INR,UPI,SBI,2026-08-06 19:09:00,success,,True,False
TXN_008654,CUST_00281,MER_0040,1093.6,INR,Card,YES,2026-07-16 20:24:00,failed,insufficient_funds,True,False
TXN_008655,CUST_00268,MER_0050,7163.11,INR,NetBanking,HDFC,2026-08-08 08:44:00,success,,True,False
TXN_008656,CUST_01451,MER_0005,4002.88,INR,UPI,KOTAK,2026-07-02 23:52:00,failed,bank_timeout,True,False
TXN_008657,CUST_00220,MER_0025,3909.11,INR,UPI,ICICI,2026-07-28 22:53:00,failed,bank_declined,True,False
TXN_008658,CUST_01777,MER_0028,7852.16,INR,UPI,SBI,2026-08-21 04:42:00,success,,True,True
TXN_008659,CUST_01952,MER_0031,1497.26,INR,NetBanking,SBI,2026-08-04 20:52:00,success,,True,False
TXN_008660,CUST_00027,MER_0018,2658.02,INR,UPI,ICICI,2026-08-08 17:24:00,success,,True,False
TXN_008661,CUST_00617,MER_0044,4436.62,INR,Card,HDFC,2026-08-17 15:03:00,success,,True,False
TXN_008662,CUST_00725,MER_0026,848.13,INR,UPI,HDFC,2026-08-16 23:40:00,success,,True,True
TXN_008663,CUST_00511,MER_0027,29064.45,INR,Card,ICICI,2026-08-21 10:14:00,success,,True,True
TXN_008664,CUST_01416,MER_0002,2497.02,INR,UPI,HDFC,2026-07-26 09:08:00,success,,True,False
TXN_008665,CUST_00967,MER_0005,2734.19,INR,Card,HDFC,2026-08-16 15:22:00,success,,True,False
TXN_008666,CUST_01765,MER_0028,6670.85,INR,Card,SBI,2026-07-19 17:24:00,success,,True,False
TXN_008667,CUST_00998,MER_0011,5074.4,INR,Card,HDFC,2026-08-24 04:10:00,failed,authentication_failure,True,False
TXN_008668,CUST_00073,MER_0039,2708.37,INR,Card,AXIS,2026-07-01 09:58:00,success,,True,False
TXN_008669,CUST_01400,MER_0027,732.66,INR,NetBanking,ICICI,2026-07-12 16:13:00,success,,True,False
TXN_008670,CUST_01732,MER_0038,1563.73,INR,UPI,KOTAK,2026-08-02 21:57:00,success,,True,False
TXN_008671,CUST_01818,MER_0021,3691.43,INR,UPI,KOTAK,2026-08-22 16:05:00,success,,True,False
TXN_008672,CUST_01217,MER_0018,3481.14,INR,UPI,KOTAK,2026-08-13 16:57:00,success,,True,False
TXN_008673,CUST_00498,MER_0032,6482.96,INR,Card,ICICI,2026-07-22 10:22:00,failed,network_error,True,False
TXN_008674,CUST_01222,MER_0045,804.46,INR,UPI,KOTAK,2026-07-11 12:54:00,failed,authentication_failure,True,False
TXN_008675,CUST_01528,MER_0030,7699.2,INR,UPI,YES,2026-08-13 22:05:00,failed,bank_declined,True,False
TXN_008676,CUST_01853,MER_0001,2141.14,INR,Card,YES,2026-08-04 15:50:00,success,,True,True
TXN_008677,CUST_01563,MER_0044,5628.0,INR,UPI,KOTAK,2026-08-20 10:29:00,success,,True,False
TXN_008678,CUST_00734,MER_0038,37916.0,INR,UPI,AXIS,2026-08-22 23:37:00,success,,True,False
TXN_008679,CUST_01163,MER_0050,2676.12,INR,Wallet,YES,2026-08-09 17:22:00,failed,network_error,True,False
TXN_008680,CUST_00929,MER_0007,1526.87,INR,Card,ICICI,2026-08-18 21:21:00,success,,True,False
TXN_008681,CUST_00923,MER_0003,4025.4,INR,UPI,HDFC,2026-07-19 19:17:00,success,,True,False
TXN_008682,CUST_00984,MER_0020,675.98,INR,UPI,ICICI,2026-08-04 13:50:00,success,,True,False
TXN_008683,CUST_01379,MER_0002,2794.82,INR,Wallet,ICICI,2026-08-18 03:04:00,success,,True,False
TXN_008684,CUST_01717,MER_0003,3308.56,INR,NetBanking,AXIS,2026-08-04 19:08:00,failed,bank_timeout,True,False
TXN_008685,CUST_01854,MER_0034,6961.54,INR,UPI,YES,2026-07-29 04:31:00,success,,True,False
TXN_008686,CUST_01317,MER_0003,4873.99,INR,UPI,AXIS,2026-08-21 01:34:00,success,,True,False
TXN_008687,CUST_01062,MER_0019,432.62,INR,Card,YES,2026-07-27 22:41:00,failed,bank_declined,False,False
TXN_008688,CUST_01509,MER_0017,4291.58,INR,NetBanking,ICICI,2026-08-17 00:21:00,success,,True,True
TXN_008689,CUST_01210,MER_0050,2995.17,INR,Card,YES,2026-07-18 22:52:00,failed,insufficient_funds,True,True
TXN_008690,CUST_00900,MER_0012,1311.05,INR,UPI,ICICI,2026-08-25 14:55:00,failed,authentication_failure,True,False
TXN_008691,CUST_01146,MER_0015,486.87,INR,UPI,HDFC,2026-08-25 11:15:00,failed,bank_declined,True,False
TXN_008692,CUST_01925,MER_0033,1289.16,INR,Card,SBI,2026-08-04 03:50:00,success,,True,True
TXN_008693,CUST_01640,MER_0039,19935.24,INR,Card,YES,2026-08-10 00:29:00,success,,True,False
TXN_008694,CUST_01247,MER_0045,2132.36,INR,UPI,SBI,2026-07-31 04:44:00,failed,bank_timeout,True,True
TXN_008695,CUST_01413,MER_0048,695.56,INR,Wallet,ICICI,2026-07-03 17:17:00,success,,True,False
TXN_008696,CUST_01002,MER_0048,1597.07,INR,UPI,AXIS,2026-07-27 10:06:00,success,,True,False
TXN_008697,CUST_00197,MER_0020,2637.32,INR,Card,HDFC,2026-08-20 19:47:00,success,,True,True
TXN_008698,CUST_01354,MER_0045,1180.24,INR,NetBanking,YES,2026-08-23 01:34:00,success,,True,False
TXN_008699,CUST_00798,MER_0004,1741.04,INR,UPI,ICICI,2026-07-02 17:09:00,failed,bank_timeout,True,False
TXN_008700,CUST_01780,MER_0027,2024.09,INR,Card,ICICI,2026-08-26 12:39:00,success,,True,True
TXN_008701,CUST_01611,MER_0030,10765.42,INR,UPI,HDFC,2026-08-05 17:23:00,failed,bank_timeout,True,False
TXN_008702,CUST_01594,MER_0042,3581.76,INR,Card,KOTAK,2026-08-23 01:17:00,failed,bank_declined,True,False
TXN_008703,CUST_00659,MER_0017,3984.24,INR,UPI,HDFC,2026-07-24 15:39:00,success,,True,False
TXN_008704,CUST_00171,MER_0018,2284.02,INR,UPI,SBI,2026-07-04 05:58:00,failed,bank_declined,True,False
TXN_008705,CUST_00969,MER_0006,2789.04,INR,Card,KOTAK,2026-07-04 05:04:00,success,,True,True
TXN_008706,CUST_00419,MER_0037,6157.6,INR,Card,SBI,2026-07-13 16:13:00,success,,True,True
TXN_008707,CUST_01791,MER_0005,6008.86,INR,Card,YES,2026-08-11 02:23:00,success,,True,False
TXN_008708,CUST_00081,MER_0006,2013.6,INR,Card,SBI,2026-08-11 08:13:00,failed,network_error,True,True
TXN_008709,CUST_01175,MER_0004,2088.77,INR,Card,HDFC,2026-07-09 20:20:00,success,,True,True
TXN_008710,CUST_01324,MER_0027,2507.64,INR,NetBanking,KOTAK,2026-08-05 22:00:00,success,,True,True
TXN_008711,CUST_01047,MER_0017,1671.01,INR,Card,YES,2026-07-18 12:28:00,success,,True,False
TXN_008712,CUST_01226,MER_0041,2110.51,INR,Card,AXIS,2026-08-26 07:21:00,failed,insufficient_funds,True,False
TXN_008713,CUST_01755,MER_0046,2627.89,INR,UPI,SBI,2026-07-21 06:47:00,success,,True,False
TXN_008714,CUST_01750,MER_0007,2719.56,INR,NetBanking,HDFC,2026-08-13 04:36:00,success,,True,False
TXN_008715,CUST_01023,MER_0043,766.8,INR,Card,YES,2026-08-05 01:36:00,success,,True,False
TXN_008716,CUST_01800,MER_0039,1905.7,INR,Card,AXIS,2026-07-04 15:51:00,success,,True,True
TXN_008717,CUST_01067,MER_0016,2012.13,INR,Card,ICICI,2026-07-12 17:58:00,failed,bank_declined,False,True
TXN_008718,CUST_00536,MER_0020,2483.27,INR,NetBanking,AXIS,2026-08-15 03:43:00,success,,True,True
TXN_008719,CUST_00150,MER_0011,1731.35,INR,UPI,HDFC,2026-07-29 15:27:00,success,,True,False
TXN_008720,CUST_00601,MER_0026,2601.9,INR,UPI,KOTAK,2026-07-30 23:45:00,success,,True,True
TXN_008721,CUST_01938,MER_0026,2689.75,INR,UPI,AXIS,2026-07-08 09:55:00,success,,True,False
TXN_008722,CUST_01104,MER_0003,1136.15,INR,NetBanking,AXIS,2026-08-23 18:04:00,success,,True,False
TXN_008723,CUST_01975,MER_0031,1774.08,INR,Card,AXIS,2026-08-12 15:54:00,success,,True,False
TXN_008724,CUST_01544,MER_0008,2596.45,INR,Card,HDFC,2026-08-14 07:07:00,success,,True,False
TXN_008725,CUST_01163,MER_0012,6294.55,INR,Card,ICICI,2026-07-12 06:03:00,success,,True,False
TXN_008726,CUST_00029,MER_0032,2997.02,INR,Card,KOTAK,2026-07-03 01:24:00,failed,authentication_failure,True,False
TXN_008727,CUST_00452,MER_0021,3358.35,INR,UPI,KOTAK,2026-08-12 02:06:00,success,,True,True
TXN_008728,CUST_00866,MER_0039,9566.66,INR,NetBanking,KOTAK,2026-08-01 07:00:00,failed,bank_declined,True,False
TXN_008729,CUST_01926,MER_0027,3782.05,INR,Card,ICICI,2026-07-04 12:14:00,success,,True,False
TXN_008730,CUST_01869,MER_0038,4361.07,INR,UPI,ICICI,2026-08-24 06:57:00,success,,True,False
TXN_008731,CUST_01182,MER_0018,7723.04,INR,UPI,YES,2026-08-11 18:19:00,success,,True,False
TXN_008732,CUST_01087,MER_0035,5770.43,INR,NetBanking,HDFC,2026-08-13 14:37:00,failed,network_error,True,False
TXN_008733,CUST_00745,MER_0011,5738.27,INR,NetBanking,YES,2026-07-09 20:19:00,failed,network_error,True,False
TXN_008734,CUST_01208,MER_0035,733.76,INR,UPI,YES,2026-08-15 17:28:00,success,,True,True
TXN_008735,CUST_00703,MER_0030,2767.44,INR,UPI,KOTAK,2026-08-14 18:54:00,success,,True,False
TXN_008736,CUST_01387,MER_0031,2578.45,INR,UPI,HDFC,2026-08-18 00:59:00,success,,True,False
TXN_008737,CUST_01316,MER_0006,1579.51,INR,UPI,KOTAK,2026-08-14 18:43:00,success,,True,False
TXN_008738,CUST_00216,MER_0035,4725.28,INR,Wallet,SBI,2026-08-11 11:10:00,failed,insufficient_funds,True,False
TXN_008739,CUST_01317,MER_0008,1591.1,INR,UPI,HDFC,2026-07-05 02:43:00,failed,bank_declined,True,False
TXN_008740,CUST_01487,MER_0016,659.15,INR,Card,HDFC,2026-07-16 04:58:00,success,,True,False
TXN_008741,CUST_01614,MER_0011,8069.0,INR,Card,YES,2026-08-04 20:34:00,success,,True,False
TXN_008742,CUST_01893,MER_0040,822.74,INR,UPI,SBI,2026-08-15 09:27:00,success,,True,False
TXN_008743,CUST_00232,MER_0015,1524.36,INR,UPI,AXIS,2026-07-08 21:12:00,success,,True,False
TXN_008744,CUST_01791,MER_0025,5046.16,INR,NetBanking,SBI,2026-07-05 16:20:00,success,,True,False
TXN_008745,CUST_00158,MER_0041,4092.19,INR,Card,SBI,2026-07-30 00:08:00,success,,True,False
TXN_008746,CUST_01950,MER_0017,1005.72,INR,Card,ICICI,2026-07-01 01:42:00,failed,insufficient_funds,True,False
TXN_008747,CUST_01553,MER_0034,3077.36,INR,UPI,KOTAK,2026-07-05 05:08:00,success,,True,False
TXN_008748,CUST_01329,MER_0045,15778.89,INR,UPI,AXIS,2026-07-14 18:53:00,failed,bank_timeout,True,True
TXN_008749,CUST_00304,MER_0014,2179.84,INR,NetBanking,ICICI,2026-07-10 14:44:00,success,,True,True
TXN_008750,CUST_00648,MER_0041,1230.04,INR,UPI,AXIS,2026-07-16 16:59:00,success,,True,True
TXN_008751,CUST_01415,MER_0020,1345.61,INR,UPI,KOTAK,2026-08-17 13:39:00,failed,bank_timeout,True,False
TXN_008752,CUST_00661,MER_0042,7309.13,INR,UPI,AXIS,2026-08-25 17:46:00,success,,True,False
TXN_008753,CUST_00080,MER_0016,2475.94,INR,UPI,YES,2026-07-06 15:16:00,success,,True,False
TXN_008754,CUST_00716,MER_0046,3836.05,INR,UPI,KOTAK,2026-07-31 08:59:00,failed,bank_timeout,True,False
TXN_008755,CUST_01670,MER_0006,369.9,INR,Wallet,AXIS,2026-07-20 16:42:00,failed,bank_timeout,True,False
TXN_008756,CUST_00949,MER_0019,2551.2,INR,UPI,KOTAK,2026-08-03 12:03:00,success,,True,False
TXN_008757,CUST_00966,MER_0023,3456.59,INR,UPI,YES,2026-07-28 10:47:00,success,,True,False
TXN_008758,CUST_00139,MER_0024,1258.0,INR,UPI,HDFC,2026-08-24 11:37:00,success,,True,False
TXN_008759,CUST_01331,MER_0013,1333.95,INR,Card,KOTAK,2026-08-17 04:43:00,success,,True,False
TXN_008760,CUST_00995,MER_0038,3608.61,INR,UPI,ICICI,2026-08-15 21:29:00,success,,True,True
TXN_008761,CUST_01039,MER_0015,16443.38,INR,UPI,YES,2026-07-12 20:17:00,failed,network_error,True,False
TXN_008762,CUST_00953,MER_0023,6717.14,INR,UPI,ICICI,2026-08-25 12:27:00,success,,True,False
TXN_008763,CUST_01077,MER_0036,2093.09,INR,Card,ICICI,2026-07-08 16:41:00,success,,True,False
TXN_008764,CUST_01517,MER_0033,1509.96,INR,UPI,KOTAK,2026-07-05 06:37:00,success,,True,False
TXN_008765,CUST_00551,MER_0006,1306.83,INR,UPI,HDFC,2026-08-23 03:51:00,success,,True,False
TXN_008766,CUST_01044,MER_0042,1651.4,INR,Card,KOTAK,2026-08-04 10:22:00,failed,bank_declined,True,False
TXN_008767,CUST_00960,MER_0038,1366.58,INR,Wallet,YES,2026-08-16 19:55:00,success,,True,True
TXN_008768,CUST_00947,MER_0036,1558.87,INR,UPI,ICICI,2026-07-18 10:50:00,success,,True,False
TXN_008769,CUST_00979,MER_0013,2121.15,INR,Card,AXIS,2026-08-20 08:04:00,success,,True,False
TXN_008770,CUST_00844,MER_0016,2711.89,INR,UPI,KOTAK,2026-08-17 20:02:00,success,,True,False
TXN_008771,CUST_01527,MER_0023,3261.56,INR,UPI,YES,2026-08-17 06:01:00,success,,True,False
TXN_008772,CUST_01205,MER_0032,2411.63,INR,UPI,KOTAK,2026-08-26 17:36:00,success,,True,True
TXN_008773,CUST_00128,MER_0036,1532.79,INR,UPI,SBI,2026-08-24 03:05:00,success,,True,False
TXN_008774,CUST_01700,MER_0009,507.41,INR,UPI,AXIS,2026-07-06 22:03:00,failed,authentication_failure,True,False
TXN_008775,CUST_01601,MER_0050,1121.07,INR,UPI,YES,2026-08-10 16:59:00,success,,True,False
TXN_008776,CUST_01063,MER_0040,3543.44,INR,UPI,ICICI,2026-07-10 19:40:00,success,,True,True
TXN_008777,CUST_01049,MER_0032,5051.45,INR,NetBanking,ICICI,2026-07-13 05:05:00,success,,True,False
TXN_008778,CUST_01543,MER_0045,5171.18,INR,UPI,KOTAK,2026-08-18 19:09:00,success,,True,False
TXN_008779,CUST_01167,MER_0018,4471.87,INR,UPI,ICICI,2026-08-26 15:44:00,failed,authentication_failure,True,False
TXN_008780,CUST_01246,MER_0036,1607.5,INR,UPI,SBI,2026-08-07 14:47:00,failed,bank_timeout,True,False
TXN_008781,CUST_01003,MER_0043,730.7,INR,UPI,HDFC,2026-07-16 07:23:00,failed,bank_timeout,True,True
TXN_008782,CUST_01462,MER_0041,2122.25,INR,Card,KOTAK,2026-08-17 03:50:00,failed,bank_declined,True,False
TXN_008783,CUST_01210,MER_0005,1259.92,INR,Wallet,YES,2026-07-25 04:12:00,failed,network_error,True,False
TXN_008784,CUST_01620,MER_0022,2526.07,INR,UPI,YES,2026-07-27 04:07:00,success,,True,False
TXN_008785,CUST_01946,MER_0006,5732.89,INR,Card,KOTAK,2026-07-19 22:07:00,success,,True,False
TXN_008786,CUST_01467,MER_0048,1847.54,INR,UPI,ICICI,2026-07-31 04:41:00,success,,True,False
TXN_008787,CUST_01125,MER_0040,402.61,INR,Wallet,AXIS,2026-07-23 01:00:00,failed,bank_declined,True,True
TXN_008788,CUST_00347,MER_0035,2153.92,INR,Wallet,SBI,2026-07-27 06:09:00,success,,True,False
TXN_008789,CUST_00532,MER_0029,2038.69,INR,Card,KOTAK,2026-08-18 06:42:00,failed,bank_declined,False,False
TXN_008790,CUST_00176,MER_0025,2904.31,INR,UPI,AXIS,2026-08-13 17:58:00,failed,bank_timeout,True,False
TXN_008791,CUST_01729,MER_0021,2392.6,INR,UPI,YES,2026-08-04 04:58:00,success,,True,False
TXN_008792,CUST_00933,MER_0022,3395.18,INR,UPI,HDFC,2026-07-20 05:35:00,failed,bank_timeout,True,False
TXN_008793,CUST_00034,MER_0010,1653.64,INR,UPI,KOTAK,2026-07-10 06:42:00,success,,True,False
TXN_008794,CUST_01021,MER_0010,7362.09,INR,Card,HDFC,2026-07-29 04:07:00,failed,authentication_failure,True,True
TXN_008795,CUST_01427,MER_0010,4729.42,INR,UPI,KOTAK,2026-08-10 09:20:00,failed,bank_timeout,True,False
TXN_008796,CUST_01469,MER_0035,3717.31,INR,UPI,SBI,2026-07-22 08:42:00,success,,True,False
TXN_008797,CUST_01320,MER_0023,5129.23,INR,UPI,ICICI,2026-08-25 11:13:00,success,,True,False
TXN_008798,CUST_01238,MER_0017,689.88,INR,UPI,ICICI,2026-07-04 19:30:00,success,,True,False
TXN_008799,CUST_01425,MER_0013,2873.61,INR,UPI,YES,2026-07-09 02:59:00,success,,True,False
TXN_008800,CUST_01564,MER_0034,2108.7,INR,NetBanking,ICICI,2026-08-19 07:22:00,failed,bank_declined,True,False
TXN_008801,CUST_00442,MER_0023,5126.18,INR,Wallet,HDFC,2026-08-07 17:33:00,failed,network_error,True,True
TXN_008802,CUST_00163,MER_0041,3288.66,INR,NetBanking,SBI,2026-07-04 06:12:00,success,,True,True
TXN_008803,CUST_01858,MER_0040,2790.97,INR,UPI,YES,2026-08-24 01:48:00,success,,True,False
TXN_008804,CUST_01895,MER_0043,3510.33,INR,UPI,KOTAK,2026-08-16 12:35:00,success,,True,False
TXN_008805,CUST_01377,MER_0015,1080.23,INR,UPI,YES,2026-08-21 15:47:00,success,,True,False
TXN_008806,CUST_01001,MER_0003,3255.21,INR,Wallet,KOTAK,2026-08-15 18:16:00,success,,True,False
TXN_008807,CUST_00959,MER_0027,2033.43,INR,UPI,ICICI,2026-07-14 06:26:00,success,,True,False
TXN_008808,CUST_01522,MER_0028,3059.36,INR,UPI,KOTAK,2026-08-06 21:24:00,success,,True,True
TXN_008809,CUST_00606,MER_0029,1367.16,INR,Card,HDFC,2026-07-09 07:31:00,success,,True,False
TXN_008810,CUST_00928,MER_0022,1528.36,INR,UPI,KOTAK,2026-07-07 00:33:00,success,,True,False
TXN_008811,CUST_00618,MER_0007,6242.11,INR,UPI,ICICI,2026-07-09 19:40:00,success,,True,True
TXN_008812,CUST_01164,MER_0007,1052.33,INR,Card,KOTAK,2026-08-03 14:16:00,success,,True,False
TXN_008813,CUST_01107,MER_0013,1116.32,INR,Wallet,SBI,2026-07-06 17:43:00,failed,bank_declined,True,False
TXN_008814,CUST_00356,MER_0047,1316.18,INR,UPI,ICICI,2026-08-12 17:43:00,failed,bank_declined,True,False
TXN_008815,CUST_00731,MER_0002,2654.63,INR,NetBanking,HDFC,2026-08-13 19:59:00,failed,bank_timeout,True,True
TXN_008816,CUST_00456,MER_0006,1089.67,INR,UPI,SBI,2026-07-28 05:08:00,success,,True,False
TXN_008817,CUST_00831,MER_0006,12623.01,INR,NetBanking,KOTAK,2026-07-05 12:14:00,success,,True,True
TXN_008818,CUST_01061,MER_0040,3524.8,INR,UPI,HDFC,2026-07-16 14:37:00,success,,True,False
TXN_008819,CUST_01514,MER_0035,1343.12,INR,UPI,KOTAK,2026-07-12 16:18:00,failed,network_error,True,False
TXN_008820,CUST_01667,MER_0034,3842.45,INR,NetBanking,YES,2026-07-13 13:51:00,success,,True,False
TXN_008821,CUST_00255,MER_0022,5407.44,INR,Card,KOTAK,2026-07-22 18:27:00,success,,True,False
TXN_008822,CUST_00538,MER_0012,2204.54,INR,UPI,SBI,2026-08-26 10:35:00,failed,network_error,True,False
TXN_008823,CUST_00889,MER_0037,477.82,INR,Card,HDFC,2026-07-06 19:32:00,success,,True,False
TXN_008824,CUST_01911,MER_0033,1048.33,INR,Wallet,AXIS,2026-07-12 03:51:00,failed,insufficient_funds,True,False
TXN_008825,CUST_00352,MER_0025,3177.05,INR,UPI,AXIS,2026-08-12 05:43:00,failed,bank_timeout,True,True
TXN_008826,CUST_00596,MER_0019,3003.51,INR,Card,HDFC,2026-07-04 02:32:00,success,,True,True
TXN_008827,CUST_00271,MER_0015,1481.67,INR,NetBanking,HDFC,2026-07-07 06:07:00,failed,bank_declined,True,False
TXN_008828,CUST_00157,MER_0037,5540.38,INR,Card,SBI,2026-08-07 19:39:00,success,,True,True
TXN_008829,CUST_01499,MER_0048,5050.03,INR,UPI,ICICI,2026-07-15 20:42:00,failed,bank_timeout,True,False
TXN_008830,CUST_01324,MER_0003,1047.54,INR,Wallet,SBI,2026-07-06 11:09:00,success,,True,False
TXN_008831,CUST_00828,MER_0008,1756.47,INR,NetBanking,HDFC,2026-07-15 20:45:00,success,,True,False
TXN_008832,CUST_00142,MER_0047,2388.94,INR,UPI,HDFC,2026-07-13 06:25:00,success,,True,False
TXN_008833,CUST_01151,MER_0020,1441.85,INR,UPI,KOTAK,2026-08-06 19:37:00,success,,True,False
TXN_008834,CUST_01524,MER_0043,5611.17,INR,Card,SBI,2026-07-15 04:17:00,success,,True,False
TXN_008835,CUST_00969,MER_0022,3222.5,INR,UPI,KOTAK,2026-07-19 23:58:00,success,,True,False
TXN_008836,CUST_01756,MER_0019,3377.42,INR,Card,SBI,2026-07-24 14:22:00,success,,True,False
TXN_008837,CUST_00100,MER_0013,886.05,INR,UPI,SBI,2026-07-18 10:50:00,failed,bank_declined,True,False
TXN_008838,CUST_01109,MER_0010,255.66,INR,UPI,ICICI,2026-07-10 19:55:00,success,,True,False
TXN_008839,CUST_00545,MER_0018,4756.39,INR,NetBanking,ICICI,2026-07-04 22:06:00,success,,True,False
TXN_008840,CUST_00689,MER_0008,5153.59,INR,Wallet,AXIS,2026-08-16 00:18:00,failed,bank_timeout,True,False
TXN_008841,CUST_01833,MER_0030,6756.96,INR,Wallet,SBI,2026-07-07 22:10:00,success,,True,False
TXN_008842,CUST_01028,MER_0040,2320.46,INR,NetBanking,AXIS,2026-08-05 05:33:00,success,,True,False
TXN_008843,CUST_01864,MER_0031,2565.59,INR,Card,HDFC,2026-08-12 14:16:00,failed,authentication_failure,True,False
TXN_008844,CUST_01280,MER_0030,31233.92,INR,NetBanking,AXIS,2026-08-01 17:23:00,success,,True,False
TXN_008845,CUST_01133,MER_0024,7154.86,INR,UPI,YES,2026-08-05 03:01:00,success,,True,False
TXN_008846,CUST_00990,MER_0031,4276.56,INR,Card,HDFC,2026-07-05 19:29:00,success,,True,False
TXN_008847,CUST_00629,MER_0017,1175.86,INR,Card,AXIS,2026-07-22 07:23:00,success,,True,False
TXN_008848,CUST_01738,MER_0030,2737.7,INR,Card,HDFC,2026-07-28 12:57:00,success,,True,False
TXN_008849,CUST_00442,MER_0024,1273.47,INR,UPI,SBI,2026-08-20 09:45:00,failed,bank_declined,True,False
TXN_008850,CUST_00617,MER_0027,2730.86,INR,NetBanking,KOTAK,2026-08-13 00:16:00,failed,authentication_failure,True,True
TXN_008851,CUST_01553,MER_0008,2604.25,INR,NetBanking,AXIS,2026-08-19 11:42:00,success,,True,False
TXN_008852,CUST_01189,MER_0014,1237.03,INR,Wallet,YES,2026-08-03 05:10:00,failed,network_error,True,False
TXN_008853,CUST_01007,MER_0039,1227.5,INR,UPI,AXIS,2026-07-29 06:17:00,failed,bank_timeout,True,False
TXN_008854,CUST_01043,MER_0049,4448.74,INR,Card,AXIS,2026-08-07 00:25:00,success,,True,False
TXN_008855,CUST_01819,MER_0048,2339.19,INR,NetBanking,YES,2026-07-28 18:27:00,success,,True,False
TXN_008856,CUST_00214,MER_0043,1785.21,INR,Wallet,SBI,2026-08-23 19:51:00,failed,bank_declined,True,False
TXN_008857,CUST_00827,MER_0049,4263.08,INR,UPI,ICICI,2026-07-22 23:25:00,failed,authentication_failure,True,True
TXN_008858,CUST_00973,MER_0036,3006.48,INR,Wallet,HDFC,2026-08-06 07:00:00,success,,True,False
TXN_008859,CUST_00677,MER_0030,7002.57,INR,UPI,HDFC,2026-07-30 15:35:00,failed,bank_declined,True,False
TXN_008860,CUST_00292,MER_0006,2556.01,INR,Card,SBI,2026-07-21 01:04:00,failed,bank_declined,True,False
TXN_008861,CUST_01832,MER_0030,3505.18,INR,UPI,ICICI,2026-07-20 15:38:00,failed,bank_timeout,True,True
TXN_008862,CUST_01459,MER_0002,483.4,INR,UPI,KOTAK,2026-07-04 19:09:00,failed,bank_timeout,True,False
TXN_008863,CUST_00830,MER_0022,5452.68,INR,Wallet,SBI,2026-07-25 08:38:00,success,,True,True
TXN_008864,CUST_01573,MER_0043,732.0,INR,Card,AXIS,2026-08-21 12:39:00,success,,True,False
TXN_008865,CUST_00894,MER_0008,3365.16,INR,NetBanking,HDFC,2026-08-06 00:08:00,success,,True,False
TXN_008866,CUST_01815,MER_0018,1841.55,INR,Wallet,KOTAK,2026-08-16 10:12:00,success,,True,False
TXN_008867,CUST_01172,MER_0006,1099.98,INR,Wallet,KOTAK,2026-07-19 17:38:00,success,,True,False
TXN_008868,CUST_00125,MER_0024,3228.33,INR,Card,YES,2026-07-05 06:18:00,success,,True,True
TXN_008869,CUST_01128,MER_0043,2866.44,INR,Card,AXIS,2026-07-11 11:09:00,success,,True,False
TXN_008870,CUST_01475,MER_0042,13203.99,INR,UPI,HDFC,2026-07-28 17:33:00,success,,True,True
TXN_008871,CUST_00381,MER_0023,1480.52,INR,NetBanking,ICICI,2026-08-25 03:40:00,failed,network_error,True,False
TXN_008872,CUST_00580,MER_0030,3235.5,INR,UPI,KOTAK,2026-08-25 01:31:00,failed,authentication_failure,True,False
TXN_008873,CUST_01434,MER_0004,4625.77,INR,Card,KOTAK,2026-07-30 00:51:00,success,,True,False
TXN_008874,CUST_01889,MER_0011,3837.56,INR,NetBanking,SBI,2026-07-09 20:15:00,failed,network_error,True,True
TXN_008875,CUST_01398,MER_0017,3020.07,INR,Card,ICICI,2026-07-08 03:42:00,failed,bank_declined,True,False
TXN_008876,CUST_00930,MER_0026,1260.63,INR,UPI,KOTAK,2026-08-06 11:03:00,success,,True,False
TXN_008877,CUST_00600,MER_0034,4480.79,INR,UPI,SBI,2026-07-28 08:32:00,failed,bank_timeout,True,False
TXN_008878,CUST_01659,MER_0050,2289.14,INR,UPI,YES,2026-08-17 02:41:00,success,,True,False
TXN_008879,CUST_01936,MER_0029,3052.93,INR,UPI,KOTAK,2026-08-03 13:27:00,failed,network_error,False,False
TXN_008880,CUST_01561,MER_0044,777.85,INR,Wallet,ICICI,2026-08-25 13:09:00,success,,True,False
TXN_008881,CUST_01779,MER_0043,6829.47,INR,Wallet,SBI,2026-08-02 08:05:00,success,,True,False
TXN_008882,CUST_00728,MER_0004,2689.06,INR,UPI,HDFC,2026-08-25 21:57:00,success,,True,True
TXN_008883,CUST_01856,MER_0014,2075.33,INR,NetBanking,SBI,2026-07-06 20:02:00,success,,True,False
TXN_008884,CUST_01675,MER_0001,3444.99,INR,Card,SBI,2026-07-27 12:24:00,failed,expired_card,True,True
TXN_008885,CUST_01599,MER_0020,4508.19,INR,UPI,ICICI,2026-07-20 20:17:00,success,,True,False
TXN_008886,CUST_01646,MER_0010,3753.29,INR,Wallet,HDFC,2026-07-07 07:41:00,success,,True,False
TXN_008887,CUST_00754,MER_0022,4334.13,INR,Card,KOTAK,2026-07-28 08:58:00,success,,True,False
TXN_008888,CUST_01812,MER_0034,7192.51,INR,NetBanking,HDFC,2026-08-14 17:19:00,success,,True,False
TXN_008889,CUST_00680,MER_0009,4948.8,INR,Wallet,ICICI,2026-08-04 05:39:00,success,,True,False
TXN_008890,CUST_01342,MER_0013,2146.54,INR,UPI,AXIS,2026-08-25 05:38:00,success,,True,False
TXN_008891,CUST_00512,MER_0011,993.94,INR,UPI,KOTAK,2026-07-22 22:00:00,success,,True,True
TXN_008892,CUST_00278,MER_0018,9267.22,INR,Card,HDFC,2026-07-25 17:49:00,success,,True,False
TXN_008893,CUST_01481,MER_0049,2017.92,INR,NetBanking,HDFC,2026-08-18 23:11:00,failed,network_error,True,False
TXN_008894,CUST_01317,MER_0005,608.27,INR,Card,AXIS,2026-08-13 04:59:00,success,,True,True
TXN_008895,CUST_00776,MER_0004,3199.59,INR,Card,SBI,2026-08-17 13:21:00,failed,network_error,True,False
TXN_008896,CUST_01442,MER_0044,726.26,INR,Card,HDFC,2026-08-17 20:57:00,success,,True,False
TXN_008897,CUST_01215,MER_0003,3507.36,INR,Wallet,KOTAK,2026-07-10 05:55:00,failed,insufficient_funds,False,False
TXN_008898,CUST_01130,MER_0037,20999.46,INR,Card,YES,2026-07-23 05:40:00,success,,True,False
TXN_008899,CUST_01581,MER_0004,1547.68,INR,UPI,KOTAK,2026-07-14 12:25:00,success,,True,False
TXN_008900,CUST_01906,MER_0019,1723.04,INR,UPI,ICICI,2026-08-12 12:42:00,failed,bank_timeout,False,False
TXN_008901,CUST_00694,MER_0038,6783.86,INR,Card,AXIS,2026-07-03 03:33:00,success,,True,False
TXN_008902,CUST_00323,MER_0041,1811.26,INR,Wallet,SBI,2026-07-29 02:52:00,success,,True,False
TXN_008903,CUST_00496,MER_0008,1366.58,INR,UPI,ICICI,2026-07-25 03:18:00,success,,True,True
TXN_008904,CUST_01137,MER_0003,4296.53,INR,UPI,HDFC,2026-07-08 06:22:00,success,,True,False
TXN_008905,CUST_00290,MER_0030,808.93,INR,UPI,HDFC,2026-08-01 14:32:00,failed,authentication_failure,True,False
TXN_008906,CUST_00488,MER_0021,10148.89,INR,Card,KOTAK,2026-08-04 15:41:00,success,,True,False
TXN_008907,CUST_00077,MER_0011,3840.23,INR,Card,HDFC,2026-07-03 01:56:00,success,,True,True
TXN_008908,CUST_01754,MER_0005,4065.61,INR,UPI,AXIS,2026-07-31 01:25:00,success,,True,True
TXN_008909,CUST_00512,MER_0035,4895.38,INR,UPI,ICICI,2026-08-23 12:05:00,failed,bank_timeout,True,False
TXN_008910,CUST_01229,MER_0019,6424.76,INR,UPI,ICICI,2026-08-25 22:12:00,success,,True,False
TXN_008911,CUST_01680,MER_0002,3469.4,INR,UPI,AXIS,2026-07-06 06:23:00,failed,bank_timeout,False,False
TXN_008912,CUST_00453,MER_0033,1201.41,INR,UPI,ICICI,2026-07-17 16:28:00,failed,bank_timeout,False,False
TXN_008913,CUST_01105,MER_0027,1091.77,INR,UPI,HDFC,2026-07-22 22:33:00,success,,True,False
TXN_008914,CUST_01791,MER_0033,1819.62,INR,UPI,AXIS,2026-07-01 17:50:00,failed,bank_timeout,True,False
TXN_008915,CUST_01920,MER_0009,3364.87,INR,NetBanking,YES,2026-08-13 16:23:00,success,,True,False
TXN_008916,CUST_00321,MER_0002,1458.12,INR,UPI,AXIS,2026-07-17 18:43:00,success,,True,False
TXN_008917,CUST_01928,MER_0045,5936.74,INR,UPI,YES,2026-07-12 08:17:00,success,,True,False
TXN_008918,CUST_01137,MER_0044,3334.75,INR,NetBanking,AXIS,2026-08-26 19:21:00,success,,True,False
TXN_008919,CUST_00827,MER_0016,5998.57,INR,UPI,YES,2026-07-23 11:51:00,success,,True,True
TXN_008920,CUST_00540,MER_0029,1025.69,INR,NetBanking,SBI,2026-08-07 12:52:00,success,,True,False
TXN_008921,CUST_00450,MER_0020,5601.05,INR,Card,AXIS,2026-07-07 20:35:00,failed,network_error,True,False
TXN_008922,CUST_00383,MER_0001,4497.72,INR,UPI,KOTAK,2026-07-17 15:36:00,success,,True,False
TXN_008923,CUST_00214,MER_0005,4592.96,INR,UPI,YES,2026-08-19 06:52:00,success,,True,False
TXN_008924,CUST_01551,MER_0019,2795.25,INR,Card,AXIS,2026-07-20 18:10:00,success,,True,False
TXN_008925,CUST_01089,MER_0042,1604.01,INR,Wallet,SBI,2026-07-13 20:10:00,success,,True,False
TXN_008926,CUST_01941,MER_0045,4487.06,INR,UPI,ICICI,2026-07-14 08:45:00,success,,True,True
TXN_008927,CUST_01100,MER_0020,731.53,INR,NetBanking,AXIS,2026-07-11 19:53:00,failed,network_error,True,False
TXN_008928,CUST_00925,MER_0016,591.79,INR,UPI,HDFC,2026-08-19 11:20:00,success,,True,True
TXN_008929,CUST_01277,MER_0048,1390.02,INR,NetBanking,ICICI,2026-07-27 08:28:00,failed,bank_timeout,True,False
TXN_008930,CUST_01543,MER_0028,3656.69,INR,Card,YES,2026-08-06 20:32:00,failed,insufficient_funds,True,False
TXN_008931,CUST_01027,MER_0012,2797.05,INR,UPI,HDFC,2026-07-18 16:46:00,failed,network_error,True,False
TXN_008932,CUST_00446,MER_0042,1811.57,INR,UPI,HDFC,2026-07-12 03:54:00,success,,True,False
TXN_008933,CUST_00298,MER_0034,1415.05,INR,UPI,SBI,2026-07-27 21:45:00,success,,True,False
TXN_008934,CUST_01127,MER_0007,1440.51,INR,Card,HDFC,2026-07-09 06:29:00,failed,network_error,True,True
TXN_008935,CUST_01633,MER_0038,1226.1,INR,UPI,AXIS,2026-08-11 11:51:00,success,,True,False
TXN_008936,CUST_00398,MER_0036,1504.56,INR,UPI,HDFC,2026-07-01 19:40:00,success,,True,False
TXN_008937,CUST_01361,MER_0034,459.59,INR,UPI,AXIS,2026-08-07 12:15:00,success,,True,False
TXN_008938,CUST_00368,MER_0006,1928.89,INR,NetBanking,YES,2026-08-23 18:50:00,success,,True,False
TXN_008939,CUST_01973,MER_0047,1022.22,INR,Card,HDFC,2026-08-14 18:44:00,success,,True,False
TXN_008940,CUST_02000,MER_0050,2600.25,INR,UPI,ICICI,2026-08-23 00:55:00,failed,bank_declined,True,True
TXN_008941,CUST_00235,MER_0042,2653.5,INR,Wallet,SBI,2026-07-27 16:05:00,success,,True,False
TXN_008942,CUST_00622,MER_0023,2173.84,INR,Card,ICICI,2026-07-03 20:13:00,success,,True,False
TXN_008943,CUST_01100,MER_0010,9298.73,INR,UPI,YES,2026-08-26 10:50:00,failed,bank_declined,True,False
TXN_008944,CUST_00178,MER_0010,560.2,INR,Card,KOTAK,2026-08-26 18:48:00,success,,True,False
TXN_008945,CUST_00609,MER_0023,887.22,INR,NetBanking,SBI,2026-08-09 22:46:00,failed,authentication_failure,True,False
TXN_008946,CUST_00762,MER_0025,1159.94,INR,UPI,ICICI,2026-07-23 15:03:00,failed,bank_declined,True,False
TXN_008947,CUST_01097,MER_0017,7184.18,INR,UPI,YES,2026-08-07 02:01:00,failed,bank_declined,False,False
TXN_008948,CUST_01803,MER_0020,3702.57,INR,UPI,ICICI,2026-07-14 22:59:00,success,,True,True
TXN_008949,CUST_00076,MER_0033,1501.38,INR,UPI,YES,2026-08-20 11:59:00,failed,bank_declined,False,True
TXN_008950,CUST_01524,MER_0004,1389.24,INR,UPI,YES,2026-07-24 16:49:00,failed,bank_declined,True,False
TXN_008951,CUST_01040,MER_0029,1168.57,INR,UPI,SBI,2026-08-08 08:31:00,failed,bank_timeout,True,False
TXN_008952,CUST_00423,MER_0033,694.93,INR,Card,YES,2026-07-11 07:38:00,success,,True,False
TXN_008953,CUST_01999,MER_0044,6540.88,INR,UPI,AXIS,2026-08-06 17:35:00,failed,network_error,True,False
TXN_008954,CUST_01218,MER_0016,1649.83,INR,UPI,KOTAK,2026-08-24 14:35:00,success,,True,False
TXN_008955,CUST_01116,MER_0017,2789.46,INR,NetBanking,HDFC,2026-08-12 00:15:00,failed,network_error,True,False
TXN_008956,CUST_01686,MER_0033,7283.72,INR,Card,AXIS,2026-07-25 02:26:00,success,,True,False
TXN_008957,CUST_01708,MER_0033,3135.41,INR,Wallet,KOTAK,2026-07-18 09:16:00,failed,bank_timeout,True,False
TXN_008958,CUST_01750,MER_0002,2551.67,INR,Card,KOTAK,2026-08-01 16:22:00,success,,True,False
TXN_008959,CUST_00218,MER_0032,10440.36,INR,Card,AXIS,2026-07-13 12:45:00,success,,True,False
TXN_008960,CUST_01445,MER_0019,7173.45,INR,UPI,ICICI,2026-07-18 05:56:00,success,,True,False
TXN_008961,CUST_01567,MER_0023,5049.33,INR,UPI,AXIS,2026-07-10 01:38:00,success,,True,False
TXN_008962,CUST_00915,MER_0010,4612.61,INR,UPI,SBI,2026-08-15 20:23:00,success,,True,False
TXN_008963,CUST_01544,MER_0034,4270.82,INR,Card,HDFC,2026-08-18 01:46:00,success,,True,False
TXN_008964,CUST_00273,MER_0026,6167.22,INR,Card,AXIS,2026-08-26 13:26:00,success,,True,False
TXN_008965,CUST_00072,MER_0008,1693.74,INR,UPI,YES,2026-08-10 06:48:00,success,,True,False
TXN_008966,CUST_00550,MER_0048,825.45,INR,UPI,ICICI,2026-07-22 15:21:00,success,,True,False
TXN_008967,CUST_01495,MER_0025,2579.12,INR,UPI,KOTAK,2026-07-04 01:09:00,success,,True,False
TXN_008968,CUST_00390,MER_0002,1268.94,INR,UPI,ICICI,2026-08-19 03:14:00,failed,bank_timeout,True,False
TXN_008969,CUST_01195,MER_0040,1371.66,INR,Card,SBI,2026-07-09 08:24:00,failed,bank_declined,True,False
TXN_008970,CUST_01262,MER_0028,2721.39,INR,Card,AXIS,2026-07-30 19:43:00,failed,bank_declined,True,False
TXN_008971,CUST_01238,MER_0049,917.92,INR,UPI,ICICI,2026-07-25 19:45:00,success,,True,False
TXN_008972,CUST_01320,MER_0012,558.36,INR,UPI,YES,2026-07-07 23:32:00,success,,True,False
TXN_008973,CUST_01481,MER_0048,1267.44,INR,Wallet,HDFC,2026-08-20 01:00:00,success,,True,False
TXN_008974,CUST_00725,MER_0049,7712.18,INR,NetBanking,AXIS,2026-08-08 08:26:00,success,,True,False
TXN_008975,CUST_01968,MER_0009,3188.87,INR,Card,KOTAK,2026-07-09 15:49:00,success,,True,False
TXN_008976,CUST_01198,MER_0031,3939.76,INR,Card,SBI,2026-08-13 05:59:00,success,,True,False
TXN_008977,CUST_00916,MER_0037,4406.57,INR,UPI,ICICI,2026-07-02 21:38:00,failed,bank_timeout,True,False
TXN_008978,CUST_00762,MER_0027,7408.42,INR,Card,AXIS,2026-07-06 13:15:00,failed,expired_card,False,True
TXN_008979,CUST_01867,MER_0023,7517.48,INR,UPI,ICICI,2026-08-23 16:50:00,success,,True,False
TXN_008980,CUST_01764,MER_0010,3476.71,INR,UPI,YES,2026-07-05 00:05:00,success,,True,False
TXN_008981,CUST_01397,MER_0043,583.34,INR,Card,KOTAK,2026-07-14 10:31:00,success,,True,False
TXN_008982,CUST_01683,MER_0044,1341.57,INR,UPI,YES,2026-08-24 20:45:00,success,,True,True
TXN_008983,CUST_00371,MER_0025,585.26,INR,UPI,AXIS,2026-08-13 23:22:00,success,,True,False
TXN_008984,CUST_00627,MER_0020,6189.6,INR,UPI,ICICI,2026-07-22 23:45:00,success,,True,False
TXN_008985,CUST_00684,MER_0011,2392.78,INR,Card,ICICI,2026-07-13 10:26:00,success,,True,False
TXN_008986,CUST_01357,MER_0045,410.48,INR,UPI,KOTAK,2026-07-07 16:46:00,success,,True,True
TXN_008987,CUST_01842,MER_0042,3296.44,INR,UPI,ICICI,2026-08-01 18:14:00,success,,True,True
TXN_008988,CUST_00682,MER_0035,1588.06,INR,Card,SBI,2026-07-29 09:13:00,success,,True,False
TXN_008989,CUST_00366,MER_0013,744.68,INR,Card,AXIS,2026-08-02 08:34:00,success,,True,False
TXN_008990,CUST_00593,MER_0049,9342.91,INR,UPI,ICICI,2026-07-18 13:19:00,success,,True,False
TXN_008991,CUST_01683,MER_0027,2659.33,INR,Card,SBI,2026-07-05 07:38:00,failed,expired_card,True,False
TXN_008992,CUST_00601,MER_0035,1773.06,INR,UPI,KOTAK,2026-07-01 09:30:00,success,,True,False
TXN_008993,CUST_01102,MER_0007,727.33,INR,Card,ICICI,2026-08-07 03:35:00,success,,True,False
TXN_008994,CUST_01350,MER_0025,859.51,INR,UPI,YES,2026-07-19 11:37:00,failed,bank_timeout,True,False
TXN_008995,CUST_01718,MER_0039,1670.53,INR,Card,HDFC,2026-08-17 16:58:00,success,,True,False
TXN_008996,CUST_00379,MER_0008,2484.07,INR,NetBanking,YES,2026-07-21 20:43:00,success,,True,False
TXN_008997,CUST_00488,MER_0017,475.58,INR,Wallet,YES,2026-07-14 09:52:00,failed,insufficient_funds,True,False
TXN_008998,CUST_01926,MER_0008,3975.28,INR,UPI,KOTAK,2026-08-03 18:43:00,success,,True,False
TXN_008999,CUST_01980,MER_0039,3301.62,INR,Card,KOTAK,2026-08-01 20:53:00,success,,True,False
TXN_009000,CUST_01720,MER_0040,9923.89,INR,Card,ICICI,2026-08-20 09:22:00,failed,expired_card,True,False
TXN_009001,CUST_00977,MER_0022,2029.27,INR,UPI,YES,2026-08-16 12:31:00,success,,True,False
TXN_009002,CUST_01246,MER_0007,3563.02,INR,UPI,YES,2026-08-14 17:27:00,success,,True,False
TXN_009003,CUST_00564,MER_0013,1894.51,INR,UPI,SBI,2026-08-17 14:14:00,success,,True,False
TXN_009004,CUST_01841,MER_0043,12630.22,INR,UPI,SBI,2026-07-10 09:56:00,success,,True,False
TXN_009005,CUST_01256,MER_0015,6119.35,INR,UPI,ICICI,2026-07-03 15:32:00,success,,True,True
TXN_009006,CUST_00867,MER_0008,2795.45,INR,Card,HDFC,2026-07-25 22:37:00,failed,insufficient_funds,True,False
TXN_009007,CUST_01442,MER_0037,7753.35,INR,Card,YES,2026-08-18 16:05:00,failed,insufficient_funds,True,False
TXN_009008,CUST_00250,MER_0047,8492.19,INR,Card,KOTAK,2026-08-23 07:42:00,success,,True,True
TXN_009009,CUST_01605,MER_0009,422.03,INR,UPI,AXIS,2026-07-08 02:02:00,success,,True,False
TXN_009010,CUST_00355,MER_0015,3529.75,INR,Card,YES,2026-08-22 07:20:00,failed,authentication_failure,True,False
TXN_009011,CUST_00410,MER_0012,9947.76,INR,UPI,YES,2026-07-28 22:46:00,success,,True,False
TXN_009012,CUST_00231,MER_0012,8409.51,INR,Card,SBI,2026-07-10 17:21:00,failed,expired_card,True,False
TXN_009013,CUST_00062,MER_0028,8337.38,INR,UPI,HDFC,2026-07-10 21:36:00,failed,network_error,True,False
TXN_009014,CUST_01765,MER_0017,2590.29,INR,NetBanking,SBI,2026-08-12 10:37:00,success,,True,False
TXN_009015,CUST_01437,MER_0016,17633.35,INR,Card,SBI,2026-07-17 18:45:00,success,,True,False
TXN_009016,CUST_00416,MER_0026,2380.17,INR,UPI,KOTAK,2026-08-03 16:14:00,success,,True,True
TXN_009017,CUST_01453,MER_0048,2055.72,INR,Card,ICICI,2026-08-16 21:06:00,success,,True,False
TXN_009018,CUST_01382,MER_0040,4879.01,INR,UPI,YES,2026-07-23 20:23:00,failed,bank_timeout,True,False
TXN_009019,CUST_01065,MER_0044,2613.05,INR,Card,SBI,2026-08-11 17:25:00,failed,authentication_failure,True,False
TXN_009020,CUST_00732,MER_0043,2478.42,INR,NetBanking,SBI,2026-08-09 01:36:00,success,,True,False
TXN_009021,CUST_01389,MER_0015,628.91,INR,UPI,YES,2026-08-20 05:15:00,success,,True,False
TXN_009022,CUST_00722,MER_0050,3274.29,INR,Wallet,KOTAK,2026-07-01 20:03:00,success,,True,False
TXN_009023,CUST_01369,MER_0033,1398.23,INR,Card,AXIS,2026-07-22 19:39:00,success,,True,False
TXN_009024,CUST_00947,MER_0043,4876.67,INR,UPI,AXIS,2026-07-01 02:44:00,success,,True,False
TXN_009025,CUST_01635,MER_0011,4259.69,INR,UPI,SBI,2026-07-14 19:35:00,success,,True,False
TXN_009026,CUST_01751,MER_0047,7919.79,INR,UPI,YES,2026-08-20 11:31:00,success,,True,False
TXN_009027,CUST_00423,MER_0028,5044.36,INR,UPI,SBI,2026-08-08 04:44:00,success,,True,False
TXN_009028,CUST_00751,MER_0008,5838.3,INR,Card,HDFC,2026-07-02 02:46:00,success,,True,False
TXN_009029,CUST_00502,MER_0004,1428.99,INR,UPI,YES,2026-08-17 02:49:00,failed,network_error,True,False
TXN_009030,CUST_01848,MER_0022,11787.1,INR,UPI,KOTAK,2026-08-20 21:32:00,failed,bank_declined,True,True
TXN_009031,CUST_00956,MER_0049,10298.88,INR,UPI,KOTAK,2026-08-02 02:31:00,success,,True,False
TXN_009032,CUST_00433,MER_0036,1572.65,INR,Card,ICICI,2026-08-03 18:07:00,failed,bank_declined,True,False
TXN_009033,CUST_01577,MER_0004,3093.2,INR,UPI,ICICI,2026-08-23 12:05:00,success,,True,False
TXN_009034,CUST_00239,MER_0026,4327.43,INR,UPI,HDFC,2026-07-01 00:39:00,failed,network_error,True,False
TXN_009035,CUST_01705,MER_0027,1130.7,INR,UPI,YES,2026-08-17 07:15:00,success,,True,False
TXN_009036,CUST_00916,MER_0047,3455.19,INR,UPI,HDFC,2026-07-27 10:55:00,failed,bank_timeout,True,False
TXN_009037,CUST_01929,MER_0023,741.64,INR,UPI,HDFC,2026-07-07 22:22:00,failed,network_error,True,True
TXN_009038,CUST_01055,MER_0046,1338.47,INR,Card,SBI,2026-08-01 14:05:00,success,,True,False
TXN_009039,CUST_01846,MER_0009,3704.4,INR,NetBanking,AXIS,2026-08-04 05:09:00,failed,bank_declined,True,True
TXN_009040,CUST_01962,MER_0007,751.02,INR,Card,KOTAK,2026-08-17 04:25:00,success,,True,True
TXN_009041,CUST_00433,MER_0024,3234.3,INR,Card,ICICI,2026-08-11 13:07:00,success,,True,True
TXN_009042,CUST_00859,MER_0045,952.07,INR,UPI,ICICI,2026-07-14 15:46:00,success,,True,False
TXN_009043,CUST_01565,MER_0033,4037.05,INR,NetBanking,HDFC,2026-07-17 23:30:00,success,,True,True
TXN_009044,CUST_00279,MER_0049,1482.99,INR,Wallet,KOTAK,2026-07-13 11:28:00,success,,True,False
TXN_009045,CUST_00783,MER_0020,1052.51,INR,Card,HDFC,2026-08-11 04:20:00,success,,True,True
TXN_009046,CUST_01639,MER_0035,4627.31,INR,UPI,YES,2026-08-03 17:35:00,failed,bank_declined,True,False
TXN_009047,CUST_00845,MER_0031,1895.48,INR,Card,ICICI,2026-07-17 21:29:00,success,,True,False
TXN_009048,CUST_01045,MER_0011,413.23,INR,Card,KOTAK,2026-08-22 05:58:00,failed,insufficient_funds,True,False
TXN_009049,CUST_01321,MER_0003,4706.63,INR,UPI,HDFC,2026-08-01 05:03:00,success,,True,False
TXN_009050,CUST_00367,MER_0025,2451.28,INR,UPI,YES,2026-07-06 20:10:00,success,,True,False
TXN_009051,CUST_01177,MER_0007,719.05,INR,Card,YES,2026-08-10 01:26:00,success,,True,False
TXN_009052,CUST_00071,MER_0032,6422.07,INR,NetBanking,SBI,2026-07-23 14:32:00,success,,True,True
TXN_009053,CUST_01236,MER_0041,1432.23,INR,UPI,AXIS,2026-08-01 10:28:00,success,,True,False
TXN_009054,CUST_01730,MER_0010,1698.19,INR,Wallet,ICICI,2026-07-02 14:52:00,success,,True,True
TXN_009055,CUST_01243,MER_0029,15516.13,INR,NetBanking,KOTAK,2026-07-24 17:46:00,success,,True,False
TXN_009056,CUST_01728,MER_0010,1390.04,INR,Card,AXIS,2026-07-20 23:34:00,success,,True,False
TXN_009057,CUST_00975,MER_0025,4419.44,INR,UPI,HDFC,2026-07-22 20:08:00,success,,True,False
TXN_009058,CUST_00505,MER_0011,3826.38,INR,Card,ICICI,2026-07-15 02:10:00,success,,True,False
TXN_009059,CUST_01188,MER_0028,3334.7,INR,Card,KOTAK,2026-08-11 08:06:00,failed,bank_declined,True,False
TXN_009060,CUST_01329,MER_0022,3298.13,INR,UPI,KOTAK,2026-07-21 18:56:00,success,,True,False
TXN_009061,CUST_00492,MER_0025,3033.74,INR,Card,AXIS,2026-07-25 01:49:00,success,,True,False
TXN_009062,CUST_01050,MER_0036,2341.31,INR,Card,HDFC,2026-07-31 12:39:00,success,,True,False
TXN_009063,CUST_00685,MER_0035,8176.56,INR,UPI,ICICI,2026-07-15 06:39:00,success,,True,False
TXN_009064,CUST_01830,MER_0003,853.95,INR,Card,HDFC,2026-07-30 19:29:00,success,,True,False
TXN_009065,CUST_01268,MER_0045,5525.71,INR,UPI,SBI,2026-07-27 22:44:00,success,,True,False
TXN_009066,CUST_00864,MER_0045,4712.03,INR,UPI,ICICI,2026-08-13 18:47:00,failed,bank_timeout,True,False
TXN_009067,CUST_01322,MER_0010,5964.52,INR,Card,SBI,2026-07-08 09:31:00,success,,True,False
TXN_009068,CUST_01094,MER_0004,2266.34,INR,Card,ICICI,2026-07-30 12:25:00,success,,True,False
TXN_009069,CUST_01083,MER_0007,547.2,INR,Card,HDFC,2026-07-17 06:16:00,failed,bank_declined,True,True
TXN_009070,CUST_00681,MER_0039,1104.39,INR,Card,KOTAK,2026-07-15 19:16:00,success,,True,False
TXN_009071,CUST_00697,MER_0033,1359.01,INR,UPI,YES,2026-07-08 17:30:00,failed,bank_declined,True,True
TXN_009072,CUST_01181,MER_0036,1665.91,INR,UPI,KOTAK,2026-07-28 08:29:00,failed,authentication_failure,True,True
TXN_009073,CUST_01800,MER_0009,364.29,INR,Card,ICICI,2026-08-09 16:55:00,success,,True,False
TXN_009074,CUST_01133,MER_0041,4273.45,INR,Card,YES,2026-08-07 21:05:00,failed,network_error,True,True
TXN_009075,CUST_01343,MER_0049,3963.92,INR,UPI,ICICI,2026-07-11 16:21:00,success,,True,False
TXN_009076,CUST_01584,MER_0023,2074.88,INR,UPI,HDFC,2026-08-25 07:10:00,success,,True,True
TXN_009077,CUST_01675,MER_0005,2336.02,INR,Card,YES,2026-08-08 13:02:00,failed,network_error,True,False
TXN_009078,CUST_00500,MER_0049,2622.89,INR,Card,AXIS,2026-07-23 14:58:00,failed,insufficient_funds,True,False
TXN_009079,CUST_01645,MER_0017,1245.34,INR,UPI,AXIS,2026-07-09 07:18:00,failed,bank_timeout,True,False
TXN_009080,CUST_01933,MER_0023,742.69,INR,Card,HDFC,2026-07-27 02:35:00,success,,True,False
TXN_009081,CUST_01953,MER_0031,4335.82,INR,Card,AXIS,2026-07-09 01:52:00,success,,True,False
TXN_009082,CUST_01616,MER_0017,2250.8,INR,UPI,SBI,2026-08-13 09:50:00,success,,True,False
TXN_009083,CUST_00614,MER_0028,11166.41,INR,UPI,ICICI,2026-07-18 10:31:00,success,,True,False
TXN_009084,CUST_00344,MER_0007,3205.72,INR,Card,SBI,2026-08-01 05:28:00,failed,expired_card,True,False
TXN_009085,CUST_01755,MER_0006,2001.86,INR,UPI,ICICI,2026-07-31 04:34:00,failed,bank_timeout,True,False
TXN_009086,CUST_00363,MER_0017,978.25,INR,UPI,YES,2026-08-20 06:45:00,success,,True,False
TXN_009087,CUST_00935,MER_0010,1321.48,INR,Card,SBI,2026-08-11 05:14:00,success,,True,False
TXN_009088,CUST_01353,MER_0018,585.25,INR,UPI,ICICI,2026-08-17 12:37:00,success,,True,True
TXN_009089,CUST_00437,MER_0035,1166.33,INR,UPI,KOTAK,2026-07-01 17:07:00,success,,True,False
TXN_009090,CUST_01838,MER_0041,2631.02,INR,Card,SBI,2026-08-01 14:32:00,success,,True,False
TXN_009091,CUST_00057,MER_0015,3103.05,INR,Card,ICICI,2026-07-17 18:47:00,success,,True,True
TXN_009092,CUST_01732,MER_0038,500.97,INR,UPI,HDFC,2026-08-23 13:56:00,success,,True,False
TXN_009093,CUST_00152,MER_0015,2186.88,INR,UPI,SBI,2026-08-12 21:47:00,success,,True,True
TXN_009094,CUST_00081,MER_0006,3830.41,INR,UPI,ICICI,2026-08-22 13:22:00,success,,True,False
TXN_009095,CUST_01493,MER_0014,2142.37,INR,UPI,AXIS,2026-08-02 18:25:00,success,,True,False
TXN_009096,CUST_00912,MER_0004,1469.93,INR,Card,YES,2026-07-06 20:35:00,success,,True,False
TXN_009097,CUST_01218,MER_0008,1755.08,INR,Wallet,ICICI,2026-08-07 11:00:00,success,,True,False
TXN_009098,CUST_00776,MER_0016,1583.49,INR,UPI,KOTAK,2026-08-22 20:39:00,success,,True,True
TXN_009099,CUST_00601,MER_0006,1466.47,INR,Card,ICICI,2026-07-26 23:40:00,success,,True,False
TXN_009100,CUST_01259,MER_0046,2804.72,INR,UPI,KOTAK,2026-08-22 17:12:00,failed,bank_timeout,True,False
TXN_009101,CUST_01789,MER_0031,1346.2,INR,UPI,KOTAK,2026-07-09 03:18:00,failed,bank_timeout,True,False
TXN_009102,CUST_00561,MER_0039,2341.72,INR,UPI,HDFC,2026-08-04 04:40:00,failed,bank_declined,False,False
TXN_009103,CUST_01414,MER_0002,5875.75,INR,Wallet,SBI,2026-07-26 02:26:00,success,,True,False
TXN_009104,CUST_00945,MER_0017,366.24,INR,UPI,SBI,2026-07-06 02:39:00,success,,True,False
TXN_009105,CUST_01741,MER_0040,1595.84,INR,Card,YES,2026-07-28 10:27:00,success,,True,False
TXN_009106,CUST_01363,MER_0028,4696.87,INR,UPI,SBI,2026-07-26 23:40:00,failed,bank_timeout,True,False
TXN_009107,CUST_01262,MER_0050,1265.63,INR,Card,KOTAK,2026-08-14 18:34:00,failed,bank_declined,False,False
TXN_009108,CUST_00014,MER_0020,5039.56,INR,UPI,HDFC,2026-08-15 09:13:00,success,,True,True
TXN_009109,CUST_01647,MER_0030,2888.55,INR,UPI,SBI,2026-07-09 09:02:00,failed,bank_timeout,True,False
TXN_009110,CUST_01307,MER_0043,3515.59,INR,UPI,YES,2026-07-21 23:10:00,success,,True,False
TXN_009111,CUST_00140,MER_0004,1769.34,INR,Wallet,HDFC,2026-08-03 06:58:00,success,,True,False
TXN_009112,CUST_01663,MER_0028,4429.98,INR,NetBanking,YES,2026-07-17 09:32:00,success,,True,True
TXN_009113,CUST_01750,MER_0042,7995.28,INR,Card,YES,2026-08-19 05:20:00,success,,True,False
TXN_009114,CUST_01268,MER_0039,303.55,INR,UPI,HDFC,2026-07-04 15:29:00,failed,bank_declined,True,False
TXN_009115,CUST_00973,MER_0043,608.75,INR,Card,HDFC,2026-07-20 15:33:00,success,,True,True
TXN_009116,CUST_00053,MER_0043,17213.18,INR,Card,KOTAK,2026-07-12 23:28:00,failed,expired_card,True,True
TXN_009117,CUST_01242,MER_0023,4434.18,INR,Card,ICICI,2026-07-27 10:43:00,success,,True,False
TXN_009118,CUST_01786,MER_0041,2372.61,INR,Card,AXIS,2026-08-10 17:27:00,success,,True,False
TXN_009119,CUST_01742,MER_0021,1283.74,INR,Card,YES,2026-08-14 04:41:00,success,,True,False
TXN_009120,CUST_00624,MER_0026,1167.19,INR,UPI,ICICI,2026-08-26 14:59:00,failed,authentication_failure,True,True
TXN_009121,CUST_01966,MER_0049,5243.53,INR,Card,KOTAK,2026-08-24 00:30:00,success,,True,False
TXN_009122,CUST_01563,MER_0028,11554.93,INR,UPI,YES,2026-08-07 06:08:00,success,,True,False
TXN_009123,CUST_00374,MER_0040,2551.31,INR,Card,HDFC,2026-08-03 13:14:00,failed,bank_declined,True,False
TXN_009124,CUST_01250,MER_0026,1970.9,INR,UPI,ICICI,2026-08-25 01:13:00,success,,True,False
TXN_009125,CUST_01853,MER_0026,1939.79,INR,Card,YES,2026-07-22 16:56:00,success,,True,False
TXN_009126,CUST_01281,MER_0046,1060.49,INR,NetBanking,ICICI,2026-08-03 21:45:00,success,,True,False
TXN_009127,CUST_00272,MER_0001,2610.27,INR,UPI,AXIS,2026-07-16 04:42:00,failed,network_error,False,True
TXN_009128,CUST_01662,MER_0017,3475.62,INR,UPI,HDFC,2026-07-24 08:43:00,success,,True,False
TXN_009129,CUST_01456,MER_0023,2796.18,INR,UPI,ICICI,2026-07-09 08:38:00,success,,True,False
TXN_009130,CUST_00927,MER_0036,3072.19,INR,NetBanking,AXIS,2026-07-30 21:05:00,success,,True,True
TXN_009131,CUST_01996,MER_0024,9321.73,INR,Card,SBI,2026-08-06 05:45:00,success,,True,False
TXN_009132,CUST_00074,MER_0023,2368.06,INR,NetBanking,HDFC,2026-07-15 00:12:00,success,,True,False
TXN_009133,CUST_00352,MER_0032,4471.06,INR,Wallet,ICICI,2026-08-22 19:17:00,success,,True,False
TXN_009134,CUST_01704,MER_0006,12596.92,INR,Card,SBI,2026-07-04 06:12:00,success,,True,False
TXN_009135,CUST_01437,MER_0003,6941.64,INR,Card,SBI,2026-08-21 13:35:00,success,,True,False
TXN_009136,CUST_00276,MER_0021,6139.73,INR,UPI,HDFC,2026-08-26 13:31:00,success,,True,False
TXN_009137,CUST_01764,MER_0041,1909.6,INR,NetBanking,SBI,2026-07-19 01:35:00,success,,True,False
TXN_009138,CUST_00219,MER_0016,2932.8,INR,Card,AXIS,2026-07-02 11:25:00,success,,True,True
TXN_009139,CUST_00442,MER_0015,850.12,INR,NetBanking,AXIS,2026-08-11 23:04:00,failed,bank_timeout,False,False
TXN_009140,CUST_01609,MER_0005,3039.86,INR,Card,YES,2026-07-25 18:01:00,failed,insufficient_funds,False,False
TXN_009141,CUST_01988,MER_0024,5551.12,INR,UPI,YES,2026-07-14 15:58:00,failed,bank_declined,True,False
TXN_009142,CUST_01562,MER_0031,9026.23,INR,UPI,HDFC,2026-08-09 03:00:00,failed,network_error,True,True
TXN_009143,CUST_00464,MER_0040,2306.51,INR,UPI,ICICI,2026-07-26 12:02:00,success,,True,False
TXN_009144,CUST_00986,MER_0049,2166.82,INR,NetBanking,ICICI,2026-08-09 08:31:00,success,,True,False
TXN_009145,CUST_00910,MER_0028,3584.91,INR,UPI,ICICI,2026-08-10 01:21:00,failed,bank_timeout,True,True
TXN_009146,CUST_01010,MER_0006,2647.28,INR,UPI,KOTAK,2026-08-17 17:42:00,success,,True,False
TXN_009147,CUST_00195,MER_0008,2738.66,INR,UPI,KOTAK,2026-07-18 06:00:00,failed,authentication_failure,True,False
TXN_009148,CUST_00646,MER_0035,10153.96,INR,NetBanking,SBI,2026-07-14 03:29:00,success,,True,True
TXN_009149,CUST_00756,MER_0009,1816.91,INR,Wallet,HDFC,2026-07-23 22:01:00,success,,True,False
TXN_009150,CUST_01727,MER_0027,2383.66,INR,UPI,YES,2026-07-06 19:47:00,success,,True,False
TXN_009151,CUST_01258,MER_0012,7869.49,INR,UPI,SBI,2026-08-24 10:26:00,failed,bank_timeout,True,False
TXN_009152,CUST_00318,MER_0002,6061.1,INR,UPI,KOTAK,2026-07-13 02:17:00,success,,True,False
TXN_009153,CUST_00438,MER_0039,1177.3,INR,NetBanking,ICICI,2026-08-13 22:02:00,success,,True,False
TXN_009154,CUST_00594,MER_0009,2070.96,INR,UPI,KOTAK,2026-07-24 03:22:00,success,,True,False
TXN_009155,CUST_01159,MER_0008,8002.8,INR,NetBanking,ICICI,2026-07-01 11:22:00,success,,True,False
TXN_009156,CUST_00732,MER_0032,1420.73,INR,UPI,KOTAK,2026-07-24 17:35:00,failed,network_error,True,False
TXN_009157,CUST_00897,MER_0014,2996.94,INR,Card,KOTAK,2026-07-08 10:12:00,success,,True,True
TXN_009158,CUST_01678,MER_0036,1106.19,INR,NetBanking,KOTAK,2026-07-06 04:40:00,success,,True,False
TXN_009159,CUST_00054,MER_0035,1752.77,INR,UPI,HDFC,2026-07-22 13:50:00,success,,True,False
TXN_009160,CUST_01769,MER_0015,2670.74,INR,UPI,KOTAK,2026-07-03 14:19:00,success,,True,True
TXN_009161,CUST_01641,MER_0048,2533.47,INR,UPI,SBI,2026-08-17 12:42:00,success,,True,False
TXN_009162,CUST_00575,MER_0016,6797.31,INR,UPI,SBI,2026-07-04 04:45:00,success,,True,False
TXN_009163,CUST_01174,MER_0016,8376.34,INR,Card,YES,2026-07-21 11:26:00,success,,True,False
TXN_009164,CUST_00007,MER_0018,1230.45,INR,UPI,SBI,2026-08-06 21:06:00,failed,bank_timeout,True,False
TXN_009165,CUST_01131,MER_0036,4185.57,INR,UPI,HDFC,2026-08-12 17:43:00,success,,True,False
TXN_009166,CUST_00449,MER_0036,8209.75,INR,Wallet,AXIS,2026-08-23 10:15:00,success,,True,False
TXN_009167,CUST_01306,MER_0004,4336.37,INR,Card,HDFC,2026-08-12 04:46:00,success,,True,False
TXN_009168,CUST_01505,MER_0003,3080.14,INR,UPI,ICICI,2026-07-12 03:45:00,success,,True,False
TXN_009169,CUST_00653,MER_0025,4159.85,INR,UPI,AXIS,2026-07-02 09:59:00,failed,bank_declined,False,False
TXN_009170,CUST_01793,MER_0021,1161.92,INR,UPI,ICICI,2026-08-17 02:39:00,success,,True,False
TXN_009171,CUST_00629,MER_0039,2847.62,INR,UPI,HDFC,2026-08-12 01:06:00,success,,True,False
TXN_009172,CUST_00867,MER_0029,7842.62,INR,Card,ICICI,2026-07-18 19:19:00,success,,True,False
TXN_009173,CUST_01091,MER_0043,2067.54,INR,UPI,AXIS,2026-07-30 10:32:00,success,,True,False
TXN_009174,CUST_01861,MER_0041,2706.89,INR,UPI,ICICI,2026-07-11 06:08:00,success,,True,False
TXN_009175,CUST_01737,MER_0010,2010.19,INR,Card,SBI,2026-07-26 15:26:00,success,,True,False
TXN_009176,CUST_01243,MER_0032,383.34,INR,Card,YES,2026-08-17 07:40:00,success,,True,True
TXN_009177,CUST_01480,MER_0024,2481.14,INR,UPI,HDFC,2026-07-19 02:40:00,success,,True,False
TXN_009178,CUST_00230,MER_0048,3107.06,INR,NetBanking,AXIS,2026-07-30 15:54:00,success,,True,True
TXN_009179,CUST_00284,MER_0038,1619.71,INR,UPI,KOTAK,2026-08-25 10:33:00,failed,bank_declined,True,False
TXN_009180,CUST_01542,MER_0049,1206.54,INR,Card,KOTAK,2026-07-15 22:06:00,success,,True,False
TXN_009181,CUST_01483,MER_0050,4497.83,INR,Card,HDFC,2026-08-17 22:22:00,success,,True,False
TXN_009182,CUST_00367,MER_0013,11825.57,INR,Wallet,HDFC,2026-07-29 17:34:00,success,,True,True
TXN_009183,CUST_01173,MER_0032,7375.7,INR,UPI,KOTAK,2026-08-23 14:29:00,success,,True,False
TXN_009184,CUST_00798,MER_0028,832.57,INR,Card,YES,2026-07-29 18:48:00,success,,True,True
TXN_009185,CUST_00825,MER_0030,4835.32,INR,Card,SBI,2026-07-13 18:21:00,success,,True,False
TXN_009186,CUST_01905,MER_0006,1435.79,INR,Card,SBI,2026-07-01 05:15:00,success,,True,True
TXN_009187,CUST_01543,MER_0026,1531.78,INR,Wallet,ICICI,2026-07-02 07:31:00,success,,True,False
TXN_009188,CUST_01295,MER_0005,1686.51,INR,Card,KOTAK,2026-07-05 00:32:00,failed,authentication_failure,True,True
TXN_009189,CUST_01783,MER_0044,5257.46,INR,Card,SBI,2026-07-19 14:13:00,success,,True,False
TXN_009190,CUST_01009,MER_0039,2256.51,INR,UPI,YES,2026-07-22 21:05:00,failed,network_error,True,False
TXN_009191,CUST_01870,MER_0050,3538.33,INR,NetBanking,KOTAK,2026-08-15 10:43:00,success,,True,False
TXN_009192,CUST_00140,MER_0017,3844.49,INR,Card,ICICI,2026-07-20 18:30:00,success,,True,False
TXN_009193,CUST_01345,MER_0038,6254.03,INR,UPI,HDFC,2026-07-26 22:31:00,failed,network_error,True,False
TXN_009194,CUST_00017,MER_0045,2480.02,INR,UPI,HDFC,2026-08-08 18:28:00,success,,True,False
TXN_009195,CUST_00258,MER_0017,1038.55,INR,NetBanking,ICICI,2026-07-31 09:06:00,failed,bank_timeout,True,False
TXN_009196,CUST_00171,MER_0050,2036.65,INR,Wallet,SBI,2026-08-04 11:57:00,failed,bank_declined,False,True
TXN_009197,CUST_01258,MER_0041,1287.18,INR,UPI,AXIS,2026-07-15 16:37:00,failed,bank_declined,True,True
TXN_009198,CUST_01061,MER_0043,456.89,INR,Card,HDFC,2026-08-04 01:56:00,success,,True,False
TXN_009199,CUST_00601,MER_0046,2197.46,INR,UPI,AXIS,2026-08-24 20:39:00,success,,True,True
TXN_009200,CUST_00846,MER_0022,1728.83,INR,Card,AXIS,2026-07-27 05:18:00,failed,network_error,True,True
TXN_009201,CUST_01316,MER_0024,7030.68,INR,UPI,AXIS,2026-07-11 09:35:00,success,,True,True
TXN_009202,CUST_00780,MER_0039,1227.15,INR,UPI,YES,2026-08-15 20:25:00,success,,True,False
TXN_009203,CUST_00457,MER_0043,7581.51,INR,Card,ICICI,2026-08-04 00:12:00,success,,True,True
TXN_009204,CUST_00424,MER_0043,8947.01,INR,NetBanking,HDFC,2026-08-03 17:52:00,failed,network_error,True,False
TXN_009205,CUST_00889,MER_0010,2627.81,INR,Wallet,SBI,2026-08-07 03:11:00,success,,True,False
TXN_009206,CUST_01146,MER_0017,1772.67,INR,Card,AXIS,2026-07-30 01:58:00,success,,True,False
TXN_009207,CUST_01605,MER_0033,237.59,INR,Card,YES,2026-08-06 03:15:00,success,,True,False
TXN_009208,CUST_01294,MER_0010,768.38,INR,NetBanking,HDFC,2026-07-07 00:39:00,failed,bank_declined,True,False
TXN_009209,CUST_00142,MER_0032,12275.48,INR,UPI,SBI,2026-07-16 10:01:00,failed,bank_timeout,True,False
TXN_009210,CUST_00768,MER_0004,3161.83,INR,UPI,SBI,2026-07-31 04:27:00,success,,True,False
TXN_009211,CUST_01163,MER_0031,2399.3,INR,UPI,SBI,2026-07-16 19:32:00,failed,network_error,True,False
TXN_009212,CUST_01609,MER_0046,13610.43,INR,Card,YES,2026-08-21 22:23:00,success,,True,False
TXN_009213,CUST_01546,MER_0001,1526.18,INR,Card,SBI,2026-08-03 11:11:00,success,,True,False
TXN_009214,CUST_00798,MER_0037,492.75,INR,UPI,AXIS,2026-07-10 12:48:00,failed,bank_declined,True,False
TXN_009215,CUST_01519,MER_0045,7026.93,INR,UPI,SBI,2026-07-17 04:02:00,failed,bank_timeout,True,False
TXN_009216,CUST_01340,MER_0029,2825.93,INR,Card,HDFC,2026-07-26 03:59:00,success,,True,True
TXN_009217,CUST_00269,MER_0001,582.59,INR,UPI,AXIS,2026-07-28 22:02:00,failed,bank_declined,True,True
TXN_009218,CUST_01074,MER_0023,1926.8,INR,UPI,HDFC,2026-08-07 03:24:00,failed,bank_declined,True,False
TXN_009219,CUST_01080,MER_0020,1774.24,INR,UPI,KOTAK,2026-08-04 13:37:00,success,,True,False
TXN_009220,CUST_01838,MER_0004,1064.37,INR,UPI,AXIS,2026-07-13 03:52:00,success,,True,False
TXN_009221,CUST_00557,MER_0018,1302.9,INR,Card,ICICI,2026-07-05 00:53:00,failed,authentication_failure,True,False
TXN_009222,CUST_01057,MER_0025,2968.55,INR,Card,KOTAK,2026-07-15 11:05:00,failed,insufficient_funds,True,False
TXN_009223,CUST_00655,MER_0042,1189.04,INR,UPI,KOTAK,2026-08-16 03:03:00,success,,True,False
TXN_009224,CUST_00599,MER_0009,229.74,INR,NetBanking,SBI,2026-07-26 06:16:00,success,,True,False
TXN_009225,CUST_00746,MER_0003,1606.02,INR,UPI,YES,2026-07-31 15:18:00,failed,bank_timeout,False,False
TXN_009226,CUST_00498,MER_0007,3226.68,INR,NetBanking,HDFC,2026-08-08 20:35:00,success,,True,False
TXN_009227,CUST_00431,MER_0009,33812.27,INR,NetBanking,HDFC,2026-08-05 20:32:00,success,,True,False
TXN_009228,CUST_01613,MER_0047,4256.2,INR,UPI,YES,2026-07-24 02:08:00,success,,True,False
TXN_009229,CUST_00482,MER_0018,21780.45,INR,UPI,KOTAK,2026-08-20 05:46:00,success,,True,False
TXN_009230,CUST_01145,MER_0001,3846.87,INR,UPI,YES,2026-08-12 03:22:00,failed,network_error,True,False
TXN_009231,CUST_01667,MER_0017,3223.85,INR,UPI,KOTAK,2026-08-19 02:49:00,failed,network_error,False,False
TXN_009232,CUST_00157,MER_0008,10547.56,INR,UPI,SBI,2026-08-20 20:37:00,success,,True,False
TXN_009233,CUST_00849,MER_0046,1540.3,INR,Card,YES,2026-08-25 16:54:00,success,,True,False
TXN_009234,CUST_01575,MER_0039,2988.56,INR,UPI,YES,2026-07-18 00:12:00,success,,True,False
TXN_009235,CUST_01487,MER_0002,777.89,INR,Card,SBI,2026-08-17 03:06:00,success,,True,False
TXN_009236,CUST_00388,MER_0045,4720.81,INR,UPI,KOTAK,2026-07-13 01:47:00,success,,True,False
TXN_009237,CUST_01975,MER_0048,8456.44,INR,UPI,YES,2026-07-24 02:59:00,failed,bank_timeout,True,False
TXN_009238,CUST_01231,MER_0037,1430.95,INR,UPI,KOTAK,2026-07-01 15:16:00,success,,True,False
TXN_009239,CUST_00632,MER_0015,3255.51,INR,UPI,HDFC,2026-07-26 00:03:00,success,,True,False
TXN_009240,CUST_01530,MER_0013,3408.29,INR,UPI,ICICI,2026-07-24 18:50:00,success,,True,False
TXN_009241,CUST_00483,MER_0048,2604.29,INR,Card,AXIS,2026-08-20 18:45:00,success,,True,True
TXN_009242,CUST_00982,MER_0004,2815.72,INR,UPI,ICICI,2026-08-17 17:40:00,success,,True,False
TXN_009243,CUST_01603,MER_0028,2123.77,INR,Wallet,HDFC,2026-07-07 16:42:00,failed,bank_declined,True,False
TXN_009244,CUST_01612,MER_0041,4398.34,INR,UPI,SBI,2026-07-14 07:52:00,failed,bank_timeout,True,False
TXN_009245,CUST_00880,MER_0044,1087.38,INR,UPI,ICICI,2026-07-12 09:41:00,failed,authentication_failure,True,False
TXN_009246,CUST_01029,MER_0035,4400.48,INR,Card,ICICI,2026-07-29 07:19:00,success,,True,False
TXN_009247,CUST_01552,MER_0021,2747.5,INR,UPI,ICICI,2026-08-19 00:25:00,success,,True,False
TXN_009248,CUST_01965,MER_0010,1458.96,INR,NetBanking,YES,2026-08-05 04:29:00,success,,True,False
TXN_009249,CUST_00427,MER_0027,3008.55,INR,Card,AXIS,2026-07-25 16:01:00,failed,expired_card,True,False
TXN_009250,CUST_01204,MER_0013,4936.39,INR,Card,ICICI,2026-08-06 09:06:00,success,,True,False
TXN_009251,CUST_00806,MER_0027,3185.76,INR,Wallet,HDFC,2026-08-11 04:37:00,failed,bank_timeout,True,False
TXN_009252,CUST_00455,MER_0050,2937.21,INR,Card,AXIS,2026-07-28 10:19:00,success,,True,True
TXN_009253,CUST_00823,MER_0036,6988.62,INR,Card,KOTAK,2026-08-14 01:24:00,failed,insufficient_funds,True,False
TXN_009254,CUST_01289,MER_0013,3368.17,INR,UPI,HDFC,2026-08-21 14:32:00,success,,True,False
TXN_009255,CUST_00996,MER_0029,2306.83,INR,Card,HDFC,2026-07-20 14:33:00,success,,True,False
TXN_009256,CUST_01877,MER_0004,3434.36,INR,Wallet,HDFC,2026-07-09 17:26:00,success,,True,False
TXN_009257,CUST_00367,MER_0044,1445.7,INR,UPI,ICICI,2026-07-08 09:33:00,success,,True,False
TXN_009258,CUST_00515,MER_0011,2665.82,INR,Wallet,ICICI,2026-08-14 17:29:00,success,,True,False
TXN_009259,CUST_00266,MER_0028,5920.99,INR,UPI,ICICI,2026-08-24 04:52:00,success,,True,False
TXN_009260,CUST_00103,MER_0004,1153.31,INR,Card,HDFC,2026-07-29 11:22:00,success,,True,False
TXN_009261,CUST_01490,MER_0031,842.59,INR,NetBanking,YES,2026-08-26 20:11:00,failed,bank_timeout,True,True
TXN_009262,CUST_01357,MER_0027,956.68,INR,Card,AXIS,2026-07-27 15:51:00,success,,True,True
TXN_009263,CUST_01677,MER_0045,3929.47,INR,UPI,HDFC,2026-08-04 03:24:00,success,,True,False
TXN_009264,CUST_01621,MER_0009,792.59,INR,UPI,HDFC,2026-07-17 15:29:00,success,,True,True
TXN_009265,CUST_01630,MER_0037,1923.08,INR,UPI,AXIS,2026-08-20 13:32:00,success,,True,False
TXN_009266,CUST_00302,MER_0029,4002.33,INR,NetBanking,ICICI,2026-08-09 11:01:00,success,,True,False
TXN_009267,CUST_01000,MER_0022,3406.11,INR,UPI,AXIS,2026-08-03 22:55:00,failed,bank_timeout,False,True
TXN_009268,CUST_00463,MER_0049,2843.35,INR,UPI,SBI,2026-07-05 14:42:00,success,,True,False
TXN_009269,CUST_00790,MER_0003,2659.03,INR,UPI,KOTAK,2026-07-18 18:37:00,failed,network_error,False,False
TXN_009270,CUST_01826,MER_0005,2061.79,INR,UPI,SBI,2026-08-26 01:53:00,success,,True,False
TXN_009271,CUST_00510,MER_0012,14593.65,INR,UPI,ICICI,2026-07-23 06:27:00,success,,True,False
TXN_009272,CUST_01227,MER_0008,4663.16,INR,Wallet,KOTAK,2026-07-08 15:11:00,success,,True,True
TXN_009273,CUST_00933,MER_0015,17756.75,INR,UPI,HDFC,2026-08-16 05:55:00,failed,network_error,True,False
TXN_009274,CUST_01689,MER_0007,2280.22,INR,Card,AXIS,2026-07-14 19:09:00,success,,True,False
TXN_009275,CUST_01012,MER_0017,840.75,INR,Card,YES,2026-08-20 01:05:00,success,,True,False
TXN_009276,CUST_01118,MER_0010,1277.1,INR,UPI,SBI,2026-07-03 23:30:00,success,,True,False
TXN_009277,CUST_00985,MER_0016,11176.07,INR,Card,HDFC,2026-08-17 18:30:00,success,,True,False
TXN_009278,CUST_01316,MER_0015,1607.4,INR,Wallet,KOTAK,2026-07-30 23:16:00,success,,True,False
TXN_009279,CUST_01743,MER_0018,11332.44,INR,Wallet,YES,2026-08-20 02:20:00,success,,True,False
TXN_009280,CUST_01872,MER_0009,902.63,INR,Card,AXIS,2026-08-26 10:49:00,failed,expired_card,True,True
TXN_009281,CUST_01942,MER_0008,1857.55,INR,Card,YES,2026-07-13 09:10:00,success,,True,False
TXN_009282,CUST_01265,MER_0017,2319.25,INR,Wallet,AXIS,2026-08-13 13:33:00,failed,insufficient_funds,True,True
TXN_009283,CUST_01304,MER_0022,3500.34,INR,NetBanking,AXIS,2026-08-04 15:16:00,success,,True,False
TXN_009284,CUST_00831,MER_0028,1749.26,INR,UPI,ICICI,2026-08-03 14:55:00,success,,True,False
TXN_009285,CUST_01155,MER_0030,2193.71,INR,Card,SBI,2026-08-10 05:18:00,success,,True,False
TXN_009286,CUST_01423,MER_0047,1890.79,INR,UPI,SBI,2026-07-14 20:23:00,success,,True,False
TXN_009287,CUST_00894,MER_0031,1174.12,INR,UPI,ICICI,2026-07-27 04:43:00,success,,True,False
TXN_009288,CUST_01833,MER_0032,1199.46,INR,UPI,SBI,2026-08-05 02:09:00,failed,bank_declined,True,True
TXN_009289,CUST_00726,MER_0001,565.36,INR,NetBanking,AXIS,2026-08-25 22:39:00,success,,True,True
TXN_009290,CUST_00066,MER_0017,8900.72,INR,UPI,SBI,2026-08-18 12:18:00,success,,True,False
TXN_009291,CUST_00105,MER_0006,1854.93,INR,Card,YES,2026-08-05 21:39:00,success,,True,False
TXN_009292,CUST_00056,MER_0043,1315.53,INR,UPI,KOTAK,2026-08-06 07:39:00,failed,bank_timeout,True,False
TXN_009293,CUST_00688,MER_0036,8007.82,INR,UPI,AXIS,2026-08-01 14:31:00,success,,True,False
TXN_009294,CUST_01543,MER_0028,5967.63,INR,Card,YES,2026-08-17 15:32:00,success,,True,False
TXN_009295,CUST_01462,MER_0009,3646.35,INR,Card,AXIS,2026-07-16 01:44:00,success,,True,False
TXN_009296,CUST_01973,MER_0015,5822.53,INR,Card,HDFC,2026-07-02 11:58:00,failed,authentication_failure,True,False
TXN_009297,CUST_01864,MER_0011,1607.66,INR,NetBanking,SBI,2026-07-04 22:27:00,success,,True,False
TXN_009298,CUST_00907,MER_0028,1177.4,INR,Card,HDFC,2026-08-19 13:49:00,failed,network_error,True,True
TXN_009299,CUST_00775,MER_0001,1795.82,INR,UPI,HDFC,2026-07-13 16:05:00,success,,True,False
TXN_009300,CUST_01900,MER_0004,4799.78,INR,UPI,AXIS,2026-07-29 15:01:00,success,,True,False
TXN_009301,CUST_00407,MER_0014,3746.91,INR,Card,YES,2026-07-06 04:55:00,success,,True,False
TXN_009302,CUST_01268,MER_0022,1224.34,INR,UPI,AXIS,2026-07-17 17:55:00,success,,True,False
TXN_009303,CUST_01895,MER_0036,1526.04,INR,Card,YES,2026-08-14 21:21:00,success,,True,False
TXN_009304,CUST_00907,MER_0046,6870.93,INR,UPI,ICICI,2026-08-07 12:12:00,success,,True,False
TXN_009305,CUST_01994,MER_0021,1312.4,INR,UPI,YES,2026-08-13 02:41:00,success,,True,False
TXN_009306,CUST_01826,MER_0021,2697.0,INR,Wallet,SBI,2026-08-15 18:53:00,failed,insufficient_funds,False,True
TXN_009307,CUST_01983,MER_0010,1898.54,INR,Card,KOTAK,2026-07-30 07:40:00,success,,True,False
TXN_009308,CUST_00600,MER_0005,2352.12,INR,UPI,ICICI,2026-07-23 07:13:00,success,,True,False
TXN_009309,CUST_01574,MER_0040,1304.67,INR,Wallet,SBI,2026-07-09 11:02:00,success,,True,True
TXN_009310,CUST_01337,MER_0037,1131.89,INR,UPI,HDFC,2026-08-03 01:24:00,success,,True,True
TXN_009311,CUST_01382,MER_0047,3068.73,INR,Card,ICICI,2026-07-13 02:38:00,success,,True,False
TXN_009312,CUST_01501,MER_0040,1241.67,INR,UPI,AXIS,2026-07-14 10:50:00,failed,bank_timeout,True,True
TXN_009313,CUST_00847,MER_0013,1151.43,INR,UPI,KOTAK,2026-07-12 10:13:00,success,,True,False
TXN_009314,CUST_00724,MER_0036,2293.13,INR,Card,ICICI,2026-07-18 18:11:00,failed,authentication_failure,True,True
TXN_009315,CUST_01259,MER_0041,8145.52,INR,UPI,KOTAK,2026-08-25 12:18:00,failed,bank_declined,False,False
TXN_009316,CUST_01962,MER_0027,13633.0,INR,Card,KOTAK,2026-08-21 01:03:00,failed,network_error,True,False
TXN_009317,CUST_01069,MER_0040,5807.11,INR,UPI,SBI,2026-07-10 16:44:00,success,,True,True
TXN_009318,CUST_00334,MER_0044,1370.11,INR,Wallet,HDFC,2026-07-18 05:23:00,failed,network_error,True,False
TXN_009319,CUST_00882,MER_0015,1345.06,INR,UPI,AXIS,2026-07-13 00:49:00,success,,True,True
TXN_009320,CUST_00596,MER_0026,2340.32,INR,UPI,KOTAK,2026-08-16 02:50:00,success,,True,False
TXN_009321,CUST_01074,MER_0017,3881.5,INR,UPI,YES,2026-07-18 01:48:00,success,,True,False
TXN_009322,CUST_01857,MER_0030,4170.93,INR,NetBanking,AXIS,2026-07-13 00:40:00,failed,bank_declined,True,False
TXN_009323,CUST_00811,MER_0014,1105.74,INR,NetBanking,KOTAK,2026-08-09 14:17:00,success,,True,False
TXN_009324,CUST_00476,MER_0026,1172.26,INR,UPI,YES,2026-08-06 09:57:00,success,,True,True
TXN_009325,CUST_01443,MER_0045,2232.59,INR,UPI,AXIS,2026-07-09 03:34:00,success,,True,True
TXN_009326,CUST_01161,MER_0005,2062.92,INR,Card,SBI,2026-07-18 07:39:00,success,,True,False
TXN_009327,CUST_01082,MER_0009,1141.23,INR,UPI,ICICI,2026-08-11 22:05:00,success,,True,False
TXN_009328,CUST_00162,MER_0050,3028.08,INR,Card,ICICI,2026-07-18 11:09:00,success,,True,False
TXN_009329,CUST_00753,MER_0028,14913.99,INR,UPI,SBI,2026-08-24 21:24:00,success,,True,False
TXN_009330,CUST_01125,MER_0022,1629.82,INR,Card,YES,2026-08-23 22:40:00,success,,True,False
TXN_009331,CUST_00249,MER_0017,1725.36,INR,NetBanking,HDFC,2026-08-01 14:31:00,success,,True,False
TXN_009332,CUST_01516,MER_0003,3818.94,INR,Wallet,KOTAK,2026-08-18 13:54:00,success,,True,False
TXN_009333,CUST_01255,MER_0046,1560.79,INR,Card,YES,2026-08-06 05:39:00,success,,True,False
TXN_009334,CUST_01683,MER_0019,4167.92,INR,Card,YES,2026-08-26 02:21:00,success,,True,False
TXN_009335,CUST_01604,MER_0020,1373.57,INR,Card,ICICI,2026-07-12 16:23:00,failed,insufficient_funds,False,False
TXN_009336,CUST_00188,MER_0021,3215.76,INR,Card,KOTAK,2026-08-23 04:50:00,success,,True,False
TXN_009337,CUST_00015,MER_0003,1486.21,INR,Card,KOTAK,2026-07-03 18:53:00,success,,True,True
TXN_009338,CUST_00196,MER_0006,1523.93,INR,Card,AXIS,2026-07-10 17:24:00,success,,True,False
TXN_009339,CUST_01447,MER_0001,1618.02,INR,Card,HDFC,2026-08-19 23:38:00,success,,True,False
TXN_009340,CUST_00724,MER_0002,7318.79,INR,Wallet,ICICI,2026-08-03 17:42:00,success,,True,True
TXN_009341,CUST_01152,MER_0024,884.48,INR,UPI,AXIS,2026-07-03 03:03:00,success,,True,False
TXN_009342,CUST_01104,MER_0017,1430.31,INR,UPI,ICICI,2026-08-18 20:49:00,success,,True,False
TXN_009343,CUST_01783,MER_0044,1557.24,INR,NetBanking,YES,2026-08-02 14:40:00,success,,True,False
TXN_009344,CUST_00202,MER_0001,2410.16,INR,UPI,AXIS,2026-07-18 21:35:00,success,,True,False
TXN_009345,CUST_00949,MER_0032,1964.73,INR,UPI,HDFC,2026-07-30 22:36:00,success,,True,False
TXN_009346,CUST_01137,MER_0035,740.27,INR,Wallet,YES,2026-07-30 07:40:00,success,,True,True
TXN_009347,CUST_01392,MER_0040,1772.49,INR,NetBanking,KOTAK,2026-08-17 17:26:00,success,,True,False
TXN_009348,CUST_01617,MER_0015,2253.77,INR,UPI,SBI,2026-07-29 13:18:00,success,,True,True
TXN_009349,CUST_00585,MER_0050,1476.64,INR,Card,HDFC,2026-07-03 12:22:00,success,,True,False
TXN_009350,CUST_00724,MER_0036,4227.73,INR,NetBanking,KOTAK,2026-08-23 17:30:00,success,,True,True
TXN_009351,CUST_01496,MER_0020,5092.51,INR,UPI,HDFC,2026-08-03 17:30:00,success,,True,False
TXN_009352,CUST_01006,MER_0044,2292.25,INR,UPI,HDFC,2026-08-01 16:04:00,success,,True,False
TXN_009353,CUST_01124,MER_0037,2934.91,INR,Wallet,SBI,2026-08-11 22:32:00,failed,bank_declined,False,False
TXN_009354,CUST_00027,MER_0050,1742.57,INR,UPI,SBI,2026-07-10 18:05:00,success,,True,False
TXN_009355,CUST_01533,MER_0021,5452.65,INR,Wallet,AXIS,2026-07-15 00:09:00,success,,True,False
TXN_009356,CUST_01229,MER_0048,1739.32,INR,UPI,KOTAK,2026-07-08 01:38:00,success,,True,False
TXN_009357,CUST_01617,MER_0003,1353.15,INR,UPI,SBI,2026-08-26 09:12:00,failed,bank_timeout,True,False
TXN_009358,CUST_01296,MER_0012,10459.46,INR,UPI,HDFC,2026-07-26 12:20:00,failed,authentication_failure,True,False
TXN_009359,CUST_00048,MER_0034,6070.09,INR,Card,SBI,2026-07-01 14:31:00,failed,insufficient_funds,True,False
TXN_009360,CUST_01678,MER_0049,1299.79,INR,Card,YES,2026-08-18 08:56:00,failed,expired_card,True,False
TXN_009361,CUST_00759,MER_0014,2020.73,INR,UPI,ICICI,2026-07-13 03:29:00,success,,True,False
TXN_009362,CUST_01871,MER_0007,1649.2,INR,Wallet,SBI,2026-07-18 21:41:00,success,,True,False
TXN_009363,CUST_01857,MER_0039,317.34,INR,UPI,KOTAK,2026-07-29 10:37:00,success,,True,False
TXN_009364,CUST_00854,MER_0004,3323.65,INR,NetBanking,HDFC,2026-08-13 12:58:00,failed,bank_timeout,True,False
TXN_009365,CUST_01809,MER_0035,8791.31,INR,UPI,ICICI,2026-08-10 02:25:00,failed,authentication_failure,True,False
TXN_009366,CUST_01012,MER_0041,1216.67,INR,UPI,HDFC,2026-07-27 07:25:00,success,,True,False
TXN_009367,CUST_01527,MER_0023,286.01,INR,UPI,KOTAK,2026-07-18 02:58:00,failed,bank_declined,True,False
TXN_009368,CUST_00611,MER_0030,5018.52,INR,Card,YES,2026-07-21 17:01:00,success,,True,False
TXN_009369,CUST_01364,MER_0015,1496.05,INR,UPI,SBI,2026-08-01 15:40:00,success,,True,False
TXN_009370,CUST_01816,MER_0006,13558.32,INR,Card,HDFC,2026-08-06 15:01:00,success,,True,False
TXN_009371,CUST_00787,MER_0024,1987.68,INR,UPI,YES,2026-08-15 10:00:00,success,,True,False
TXN_009372,CUST_01938,MER_0004,2745.16,INR,NetBanking,SBI,2026-08-25 22:54:00,success,,True,True
TXN_009373,CUST_01439,MER_0017,820.17,INR,Wallet,ICICI,2026-08-07 14:03:00,success,,True,False
TXN_009374,CUST_00202,MER_0037,3071.05,INR,Card,KOTAK,2026-08-19 05:46:00,success,,True,False
TXN_009375,CUST_00436,MER_0041,500.97,INR,Card,YES,2026-07-15 01:17:00,success,,True,False
TXN_009376,CUST_01320,MER_0029,4251.21,INR,UPI,YES,2026-07-04 19:17:00,success,,True,False
TXN_009377,CUST_00116,MER_0008,4357.02,INR,UPI,HDFC,2026-08-01 10:30:00,success,,True,True
TXN_009378,CUST_00801,MER_0042,7240.41,INR,Card,YES,2026-07-07 23:27:00,success,,True,False
TXN_009379,CUST_00253,MER_0040,1079.25,INR,NetBanking,HDFC,2026-08-25 18:45:00,success,,True,False
TXN_009380,CUST_01224,MER_0005,2775.12,INR,Card,AXIS,2026-07-21 02:57:00,success,,True,False
TXN_009381,CUST_01188,MER_0029,3831.66,INR,Card,KOTAK,2026-08-06 10:21:00,success,,True,False
TXN_009382,CUST_01524,MER_0030,3476.65,INR,Card,AXIS,2026-07-11 02:50:00,success,,True,False
TXN_009383,CUST_01198,MER_0033,1221.41,INR,Card,YES,2026-08-20 16:39:00,success,,True,False
TXN_009384,CUST_00031,MER_0023,360.11,INR,Wallet,YES,2026-07-20 05:42:00,failed,bank_declined,True,False
TXN_009385,CUST_01454,MER_0042,2160.3,INR,Card,SBI,2026-07-07 20:40:00,failed,expired_card,True,False
TXN_009386,CUST_01128,MER_0025,4496.96,INR,UPI,ICICI,2026-07-15 21:01:00,success,,True,False
TXN_009387,CUST_01206,MER_0023,2354.45,INR,UPI,SBI,2026-08-12 01:24:00,failed,bank_timeout,True,False
TXN_009388,CUST_01994,MER_0048,520.53,INR,NetBanking,SBI,2026-07-08 17:44:00,success,,True,False
TXN_009389,CUST_00308,MER_0008,989.13,INR,Card,AXIS,2026-07-18 18:51:00,success,,True,False
TXN_009390,CUST_01488,MER_0039,16554.44,INR,UPI,KOTAK,2026-08-20 12:59:00,success,,True,False
TXN_009391,CUST_00329,MER_0036,4351.26,INR,Card,YES,2026-07-09 12:22:00,failed,expired_card,True,False
TXN_009392,CUST_01016,MER_0041,2110.48,INR,UPI,AXIS,2026-08-10 23:07:00,failed,bank_declined,True,False
TXN_009393,CUST_00468,MER_0035,6209.01,INR,Card,KOTAK,2026-08-15 18:57:00,success,,True,False
TXN_009394,CUST_01821,MER_0039,1648.34,INR,NetBanking,KOTAK,2026-07-11 19:45:00,success,,True,False
TXN_009395,CUST_01215,MER_0049,3872.04,INR,Card,ICICI,2026-07-11 11:22:00,success,,True,False
TXN_009396,CUST_01114,MER_0034,1846.89,INR,Wallet,HDFC,2026-08-17 04:41:00,failed,bank_timeout,True,False
TXN_009397,CUST_01762,MER_0008,4419.72,INR,Card,AXIS,2026-08-09 22:23:00,success,,True,False
TXN_009398,CUST_00942,MER_0033,6610.7,INR,UPI,YES,2026-07-02 16:16:00,failed,bank_timeout,True,True
TXN_009399,CUST_01408,MER_0010,5690.25,INR,Wallet,KOTAK,2026-07-31 09:03:00,failed,bank_timeout,True,True
TXN_009400,CUST_00940,MER_0026,2665.18,INR,UPI,KOTAK,2026-07-13 17:39:00,success,,True,True
TXN_009401,CUST_01110,MER_0047,9027.57,INR,UPI,YES,2026-07-09 09:29:00,failed,authentication_failure,True,False
TXN_009402,CUST_01411,MER_0021,2871.52,INR,UPI,HDFC,2026-07-25 05:37:00,failed,bank_declined,True,True
TXN_009403,CUST_01632,MER_0047,3699.69,INR,Card,HDFC,2026-07-10 10:26:00,success,,True,False
TXN_009404,CUST_01544,MER_0032,1701.68,INR,Wallet,YES,2026-08-19 06:37:00,success,,True,False
TXN_009405,CUST_00649,MER_0036,12952.07,INR,Wallet,HDFC,2026-08-20 00:05:00,success,,True,False
TXN_009406,CUST_01697,MER_0042,866.15,INR,UPI,SBI,2026-08-05 12:44:00,failed,bank_declined,True,False
TXN_009407,CUST_00075,MER_0043,6451.4,INR,UPI,SBI,2026-08-06 12:19:00,failed,authentication_failure,True,False
TXN_009408,CUST_00887,MER_0015,685.0,INR,NetBanking,YES,2026-07-01 11:45:00,failed,bank_timeout,True,False
TXN_009409,CUST_00798,MER_0019,8051.02,INR,UPI,SBI,2026-08-24 23:52:00,success,,True,False
TXN_009410,CUST_00598,MER_0019,543.68,INR,NetBanking,YES,2026-08-17 08:23:00,success,,True,False
TXN_009411,CUST_00836,MER_0015,675.08,INR,UPI,AXIS,2026-08-04 01:19:00,success,,True,False
TXN_009412,CUST_00535,MER_0006,1651.36,INR,UPI,YES,2026-08-01 03:20:00,success,,True,False
TXN_009413,CUST_01630,MER_0019,2845.79,INR,UPI,AXIS,2026-07-11 23:39:00,success,,True,True
TXN_009414,CUST_00723,MER_0022,8723.54,INR,UPI,AXIS,2026-07-04 19:16:00,failed,authentication_failure,True,False
TXN_009415,CUST_01363,MER_0027,1500.28,INR,NetBanking,AXIS,2026-07-09 12:27:00,success,,True,False
TXN_009416,CUST_01901,MER_0032,3131.01,INR,UPI,YES,2026-07-25 22:01:00,success,,True,False
TXN_009417,CUST_01887,MER_0040,3553.46,INR,NetBanking,YES,2026-08-17 19:01:00,success,,True,False
TXN_009418,CUST_01493,MER_0010,3473.76,INR,Card,HDFC,2026-08-02 15:20:00,success,,True,False
TXN_009419,CUST_01297,MER_0043,2116.69,INR,Card,HDFC,2026-07-23 13:30:00,success,,True,False
TXN_009420,CUST_00686,MER_0025,510.78,INR,Card,ICICI,2026-07-11 14:29:00,failed,expired_card,True,False
TXN_009421,CUST_01418,MER_0016,7602.38,INR,UPI,AXIS,2026-07-29 14:45:00,failed,bank_declined,True,False
TXN_009422,CUST_01738,MER_0018,1885.56,INR,Wallet,AXIS,2026-07-02 18:23:00,success,,True,True
TXN_009423,CUST_00614,MER_0001,5970.19,INR,NetBanking,SBI,2026-08-05 00:10:00,failed,bank_declined,True,False
TXN_009424,CUST_01930,MER_0045,2037.99,INR,UPI,SBI,2026-07-30 00:30:00,success,,True,False
TXN_009425,CUST_00806,MER_0040,2724.95,INR,UPI,AXIS,2026-08-22 20:43:00,success,,True,False
TXN_009426,CUST_00263,MER_0005,1714.54,INR,UPI,YES,2026-07-14 17:50:00,success,,True,True
TXN_009427,CUST_01046,MER_0045,2645.49,INR,UPI,YES,2026-07-03 00:25:00,success,,True,False
TXN_009428,CUST_01101,MER_0044,2100.32,INR,Card,YES,2026-08-06 10:09:00,success,,True,False
TXN_009429,CUST_00967,MER_0010,796.74,INR,Card,HDFC,2026-08-01 22:35:00,success,,True,False
TXN_009430,CUST_00047,MER_0006,2821.95,INR,Card,AXIS,2026-07-27 03:13:00,success,,True,False
TXN_009431,CUST_00101,MER_0037,843.3,INR,UPI,ICICI,2026-08-24 02:54:00,success,,True,False
TXN_009432,CUST_01394,MER_0013,2786.36,INR,Card,KOTAK,2026-07-26 06:19:00,success,,True,False
TXN_009433,CUST_00463,MER_0032,7326.91,INR,UPI,HDFC,2026-07-13 20:38:00,success,,True,False
TXN_009434,CUST_01267,MER_0015,1949.21,INR,UPI,YES,2026-07-09 15:03:00,success,,True,False
TXN_009435,CUST_01752,MER_0019,956.05,INR,Card,ICICI,2026-07-07 08:41:00,success,,True,False
TXN_009436,CUST_00601,MER_0028,2204.84,INR,Wallet,KOTAK,2026-08-17 13:42:00,success,,True,False
TXN_009437,CUST_00633,MER_0035,1254.41,INR,UPI,HDFC,2026-07-29 12:58:00,success,,True,False
TXN_009438,CUST_00122,MER_0005,3926.91,INR,UPI,HDFC,2026-08-12 01:46:00,failed,network_error,True,False
TXN_009439,CUST_01051,MER_0011,9583.62,INR,UPI,YES,2026-07-02 18:03:00,failed,bank_declined,True,False
TXN_009440,CUST_00132,MER_0036,2159.29,INR,Card,AXIS,2026-07-04 08:45:00,success,,True,True
TXN_009441,CUST_01761,MER_0039,4326.38,INR,Card,KOTAK,2026-08-23 16:57:00,success,,True,False
TXN_009442,CUST_00417,MER_0004,1781.86,INR,UPI,KOTAK,2026-07-24 03:17:00,success,,True,False
TXN_009443,CUST_00652,MER_0027,2507.81,INR,UPI,SBI,2026-07-14 21:48:00,success,,True,False
TXN_009444,CUST_00925,MER_0043,1827.77,INR,NetBanking,KOTAK,2026-07-07 10:04:00,failed,bank_timeout,True,True
TXN_009445,CUST_01990,MER_0023,7680.12,INR,Card,YES,2026-07-28 20:22:00,failed,expired_card,True,False
TXN_009446,CUST_00347,MER_0046,5102.82,INR,UPI,AXIS,2026-07-14 09:18:00,failed,bank_declined,False,False
TXN_009447,CUST_01953,MER_0022,3793.35,INR,Card,KOTAK,2026-08-26 08:53:00,success,,True,False
TXN_009448,CUST_01231,MER_0024,981.0,INR,UPI,KOTAK,2026-08-11 06:21:00,success,,True,False
TXN_009449,CUST_01225,MER_0042,9516.45,INR,Wallet,KOTAK,2026-08-05 04:47:00,success,,True,False
TXN_009450,CUST_01566,MER_0048,10337.45,INR,NetBanking,ICICI,2026-08-04 02:49:00,success,,True,False
TXN_009451,CUST_01517,MER_0012,2024.13,INR,Card,AXIS,2026-08-09 12:50:00,success,,True,False
TXN_009452,CUST_01033,MER_0005,1814.28,INR,NetBanking,HDFC,2026-07-05 04:34:00,success,,True,False
TXN_009453,CUST_00339,MER_0040,3983.55,INR,Wallet,HDFC,2026-08-12 16:36:00,success,,True,False
TXN_009454,CUST_00164,MER_0002,3792.01,INR,Card,YES,2026-08-01 00:41:00,success,,True,False
TXN_009455,CUST_01633,MER_0001,2076.51,INR,UPI,ICICI,2026-08-01 16:50:00,success,,True,False
TXN_009456,CUST_00351,MER_0021,897.83,INR,Wallet,KOTAK,2026-08-25 13:29:00,success,,True,True
TXN_009457,CUST_00214,MER_0020,3116.8,INR,UPI,HDFC,2026-07-25 09:21:00,success,,True,False
TXN_009458,CUST_00572,MER_0030,3793.9,INR,UPI,KOTAK,2026-07-31 20:07:00,success,,True,False
TXN_009459,CUST_00556,MER_0014,4361.87,INR,UPI,ICICI,2026-08-14 17:56:00,failed,bank_timeout,True,True
TXN_009460,CUST_01776,MER_0045,1964.73,INR,UPI,ICICI,2026-08-13 12:03:00,failed,network_error,True,True
TXN_009461,CUST_01490,MER_0016,2572.62,INR,UPI,SBI,2026-08-07 11:10:00,success,,True,False
TXN_009462,CUST_01868,MER_0012,1682.54,INR,UPI,SBI,2026-07-13 15:18:00,success,,True,False
TXN_009463,CUST_01386,MER_0005,2112.18,INR,Wallet,AXIS,2026-08-14 18:16:00,success,,True,False
TXN_009464,CUST_00458,MER_0003,603.79,INR,UPI,KOTAK,2026-07-31 04:47:00,success,,True,True
TXN_009465,CUST_01172,MER_0030,2109.5,INR,Card,ICICI,2026-08-08 07:03:00,success,,True,False
TXN_009466,CUST_01623,MER_0018,4233.35,INR,UPI,AXIS,2026-08-25 23:43:00,success,,True,False
TXN_009467,CUST_00592,MER_0030,3202.95,INR,Wallet,KOTAK,2026-08-12 08:11:00,success,,True,False
TXN_009468,CUST_00956,MER_0012,8238.15,INR,UPI,SBI,2026-07-19 20:49:00,success,,True,False
TXN_009469,CUST_00610,MER_0044,1977.56,INR,UPI,YES,2026-07-09 18:01:00,failed,network_error,True,False
TXN_009470,CUST_01201,MER_0024,4601.75,INR,UPI,SBI,2026-08-05 09:43:00,success,,True,False
TXN_009471,CUST_00500,MER_0010,15903.36,INR,UPI,KOTAK,2026-07-31 16:29:00,success,,True,False
TXN_009472,CUST_01213,MER_0012,2740.27,INR,UPI,SBI,2026-07-27 10:47:00,success,,True,False
TXN_009473,CUST_01947,MER_0001,1058.54,INR,Wallet,YES,2026-07-09 17:42:00,failed,insufficient_funds,True,False
TXN_009474,CUST_01278,MER_0024,10857.18,INR,UPI,HDFC,2026-07-15 20:54:00,failed,bank_timeout,True,False
TXN_009475,CUST_01388,MER_0032,4783.2,INR,Card,ICICI,2026-08-23 21:47:00,success,,True,True
TXN_009476,CUST_01998,MER_0042,6522.3,INR,Card,SBI,2026-08-04 22:47:00,failed,bank_declined,True,False
TXN_009477,CUST_01748,MER_0049,2698.49,INR,Card,AXIS,2026-08-24 13:25:00,success,,True,True
TXN_009478,CUST_01745,MER_0050,1395.8,INR,NetBanking,SBI,2026-07-19 01:43:00,success,,True,True
TXN_009479,CUST_01814,MER_0049,2286.95,INR,UPI,ICICI,2026-08-18 01:38:00,success,,True,False
TXN_009480,CUST_00026,MER_0033,3522.34,INR,UPI,ICICI,2026-07-31 05:36:00,success,,True,True
TXN_009481,CUST_01367,MER_0036,5047.15,INR,Card,AXIS,2026-08-05 10:37:00,failed,bank_declined,True,True
TXN_009482,CUST_00581,MER_0047,1800.96,INR,Wallet,AXIS,2026-07-17 18:13:00,success,,True,True
TXN_009483,CUST_01971,MER_0025,3805.88,INR,UPI,SBI,2026-07-22 09:44:00,failed,bank_declined,True,False
TXN_009484,CUST_01442,MER_0041,3306.64,INR,Card,YES,2026-08-04 03:06:00,success,,True,False
TXN_009485,CUST_01239,MER_0043,1250.19,INR,UPI,ICICI,2026-07-24 17:16:00,success,,True,False
TXN_009486,CUST_01138,MER_0012,2110.91,INR,UPI,AXIS,2026-07-12 07:49:00,success,,True,False
TXN_009487,CUST_00848,MER_0045,5209.59,INR,UPI,HDFC,2026-08-23 06:10:00,success,,True,False
TXN_009488,CUST_00013,MER_0008,807.21,INR,UPI,AXIS,2026-07-13 15:05:00,failed,bank_declined,True,False
TXN_009489,CUST_01417,MER_0020,8155.65,INR,UPI,KOTAK,2026-08-09 20:44:00,failed,bank_declined,False,False
TXN_009490,CUST_00792,MER_0042,3965.49,INR,UPI,KOTAK,2026-08-25 00:33:00,success,,True,True
TXN_009491,CUST_01466,MER_0002,1031.27,INR,Card,ICICI,2026-07-11 15:02:00,success,,True,False
TXN_009492,CUST_00870,MER_0022,4402.92,INR,Card,YES,2026-08-26 12:15:00,failed,network_error,True,False
TXN_009493,CUST_00104,MER_0026,687.14,INR,Card,ICICI,2026-07-31 03:16:00,failed,bank_declined,False,False
TXN_009494,CUST_00679,MER_0035,2770.95,INR,Card,HDFC,2026-08-08 02:10:00,failed,bank_declined,True,False
TXN_009495,CUST_01825,MER_0050,1803.72,INR,Wallet,AXIS,2026-08-13 04:39:00,failed,bank_timeout,True,True
TXN_009496,CUST_00819,MER_0007,3923.22,INR,Card,AXIS,2026-07-06 18:06:00,failed,insufficient_funds,True,True
TXN_009497,CUST_00099,MER_0034,2089.62,INR,Card,YES,2026-07-08 16:25:00,success,,True,True
TXN_009498,CUST_01257,MER_0025,6787.16,INR,UPI,YES,2026-07-31 03:55:00,failed,authentication_failure,False,False
TXN_009499,CUST_01941,MER_0002,1514.11,INR,Card,YES,2026-07-15 23:00:00,success,,True,False
TXN_009500,CUST_00752,MER_0049,1236.44,INR,UPI,HDFC,2026-07-28 05:07:00,success,,True,True
TXN_009501,CUST_00405,MER_0033,1952.69,INR,Card,HDFC,2026-07-27 20:10:00,failed,insufficient_funds,False,False
TXN_009502,CUST_01811,MER_0033,3442.7,INR,NetBanking,KOTAK,2026-07-01 07:03:00,failed,bank_timeout,True,False
TXN_009503,CUST_01382,MER_0022,1209.69,INR,NetBanking,YES,2026-07-04 19:02:00,success,,True,False
TXN_009504,CUST_00092,MER_0021,9403.2,INR,Wallet,SBI,2026-07-13 17:39:00,success,,True,False
TXN_009505,CUST_01534,MER_0004,16802.99,INR,Card,SBI,2026-07-10 19:24:00,success,,True,False
TXN_009506,CUST_01046,MER_0036,2737.03,INR,UPI,ICICI,2026-08-26 16:09:00,success,,True,False
TXN_009507,CUST_01845,MER_0011,1332.18,INR,UPI,SBI,2026-08-21 12:06:00,success,,True,True
TXN_009508,CUST_01884,MER_0001,7945.52,INR,Wallet,ICICI,2026-07-13 09:47:00,success,,True,False
TXN_009509,CUST_01743,MER_0010,767.08,INR,UPI,AXIS,2026-08-12 14:25:00,failed,bank_timeout,True,False
TXN_009510,CUST_01409,MER_0022,1398.43,INR,Card,KOTAK,2026-08-09 03:56:00,success,,True,False
TXN_009511,CUST_01710,MER_0001,965.23,INR,UPI,AXIS,2026-07-18 01:08:00,success,,True,True
TXN_009512,CUST_01039,MER_0018,1950.77,INR,Wallet,SBI,2026-08-11 18:14:00,success,,True,False
TXN_009513,CUST_00582,MER_0018,1222.51,INR,NetBanking,SBI,2026-08-08 19:57:00,success,,True,True
TXN_009514,CUST_01937,MER_0034,2465.44,INR,UPI,HDFC,2026-08-10 18:07:00,success,,True,False
TXN_009515,CUST_01481,MER_0033,2494.25,INR,Wallet,YES,2026-07-12 06:30:00,success,,True,True
TXN_009516,CUST_00179,MER_0047,1484.65,INR,UPI,KOTAK,2026-07-24 17:16:00,success,,True,True
TXN_009517,CUST_00184,MER_0044,1814.54,INR,UPI,SBI,2026-08-02 03:14:00,failed,network_error,True,True
TXN_009518,CUST_01652,MER_0003,4665.16,INR,NetBanking,HDFC,2026-07-24 18:25:00,success,,True,False
TXN_009519,CUST_01122,MER_0050,2167.34,INR,UPI,KOTAK,2026-07-07 02:04:00,failed,bank_declined,True,False
TXN_009520,CUST_00094,MER_0026,3899.68,INR,Wallet,SBI,2026-08-05 10:13:00,success,,True,False
TXN_009521,CUST_01354,MER_0019,3855.38,INR,UPI,KOTAK,2026-07-13 08:28:00,success,,True,False
TXN_009522,CUST_01038,MER_0012,7407.71,INR,UPI,KOTAK,2026-08-22 00:21:00,success,,True,False
TXN_009523,CUST_01022,MER_0012,996.74,INR,Card,KOTAK,2026-08-05 12:35:00,success,,True,False
TXN_009524,CUST_00855,MER_0022,1671.46,INR,UPI,SBI,2026-07-19 23:03:00,success,,True,False
TXN_009525,CUST_00495,MER_0009,10002.99,INR,Card,YES,2026-07-25 07:25:00,success,,True,False
TXN_009526,CUST_01874,MER_0039,1986.53,INR,UPI,HDFC,2026-07-01 00:24:00,success,,True,False
TXN_009527,CUST_01499,MER_0039,256.7,INR,NetBanking,AXIS,2026-08-05 12:09:00,success,,True,False
TXN_009528,CUST_00712,MER_0027,2074.81,INR,UPI,YES,2026-07-08 02:48:00,success,,True,False
TXN_009529,CUST_00070,MER_0013,2718.82,INR,Card,KOTAK,2026-07-13 03:28:00,success,,True,False
TXN_009530,CUST_01910,MER_0015,300.76,INR,UPI,YES,2026-08-15 22:37:00,success,,True,False
TXN_009531,CUST_01707,MER_0040,7095.02,INR,UPI,AXIS,2026-08-14 01:44:00,failed,bank_timeout,True,False
TXN_009532,CUST_00057,MER_0002,3174.33,INR,UPI,KOTAK,2026-07-24 14:22:00,success,,True,False
TXN_009533,CUST_00931,MER_0032,2036.96,INR,UPI,YES,2026-07-08 10:39:00,success,,True,True
TXN_009534,CUST_00465,MER_0014,870.72,INR,UPI,HDFC,2026-08-23 12:44:00,success,,True,False
TXN_009535,CUST_00363,MER_0019,1036.49,INR,NetBanking,SBI,2026-07-22 19:55:00,failed,bank_timeout,True,True
TXN_009536,CUST_01897,MER_0033,5816.99,INR,NetBanking,ICICI,2026-08-02 01:59:00,failed,bank_declined,True,False
TXN_009537,CUST_01986,MER_0029,1607.62,INR,NetBanking,AXIS,2026-08-04 10:25:00,success,,True,False
TXN_009538,CUST_00587,MER_0036,1155.53,INR,UPI,ICICI,2026-08-24 18:58:00,success,,True,False
TXN_009539,CUST_01169,MER_0014,6354.51,INR,UPI,HDFC,2026-07-27 09:32:00,success,,True,False
TXN_009540,CUST_01440,MER_0005,7874.31,INR,UPI,ICICI,2026-08-16 14:32:00,success,,True,False
TXN_009541,CUST_00869,MER_0019,6296.79,INR,Card,ICICI,2026-08-06 18:30:00,success,,True,False
TXN_009542,CUST_01343,MER_0048,3618.99,INR,UPI,HDFC,2026-07-30 11:46:00,failed,bank_declined,True,True
TXN_009543,CUST_00999,MER_0033,922.65,INR,Card,HDFC,2026-07-18 13:51:00,failed,expired_card,True,False
TXN_009544,CUST_01800,MER_0048,1412.21,INR,Card,HDFC,2026-07-08 22:52:00,success,,True,False
TXN_009545,CUST_01067,MER_0027,566.56,INR,Card,AXIS,2026-07-18 02:50:00,success,,True,False
TXN_009546,CUST_01765,MER_0006,5685.27,INR,Card,ICICI,2026-07-22 16:40:00,success,,True,False
TXN_009547,CUST_01380,MER_0005,1398.75,INR,Wallet,KOTAK,2026-08-19 15:01:00,success,,True,True
TXN_009548,CUST_00569,MER_0008,6353.45,INR,Card,HDFC,2026-08-14 13:53:00,failed,expired_card,True,False
TXN_009549,CUST_01406,MER_0014,3809.96,INR,Card,KOTAK,2026-07-19 15:32:00,success,,True,True
TXN_009550,CUST_00799,MER_0044,3985.06,INR,UPI,KOTAK,2026-07-23 01:30:00,failed,authentication_failure,False,False
TXN_009551,CUST_00858,MER_0039,10788.98,INR,Wallet,YES,2026-07-20 18:38:00,success,,True,False
TXN_009552,CUST_00426,MER_0026,2526.27,INR,Card,HDFC,2026-07-20 06:15:00,failed,authentication_failure,True,False
TXN_009553,CUST_01582,MER_0032,1452.06,INR,Card,YES,2026-07-09 09:11:00,failed,network_error,False,False
TXN_009554,CUST_00526,MER_0010,3575.42,INR,NetBanking,KOTAK,2026-08-14 23:25:00,success,,True,False
TXN_009555,CUST_00610,MER_0050,2904.48,INR,Card,SBI,2026-08-06 02:40:00,success,,True,False
TXN_009556,CUST_00531,MER_0045,1297.92,INR,NetBanking,HDFC,2026-07-24 22:21:00,success,,True,False
TXN_009557,CUST_01957,MER_0007,772.21,INR,UPI,HDFC,2026-08-10 03:28:00,success,,True,False
TXN_009558,CUST_00266,MER_0010,883.65,INR,UPI,ICICI,2026-07-28 09:29:00,failed,bank_declined,True,False
TXN_009559,CUST_00546,MER_0038,1494.28,INR,UPI,HDFC,2026-07-19 13:22:00,failed,bank_timeout,True,False
TXN_009560,CUST_01867,MER_0029,7787.48,INR,NetBanking,AXIS,2026-08-23 14:20:00,success,,True,False
TXN_009561,CUST_01896,MER_0029,994.54,INR,UPI,ICICI,2026-07-11 05:12:00,success,,True,False
TXN_009562,CUST_01512,MER_0046,1364.31,INR,UPI,AXIS,2026-07-10 18:09:00,failed,bank_timeout,True,True
TXN_009563,CUST_01372,MER_0020,8905.77,INR,Card,KOTAK,2026-07-04 09:55:00,success,,True,False
TXN_009564,CUST_00019,MER_0049,12024.56,INR,Card,HDFC,2026-08-08 09:55:00,failed,authentication_failure,True,False
TXN_009565,CUST_01136,MER_0032,4567.44,INR,UPI,AXIS,2026-07-22 20:33:00,success,,True,False
TXN_009566,CUST_01446,MER_0044,1534.13,INR,UPI,HDFC,2026-08-10 15:33:00,success,,True,False
TXN_009567,CUST_00756,MER_0018,11589.59,INR,UPI,SBI,2026-08-26 02:58:00,success,,True,False
TXN_009568,CUST_01380,MER_0050,3023.46,INR,Wallet,ICICI,2026-07-04 06:54:00,success,,True,False
TXN_009569,CUST_01710,MER_0015,4829.45,INR,Wallet,ICICI,2026-08-22 20:21:00,failed,network_error,True,False
TXN_009570,CUST_00558,MER_0019,1969.58,INR,UPI,ICICI,2026-08-01 09:17:00,success,,True,False
TXN_009571,CUST_01210,MER_0014,9232.03,INR,UPI,SBI,2026-08-15 03:59:00,failed,network_error,False,True
TXN_009572,CUST_01741,MER_0018,7793.93,INR,Card,HDFC,2026-07-08 20:52:00,failed,expired_card,True,False
TXN_009573,CUST_00475,MER_0046,1238.07,INR,Wallet,SBI,2026-07-02 21:41:00,success,,True,False
TXN_009574,CUST_01627,MER_0020,1530.46,INR,UPI,YES,2026-08-13 02:22:00,success,,True,True
TXN_009575,CUST_00867,MER_0038,2650.15,INR,NetBanking,KOTAK,2026-08-07 23:13:00,success,,True,False
TXN_009576,CUST_01656,MER_0017,1478.52,INR,UPI,HDFC,2026-08-19 02:03:00,failed,bank_timeout,True,False
TXN_009577,CUST_00710,MER_0029,6381.34,INR,UPI,SBI,2026-07-06 17:28:00,success,,True,False
TXN_009578,CUST_00035,MER_0008,1578.3,INR,UPI,ICICI,2026-08-19 11:08:00,failed,bank_timeout,True,False
TXN_009579,CUST_01804,MER_0031,3093.03,INR,NetBanking,KOTAK,2026-08-20 13:38:00,success,,True,False
TXN_009580,CUST_01210,MER_0005,1524.58,INR,UPI,KOTAK,2026-08-16 18:03:00,success,,True,False
TXN_009581,CUST_01762,MER_0016,7790.34,INR,Card,AXIS,2026-08-05 07:11:00,success,,True,True
TXN_009582,CUST_00779,MER_0041,998.53,INR,UPI,KOTAK,2026-08-10 08:16:00,failed,network_error,True,False
TXN_009583,CUST_00531,MER_0039,2971.71,INR,UPI,AXIS,2026-08-12 07:28:00,success,,True,False
TXN_009584,CUST_01252,MER_0013,2336.94,INR,Wallet,HDFC,2026-08-20 15:19:00,success,,True,False
TXN_009585,CUST_00155,MER_0046,864.78,INR,UPI,HDFC,2026-07-17 12:58:00,success,,True,False
TXN_009586,CUST_00806,MER_0026,4898.35,INR,NetBanking,AXIS,2026-07-10 15:02:00,failed,bank_timeout,True,True
TXN_009587,CUST_01186,MER_0016,1421.61,INR,Wallet,ICICI,2026-08-06 15:20:00,success,,True,True
TXN_009588,CUST_00427,MER_0029,4298.36,INR,NetBanking,ICICI,2026-07-16 08:19:00,success,,True,False
TXN_009589,CUST_01459,MER_0042,3294.22,INR,UPI,KOTAK,2026-08-12 06:17:00,failed,network_error,True,True
TXN_009590,CUST_01319,MER_0024,1232.57,INR,Card,HDFC,2026-08-18 11:05:00,failed,expired_card,False,False
TXN_009591,CUST_01854,MER_0005,3126.07,INR,UPI,ICICI,2026-07-14 16:28:00,success,,True,False
TXN_009592,CUST_00598,MER_0022,1553.95,INR,UPI,ICICI,2026-07-07 07:34:00,success,,True,False
TXN_009593,CUST_01218,MER_0046,1228.09,INR,Wallet,AXIS,2026-07-05 02:34:00,failed,bank_declined,False,False
TXN_009594,CUST_01109,MER_0044,1710.29,INR,UPI,ICICI,2026-08-10 20:16:00,success,,True,False
TXN_009595,CUST_00111,MER_0040,1240.45,INR,Card,KOTAK,2026-07-01 02:06:00,failed,authentication_failure,True,False
TXN_009596,CUST_00048,MER_0038,6075.45,INR,UPI,HDFC,2026-08-04 05:19:00,failed,network_error,True,True
TXN_009597,CUST_00464,MER_0032,881.3,INR,UPI,AXIS,2026-07-16 09:22:00,success,,True,False
TXN_009598,CUST_01987,MER_0029,2721.8,INR,UPI,KOTAK,2026-07-16 02:04:00,failed,bank_timeout,True,False
TXN_009599,CUST_01213,MER_0010,1979.79,INR,UPI,SBI,2026-08-12 05:15:00,success,,True,True
TXN_009600,CUST_00269,MER_0043,1852.31,INR,UPI,AXIS,2026-07-29 02:29:00,success,,True,False
TXN_009601,CUST_01302,MER_0002,1733.21,INR,NetBanking,HDFC,2026-08-15 22:40:00,success,,True,False
TXN_009602,CUST_01305,MER_0046,12116.91,INR,UPI,ICICI,2026-07-06 06:59:00,success,,True,False
TXN_009603,CUST_01305,MER_0033,1715.98,INR,UPI,KOTAK,2026-08-26 06:37:00,failed,bank_timeout,True,False
TXN_009604,CUST_01008,MER_0045,1326.02,INR,UPI,AXIS,2026-07-18 05:46:00,success,,True,True
TXN_009605,CUST_01113,MER_0017,5625.26,INR,Wallet,ICICI,2026-08-05 06:50:00,success,,True,False
TXN_009606,CUST_00979,MER_0026,650.88,INR,UPI,HDFC,2026-07-29 14:33:00,failed,authentication_failure,True,False
TXN_009607,CUST_01611,MER_0020,7765.59,INR,Wallet,SBI,2026-07-01 19:09:00,success,,True,False
TXN_009608,CUST_00846,MER_0029,2966.65,INR,Wallet,YES,2026-07-07 00:36:00,failed,network_error,True,False
TXN_009609,CUST_01630,MER_0008,13436.33,INR,Wallet,HDFC,2026-07-28 09:35:00,success,,True,True
TXN_009610,CUST_00196,MER_0020,2972.26,INR,Card,KOTAK,2026-07-13 17:23:00,success,,True,False
TXN_009611,CUST_01049,MER_0022,1384.99,INR,UPI,AXIS,2026-08-11 16:07:00,success,,True,False
TXN_009612,CUST_01834,MER_0014,1947.57,INR,UPI,ICICI,2026-08-15 18:30:00,success,,True,False
TXN_009613,CUST_00718,MER_0023,984.03,INR,NetBanking,YES,2026-07-14 03:38:00,success,,True,False
TXN_009614,CUST_00477,MER_0044,6665.83,INR,Card,HDFC,2026-08-25 06:46:00,failed,insufficient_funds,True,False
TXN_009615,CUST_00332,MER_0009,6000.1,INR,UPI,ICICI,2026-07-09 11:10:00,failed,network_error,True,False
TXN_009616,CUST_00261,MER_0040,1752.21,INR,Card,AXIS,2026-07-27 19:17:00,failed,expired_card,False,False
TXN_009617,CUST_00679,MER_0036,2341.69,INR,UPI,SBI,2026-08-07 14:45:00,success,,True,False
TXN_009618,CUST_00384,MER_0043,1214.14,INR,NetBanking,SBI,2026-07-29 03:38:00,success,,True,False
TXN_009619,CUST_01423,MER_0024,2784.9,INR,Card,KOTAK,2026-08-12 09:47:00,success,,True,False
TXN_009620,CUST_01380,MER_0020,6037.09,INR,Card,KOTAK,2026-07-16 00:39:00,success,,True,False
TXN_009621,CUST_01651,MER_0049,2133.43,INR,UPI,HDFC,2026-07-21 10:53:00,failed,network_error,True,False
TXN_009622,CUST_01550,MER_0028,2264.08,INR,Wallet,SBI,2026-08-13 21:56:00,failed,network_error,False,False
TXN_009623,CUST_01667,MER_0011,1430.49,INR,Card,AXIS,2026-07-03 11:04:00,success,,True,False
TXN_009624,CUST_00668,MER_0009,421.09,INR,UPI,HDFC,2026-08-26 14:12:00,success,,True,False
TXN_009625,CUST_01340,MER_0005,3557.08,INR,Card,AXIS,2026-07-30 23:15:00,success,,True,True
TXN_009626,CUST_01888,MER_0006,5379.05,INR,UPI,AXIS,2026-08-22 20:10:00,success,,True,False
TXN_009627,CUST_01979,MER_0021,3488.05,INR,Card,HDFC,2026-08-14 05:16:00,success,,True,False
TXN_009628,CUST_00596,MER_0005,1462.37,INR,UPI,ICICI,2026-08-21 00:51:00,failed,bank_declined,True,False
TXN_009629,CUST_00694,MER_0013,3624.96,INR,Card,AXIS,2026-07-16 19:02:00,success,,True,False
TXN_009630,CUST_00383,MER_0024,2733.08,INR,Card,AXIS,2026-07-10 11:47:00,success,,True,False
TXN_009631,CUST_00853,MER_0034,2206.95,INR,Wallet,KOTAK,2026-08-23 01:51:00,failed,bank_declined,True,False
TXN_009632,CUST_00265,MER_0007,1144.31,INR,Wallet,AXIS,2026-07-18 08:12:00,success,,True,False
TXN_009633,CUST_00678,MER_0038,10097.36,INR,UPI,AXIS,2026-07-30 12:11:00,failed,network_error,True,True
TXN_009634,CUST_01194,MER_0035,562.02,INR,Card,AXIS,2026-07-07 08:16:00,failed,bank_declined,False,False
TXN_009635,CUST_01410,MER_0002,5258.48,INR,UPI,AXIS,2026-07-20 02:20:00,success,,True,False
TXN_009636,CUST_01013,MER_0037,1822.48,INR,UPI,ICICI,2026-07-03 11:10:00,failed,bank_timeout,True,True
TXN_009637,CUST_01071,MER_0031,2139.63,INR,Card,KOTAK,2026-08-01 01:48:00,failed,bank_declined,True,False
TXN_009638,CUST_01229,MER_0039,3617.19,INR,UPI,YES,2026-08-04 04:59:00,success,,True,False
TXN_009639,CUST_01888,MER_0004,4531.1,INR,Card,AXIS,2026-07-16 21:07:00,success,,True,False
TXN_009640,CUST_00539,MER_0003,1048.36,INR,Wallet,ICICI,2026-07-19 19:05:00,success,,True,False
TXN_009641,CUST_01975,MER_0031,1387.64,INR,UPI,SBI,2026-08-11 19:20:00,success,,True,False
TXN_009642,CUST_01111,MER_0043,4470.76,INR,Card,SBI,2026-08-07 20:10:00,failed,insufficient_funds,True,True
TXN_009643,CUST_00554,MER_0026,1026.87,INR,Card,SBI,2026-07-04 09:56:00,success,,True,False
TXN_009644,CUST_01104,MER_0018,950.56,INR,Card,AXIS,2026-07-28 03:46:00,success,,True,False
TXN_009645,CUST_00007,MER_0030,3234.5,INR,UPI,ICICI,2026-07-16 01:54:00,failed,bank_timeout,False,False
TXN_009646,CUST_00292,MER_0009,1412.0,INR,Card,ICICI,2026-08-16 12:11:00,success,,True,True
TXN_009647,CUST_00563,MER_0012,2450.55,INR,UPI,SBI,2026-08-03 07:36:00,failed,authentication_failure,False,False
TXN_009648,CUST_00720,MER_0035,1119.63,INR,Card,HDFC,2026-08-24 10:12:00,success,,True,True
TXN_009649,CUST_01574,MER_0036,512.14,INR,UPI,KOTAK,2026-08-11 02:39:00,failed,bank_declined,True,False
TXN_009650,CUST_00919,MER_0008,2234.29,INR,UPI,AXIS,2026-07-30 00:37:00,success,,True,False
TXN_009651,CUST_00785,MER_0038,1382.96,INR,UPI,HDFC,2026-08-16 10:20:00,success,,True,False
TXN_009652,CUST_01223,MER_0035,4112.0,INR,UPI,HDFC,2026-08-20 03:03:00,success,,True,True
TXN_009653,CUST_01452,MER_0039,4776.1,INR,Card,ICICI,2026-07-04 15:40:00,success,,True,False
TXN_009654,CUST_01358,MER_0031,417.12,INR,NetBanking,ICICI,2026-08-09 16:01:00,success,,True,False
TXN_009655,CUST_01095,MER_0042,1447.98,INR,UPI,SBI,2026-07-29 06:39:00,success,,True,False
TXN_009656,CUST_01860,MER_0002,15584.2,INR,UPI,ICICI,2026-08-16 17:30:00,success,,True,False
TXN_009657,CUST_01952,MER_0017,3892.18,INR,UPI,KOTAK,2026-07-25 23:55:00,success,,True,False
TXN_009658,CUST_00794,MER_0015,4191.79,INR,Card,SBI,2026-08-01 06:08:00,success,,True,False
TXN_009659,CUST_01765,MER_0031,6237.38,INR,UPI,YES,2026-07-12 15:39:00,success,,True,False
TXN_009660,CUST_01730,MER_0014,2474.16,INR,Card,YES,2026-07-13 18:14:00,success,,True,False
TXN_009661,CUST_00740,MER_0031,4616.29,INR,Card,HDFC,2026-07-29 19:08:00,failed,expired_card,True,False
TXN_009662,CUST_01935,MER_0026,3756.46,INR,Card,YES,2026-07-23 05:02:00,failed,expired_card,False,False
TXN_009663,CUST_01525,MER_0004,2800.76,INR,Wallet,SBI,2026-07-26 23:00:00,success,,True,False
TXN_009664,CUST_01172,MER_0040,1524.33,INR,Card,AXIS,2026-08-14 14:27:00,success,,True,False
TXN_009665,CUST_01406,MER_0029,2465.75,INR,Card,SBI,2026-07-28 17:38:00,success,,True,False
TXN_009666,CUST_00100,MER_0041,958.34,INR,UPI,ICICI,2026-07-30 15:47:00,success,,True,False
TXN_009667,CUST_01725,MER_0022,1296.6,INR,UPI,HDFC,2026-08-21 18:35:00,success,,True,False
TXN_009668,CUST_00287,MER_0036,1947.21,INR,UPI,ICICI,2026-07-26 04:20:00,success,,True,False
TXN_009669,CUST_01399,MER_0019,1147.15,INR,UPI,SBI,2026-07-31 19:18:00,success,,True,False
TXN_009670,CUST_00583,MER_0031,1629.43,INR,UPI,ICICI,2026-08-17 13:46:00,success,,True,False
TXN_009671,CUST_00178,MER_0008,2140.64,INR,UPI,HDFC,2026-07-07 18:25:00,success,,True,False
TXN_009672,CUST_01052,MER_0015,3367.11,INR,NetBanking,KOTAK,2026-08-10 23:36:00,success,,True,False
TXN_009673,CUST_01135,MER_0039,5215.58,INR,UPI,YES,2026-08-04 13:11:00,success,,True,False
TXN_009674,CUST_00715,MER_0039,1684.08,INR,UPI,YES,2026-07-09 10:53:00,success,,True,False
TXN_009675,CUST_00540,MER_0034,7101.66,INR,UPI,HDFC,2026-07-03 08:07:00,success,,True,False
TXN_009676,CUST_00250,MER_0050,5171.35,INR,NetBanking,SBI,2026-07-08 05:56:00,success,,True,False
TXN_009677,CUST_00198,MER_0040,3652.89,INR,UPI,ICICI,2026-07-05 04:44:00,success,,True,False
TXN_009678,CUST_00043,MER_0010,2759.82,INR,Card,KOTAK,2026-08-13 10:21:00,success,,True,False
TXN_009679,CUST_01822,MER_0029,3150.44,INR,UPI,ICICI,2026-07-12 13:50:00,success,,True,False
TXN_009680,CUST_01474,MER_0003,6308.42,INR,UPI,ICICI,2026-08-04 13:17:00,failed,bank_timeout,True,False
TXN_009681,CUST_00398,MER_0027,7100.76,INR,NetBanking,YES,2026-08-01 17:04:00,failed,bank_timeout,True,False
TXN_009682,CUST_00495,MER_0032,3804.63,INR,Card,ICICI,2026-07-06 11:27:00,success,,True,False
TXN_009683,CUST_00122,MER_0006,7149.78,INR,UPI,YES,2026-07-03 22:31:00,success,,True,False
TXN_009684,CUST_01694,MER_0024,1481.82,INR,UPI,SBI,2026-07-11 23:13:00,success,,True,True
TXN_009685,CUST_01470,MER_0010,1891.77,INR,UPI,YES,2026-08-13 03:07:00,failed,network_error,True,False
TXN_009686,CUST_01421,MER_0001,5012.44,INR,Card,HDFC,2026-07-06 04:27:00,success,,True,False
TXN_009687,CUST_00724,MER_0007,5075.28,INR,NetBanking,AXIS,2026-07-09 07:35:00,failed,bank_declined,True,False
TXN_009688,CUST_00035,MER_0026,730.05,INR,Card,KOTAK,2026-08-25 01:28:00,success,,True,False
TXN_009689,CUST_00361,MER_0026,2971.87,INR,NetBanking,KOTAK,2026-07-06 10:50:00,failed,bank_timeout,True,True
TXN_009690,CUST_01349,MER_0037,741.04,INR,NetBanking,HDFC,2026-08-08 18:43:00,success,,True,True
TXN_009691,CUST_01826,MER_0001,887.94,INR,Card,HDFC,2026-07-24 20:39:00,failed,expired_card,True,True
TXN_009692,CUST_01877,MER_0017,7250.53,INR,Wallet,YES,2026-08-17 17:18:00,success,,True,True
TXN_009693,CUST_00743,MER_0030,2517.74,INR,Card,ICICI,2026-08-05 19:18:00,failed,insufficient_funds,True,False
TXN_009694,CUST_00876,MER_0020,6287.48,INR,NetBanking,ICICI,2026-08-03 11:41:00,success,,True,False
TXN_009695,CUST_01923,MER_0022,709.41,INR,UPI,YES,2026-08-06 06:21:00,success,,True,False
TXN_009696,CUST_01380,MER_0045,3700.2,INR,UPI,YES,2026-08-06 00:23:00,failed,bank_declined,True,False
TXN_009697,CUST_01007,MER_0036,3838.53,INR,UPI,AXIS,2026-07-09 05:18:00,failed,bank_timeout,False,False
TXN_009698,CUST_01662,MER_0040,1268.58,INR,UPI,SBI,2026-07-01 14:54:00,success,,True,False
TXN_009699,CUST_00394,MER_0024,2730.96,INR,Card,SBI,2026-07-10 11:53:00,success,,True,True
TXN_009700,CUST_00408,MER_0039,9130.29,INR,UPI,SBI,2026-08-06 17:12:00,success,,True,False
TXN_009701,CUST_01975,MER_0049,4859.68,INR,NetBanking,YES,2026-07-26 19:33:00,success,,True,False
TXN_009702,CUST_00556,MER_0008,1625.95,INR,NetBanking,AXIS,2026-07-19 09:25:00,success,,True,False
TXN_009703,CUST_01685,MER_0047,834.83,INR,UPI,HDFC,2026-08-19 22:07:00,failed,bank_timeout,False,True
TXN_009704,CUST_01695,MER_0022,6994.5,INR,UPI,KOTAK,2026-08-23 12:52:00,failed,bank_timeout,True,False
TXN_009705,CUST_00241,MER_0040,1881.06,INR,UPI,KOTAK,2026-07-06 02:51:00,success,,True,False
TXN_009706,CUST_00264,MER_0050,7023.16,INR,UPI,AXIS,2026-08-19 05:24:00,success,,True,False
TXN_009707,CUST_00621,MER_0014,671.07,INR,UPI,AXIS,2026-07-04 04:05:00,success,,True,False
TXN_009708,CUST_01856,MER_0047,8053.09,INR,UPI,AXIS,2026-08-17 19:01:00,success,,True,False
TXN_009709,CUST_00718,MER_0004,1992.38,INR,NetBanking,ICICI,2026-08-12 04:34:00,failed,network_error,True,False
TXN_009710,CUST_00956,MER_0021,2002.44,INR,Card,HDFC,2026-07-14 01:53:00,success,,True,True
TXN_009711,CUST_00594,MER_0027,1369.12,INR,UPI,HDFC,2026-08-09 20:57:00,success,,True,False
TXN_009712,CUST_00697,MER_0019,3472.59,INR,UPI,HDFC,2026-08-10 02:42:00,success,,True,False
TXN_009713,CUST_00339,MER_0047,1453.16,INR,UPI,ICICI,2026-08-22 02:38:00,success,,True,False
TXN_009714,CUST_00024,MER_0037,528.84,INR,UPI,KOTAK,2026-07-06 10:36:00,success,,True,False
TXN_009715,CUST_00695,MER_0045,2045.81,INR,NetBanking,HDFC,2026-07-29 13:04:00,failed,bank_declined,False,False
TXN_009716,CUST_00326,MER_0035,2873.99,INR,UPI,ICICI,2026-07-17 09:25:00,success,,True,False
TXN_009717,CUST_00291,MER_0007,944.16,INR,Wallet,SBI,2026-07-16 18:38:00,failed,bank_timeout,True,False
TXN_009718,CUST_00140,MER_0002,2824.45,INR,Card,AXIS,2026-07-24 23:35:00,failed,network_error,True,True
TXN_009719,CUST_01034,MER_0031,2981.98,INR,UPI,YES,2026-08-10 02:48:00,success,,True,False
TXN_009720,CUST_00573,MER_0011,4205.84,INR,Card,ICICI,2026-07-12 01:15:00,success,,True,False
TXN_009721,CUST_01500,MER_0001,966.47,INR,Card,AXIS,2026-08-26 05:55:00,failed,network_error,True,False
TXN_009722,CUST_00951,MER_0023,170.1,INR,UPI,ICICI,2026-08-16 21:38:00,failed,bank_declined,True,False
TXN_009723,CUST_00388,MER_0022,1918.6,INR,Card,HDFC,2026-08-09 20:30:00,failed,insufficient_funds,True,False
TXN_009724,CUST_01870,MER_0050,3141.88,INR,UPI,ICICI,2026-07-19 10:52:00,success,,True,False
TXN_009725,CUST_00277,MER_0008,6236.4,INR,NetBanking,SBI,2026-07-14 20:57:00,success,,True,False
TXN_009726,CUST_01898,MER_0034,1667.68,INR,Card,HDFC,2026-08-20 10:26:00,success,,True,False
TXN_009727,CUST_01644,MER_0041,1146.13,INR,UPI,SBI,2026-07-06 10:01:00,success,,True,False
TXN_009728,CUST_01952,MER_0030,2785.05,INR,UPI,AXIS,2026-08-04 23:59:00,success,,True,False
TXN_009729,CUST_00536,MER_0034,838.42,INR,Card,HDFC,2026-08-17 08:00:00,failed,bank_declined,True,False
TXN_009730,CUST_00876,MER_0050,6489.38,INR,Card,HDFC,2026-07-01 20:53:00,failed,bank_declined,True,False
TXN_009731,CUST_01692,MER_0032,542.63,INR,Card,YES,2026-08-03 19:02:00,success,,True,False
TXN_009732,CUST_00305,MER_0027,579.64,INR,NetBanking,ICICI,2026-07-14 03:14:00,failed,authentication_failure,True,False
TXN_009733,CUST_00138,MER_0017,4865.44,INR,UPI,SBI,2026-07-01 15:37:00,success,,True,False
TXN_009734,CUST_01888,MER_0005,669.08,INR,NetBanking,YES,2026-07-08 05:59:00,success,,True,False
TXN_009735,CUST_01836,MER_0026,3497.38,INR,NetBanking,AXIS,2026-08-25 19:35:00,success,,True,False
TXN_009736,CUST_00294,MER_0008,7074.66,INR,UPI,ICICI,2026-08-15 11:59:00,failed,bank_timeout,True,False
TXN_009737,CUST_00922,MER_0039,3181.09,INR,Card,YES,2026-08-01 13:11:00,failed,insufficient_funds,False,False
TXN_009738,CUST_01028,MER_0020,442.95,INR,Card,HDFC,2026-07-01 02:03:00,success,,True,False
TXN_009739,CUST_00382,MER_0002,13092.59,INR,NetBanking,HDFC,2026-08-02 02:18:00,success,,True,False
TXN_009740,CUST_01820,MER_0010,1540.11,INR,UPI,AXIS,2026-08-23 14:33:00,failed,bank_declined,True,True
TXN_009741,CUST_01319,MER_0049,1989.89,INR,Card,SBI,2026-07-29 15:38:00,failed,authentication_failure,True,True
TXN_009742,CUST_00417,MER_0022,14277.45,INR,Card,ICICI,2026-07-31 01:29:00,success,,True,True
TXN_009743,CUST_01814,MER_0021,2698.16,INR,UPI,HDFC,2026-08-07 12:31:00,success,,True,False
TXN_009744,CUST_00333,MER_0048,5423.34,INR,UPI,YES,2026-07-09 14:23:00,success,,True,False
TXN_009745,CUST_00713,MER_0039,2526.43,INR,NetBanking,HDFC,2026-07-08 16:19:00,success,,True,False
TXN_009746,CUST_01341,MER_0041,1063.97,INR,Card,AXIS,2026-08-06 10:04:00,success,,True,False
TXN_009747,CUST_00102,MER_0021,7953.72,INR,UPI,KOTAK,2026-08-19 18:48:00,failed,bank_timeout,True,False
TXN_009748,CUST_01539,MER_0046,8336.72,INR,NetBanking,SBI,2026-08-02 06:01:00,success,,True,False
TXN_009749,CUST_01277,MER_0026,6896.94,INR,UPI,KOTAK,2026-08-16 12:37:00,success,,True,False
TXN_009750,CUST_01227,MER_0040,3988.73,INR,UPI,YES,2026-07-17 09:02:00,success,,True,True
TXN_009751,CUST_00202,MER_0033,10542.6,INR,Card,HDFC,2026-07-05 15:40:00,success,,True,False
TXN_009752,CUST_01067,MER_0028,14557.72,INR,UPI,KOTAK,2026-07-22 02:10:00,failed,network_error,True,False
TXN_009753,CUST_01690,MER_0005,1277.89,INR,UPI,YES,2026-08-25 05:46:00,failed,bank_declined,True,False
TXN_009754,CUST_01475,MER_0014,14702.1,INR,Wallet,YES,2026-07-15 21:01:00,success,,True,False
TXN_009755,CUST_01247,MER_0047,1716.86,INR,Card,SBI,2026-07-29 13:58:00,success,,True,True
TXN_009756,CUST_01413,MER_0032,6051.31,INR,UPI,SBI,2026-08-21 09:06:00,success,,True,False
TXN_009757,CUST_01887,MER_0033,1348.83,INR,Card,AXIS,2026-08-03 04:18:00,failed,authentication_failure,True,False
TXN_009758,CUST_00731,MER_0031,1393.96,INR,Card,HDFC,2026-07-21 21:30:00,failed,bank_declined,True,False
TXN_009759,CUST_01567,MER_0028,2065.64,INR,UPI,KOTAK,2026-07-08 10:31:00,failed,bank_declined,True,False
TXN_009760,CUST_00760,MER_0013,3932.54,INR,UPI,AXIS,2026-08-10 11:26:00,success,,True,False
TXN_009761,CUST_01666,MER_0009,2342.29,INR,Card,YES,2026-07-19 04:19:00,success,,True,True
TXN_009762,CUST_00796,MER_0017,4032.58,INR,Card,ICICI,2026-08-24 23:29:00,failed,authentication_failure,True,True
TXN_009763,CUST_01503,MER_0049,1433.56,INR,Card,HDFC,2026-08-19 03:21:00,success,,True,False
TXN_009764,CUST_00730,MER_0009,1530.2,INR,UPI,YES,2026-07-01 06:28:00,success,,True,True
TXN_009765,CUST_01875,MER_0035,12530.88,INR,UPI,KOTAK,2026-07-08 11:56:00,success,,True,False
TXN_009766,CUST_01947,MER_0045,2922.33,INR,Card,KOTAK,2026-08-05 16:13:00,success,,True,False
TXN_009767,CUST_00688,MER_0041,499.19,INR,UPI,HDFC,2026-08-21 01:31:00,success,,True,False
TXN_009768,CUST_00070,MER_0007,1609.75,INR,Card,YES,2026-07-15 17:29:00,success,,True,False
TXN_009769,CUST_00255,MER_0012,2637.25,INR,UPI,ICICI,2026-07-16 11:19:00,success,,True,False
TXN_009770,CUST_00962,MER_0033,10682.05,INR,NetBanking,HDFC,2026-07-15 18:21:00,success,,True,False
TXN_009771,CUST_01828,MER_0018,5557.81,INR,Wallet,KOTAK,2026-07-25 22:17:00,failed,bank_timeout,True,False
TXN_009772,CUST_01363,MER_0040,16893.51,INR,Card,KOTAK,2026-08-10 19:25:00,failed,expired_card,True,True
TXN_009773,CUST_01367,MER_0048,6614.79,INR,UPI,SBI,2026-08-26 05:11:00,failed,bank_timeout,True,True
TXN_009774,CUST_02000,MER_0016,358.34,INR,NetBanking,YES,2026-07-19 23:27:00,failed,authentication_failure,True,True
TXN_009775,CUST_01610,MER_0042,181.22,INR,NetBanking,SBI,2026-07-06 12:28:00,success,,True,False
TXN_009776,CUST_01012,MER_0030,13222.45,INR,UPI,AXIS,2026-07-23 23:06:00,success,,True,False
TXN_009777,CUST_00587,MER_0024,2897.57,INR,UPI,ICICI,2026-08-22 09:05:00,failed,authentication_failure,True,False
TXN_009778,CUST_01042,MER_0038,3505.54,INR,UPI,KOTAK,2026-08-09 14:22:00,success,,True,False
TXN_009779,CUST_00742,MER_0021,2839.74,INR,UPI,KOTAK,2026-08-13 06:08:00,success,,True,False
TXN_009780,CUST_00166,MER_0028,4010.8,INR,UPI,SBI,2026-08-04 12:12:00,failed,authentication_failure,True,False
TXN_009781,CUST_01513,MER_0036,1935.39,INR,Card,KOTAK,2026-07-20 23:31:00,success,,True,False
TXN_009782,CUST_00553,MER_0002,1207.28,INR,Card,ICICI,2026-08-26 06:15:00,success,,True,False
TXN_009783,CUST_01795,MER_0039,4732.55,INR,UPI,SBI,2026-07-01 14:11:00,success,,True,False
TXN_009784,CUST_00295,MER_0009,4637.2,INR,UPI,HDFC,2026-08-24 12:32:00,success,,True,False
TXN_009785,CUST_00943,MER_0029,2645.43,INR,Wallet,SBI,2026-08-07 07:47:00,success,,True,False
TXN_009786,CUST_01583,MER_0038,13933.39,INR,Card,ICICI,2026-07-08 20:45:00,success,,True,False
TXN_009787,CUST_00617,MER_0041,1719.42,INR,UPI,SBI,2026-08-10 23:46:00,success,,True,False
TXN_009788,CUST_01360,MER_0019,1188.1,INR,Card,KOTAK,2026-08-11 15:24:00,success,,True,False
TXN_009789,CUST_01405,MER_0019,3410.02,INR,UPI,ICICI,2026-07-25 11:38:00,success,,True,True
TXN_009790,CUST_00710,MER_0028,1422.33,INR,UPI,HDFC,2026-07-08 23:35:00,failed,bank_declined,True,False
TXN_009791,CUST_01353,MER_0001,1253.37,INR,NetBanking,YES,2026-08-02 16:01:00,failed,authentication_failure,False,False
TXN_009792,CUST_01673,MER_0028,11077.51,INR,UPI,YES,2026-07-26 09:20:00,success,,True,False
TXN_009793,CUST_00552,MER_0018,1764.34,INR,UPI,AXIS,2026-07-03 05:36:00,success,,True,False
TXN_009794,CUST_00456,MER_0005,1288.09,INR,Card,ICICI,2026-07-10 18:22:00,success,,True,False
TXN_009795,CUST_01956,MER_0036,6226.33,INR,Card,YES,2026-08-24 20:47:00,failed,bank_declined,True,False
TXN_009796,CUST_00635,MER_0050,1401.99,INR,NetBanking,ICICI,2026-07-19 00:48:00,success,,True,False
TXN_009797,CUST_01765,MER_0031,3870.93,INR,Wallet,YES,2026-07-15 01:28:00,success,,True,False
TXN_009798,CUST_00747,MER_0042,5170.52,INR,UPI,YES,2026-07-12 07:57:00,success,,True,False
TXN_009799,CUST_00269,MER_0049,6479.39,INR,Card,KOTAK,2026-07-14 16:05:00,success,,True,False
TXN_009800,CUST_01236,MER_0016,1342.41,INR,Card,SBI,2026-08-10 14:15:00,failed,bank_declined,False,False
TXN_009801,CUST_00521,MER_0017,1680.95,INR,UPI,HDFC,2026-07-06 22:42:00,failed,bank_timeout,True,True
TXN_009802,CUST_01340,MER_0016,6390.52,INR,UPI,AXIS,2026-07-23 03:33:00,failed,bank_timeout,True,True
TXN_009803,CUST_01783,MER_0033,3048.98,INR,Card,HDFC,2026-07-16 22:04:00,success,,True,False
TXN_009804,CUST_00668,MER_0037,2764.08,INR,Card,YES,2026-08-06 12:26:00,success,,True,False
TXN_009805,CUST_00689,MER_0001,1036.28,INR,UPI,AXIS,2026-07-30 10:00:00,success,,True,False
TXN_009806,CUST_00052,MER_0021,5286.3,INR,UPI,KOTAK,2026-08-14 04:16:00,success,,True,False
TXN_009807,CUST_00714,MER_0004,3820.84,INR,UPI,KOTAK,2026-08-17 03:11:00,failed,network_error,False,False
TXN_009808,CUST_00972,MER_0047,3047.07,INR,UPI,YES,2026-07-29 11:58:00,success,,True,False
TXN_009809,CUST_01346,MER_0041,1315.04,INR,Card,KOTAK,2026-08-23 02:04:00,success,,True,False
TXN_009810,CUST_00114,MER_0018,5870.3,INR,UPI,AXIS,2026-07-29 06:37:00,success,,True,False
TXN_009811,CUST_00469,MER_0031,767.92,INR,NetBanking,KOTAK,2026-07-29 21:53:00,success,,True,False
TXN_009812,CUST_01784,MER_0049,1835.03,INR,NetBanking,KOTAK,2026-07-19 17:24:00,failed,network_error,False,False
TXN_009813,CUST_00441,MER_0007,2549.04,INR,UPI,YES,2026-07-18 23:55:00,success,,True,False
TXN_009814,CUST_01623,MER_0005,4493.41,INR,Card,HDFC,2026-07-19 06:42:00,failed,network_error,True,False
TXN_009815,CUST_01958,MER_0041,9150.2,INR,UPI,ICICI,2026-08-11 07:24:00,failed,bank_timeout,True,False
TXN_009816,CUST_01972,MER_0033,7242.88,INR,Wallet,ICICI,2026-08-05 19:50:00,success,,True,False
TXN_009817,CUST_00020,MER_0040,4911.78,INR,Card,KOTAK,2026-08-18 07:53:00,failed,network_error,False,False
TXN_009818,CUST_01598,MER_0014,873.62,INR,UPI,SBI,2026-08-20 03:34:00,success,,True,False
TXN_009819,CUST_01889,MER_0041,1554.89,INR,UPI,ICICI,2026-07-09 11:46:00,success,,True,True
TXN_009820,CUST_00466,MER_0014,8704.98,INR,NetBanking,SBI,2026-07-22 07:12:00,success,,True,False
TXN_009821,CUST_01535,MER_0008,7393.45,INR,UPI,SBI,2026-08-04 23:47:00,success,,True,False
TXN_009822,CUST_01589,MER_0005,1486.71,INR,Card,ICICI,2026-07-08 01:29:00,success,,True,False
TXN_009823,CUST_01512,MER_0004,256.05,INR,Card,SBI,2026-07-10 15:26:00,failed,insufficient_funds,True,False
TXN_009824,CUST_01991,MER_0033,1938.83,INR,Card,AXIS,2026-08-26 12:06:00,success,,True,False
TXN_009825,CUST_01876,MER_0050,1998.56,INR,UPI,YES,2026-08-19 21:50:00,success,,True,False
TXN_009826,CUST_01972,MER_0025,3725.03,INR,NetBanking,SBI,2026-07-21 04:54:00,success,,True,False
TXN_009827,CUST_01738,MER_0031,4919.54,INR,UPI,YES,2026-07-14 03:06:00,success,,True,False
TXN_009828,CUST_00542,MER_0007,5389.67,INR,Card,YES,2026-07-28 05:11:00,success,,True,False
TXN_009829,CUST_01313,MER_0035,3486.2,INR,UPI,AXIS,2026-08-18 11:28:00,failed,bank_timeout,True,False
TXN_009830,CUST_00079,MER_0041,1857.6,INR,UPI,ICICI,2026-08-09 13:56:00,success,,True,False
TXN_009831,CUST_01943,MER_0002,15417.71,INR,UPI,HDFC,2026-07-29 20:55:00,failed,bank_declined,True,False
TXN_009832,CUST_01162,MER_0044,3275.6,INR,UPI,AXIS,2026-07-17 10:24:00,failed,bank_timeout,True,False
TXN_009833,CUST_01186,MER_0019,3402.63,INR,UPI,AXIS,2026-07-11 21:10:00,success,,True,False
TXN_009834,CUST_00978,MER_0030,362.68,INR,Card,ICICI,2026-07-23 17:24:00,success,,True,False
TXN_009835,CUST_01855,MER_0041,2015.01,INR,UPI,AXIS,2026-07-28 11:43:00,failed,network_error,True,True
TXN_009836,CUST_01948,MER_0034,6803.53,INR,UPI,KOTAK,2026-08-19 17:35:00,success,,True,False
TXN_009837,CUST_00776,MER_0017,2535.48,INR,Card,AXIS,2026-07-21 04:36:00,success,,True,False
TXN_009838,CUST_00061,MER_0009,653.79,INR,UPI,ICICI,2026-07-13 09:33:00,failed,bank_timeout,True,False
TXN_009839,CUST_00497,MER_0006,1282.98,INR,UPI,SBI,2026-07-11 09:44:00,success,,True,False
TXN_009840,CUST_01006,MER_0024,922.02,INR,UPI,AXIS,2026-08-09 19:36:00,success,,True,False
TXN_009841,CUST_00959,MER_0035,1252.22,INR,UPI,YES,2026-07-01 03:55:00,failed,bank_timeout,True,False
TXN_009842,CUST_00948,MER_0032,6680.91,INR,UPI,HDFC,2026-08-24 13:36:00,success,,True,False
TXN_009843,CUST_01151,MER_0008,3591.57,INR,Card,YES,2026-08-10 23:08:00,success,,True,True
TXN_009844,CUST_01145,MER_0044,4046.54,INR,UPI,AXIS,2026-08-21 07:16:00,success,,True,False
TXN_009845,CUST_01425,MER_0042,3563.28,INR,Card,HDFC,2026-08-06 16:14:00,failed,authentication_failure,True,True
TXN_009846,CUST_01084,MER_0043,4262.22,INR,UPI,AXIS,2026-08-08 18:43:00,success,,True,False
TXN_009847,CUST_00116,MER_0017,352.47,INR,NetBanking,KOTAK,2026-07-04 17:00:00,success,,True,True
TXN_009848,CUST_01621,MER_0050,2667.43,INR,Card,SBI,2026-07-12 22:05:00,failed,authentication_failure,True,False
TXN_009849,CUST_01436,MER_0007,6187.72,INR,UPI,ICICI,2026-07-15 16:12:00,failed,bank_timeout,False,False
TXN_009850,CUST_00566,MER_0013,2501.78,INR,UPI,AXIS,2026-07-20 22:11:00,failed,bank_timeout,True,True
TXN_009851,CUST_01802,MER_0027,5505.29,INR,UPI,KOTAK,2026-08-24 21:51:00,success,,True,False
TXN_009852,CUST_01929,MER_0030,4031.37,INR,Card,SBI,2026-07-28 23:51:00,success,,True,False
TXN_009853,CUST_00436,MER_0004,3810.66,INR,UPI,YES,2026-07-18 20:07:00,failed,bank_timeout,True,False
TXN_009854,CUST_01963,MER_0016,1314.34,INR,UPI,AXIS,2026-07-30 14:22:00,failed,network_error,False,False
TXN_009855,CUST_01451,MER_0017,1400.24,INR,Card,ICICI,2026-08-10 00:33:00,success,,True,False
TXN_009856,CUST_01763,MER_0040,3456.16,INR,Card,YES,2026-07-24 04:47:00,success,,True,False
TXN_009857,CUST_01156,MER_0029,433.23,INR,Card,SBI,2026-08-10 08:05:00,failed,expired_card,False,True
TXN_009858,CUST_00731,MER_0011,10274.32,INR,Card,KOTAK,2026-08-24 17:02:00,success,,True,False
TXN_009859,CUST_01299,MER_0010,3468.89,INR,Card,HDFC,2026-07-25 13:33:00,success,,True,True
TXN_009860,CUST_01102,MER_0016,2788.99,INR,NetBanking,AXIS,2026-07-19 07:05:00,failed,bank_timeout,True,False
TXN_009861,CUST_00220,MER_0029,376.62,INR,UPI,AXIS,2026-08-01 22:31:00,failed,bank_declined,False,True
TXN_009862,CUST_00905,MER_0036,1770.58,INR,NetBanking,HDFC,2026-07-01 20:54:00,success,,True,True
TXN_009863,CUST_01010,MER_0024,4849.74,INR,Card,ICICI,2026-07-14 10:39:00,failed,insufficient_funds,False,False
TXN_009864,CUST_01917,MER_0027,1220.72,INR,UPI,ICICI,2026-07-25 11:19:00,success,,True,False
TXN_009865,CUST_01784,MER_0030,5422.78,INR,Card,KOTAK,2026-08-24 16:19:00,failed,bank_declined,False,False
TXN_009866,CUST_00755,MER_0022,6433.74,INR,UPI,KOTAK,2026-08-19 21:49:00,failed,bank_declined,True,False
TXN_009867,CUST_01263,MER_0043,2211.33,INR,Card,ICICI,2026-07-11 15:53:00,success,,True,False
TXN_009868,CUST_00527,MER_0030,1648.9,INR,Card,AXIS,2026-07-10 21:08:00,success,,True,False
TXN_009869,CUST_01276,MER_0010,5680.67,INR,UPI,KOTAK,2026-08-24 06:27:00,success,,True,False
TXN_009870,CUST_00049,MER_0027,1606.44,INR,Card,AXIS,2026-07-16 19:47:00,success,,True,False
TXN_009871,CUST_01951,MER_0041,2359.11,INR,UPI,SBI,2026-07-14 16:36:00,failed,network_error,True,False
TXN_009872,CUST_01586,MER_0026,3775.19,INR,UPI,YES,2026-07-13 21:58:00,success,,True,True
TXN_009873,CUST_01434,MER_0004,4961.99,INR,UPI,ICICI,2026-08-11 18:02:00,failed,network_error,False,False
TXN_009874,CUST_00686,MER_0041,1746.56,INR,UPI,ICICI,2026-07-13 18:28:00,failed,authentication_failure,True,False
TXN_009875,CUST_01522,MER_0028,2491.24,INR,Wallet,ICICI,2026-07-15 13:54:00,success,,True,False
TXN_009876,CUST_01598,MER_0049,2979.99,INR,Card,ICICI,2026-08-24 22:47:00,success,,True,False
TXN_009877,CUST_01489,MER_0017,2169.52,INR,NetBanking,SBI,2026-08-23 18:24:00,failed,bank_declined,True,False
TXN_009878,CUST_00448,MER_0016,725.02,INR,Card,SBI,2026-07-22 07:07:00,failed,bank_declined,True,False
TXN_009879,CUST_01172,MER_0045,2821.12,INR,UPI,ICICI,2026-08-09 11:57:00,success,,True,False
TXN_009880,CUST_00449,MER_0044,5439.79,INR,Card,SBI,2026-07-18 07:13:00,failed,insufficient_funds,False,False
TXN_009881,CUST_00751,MER_0025,607.46,INR,UPI,YES,2026-07-12 03:23:00,success,,True,False
TXN_009882,CUST_00984,MER_0036,1832.15,INR,Wallet,AXIS,2026-08-04 18:15:00,failed,bank_timeout,True,False
TXN_009883,CUST_01234,MER_0021,4421.89,INR,Card,ICICI,2026-07-27 22:19:00,success,,True,False
TXN_009884,CUST_01846,MER_0010,465.81,INR,Card,YES,2026-08-25 08:45:00,success,,True,True
TXN_009885,CUST_01582,MER_0026,2522.34,INR,UPI,ICICI,2026-08-06 04:05:00,success,,True,False
TXN_009886,CUST_01058,MER_0028,3681.0,INR,UPI,YES,2026-08-03 18:24:00,success,,True,False
TXN_009887,CUST_01579,MER_0029,1437.71,INR,UPI,YES,2026-07-09 05:42:00,success,,True,False
TXN_009888,CUST_00134,MER_0050,2590.75,INR,Card,YES,2026-08-15 20:47:00,success,,True,False
TXN_009889,CUST_00607,MER_0007,1477.89,INR,NetBanking,KOTAK,2026-08-11 21:16:00,success,,True,True
TXN_009890,CUST_00632,MER_0048,1361.5,INR,UPI,ICICI,2026-08-18 00:18:00,success,,True,False
TXN_009891,CUST_01252,MER_0028,1760.34,INR,Card,YES,2026-07-23 04:55:00,success,,True,False
TXN_009892,CUST_01545,MER_0015,1382.22,INR,UPI,SBI,2026-07-25 11:35:00,success,,True,False
TXN_009893,CUST_00145,MER_0040,4217.06,INR,Card,YES,2026-08-03 02:18:00,success,,True,False
TXN_009894,CUST_01576,MER_0020,1355.65,INR,NetBanking,AXIS,2026-07-12 09:11:00,success,,True,False
TXN_009895,CUST_00466,MER_0008,1185.21,INR,UPI,ICICI,2026-07-22 14:50:00,failed,bank_timeout,True,False
TXN_009896,CUST_01260,MER_0018,5263.71,INR,UPI,KOTAK,2026-07-02 23:01:00,success,,True,False
TXN_009897,CUST_01981,MER_0013,550.48,INR,UPI,YES,2026-08-18 10:54:00,failed,authentication_failure,True,False
TXN_009898,CUST_01488,MER_0006,2963.04,INR,UPI,AXIS,2026-07-24 07:15:00,failed,bank_timeout,True,False
TXN_009899,CUST_00190,MER_0033,740.71,INR,UPI,KOTAK,2026-07-13 03:10:00,failed,network_error,True,False
TXN_009900,CUST_00976,MER_0024,4722.91,INR,UPI,ICICI,2026-07-05 10:43:00,success,,True,True
TXN_009901,CUST_01282,MER_0015,3588.61,INR,UPI,KOTAK,2026-08-05 19:49:00,success,,True,False
TXN_009902,CUST_00005,MER_0024,7225.58,INR,Card,KOTAK,2026-07-17 04:01:00,failed,expired_card,True,False
TXN_009903,CUST_01868,MER_0046,3494.22,INR,Card,HDFC,2026-08-05 10:42:00,success,,True,False
TXN_009904,CUST_01164,MER_0009,8485.75,INR,UPI,ICICI,2026-08-04 21:46:00,success,,True,False
TXN_009905,CUST_00163,MER_0033,5889.79,INR,UPI,YES,2026-07-31 11:13:00,success,,True,False
TXN_009906,CUST_01395,MER_0042,1244.88,INR,UPI,YES,2026-08-21 18:32:00,success,,True,True
TXN_009907,CUST_00758,MER_0018,4050.34,INR,Card,KOTAK,2026-08-21 13:00:00,success,,True,False
TXN_009908,CUST_00446,MER_0047,1434.52,INR,Card,HDFC,2026-07-30 13:34:00,success,,True,True
TXN_009909,CUST_01183,MER_0010,3653.07,INR,UPI,ICICI,2026-07-22 01:06:00,success,,True,False
TXN_009910,CUST_01958,MER_0034,3573.46,INR,UPI,AXIS,2026-07-31 17:59:00,failed,network_error,True,True
TXN_009911,CUST_00247,MER_0044,2213.93,INR,UPI,YES,2026-07-25 20:21:00,success,,True,True
TXN_009912,CUST_00541,MER_0010,3017.57,INR,Card,ICICI,2026-07-19 10:49:00,failed,insufficient_funds,True,False
TXN_009913,CUST_01239,MER_0023,3139.34,INR,Card,SBI,2026-07-07 21:44:00,success,,True,False
TXN_009914,CUST_01213,MER_0019,4650.45,INR,UPI,HDFC,2026-08-09 16:48:00,success,,True,False
TXN_009915,CUST_01338,MER_0027,2381.59,INR,NetBanking,SBI,2026-08-03 06:56:00,failed,bank_timeout,False,False
TXN_009916,CUST_00258,MER_0014,7381.55,INR,Card,AXIS,2026-07-31 21:45:00,success,,True,False
TXN_009917,CUST_01697,MER_0008,3563.71,INR,UPI,KOTAK,2026-07-23 21:06:00,failed,network_error,True,False
TXN_009918,CUST_01311,MER_0011,1134.03,INR,Wallet,KOTAK,2026-07-18 07:29:00,success,,True,False
TXN_009919,CUST_01015,MER_0040,4174.8,INR,Card,YES,2026-07-15 23:41:00,failed,bank_declined,True,False
TXN_009920,CUST_01214,MER_0010,6815.75,INR,UPI,YES,2026-08-02 23:09:00,success,,True,False
TXN_009921,CUST_01365,MER_0015,2533.87,INR,Wallet,AXIS,2026-08-08 13:09:00,failed,network_error,True,False
TXN_009922,CUST_00832,MER_0014,626.35,INR,UPI,YES,2026-08-13 13:01:00,failed,bank_timeout,False,False
TXN_009923,CUST_00050,MER_0031,1546.65,INR,Card,ICICI,2026-08-06 00:38:00,success,,True,False
TXN_009924,CUST_01774,MER_0043,3461.35,INR,UPI,SBI,2026-07-17 05:13:00,failed,bank_timeout,True,False
TXN_009925,CUST_01762,MER_0009,2135.65,INR,UPI,KOTAK,2026-07-30 01:44:00,success,,True,False
TXN_009926,CUST_00172,MER_0004,2259.53,INR,UPI,SBI,2026-07-18 12:30:00,failed,authentication_failure,True,False
TXN_009927,CUST_01678,MER_0024,2409.99,INR,Card,HDFC,2026-08-15 21:06:00,success,,True,False
TXN_009928,CUST_01039,MER_0028,1529.06,INR,Card,HDFC,2026-07-21 04:43:00,success,,True,False
TXN_009929,CUST_01890,MER_0017,1812.02,INR,UPI,AXIS,2026-08-25 07:37:00,success,,True,True
TXN_009930,CUST_01631,MER_0033,1883.86,INR,UPI,SBI,2026-07-29 09:03:00,success,,True,False
TXN_009931,CUST_01386,MER_0018,2035.8,INR,Card,KOTAK,2026-07-03 14:42:00,failed,bank_declined,True,False
TXN_009932,CUST_01485,MER_0002,2199.9,INR,UPI,YES,2026-07-29 04:36:00,success,,True,False
TXN_009933,CUST_01257,MER_0033,5535.64,INR,NetBanking,KOTAK,2026-08-18 00:18:00,success,,True,False
TXN_009934,CUST_00668,MER_0008,8352.23,INR,UPI,KOTAK,2026-07-01 20:35:00,success,,True,True
TXN_009935,CUST_01682,MER_0034,4836.54,INR,UPI,YES,2026-08-23 18:49:00,success,,True,False
TXN_009936,CUST_01640,MER_0019,3742.75,INR,UPI,HDFC,2026-07-26 08:56:00,success,,True,False
TXN_009937,CUST_00519,MER_0038,3169.93,INR,NetBanking,YES,2026-08-04 19:45:00,success,,True,False
TXN_009938,CUST_01425,MER_0003,4877.01,INR,Card,YES,2026-07-20 19:39:00,success,,True,False
TXN_009939,CUST_00421,MER_0004,2621.46,INR,UPI,HDFC,2026-08-11 22:48:00,success,,True,True
TXN_009940,CUST_00315,MER_0024,5365.02,INR,UPI,HDFC,2026-07-22 22:21:00,success,,True,False
TXN_009941,CUST_01138,MER_0009,3988.96,INR,Card,YES,2026-08-12 19:03:00,failed,insufficient_funds,True,False
TXN_009942,CUST_01091,MER_0003,4997.44,INR,UPI,HDFC,2026-07-12 17:34:00,failed,bank_declined,True,False
TXN_009943,CUST_00936,MER_0037,2241.93,INR,NetBanking,SBI,2026-08-02 18:54:00,failed,network_error,True,False
TXN_009944,CUST_00878,MER_0045,2787.26,INR,UPI,KOTAK,2026-08-26 10:03:00,success,,True,False
TXN_009945,CUST_01416,MER_0022,5416.31,INR,UPI,ICICI,2026-07-06 00:01:00,success,,True,True
TXN_009946,CUST_01797,MER_0020,4969.89,INR,NetBanking,HDFC,2026-07-13 18:34:00,success,,True,False
TXN_009947,CUST_00624,MER_0024,3238.01,INR,NetBanking,AXIS,2026-07-25 05:12:00,failed,bank_timeout,True,False
TXN_009948,CUST_01224,MER_0029,6750.4,INR,UPI,ICICI,2026-08-17 19:21:00,success,,True,False
TXN_009949,CUST_00719,MER_0021,2164.68,INR,UPI,ICICI,2026-07-30 13:09:00,success,,True,False
TXN_009950,CUST_00332,MER_0010,999.91,INR,Card,SBI,2026-07-24 23:46:00,failed,bank_declined,False,False
TXN_009951,CUST_01677,MER_0019,1597.47,INR,UPI,ICICI,2026-08-22 11:35:00,success,,True,True
TXN_009952,CUST_00400,MER_0043,1404.91,INR,Card,SBI,2026-08-23 19:20:00,success,,True,True
TXN_009953,CUST_01054,MER_0024,580.01,INR,UPI,AXIS,2026-08-21 16:37:00,success,,True,False
TXN_009954,CUST_00240,MER_0034,3854.62,INR,UPI,SBI,2026-07-05 18:04:00,success,,True,False
TXN_009955,CUST_01947,MER_0044,667.03,INR,Card,KOTAK,2026-07-26 07:20:00,failed,authentication_failure,True,False
TXN_009956,CUST_01366,MER_0017,3907.25,INR,Wallet,SBI,2026-07-17 23:13:00,failed,bank_timeout,True,False
TXN_009957,CUST_00946,MER_0044,1449.01,INR,UPI,SBI,2026-08-22 15:54:00,success,,True,False
TXN_009958,CUST_01449,MER_0042,2192.24,INR,UPI,HDFC,2026-08-14 16:33:00,success,,True,False
TXN_009959,CUST_00579,MER_0021,1214.3,INR,UPI,AXIS,2026-08-26 13:11:00,success,,True,False
TXN_009960,CUST_01387,MER_0036,1573.85,INR,UPI,HDFC,2026-07-28 20:34:00,success,,True,False
TXN_009961,CUST_00803,MER_0011,3019.88,INR,Card,SBI,2026-08-08 18:59:00,success,,True,False
TXN_009962,CUST_00153,MER_0022,1633.83,INR,UPI,SBI,2026-07-25 02:10:00,failed,authentication_failure,True,False
TXN_009963,CUST_00750,MER_0009,756.15,INR,Card,KOTAK,2026-08-19 19:39:00,failed,authentication_failure,True,False
TXN_009964,CUST_00238,MER_0027,3670.39,INR,NetBanking,SBI,2026-08-21 01:00:00,success,,True,False
TXN_009965,CUST_01386,MER_0041,4602.36,INR,UPI,SBI,2026-08-06 16:20:00,success,,True,False
TXN_009966,CUST_00421,MER_0005,6852.3,INR,UPI,YES,2026-08-21 14:32:00,failed,network_error,True,False
TXN_009967,CUST_01608,MER_0045,1832.22,INR,Card,ICICI,2026-07-04 23:37:00,failed,bank_declined,True,False
TXN_009968,CUST_00447,MER_0041,30101.74,INR,UPI,KOTAK,2026-07-18 04:13:00,success,,True,False
TXN_009969,CUST_00288,MER_0029,2165.34,INR,Card,YES,2026-07-20 16:23:00,success,,True,True
TXN_009970,CUST_00692,MER_0004,5602.58,INR,UPI,KOTAK,2026-07-08 07:49:00,failed,bank_declined,False,False
TXN_009971,CUST_01346,MER_0039,5415.99,INR,NetBanking,YES,2026-08-11 21:42:00,success,,True,False
TXN_009972,CUST_01009,MER_0039,10786.74,INR,UPI,AXIS,2026-07-08 04:08:00,success,,True,False
TXN_009973,CUST_01411,MER_0032,2325.7,INR,Card,AXIS,2026-08-21 15:56:00,failed,insufficient_funds,True,False
TXN_009974,CUST_01195,MER_0037,2184.11,INR,Card,ICICI,2026-07-22 11:57:00,success,,True,False
TXN_009975,CUST_00598,MER_0044,411.0,INR,Card,AXIS,2026-08-05 16:30:00,failed,bank_declined,True,True
TXN_009976,CUST_01672,MER_0026,4706.85,INR,Card,YES,2026-07-22 11:35:00,success,,True,False
TXN_009977,CUST_00706,MER_0012,2371.77,INR,Wallet,KOTAK,2026-07-14 15:28:00,success,,True,False
TXN_009978,CUST_01083,MER_0012,1944.36,INR,Wallet,ICICI,2026-07-13 11:53:00,success,,True,False
TXN_009979,CUST_01760,MER_0006,3722.14,INR,Card,HDFC,2026-08-06 04:50:00,success,,True,False
TXN_009980,CUST_00589,MER_0018,3956.91,INR,UPI,HDFC,2026-07-27 16:32:00,success,,True,False
TXN_009981,CUST_01143,MER_0049,646.82,INR,Card,ICICI,2026-07-18 12:58:00,failed,insufficient_funds,True,False
TXN_009982,CUST_00454,MER_0036,17133.45,INR,UPI,KOTAK,2026-07-08 06:00:00,success,,True,False
TXN_009983,CUST_01429,MER_0024,838.81,INR,UPI,YES,2026-07-16 10:15:00,failed,network_error,True,False
TXN_009984,CUST_01745,MER_0003,11537.95,INR,Card,SBI,2026-08-24 19:54:00,success,,True,False
TXN_009985,CUST_00147,MER_0013,5903.73,INR,UPI,ICICI,2026-07-04 12:51:00,success,,True,False
TXN_009986,CUST_01823,MER_0022,1618.54,INR,Card,ICICI,2026-08-18 07:53:00,success,,True,False
TXN_009987,CUST_00943,MER_0009,2878.17,INR,UPI,KOTAK,2026-07-11 05:36:00,failed,authentication_failure,True,False
TXN_009988,CUST_01673,MER_0036,1341.5,INR,Wallet,HDFC,2026-08-20 11:25:00,failed,insufficient_funds,True,False
TXN_009989,CUST_01536,MER_0035,1950.86,INR,Wallet,SBI,2026-08-14 17:50:00,success,,True,False
TXN_009990,CUST_00591,MER_0018,2670.98,INR,Card,AXIS,2026-07-21 19:24:00,success,,True,False
TXN_009991,CUST_01972,MER_0016,1341.16,INR,Card,AXIS,2026-08-15 03:24:00,success,,True,True
TXN_009992,CUST_01213,MER_0011,878.93,INR,Card,HDFC,2026-07-08 03:25:00,success,,True,False
TXN_009993,CUST_01994,MER_0049,2361.32,INR,UPI,ICICI,2026-08-01 22:25:00,success,,True,False
TXN_009994,CUST_00668,MER_0015,9624.76,INR,NetBanking,SBI,2026-08-18 23:13:00,failed,bank_declined,True,True
TXN_009995,CUST_00605,MER_0031,1871.93,INR,NetBanking,YES,2026-08-16 00:27:00,failed,bank_timeout,True,False
TXN_009996,CUST_00459,MER_0010,2150.26,INR,UPI,SBI,2026-08-25 08:27:00,success,,True,False
TXN_009997,CUST_00441,MER_0044,10877.22,INR,NetBanking,SBI,2026-07-15 02:37:00,failed,bank_timeout,True,False
TXN_009998,CUST_00303,MER_0006,4274.39,INR,UPI,SBI,2026-08-13 08:39:00,success,,True,False
TXN_009999,CUST_00068,MER_0001,1334.51,INR,Card,YES,2026-07-17 06:22:00,success,,True,False
TXN_010000,CUST_00247,MER_0034,3649.96,INR,Card,HDFC,2026-07-04 11:45:00,success,,True,False
